scenario_id,scenario_json,method,seed,replicate,n_samples,p,m,h2,rho,signal_ratio,maf_type,case_control_ratio,n_features,n_causal_snps,auc,auprc,f1,balanced_acc,brier,mean_rank_causal,median_rank_causal,recall_at_20,fit_seconds,perm_seconds,status,error_msg
c98549f0b65d,"{""case_control_ratio"":0.1,""h2"":0.05,""m"":5,""maf_fixed"":0.3,""maf_type"":""fixed"",""n_blocks"":50,""n_samples"":500,""p"":1000,""rho"":0.2,""signal_ratio"":1.0}",rf,42,0,500,1000,5,0.050000,0.200000,1.000000,fixed,0.100000,1000,10,0.425158,0.889306,0.951049,0.500000,0.087492,554.500000,569.000000,0.000000,0.555654,21.816958,ok,
c98549f0b65d,"{""case_control_ratio"":0.1,""h2"":0.05,""m"":5,""maf_fixed"":0.3,""maf_type"":""fixed"",""n_blocks"":50,""n_samples"":500,""p"":1000,""rho"":0.2,""signal_ratio"":1.0}",orf,42,0,500,1000,5,0.050000,0.200000,1.000000,fixed,0.100000,1000,10,0.397584,0.876972,0.951049,0.500000,0.086955,525.800000,590.500000,0.000000,1.375745,40.000309,ok,
c98549f0b65d,"{""case_control_ratio"":0.1,""h2"":0.05,""m"":5,""maf_fixed"":0.3,""maf_type"":""fixed"",""n_blocks"":50,""n_samples"":500,""p"":1000,""rho"":0.2,""signal_ratio"":1.0}",bworf_uniform,42,0,500,1000,5,0.050000,0.200000,1.000000,fixed,0.100000,1000,10,0.394170,0.891647,0.951049,0.500000,0.095620,475.200000,369.000000,0.000000,87.488854,376.569407,ok,
c98549f0b65d,"{""case_control_ratio"":0.1,""h2"":0.05,""m"":5,""maf_fixed"":0.3,""maf_type"":""fixed"",""n_blocks"":50,""n_samples"":500,""p"":1000,""rho"":0.2,""signal_ratio"":1.0}",bworf_weighted,42,0,500,1000,5,0.050000,0.200000,1.000000,fixed,0.100000,1000,10,0.381565,0.885475,0.880597,0.433824,0.155083,425.700000,373.000000,0.000000,79.534351,378.509808,ok,
c98549f0b65d,"{""case_control_ratio"":0.1,""h2"":0.05,""m"":5,""maf_fixed"":0.3,""maf_type"":""fixed"",""n_blocks"":50,""n_samples"":500,""p"":1000,""rho"":0.2,""signal_ratio"":1.0}",rf,0,0,500,1000,5,0.050000,0.200000,1.000000,fixed,0.100000,1000,10,0.508141,0.915814,0.951049,0.500000,0.086001,384.900000,295.000000,0.000000,0.564847,21.270791,ok,
c98549f0b65d,"{""case_control_ratio"":0.1,""h2"":0.05,""m"":5,""maf_fixed"":0.3,""maf_type"":""fixed"",""n_blocks"":50,""n_samples"":500,""p"":1000,""rho"":0.2,""signal_ratio"":1.0}",orf,0,0,500,1000,5,0.050000,0.200000,1.000000,fixed,0.100000,1000,10,0.434349,0.883244,0.951049,0.500000,0.086302,498.700000,487.000000,0.000000,1.655009,43.567971,ok,
c98549f0b65d,"{""case_control_ratio"":0.1,""h2"":0.05,""m"":5,""maf_fixed"":0.3,""maf_type"":""fixed"",""n_blocks"":50,""n_samples"":500,""p"":1000,""rho"":0.2,""signal_ratio"":1.0}",bworf_uniform,0,0,500,1000,5,0.050000,0.200000,1.000000,fixed,0.100000,1000,10,0.523897,0.920588,0.951049,0.500000,0.093926,494.000000,490.500000,0.000000,84.979042,387.105455,ok,
c98549f0b65d,"{""case_control_ratio"":0.1,""h2"":0.05,""m"":5,""maf_fixed"":0.3,""maf_type"":""fixed"",""n_blocks"":50,""n_samples"":500,""p"":1000,""rho"":0.2,""signal_ratio"":1.0}",bworf_weighted,0,0,500,1000,5,0.050000,0.200000,1.000000,fixed,0.100000,1000,10,0.464811,0.904771,0.928571,0.477941,0.125058,613.800000,823.000000,0.000000,77.696436,390.919149,ok,
c98549f0b65d,"{""case_control_ratio"":0.1,""h2"":0.05,""m"":5,""maf_fixed"":0.3,""maf_type"":""fixed"",""n_blocks"":50,""n_samples"":500,""p"":1000,""rho"":0.2,""signal_ratio"":1.0}",rf,12,0,500,1000,5,0.050000,0.200000,1.000000,fixed,0.100000,1000,10,0.372637,0.871832,0.951049,0.500000,0.087423,377.700000,386.500000,0.100000,0.571825,22.429067,ok,
c98549f0b65d,"{""case_control_ratio"":0.1,""h2"":0.05,""m"":5,""maf_fixed"":0.3,""maf_type"":""fixed"",""n_blocks"":50,""n_samples"":500,""p"":1000,""rho"":0.2,""signal_ratio"":1.0}",orf,12,0,500,1000,5,0.050000,0.200000,1.000000,fixed,0.100000,1000,10,0.541492,0.919925,0.951049,0.500000,0.084588,401.800000,415.500000,0.000000,1.503108,41.535074,ok,
c98549f0b65d,"{""case_control_ratio"":0.1,""h2"":0.05,""m"":5,""maf_fixed"":0.3,""maf_type"":""fixed"",""n_blocks"":50,""n_samples"":500,""p"":1000,""rho"":0.2,""signal_ratio"":1.0}",bworf_uniform,12,0,500,1000,5,0.050000,0.200000,1.000000,fixed,0.100000,1000,10,0.383666,0.867096,0.951049,0.500000,0.091886,607.300000,623.500000,0.000000,85.927517,394.273261,ok,
c98549f0b65d,"{""case_control_ratio"":0.1,""h2"":0.05,""m"":5,""maf_fixed"":0.3,""maf_type"":""fixed"",""n_blocks"":50,""n_samples"":500,""p"":1000,""rho"":0.2,""signal_ratio"":1.0}",bworf_weighted,12,0,500,1000,5,0.050000,0.200000,1.000000,fixed,0.100000,1000,10,0.404674,0.867214,0.920290,0.502626,0.135249,436.300000,452.000000,0.000000,80.607607,378.450576,ok,
c98549f0b65d,"{""case_control_ratio"":0.1,""h2"":0.05,""m"":5,""maf_fixed"":0.3,""maf_type"":""fixed"",""n_blocks"":50,""n_samples"":500,""p"":1000,""rho"":0.2,""signal_ratio"":1.0}",rf,100,0,500,1000,5,0.050000,0.200000,1.000000,fixed,0.100000,1000,10,0.471639,0.908001,0.951049,0.500000,0.086287,452.200000,457.000000,0.000000,0.546324,21.238618,ok,
c98549f0b65d,"{""case_control_ratio"":0.1,""h2"":0.05,""m"":5,""maf_fixed"":0.3,""maf_type"":""fixed"",""n_blocks"":50,""n_samples"":500,""p"":1000,""rho"":0.2,""signal_ratio"":1.0}",orf,100,0,500,1000,5,0.050000,0.200000,1.000000,fixed,0.100000,1000,10,0.540966,0.929588,0.951049,0.500000,0.085024,532.000000,582.000000,0.000000,1.438992,40.455487,ok,
c98549f0b65d,"{""case_control_ratio"":0.1,""h2"":0.05,""m"":5,""maf_fixed"":0.3,""maf_type"":""fixed"",""n_blocks"":50,""n_samples"":500,""p"":1000,""rho"":0.2,""signal_ratio"":1.0}",bworf_uniform,100,0,500,1000,5,0.050000,0.200000,1.000000,fixed,0.100000,1000,10,0.335609,0.859351,0.951049,0.500000,0.092283,657.700000,833.000000,0.000000,94.551619,383.908580,ok,
c98549f0b65d,"{""case_control_ratio"":0.1,""h2"":0.05,""m"":5,""maf_fixed"":0.3,""maf_type"":""fixed"",""n_blocks"":50,""n_samples"":500,""p"":1000,""rho"":0.2,""signal_ratio"":1.0}",bworf_weighted,100,0,500,1000,5,0.050000,0.200000,1.000000,fixed,0.100000,1000,10,0.343487,0.870719,0.912409,0.495273,0.138200,336.400000,187.000000,0.000000,76.882551,382.334594,ok,
c98549f0b65d,"{""case_control_ratio"":0.1,""h2"":0.05,""m"":5,""maf_fixed"":0.3,""maf_type"":""fixed"",""n_blocks"":50,""n_samples"":500,""p"":1000,""rho"":0.2,""signal_ratio"":1.0}",rf,90,0,500,1000,5,0.050000,0.200000,1.000000,fixed,0.100000,1000,10,0.453782,0.903736,0.951049,0.500000,0.086781,538.400000,593.000000,0.000000,0.562721,22.832799,ok,
c98549f0b65d,"{""case_control_ratio"":0.1,""h2"":0.05,""m"":5,""maf_fixed"":0.3,""maf_type"":""fixed"",""n_blocks"":50,""n_samples"":500,""p"":1000,""rho"":0.2,""signal_ratio"":1.0}",orf,90,0,500,1000,5,0.050000,0.200000,1.000000,fixed,0.100000,1000,10,0.464286,0.891231,0.951049,0.500000,0.085997,589.900000,514.000000,0.000000,1.488975,44.413244,ok,
c98549f0b65d,"{""case_control_ratio"":0.1,""h2"":0.05,""m"":5,""maf_fixed"":0.3,""maf_type"":""fixed"",""n_blocks"":50,""n_samples"":500,""p"":1000,""rho"":0.2,""signal_ratio"":1.0}",bworf_uniform,90,0,500,1000,5,0.050000,0.200000,1.000000,fixed,0.100000,1000,10,0.440914,0.891857,0.951049,0.500000,0.093705,510.700000,702.500000,0.000000,94.053299,382.444277,ok,
c98549f0b65d,"{""case_control_ratio"":0.1,""h2"":0.05,""m"":5,""maf_fixed"":0.3,""maf_type"":""fixed"",""n_blocks"":50,""n_samples"":500,""p"":1000,""rho"":0.2,""signal_ratio"":1.0}",bworf_weighted,90,0,500,1000,5,0.050000,0.200000,1.000000,fixed,0.100000,1000,10,0.411765,0.882574,0.900369,0.484244,0.140781,369.500000,316.000000,0.000000,82.408606,384.443760,ok,
c98549f0b65d,"{""case_control_ratio"":0.1,""h2"":0.05,""m"":5,""maf_fixed"":0.3,""maf_type"":""fixed"",""n_blocks"":50,""n_samples"":500,""p"":1000,""rho"":0.2,""signal_ratio"":1.0}",rf,42,1,500,1000,5,0.050000,0.200000,1.000000,fixed,0.100000,1000,10,0.543855,0.922243,0.951049,0.500000,0.085250,511.400000,533.000000,0.100000,0.548900,22.598684,ok,
c98549f0b65d,"{""case_control_ratio"":0.1,""h2"":0.05,""m"":5,""maf_fixed"":0.3,""maf_type"":""fixed"",""n_blocks"":50,""n_samples"":500,""p"":1000,""rho"":0.2,""signal_ratio"":1.0}",orf,42,1,500,1000,5,0.050000,0.200000,1.000000,fixed,0.100000,1000,10,0.536239,0.920129,0.951049,0.500000,0.084647,364.300000,347.500000,0.100000,1.554109,47.489430,ok,
c98549f0b65d,"{""case_control_ratio"":0.1,""h2"":0.05,""m"":5,""maf_fixed"":0.3,""maf_type"":""fixed"",""n_blocks"":50,""n_samples"":500,""p"":1000,""rho"":0.2,""signal_ratio"":1.0}",bworf_uniform,42,1,500,1000,5,0.050000,0.200000,1.000000,fixed,0.100000,1000,10,0.572479,0.923041,0.951049,0.500000,0.090881,344.900000,331.500000,0.200000,99.461116,387.070203,ok,
c98549f0b65d,"{""case_control_ratio"":0.1,""h2"":0.05,""m"":5,""maf_fixed"":0.3,""maf_type"":""fixed"",""n_blocks"":50,""n_samples"":500,""p"":1000,""rho"":0.2,""signal_ratio"":1.0}",bworf_weighted,42,1,500,1000,5,0.050000,0.200000,1.000000,fixed,0.100000,1000,10,0.553571,0.922318,0.920290,0.502626,0.118911,533.900000,558.000000,0.100000,88.835807,400.886822,ok,
c98549f0b65d,"{""case_control_ratio"":0.1,""h2"":0.05,""m"":5,""maf_fixed"":0.3,""maf_type"":""fixed"",""n_blocks"":50,""n_samples"":500,""p"":1000,""rho"":0.2,""signal_ratio"":1.0}",rf,0,1,500,1000,5,0.050000,0.200000,1.000000,fixed,0.100000,1000,10,0.477416,0.900315,0.951049,0.500000,0.085831,398.800000,398.000000,0.000000,0.560445,26.114153,ok,
c98549f0b65d,"{""case_control_ratio"":0.1,""h2"":0.05,""m"":5,""maf_fixed"":0.3,""maf_type"":""fixed"",""n_blocks"":50,""n_samples"":500,""p"":1000,""rho"":0.2,""signal_ratio"":1.0}",orf,0,1,500,1000,5,0.050000,0.200000,1.000000,fixed,0.100000,1000,10,0.488971,0.912468,0.951049,0.500000,0.085365,500.800000,512.500000,0.000000,1.379304,42.464729,ok,
c98549f0b65d,"{""case_control_ratio"":0.1,""h2"":0.05,""m"":5,""maf_fixed"":0.3,""maf_type"":""fixed"",""n_blocks"":50,""n_samples"":500,""p"":1000,""rho"":0.2,""signal_ratio"":1.0}",bworf_uniform,0,1,500,1000,5,0.050000,0.200000,1.000000,fixed,0.100000,1000,10,0.488971,0.918349,0.951049,0.500000,0.092513,516.300000,511.000000,0.100000,95.513426,380.597531,ok,
c98549f0b65d,"{""case_control_ratio"":0.1,""h2"":0.05,""m"":5,""maf_fixed"":0.3,""maf_type"":""fixed"",""n_blocks"":50,""n_samples"":500,""p"":1000,""rho"":0.2,""signal_ratio"":1.0}",bworf_weighted,0,1,500,1000,5,0.050000,0.200000,1.000000,fixed,0.100000,1000,10,0.382616,0.889264,0.936170,0.485294,0.112212,428.900000,430.500000,0.100000,84.282970,387.371360,ok,
c98549f0b65d,"{""case_control_ratio"":0.1,""h2"":0.05,""m"":5,""maf_fixed"":0.3,""maf_type"":""fixed"",""n_blocks"":50,""n_samples"":500,""p"":1000,""rho"":0.2,""signal_ratio"":1.0}",rf,12,1,500,1000,5,0.050000,0.200000,1.000000,fixed,0.100000,1000,10,0.357931,0.890893,0.951049,0.500000,0.088294,604.000000,684.000000,0.000000,0.552821,22.343539,ok,
c98549f0b65d,"{""case_control_ratio"":0.1,""h2"":0.05,""m"":5,""maf_fixed"":0.3,""maf_type"":""fixed"",""n_blocks"":50,""n_samples"":500,""p"":1000,""rho"":0.2,""signal_ratio"":1.0}",orf,12,1,500,1000,5,0.050000,0.200000,1.000000,fixed,0.100000,1000,10,0.482143,0.898541,0.951049,0.500000,0.085545,582.800000,593.500000,0.000000,1.414630,48.403781,ok,
c98549f0b65d,"{""case_control_ratio"":0.1,""h2"":0.05,""m"":5,""maf_fixed"":0.3,""maf_type"":""fixed"",""n_blocks"":50,""n_samples"":500,""p"":1000,""rho"":0.2,""signal_ratio"":1.0}",bworf_uniform,12,1,500,1000,5,0.050000,0.200000,1.000000,fixed,0.100000,1000,10,0.547006,0.909235,0.947368,0.496324,0.092267,603.200000,559.000000,0.200000,98.837396,397.838625,ok,
c98549f0b65d,"{""case_control_ratio"":0.1,""h2"":0.05,""m"":5,""maf_fixed"":0.3,""maf_type"":""fixed"",""n_blocks"":50,""n_samples"":500,""p"":1000,""rho"":0.2,""signal_ratio"":1.0}",bworf_weighted,12,1,500,1000,5,0.050000,0.200000,1.000000,fixed,0.100000,1000,10,0.503676,0.895975,0.891386,0.508929,0.138175,549.400000,581.500000,0.100000,83.614718,381.862317,ok,
c98549f0b65d,"{""case_control_ratio"":0.1,""h2"":0.05,""m"":5,""maf_fixed"":0.3,""maf_type"":""fixed"",""n_blocks"":50,""n_samples"":500,""p"":1000,""rho"":0.2,""signal_ratio"":1.0}",rf,100,1,500,1000,5,0.050000,0.200000,1.000000,fixed,0.100000,1000,10,0.491597,0.910422,0.951049,0.500000,0.086404,413.400000,378.000000,0.000000,0.562031,22.351643,ok,
c98549f0b65d,"{""case_control_ratio"":0.1,""h2"":0.05,""m"":5,""maf_fixed"":0.3,""maf_type"":""fixed"",""n_blocks"":50,""n_samples"":500,""p"":1000,""rho"":0.2,""signal_ratio"":1.0}",orf,100,1,500,1000,5,0.050000,0.200000,1.000000,fixed,0.100000,1000,10,0.450368,0.897780,0.951049,0.500000,0.085845,554.800000,588.500000,0.000000,1.451994,40.342746,ok,
c98549f0b65d,"{""case_control_ratio"":0.1,""h2"":0.05,""m"":5,""maf_fixed"":0.3,""maf_type"":""fixed"",""n_blocks"":50,""n_samples"":500,""p"":1000,""rho"":0.2,""signal_ratio"":1.0}",bworf_uniform,100,1,500,1000,5,0.050000,0.200000,1.000000,fixed,0.100000,1000,10,0.500525,0.910836,0.951049,0.500000,0.091899,399.500000,165.000000,0.200000,88.460535,366.265564,ok,
c98549f0b65d,"{""case_control_ratio"":0.1,""h2"":0.05,""m"":5,""maf_fixed"":0.3,""maf_type"":""fixed"",""n_blocks"":50,""n_samples"":500,""p"":1000,""rho"":0.2,""signal_ratio"":1.0}",bworf_weighted,100,1,500,1000,5,0.050000,0.200000,1.000000,fixed,0.100000,1000,10,0.422794,0.891761,0.913043,0.463235,0.131484,425.500000,371.000000,0.000000,79.091545,365.651170,ok,
c98549f0b65d,"{""case_control_ratio"":0.1,""h2"":0.05,""m"":5,""maf_fixed"":0.3,""maf_type"":""fixed"",""n_blocks"":50,""n_samples"":500,""p"":1000,""rho"":0.2,""signal_ratio"":1.0}",rf,90,1,500,1000,5,0.050000,0.200000,1.000000,fixed,0.100000,1000,10,0.444853,0.887501,0.951049,0.500000,0.086503,398.100000,415.000000,0.000000,0.754462,22.128196,ok,
c98549f0b65d,"{""case_control_ratio"":0.1,""h2"":0.05,""m"":5,""maf_fixed"":0.3,""maf_type"":""fixed"",""n_blocks"":50,""n_samples"":500,""p"":1000,""rho"":0.2,""signal_ratio"":1.0}",orf,90,1,500,1000,5,0.050000,0.200000,1.000000,fixed,0.100000,1000,10,0.497899,0.898784,0.951049,0.500000,0.085615,498.900000,429.000000,0.000000,1.438436,40.906588,ok,
c98549f0b65d,"{""case_control_ratio"":0.1,""h2"":0.05,""m"":5,""maf_fixed"":0.3,""maf_type"":""fixed"",""n_blocks"":50,""n_samples"":500,""p"":1000,""rho"":0.2,""signal_ratio"":1.0}",bworf_uniform,90,1,500,1000,5,0.050000,0.200000,1.000000,fixed,0.100000,1000,10,0.490546,0.905441,0.951049,0.500000,0.090881,507.000000,438.000000,0.100000,85.579937,372.391080,ok,
c98549f0b65d,"{""case_control_ratio"":0.1,""h2"":0.05,""m"":5,""maf_fixed"":0.3,""maf_type"":""fixed"",""n_blocks"":50,""n_samples"":500,""p"":1000,""rho"":0.2,""signal_ratio"":1.0}",bworf_weighted,90,1,500,1000,5,0.050000,0.200000,1.000000,fixed,0.100000,1000,10,0.548845,0.934866,0.928571,0.477941,0.107573,334.500000,273.000000,0.100000,77.350257,371.232959,ok,
c98549f0b65d,"{""case_control_ratio"":0.1,""h2"":0.05,""m"":5,""maf_fixed"":0.3,""maf_type"":""fixed"",""n_blocks"":50,""n_samples"":500,""p"":1000,""rho"":0.2,""signal_ratio"":1.0}",rf,42,2,500,1000,5,0.050000,0.200000,1.000000,fixed,0.100000,1000,10,0.276261,0.843603,0.951049,0.500000,0.089643,599.900000,731.500000,0.000000,0.572354,22.078677,ok,
c98549f0b65d,"{""case_control_ratio"":0.1,""h2"":0.05,""m"":5,""maf_fixed"":0.3,""maf_type"":""fixed"",""n_blocks"":50,""n_samples"":500,""p"":1000,""rho"":0.2,""signal_ratio"":1.0}",orf,42,2,500,1000,5,0.050000,0.200000,1.000000,fixed,0.100000,1000,10,0.336134,0.881159,0.951049,0.500000,0.087785,410.300000,310.500000,0.000000,1.448103,40.479068,ok,
c98549f0b65d,"{""case_control_ratio"":0.1,""h2"":0.05,""m"":5,""maf_fixed"":0.3,""maf_type"":""fixed"",""n_blocks"":50,""n_samples"":500,""p"":1000,""rho"":0.2,""signal_ratio"":1.0}",bworf_uniform,42,2,500,1000,5,0.050000,0.200000,1.000000,fixed,0.100000,1000,10,0.385767,0.877547,0.951049,0.500000,0.092407,433.500000,464.000000,0.200000,84.256690,366.008303,ok,
c98549f0b65d,"{""case_control_ratio"":0.1,""h2"":0.05,""m"":5,""maf_fixed"":0.3,""maf_type"":""fixed"",""n_blocks"":50,""n_samples"":500,""p"":1000,""rho"":0.2,""signal_ratio"":1.0}",bworf_weighted,42,2,500,1000,5,0.050000,0.200000,1.000000,fixed,0.100000,1000,10,0.361870,0.874306,0.916968,0.466912,0.135174,549.100000,530.500000,0.100000,77.714522,365.715781,ok,
c98549f0b65d,"{""case_control_ratio"":0.1,""h2"":0.05,""m"":5,""maf_fixed"":0.3,""maf_type"":""fixed"",""n_blocks"":50,""n_samples"":500,""p"":1000,""rho"":0.2,""signal_ratio"":1.0}",rf,0,2,500,1000,5,0.050000,0.200000,1.000000,fixed,0.100000,1000,10,0.422532,0.904808,0.951049,0.500000,0.087185,601.500000,615.500000,0.000000,0.578613,22.104700,ok,
c98549f0b65d,"{""case_control_ratio"":0.1,""h2"":0.05,""m"":5,""maf_fixed"":0.3,""maf_type"":""fixed"",""n_blocks"":50,""n_samples"":500,""p"":1000,""rho"":0.2,""signal_ratio"":1.0}",orf,0,2,500,1000,5,0.050000,0.200000,1.000000,fixed,0.100000,1000,10,0.433824,0.898143,0.951049,0.500000,0.086073,468.700000,474.000000,0.000000,1.579570,42.647748,ok,
c98549f0b65d,"{""case_control_ratio"":0.1,""h2"":0.05,""m"":5,""maf_fixed"":0.3,""maf_type"":""fixed"",""n_blocks"":50,""n_samples"":500,""p"":1000,""rho"":0.2,""signal_ratio"":1.0}",bworf_uniform,0,2,500,1000,5,0.050000,0.200000,1.000000,fixed,0.100000,1000,10,0.414128,0.882494,0.951049,0.500000,0.092723,436.300000,333.500000,0.000000,87.546602,369.779764,ok,
c98549f0b65d,"{""case_control_ratio"":0.1,""h2"":0.05,""m"":5,""maf_fixed"":0.3,""maf_type"":""fixed"",""n_blocks"":50,""n_samples"":500,""p"":1000,""rho"":0.2,""signal_ratio"":1.0}",bworf_weighted,0,2,500,1000,5,0.050000,0.200000,1.000000,fixed,0.100000,1000,10,0.459821,0.900942,0.928571,0.477941,0.118966,403.500000,325.500000,0.000000,85.219090,367.627442,ok,
c98549f0b65d,"{""case_control_ratio"":0.1,""h2"":0.05,""m"":5,""maf_fixed"":0.3,""maf_type"":""fixed"",""n_blocks"":50,""n_samples"":500,""p"":1000,""rho"":0.2,""signal_ratio"":1.0}",rf,12,2,500,1000,5,0.050000,0.200000,1.000000,fixed,0.100000,1000,10,0.408351,0.874267,0.951049,0.500000,0.087942,604.400000,637.500000,0.000000,0.524931,21.788033,ok,
c98549f0b65d,"{""case_control_ratio"":0.1,""h2"":0.05,""m"":5,""maf_fixed"":0.3,""maf_type"":""fixed"",""n_blocks"":50,""n_samples"":500,""p"":1000,""rho"":0.2,""signal_ratio"":1.0}",orf,12,2,500,1000,5,0.050000,0.200000,1.000000,fixed,0.100000,1000,10,0.480305,0.908473,0.951049,0.500000,0.085400,429.700000,398.500000,0.000000,1.397030,40.412853,ok,
c98549f0b65d,"{""case_control_ratio"":0.1,""h2"":0.05,""m"":5,""maf_fixed"":0.3,""maf_type"":""fixed"",""n_blocks"":50,""n_samples"":500,""p"":1000,""rho"":0.2,""signal_ratio"":1.0}",bworf_uniform,12,2,500,1000,5,0.050000,0.200000,1.000000,fixed,0.100000,1000,10,0.426996,0.885741,0.951049,0.500000,0.090635,538.800000,657.000000,0.100000,84.114696,366.536923,ok,
c98549f0b65d,"{""case_control_ratio"":0.1,""h2"":0.05,""m"":5,""maf_fixed"":0.3,""maf_type"":""fixed"",""n_blocks"":50,""n_samples"":500,""p"":1000,""rho"":0.2,""signal_ratio"":1.0}",bworf_weighted,12,2,500,1000,5,0.050000,0.200000,1.000000,fixed,0.100000,1000,10,0.389706,0.871151,0.895522,0.512605,0.145462,748.700000,784.000000,0.000000,75.711665,359.502955,ok,
c98549f0b65d,"{""case_control_ratio"":0.1,""h2"":0.05,""m"":5,""maf_fixed"":0.3,""maf_type"":""fixed"",""n_blocks"":50,""n_samples"":500,""p"":1000,""rho"":0.2,""signal_ratio"":1.0}",rf,100,2,500,1000,5,0.050000,0.200000,1.000000,fixed,0.100000,1000,10,0.418855,0.898511,0.951049,0.500000,0.087556,487.800000,467.500000,0.100000,0.548726,21.982634,ok,
c98549f0b65d,"{""case_control_ratio"":0.1,""h2"":0.05,""m"":5,""maf_fixed"":0.3,""maf_type"":""fixed"",""n_blocks"":50,""n_samples"":500,""p"":1000,""rho"":0.2,""signal_ratio"":1.0}",orf,100,2,500,1000,5,0.050000,0.200000,1.000000,fixed,0.100000,1000,10,0.481092,0.915942,0.951049,0.500000,0.085605,356.200000,315.000000,0.000000,1.581323,42.897027,ok,
c98549f0b65d,"{""case_control_ratio"":0.1,""h2"":0.05,""m"":5,""maf_fixed"":0.3,""maf_type"":""fixed"",""n_blocks"":50,""n_samples"":500,""p"":1000,""rho"":0.2,""signal_ratio"":1.0}",bworf_uniform,100,2,500,1000,5,0.050000,0.200000,1.000000,fixed,0.100000,1000,10,0.423845,0.883766,0.951049,0.500000,0.092780,466.900000,415.000000,0.000000,83.914492,364.462756,ok,
c98549f0b65d,"{""case_control_ratio"":0.1,""h2"":0.05,""m"":5,""maf_fixed"":0.3,""maf_type"":""fixed"",""n_blocks"":50,""n_samples"":500,""p"":1000,""rho"":0.2,""signal_ratio"":1.0}",bworf_weighted,100,2,500,1000,5,0.050000,0.200000,1.000000,fixed,0.100000,1000,10,0.393645,0.867948,0.913043,0.463235,0.127182,523.700000,436.000000,0.000000,77.565604,361.461135,ok,
c98549f0b65d,"{""case_control_ratio"":0.1,""h2"":0.05,""m"":5,""maf_fixed"":0.3,""maf_type"":""fixed"",""n_blocks"":50,""n_samples"":500,""p"":1000,""rho"":0.2,""signal_ratio"":1.0}",rf,90,2,500,1000,5,0.050000,0.200000,1.000000,fixed,0.100000,1000,10,0.382878,0.868289,0.951049,0.500000,0.087805,455.200000,375.500000,0.100000,0.719302,22.388385,ok,
c98549f0b65d,"{""case_control_ratio"":0.1,""h2"":0.05,""m"":5,""maf_fixed"":0.3,""maf_type"":""fixed"",""n_blocks"":50,""n_samples"":500,""p"":1000,""rho"":0.2,""signal_ratio"":1.0}",orf,90,2,500,1000,5,0.050000,0.200000,1.000000,fixed,0.100000,1000,10,0.429622,0.889686,0.951049,0.500000,0.086390,528.900000,516.000000,0.000000,1.625974,40.770765,ok,
c98549f0b65d,"{""case_control_ratio"":0.1,""h2"":0.05,""m"":5,""maf_fixed"":0.3,""maf_type"":""fixed"",""n_blocks"":50,""n_samples"":500,""p"":1000,""rho"":0.2,""signal_ratio"":1.0}",bworf_uniform,90,2,500,1000,5,0.050000,0.200000,1.000000,fixed,0.100000,1000,10,0.492384,0.906176,0.951049,0.500000,0.090727,479.100000,535.000000,0.000000,84.921644,360.091786,ok,
c98549f0b65d,"{""case_control_ratio"":0.1,""h2"":0.05,""m"":5,""maf_fixed"":0.3,""maf_type"":""fixed"",""n_blocks"":50,""n_samples"":500,""p"":1000,""rho"":0.2,""signal_ratio"":1.0}",bworf_weighted,90,2,500,1000,5,0.050000,0.200000,1.000000,fixed,0.100000,1000,10,0.492122,0.908255,0.908425,0.491597,0.135196,381.200000,176.000000,0.100000,77.033287,358.967948,ok,
8529b1b10879,"{""case_control_ratio"":0.2,""h2"":0.05,""m"":5,""maf_fixed"":0.3,""maf_type"":""fixed"",""n_blocks"":50,""n_samples"":500,""p"":1000,""rho"":0.2,""signal_ratio"":1.0}",rf,42,0,500,1000,5,0.050000,0.200000,1.000000,fixed,0.200000,1000,10,0.553280,0.832584,0.909091,0.500000,0.138859,350.300000,315.000000,0.000000,0.683112,22.696892,ok,
8529b1b10879,"{""case_control_ratio"":0.2,""h2"":0.05,""m"":5,""maf_fixed"":0.3,""maf_type"":""fixed"",""n_blocks"":50,""n_samples"":500,""p"":1000,""rho"":0.2,""signal_ratio"":1.0}",orf,42,0,500,1000,5,0.050000,0.200000,1.000000,fixed,0.200000,1000,10,0.457920,0.820805,0.909091,0.500000,0.140368,395.300000,390.000000,0.100000,1.813806,42.229275,ok,
8529b1b10879,"{""case_control_ratio"":0.2,""h2"":0.05,""m"":5,""maf_fixed"":0.3,""maf_type"":""fixed"",""n_blocks"":50,""n_samples"":500,""p"":1000,""rho"":0.2,""signal_ratio"":1.0}",bworf_uniform,42,0,500,1000,5,0.050000,0.200000,1.000000,fixed,0.200000,1000,10,0.556960,0.851602,0.909091,0.500000,0.152722,372.900000,277.500000,0.000000,89.360043,359.773103,ok,
8529b1b10879,"{""case_control_ratio"":0.2,""h2"":0.05,""m"":5,""maf_fixed"":0.3,""maf_type"":""fixed"",""n_blocks"":50,""n_samples"":500,""p"":1000,""rho"":0.2,""signal_ratio"":1.0}",bworf_weighted,42,0,500,1000,5,0.050000,0.200000,1.000000,fixed,0.200000,1000,10,0.533920,0.851762,0.819277,0.468000,0.196644,582.800000,652.000000,0.000000,86.703970,359.905252,ok,
8529b1b10879,"{""case_control_ratio"":0.2,""h2"":0.05,""m"":5,""maf_fixed"":0.3,""maf_type"":""fixed"",""n_blocks"":50,""n_samples"":500,""p"":1000,""rho"":0.2,""signal_ratio"":1.0}",rf,0,0,500,1000,5,0.050000,0.200000,1.000000,fixed,0.200000,1000,10,0.580320,0.869193,0.909091,0.500000,0.138089,390.900000,207.000000,0.000000,0.543856,20.916998,ok,
8529b1b10879,"{""case_control_ratio"":0.2,""h2"":0.05,""m"":5,""maf_fixed"":0.3,""maf_type"":""fixed"",""n_blocks"":50,""n_samples"":500,""p"":1000,""rho"":0.2,""signal_ratio"":1.0}",orf,0,0,500,1000,5,0.050000,0.200000,1.000000,fixed,0.200000,1000,10,0.594720,0.843634,0.909091,0.500000,0.138516,540.200000,492.000000,0.000000,1.623424,39.072887,ok,
8529b1b10879,"{""case_control_ratio"":0.2,""h2"":0.05,""m"":5,""maf_fixed"":0.3,""maf_type"":""fixed"",""n_blocks"":50,""n_samples"":500,""p"":1000,""rho"":0.2,""signal_ratio"":1.0}",bworf_uniform,0,0,500,1000,5,0.050000,0.200000,1.000000,fixed,0.200000,1000,10,0.490400,0.801094,0.901099,0.492000,0.147712,445.800000,477.000000,0.200000,87.039671,359.313311,ok,
8529b1b10879,"{""case_control_ratio"":0.2,""h2"":0.05,""m"":5,""maf_fixed"":0.3,""maf_type"":""fixed"",""n_blocks"":50,""n_samples"":500,""p"":1000,""rho"":0.2,""signal_ratio"":1.0}",bworf_weighted,0,0,500,1000,5,0.050000,0.200000,1.000000,fixed,0.200000,1000,10,0.510080,0.808706,0.840816,0.572000,0.201759,512.500000,549.000000,0.000000,80.038720,360.095757,ok,
8529b1b10879,"{""case_control_ratio"":0.2,""h2"":0.05,""m"":5,""maf_fixed"":0.3,""maf_type"":""fixed"",""n_blocks"":50,""n_samples"":500,""p"":1000,""rho"":0.2,""signal_ratio"":1.0}",rf,12,0,500,1000,5,0.050000,0.200000,1.000000,fixed,0.200000,1000,10,0.403680,0.783741,0.909091,0.500000,0.144430,618.800000,742.500000,0.000000,0.546860,20.154476,ok,
8529b1b10879,"{""case_control_ratio"":0.2,""h2"":0.05,""m"":5,""maf_fixed"":0.3,""maf_type"":""fixed"",""n_blocks"":50,""n_samples"":500,""p"":1000,""rho"":0.2,""signal_ratio"":1.0}",orf,12,0,500,1000,5,0.050000,0.200000,1.000000,fixed,0.200000,1000,10,0.410720,0.803928,0.909091,0.500000,0.142305,599.600000,562.000000,0.000000,1.579177,38.680710,ok,
8529b1b10879,"{""case_control_ratio"":0.2,""h2"":0.05,""m"":5,""maf_fixed"":0.3,""maf_type"":""fixed"",""n_blocks"":50,""n_samples"":500,""p"":1000,""rho"":0.2,""signal_ratio"":1.0}",bworf_uniform,12,0,500,1000,5,0.050000,0.200000,1.000000,fixed,0.200000,1000,10,0.388000,0.790224,0.909091,0.500000,0.160521,686.200000,831.500000,0.000000,84.818712,369.118445,ok,
8529b1b10879,"{""case_control_ratio"":0.2,""h2"":0.05,""m"":5,""maf_fixed"":0.3,""maf_type"":""fixed"",""n_blocks"":50,""n_samples"":500,""p"":1000,""rho"":0.2,""signal_ratio"":1.0}",bworf_weighted,12,0,500,1000,5,0.050000,0.200000,1.000000,fixed,0.200000,1000,10,0.388960,0.809332,0.825397,0.456000,0.215795,359.500000,103.000000,0.000000,80.419972,360.551419,ok,
8529b1b10879,"{""case_control_ratio"":0.2,""h2"":0.05,""m"":5,""maf_fixed"":0.3,""maf_type"":""fixed"",""n_blocks"":50,""n_samples"":500,""p"":1000,""rho"":0.2,""signal_ratio"":1.0}",rf,100,0,500,1000,5,0.050000,0.200000,1.000000,fixed,0.200000,1000,10,0.498720,0.854404,0.909091,0.500000,0.140576,523.200000,657.500000,0.000000,0.628476,21.812824,ok,
8529b1b10879,"{""case_control_ratio"":0.2,""h2"":0.05,""m"":5,""maf_fixed"":0.3,""maf_type"":""fixed"",""n_blocks"":50,""n_samples"":500,""p"":1000,""rho"":0.2,""signal_ratio"":1.0}",orf,100,0,500,1000,5,0.050000,0.200000,1.000000,fixed,0.200000,1000,10,0.477760,0.820853,0.909091,0.500000,0.141292,509.900000,482.000000,0.000000,1.577642,38.989178,ok,
8529b1b10879,"{""case_control_ratio"":0.2,""h2"":0.05,""m"":5,""maf_fixed"":0.3,""maf_type"":""fixed"",""n_blocks"":50,""n_samples"":500,""p"":1000,""rho"":0.2,""signal_ratio"":1.0}",bworf_uniform,100,0,500,1000,5,0.050000,0.200000,1.000000,fixed,0.200000,1000,10,0.521120,0.822165,0.909091,0.500000,0.149157,452.700000,395.500000,0.000000,84.770136,361.195789,ok,
8529b1b10879,"{""case_control_ratio"":0.2,""h2"":0.05,""m"":5,""maf_fixed"":0.3,""maf_type"":""fixed"",""n_blocks"":50,""n_samples"":500,""p"":1000,""rho"":0.2,""signal_ratio"":1.0}",bworf_weighted,100,0,500,1000,5,0.050000,0.200000,1.000000,fixed,0.200000,1000,10,0.511840,0.817705,0.848000,0.544000,0.187735,394.700000,306.500000,0.000000,81.364727,361.412733,ok,
8529b1b10879,"{""case_control_ratio"":0.2,""h2"":0.05,""m"":5,""maf_fixed"":0.3,""maf_type"":""fixed"",""n_blocks"":50,""n_samples"":500,""p"":1000,""rho"":0.2,""signal_ratio"":1.0}",rf,90,0,500,1000,5,0.050000,0.200000,1.000000,fixed,0.200000,1000,10,0.446560,0.810344,0.909091,0.500000,0.142654,522.000000,509.500000,0.000000,0.560781,21.209312,ok,
8529b1b10879,"{""case_control_ratio"":0.2,""h2"":0.05,""m"":5,""maf_fixed"":0.3,""maf_type"":""fixed"",""n_blocks"":50,""n_samples"":500,""p"":1000,""rho"":0.2,""signal_ratio"":1.0}",orf,90,0,500,1000,5,0.050000,0.200000,1.000000,fixed,0.200000,1000,10,0.464960,0.836690,0.909091,0.500000,0.140754,451.700000,541.000000,0.100000,1.590276,39.008405,ok,
8529b1b10879,"{""case_control_ratio"":0.2,""h2"":0.05,""m"":5,""maf_fixed"":0.3,""maf_type"":""fixed"",""n_blocks"":50,""n_samples"":500,""p"":1000,""rho"":0.2,""signal_ratio"":1.0}",bworf_uniform,90,0,500,1000,5,0.050000,0.200000,1.000000,fixed,0.200000,1000,10,0.561760,0.858782,0.909091,0.500000,0.148028,470.000000,497.500000,0.100000,93.132828,360.905477,ok,
8529b1b10879,"{""case_control_ratio"":0.2,""h2"":0.05,""m"":5,""maf_fixed"":0.3,""maf_type"":""fixed"",""n_blocks"":50,""n_samples"":500,""p"":1000,""rho"":0.2,""signal_ratio"":1.0}",bworf_weighted,90,0,500,1000,5,0.050000,0.200000,1.000000,fixed,0.200000,1000,10,0.561600,0.847214,0.846774,0.560000,0.184819,418.600000,364.000000,0.000000,80.848742,365.632997,ok,
8529b1b10879,"{""case_control_ratio"":0.2,""h2"":0.05,""m"":5,""maf_fixed"":0.3,""maf_type"":""fixed"",""n_blocks"":50,""n_samples"":500,""p"":1000,""rho"":0.2,""signal_ratio"":1.0}",rf,42,1,500,1000,5,0.050000,0.200000,1.000000,fixed,0.200000,1000,10,0.445440,0.825320,0.909091,0.500000,0.142421,550.500000,716.500000,0.000000,0.545903,20.256907,ok,
8529b1b10879,"{""case_control_ratio"":0.2,""h2"":0.05,""m"":5,""maf_fixed"":0.3,""maf_type"":""fixed"",""n_blocks"":50,""n_samples"":500,""p"":1000,""rho"":0.2,""signal_ratio"":1.0}",orf,42,1,500,1000,5,0.050000,0.200000,1.000000,fixed,0.200000,1000,10,0.427680,0.808580,0.909091,0.500000,0.141707,560.800000,621.000000,0.100000,1.610047,41.005814,ok,
8529b1b10879,"{""case_control_ratio"":0.2,""h2"":0.05,""m"":5,""maf_fixed"":0.3,""maf_type"":""fixed"",""n_blocks"":50,""n_samples"":500,""p"":1000,""rho"":0.2,""signal_ratio"":1.0}",bworf_uniform,42,1,500,1000,5,0.050000,0.200000,1.000000,fixed,0.200000,1000,10,0.464800,0.811262,0.909091,0.500000,0.156312,606.200000,747.000000,0.000000,86.147992,360.365503,ok,
8529b1b10879,"{""case_control_ratio"":0.2,""h2"":0.05,""m"":5,""maf_fixed"":0.3,""maf_type"":""fixed"",""n_blocks"":50,""n_samples"":500,""p"":1000,""rho"":0.2,""signal_ratio"":1.0}",bworf_weighted,42,1,500,1000,5,0.050000,0.200000,1.000000,fixed,0.200000,1000,10,0.476800,0.824008,0.825911,0.508000,0.205914,301.500000,167.500000,0.100000,84.147957,361.698918,ok,
8529b1b10879,"{""case_control_ratio"":0.2,""h2"":0.05,""m"":5,""maf_fixed"":0.3,""maf_type"":""fixed"",""n_blocks"":50,""n_samples"":500,""p"":1000,""rho"":0.2,""signal_ratio"":1.0}",rf,0,1,500,1000,5,0.050000,0.200000,1.000000,fixed,0.200000,1000,10,0.508960,0.853884,0.909091,0.500000,0.140109,433.900000,430.000000,0.000000,0.549579,20.094578,ok,
8529b1b10879,"{""case_control_ratio"":0.2,""h2"":0.05,""m"":5,""maf_fixed"":0.3,""maf_type"":""fixed"",""n_blocks"":50,""n_samples"":500,""p"":1000,""rho"":0.2,""signal_ratio"":1.0}",orf,0,1,500,1000,5,0.050000,0.200000,1.000000,fixed,0.200000,1000,10,0.476960,0.821760,0.909091,0.500000,0.140803,525.100000,561.500000,0.000000,1.635784,39.486653,ok,
8529b1b10879,"{""case_control_ratio"":0.2,""h2"":0.05,""m"":5,""maf_fixed"":0.3,""maf_type"":""fixed"",""n_blocks"":50,""n_samples"":500,""p"":1000,""rho"":0.2,""signal_ratio"":1.0}",bworf_uniform,0,1,500,1000,5,0.050000,0.200000,1.000000,fixed,0.200000,1000,10,0.471040,0.818581,0.908425,0.516000,0.158277,434.700000,333.000000,0.000000,84.797451,367.622103,ok,
8529b1b10879,"{""case_control_ratio"":0.2,""h2"":0.05,""m"":5,""maf_fixed"":0.3,""maf_type"":""fixed"",""n_blocks"":50,""n_samples"":500,""p"":1000,""rho"":0.2,""signal_ratio"":1.0}",bworf_weighted,0,1,500,1000,5,0.050000,0.200000,1.000000,fixed,0.200000,1000,10,0.445920,0.804106,0.833333,0.480000,0.214221,397.000000,355.500000,0.000000,81.910094,357.298569,ok,
8529b1b10879,"{""case_control_ratio"":0.2,""h2"":0.05,""m"":5,""maf_fixed"":0.3,""maf_type"":""fixed"",""n_blocks"":50,""n_samples"":500,""p"":1000,""rho"":0.2,""signal_ratio"":1.0}",rf,12,1,500,1000,5,0.050000,0.200000,1.000000,fixed,0.200000,1000,10,0.546880,0.874564,0.909091,0.500000,0.139340,487.000000,375.000000,0.000000,0.555063,19.986627,ok,
8529b1b10879,"{""case_control_ratio"":0.2,""h2"":0.05,""m"":5,""maf_fixed"":0.3,""maf_type"":""fixed"",""n_blocks"":50,""n_samples"":500,""p"":1000,""rho"":0.2,""signal_ratio"":1.0}",orf,12,1,500,1000,5,0.050000,0.200000,1.000000,fixed,0.200000,1000,10,0.512640,0.841066,0.909091,0.500000,0.139969,508.100000,453.500000,0.000000,1.664223,39.204019,ok,
8529b1b10879,"{""case_control_ratio"":0.2,""h2"":0.05,""m"":5,""maf_fixed"":0.3,""maf_type"":""fixed"",""n_blocks"":50,""n_samples"":500,""p"":1000,""rho"":0.2,""signal_ratio"":1.0}",bworf_uniform,12,1,500,1000,5,0.050000,0.200000,1.000000,fixed,0.200000,1000,10,0.486080,0.832943,0.908425,0.516000,0.154173,432.400000,484.500000,0.100000,88.724191,361.404757,ok,
8529b1b10879,"{""case_control_ratio"":0.2,""h2"":0.05,""m"":5,""maf_fixed"":0.3,""maf_type"":""fixed"",""n_blocks"":50,""n_samples"":500,""p"":1000,""rho"":0.2,""signal_ratio"":1.0}",bworf_weighted,12,1,500,1000,5,0.050000,0.200000,1.000000,fixed,0.200000,1000,10,0.464000,0.827481,0.804979,0.508000,0.224542,439.300000,341.000000,0.100000,82.269540,356.717409,ok,
8529b1b10879,"{""case_control_ratio"":0.2,""h2"":0.05,""m"":5,""maf_fixed"":0.3,""maf_type"":""fixed"",""n_blocks"":50,""n_samples"":500,""p"":1000,""rho"":0.2,""signal_ratio"":1.0}",rf,100,1,500,1000,5,0.050000,0.200000,1.000000,fixed,0.200000,1000,10,0.409280,0.806081,0.909091,0.500000,0.144796,533.300000,516.500000,0.000000,0.553554,20.451231,ok,
8529b1b10879,"{""case_control_ratio"":0.2,""h2"":0.05,""m"":5,""maf_fixed"":0.3,""maf_type"":""fixed"",""n_blocks"":50,""n_samples"":500,""p"":1000,""rho"":0.2,""signal_ratio"":1.0}",orf,100,1,500,1000,5,0.050000,0.200000,1.000000,fixed,0.200000,1000,10,0.474240,0.838695,0.909091,0.500000,0.141200,484.800000,461.000000,0.000000,1.584674,38.545355,ok,
8529b1b10879,"{""case_control_ratio"":0.2,""h2"":0.05,""m"":5,""maf_fixed"":0.3,""maf_type"":""fixed"",""n_blocks"":50,""n_samples"":500,""p"":1000,""rho"":0.2,""signal_ratio"":1.0}",bworf_uniform,100,1,500,1000,5,0.050000,0.200000,1.000000,fixed,0.200000,1000,10,0.410720,0.795505,0.912409,0.520000,0.159175,681.900000,747.000000,0.000000,85.945956,364.991117,ok,
8529b1b10879,"{""case_control_ratio"":0.2,""h2"":0.05,""m"":5,""maf_fixed"":0.3,""maf_type"":""fixed"",""n_blocks"":50,""n_samples"":500,""p"":1000,""rho"":0.2,""signal_ratio"":1.0}",bworf_weighted,100,1,500,1000,5,0.050000,0.200000,1.000000,fixed,0.200000,1000,10,0.412480,0.797151,0.783333,0.456000,0.236094,475.000000,499.000000,0.000000,80.637453,361.149496,ok,
8529b1b10879,"{""case_control_ratio"":0.2,""h2"":0.05,""m"":5,""maf_fixed"":0.3,""maf_type"":""fixed"",""n_blocks"":50,""n_samples"":500,""p"":1000,""rho"":0.2,""signal_ratio"":1.0}",rf,90,1,500,1000,5,0.050000,0.200000,1.000000,fixed,0.200000,1000,10,0.372800,0.783898,0.909091,0.500000,0.144849,433.900000,435.500000,0.000000,0.543113,20.276980,ok,
8529b1b10879,"{""case_control_ratio"":0.2,""h2"":0.05,""m"":5,""maf_fixed"":0.3,""maf_type"":""fixed"",""n_blocks"":50,""n_samples"":500,""p"":1000,""rho"":0.2,""signal_ratio"":1.0}",orf,90,1,500,1000,5,0.050000,0.200000,1.000000,fixed,0.200000,1000,10,0.635680,0.880071,0.909091,0.500000,0.136687,810.500000,841.500000,0.000000,1.614975,38.569974,ok,
8529b1b10879,"{""case_control_ratio"":0.2,""h2"":0.05,""m"":5,""maf_fixed"":0.3,""maf_type"":""fixed"",""n_blocks"":50,""n_samples"":500,""p"":1000,""rho"":0.2,""signal_ratio"":1.0}",bworf_uniform,90,1,500,1000,5,0.050000,0.200000,1.000000,fixed,0.200000,1000,10,0.573280,0.878799,0.901099,0.492000,0.152827,480.800000,515.000000,0.100000,86.029821,360.562992,ok,
8529b1b10879,"{""case_control_ratio"":0.2,""h2"":0.05,""m"":5,""maf_fixed"":0.3,""maf_type"":""fixed"",""n_blocks"":50,""n_samples"":500,""p"":1000,""rho"":0.2,""signal_ratio"":1.0}",bworf_weighted,90,1,500,1000,5,0.050000,0.200000,1.000000,fixed,0.200000,1000,10,0.552480,0.880394,0.821138,0.504000,0.199210,574.600000,661.500000,0.000000,82.754411,359.252614,ok,
8529b1b10879,"{""case_control_ratio"":0.2,""h2"":0.05,""m"":5,""maf_fixed"":0.3,""maf_type"":""fixed"",""n_blocks"":50,""n_samples"":500,""p"":1000,""rho"":0.2,""signal_ratio"":1.0}",rf,42,2,500,1000,5,0.050000,0.200000,1.000000,fixed,0.200000,1000,10,0.505440,0.821063,0.909091,0.500000,0.140522,634.100000,718.000000,0.000000,0.543002,19.994397,ok,
8529b1b10879,"{""case_control_ratio"":0.2,""h2"":0.05,""m"":5,""maf_fixed"":0.3,""maf_type"":""fixed"",""n_blocks"":50,""n_samples"":500,""p"":1000,""rho"":0.2,""signal_ratio"":1.0}",orf,42,2,500,1000,5,0.050000,0.200000,1.000000,fixed,0.200000,1000,10,0.508000,0.858076,0.909091,0.500000,0.140023,312.300000,229.000000,0.000000,1.628255,38.513117,ok,
8529b1b10879,"{""case_control_ratio"":0.2,""h2"":0.05,""m"":5,""maf_fixed"":0.3,""maf_type"":""fixed"",""n_blocks"":50,""n_samples"":500,""p"":1000,""rho"":0.2,""signal_ratio"":1.0}",bworf_uniform,42,2,500,1000,5,0.050000,0.200000,1.000000,fixed,0.200000,1000,10,0.488640,0.839377,0.915751,0.540000,0.149805,604.600000,650.500000,0.000000,83.348530,358.930457,ok,
8529b1b10879,"{""case_control_ratio"":0.2,""h2"":0.05,""m"":5,""maf_fixed"":0.3,""maf_type"":""fixed"",""n_blocks"":50,""n_samples"":500,""p"":1000,""rho"":0.2,""signal_ratio"":1.0}",bworf_weighted,42,2,500,1000,5,0.050000,0.200000,1.000000,fixed,0.200000,1000,10,0.465760,0.825364,0.850394,0.512000,0.202598,349.400000,300.500000,0.000000,80.327777,364.625292,ok,
8529b1b10879,"{""case_control_ratio"":0.2,""h2"":0.05,""m"":5,""maf_fixed"":0.3,""maf_type"":""fixed"",""n_blocks"":50,""n_samples"":500,""p"":1000,""rho"":0.2,""signal_ratio"":1.0}",rf,0,2,500,1000,5,0.050000,0.200000,1.000000,fixed,0.200000,1000,10,0.484480,0.824324,0.909091,0.500000,0.141917,445.400000,532.000000,0.000000,0.556864,20.279887,ok,
8529b1b10879,"{""case_control_ratio"":0.2,""h2"":0.05,""m"":5,""maf_fixed"":0.3,""maf_type"":""fixed"",""n_blocks"":50,""n_samples"":500,""p"":1000,""rho"":0.2,""signal_ratio"":1.0}",orf,0,2,500,1000,5,0.050000,0.200000,1.000000,fixed,0.200000,1000,10,0.594080,0.881202,0.909091,0.500000,0.137227,435.500000,452.000000,0.100000,1.730545,39.303352,ok,
8529b1b10879,"{""case_control_ratio"":0.2,""h2"":0.05,""m"":5,""maf_fixed"":0.3,""maf_type"":""fixed"",""n_blocks"":50,""n_samples"":500,""p"":1000,""rho"":0.2,""signal_ratio"":1.0}",bworf_uniform,0,2,500,1000,5,0.050000,0.200000,1.000000,fixed,0.200000,1000,10,0.628640,0.876590,0.904412,0.512000,0.140735,343.500000,198.000000,0.100000,84.041557,354.267237,ok,
8529b1b10879,"{""case_control_ratio"":0.2,""h2"":0.05,""m"":5,""maf_fixed"":0.3,""maf_type"":""fixed"",""n_blocks"":50,""n_samples"":500,""p"":1000,""rho"":0.2,""signal_ratio"":1.0}",bworf_weighted,0,2,500,1000,5,0.050000,0.200000,1.000000,fixed,0.200000,1000,10,0.606720,0.868157,0.829876,0.580000,0.197756,336.500000,331.500000,0.100000,87.954736,363.274609,ok,
8529b1b10879,"{""case_control_ratio"":0.2,""h2"":0.05,""m"":5,""maf_fixed"":0.3,""maf_type"":""fixed"",""n_blocks"":50,""n_samples"":500,""p"":1000,""rho"":0.2,""signal_ratio"":1.0}",rf,12,2,500,1000,5,0.050000,0.200000,1.000000,fixed,0.200000,1000,10,0.564480,0.860248,0.909091,0.500000,0.138879,640.400000,632.500000,0.000000,0.563262,20.814966,ok,
8529b1b10879,"{""case_control_ratio"":0.2,""h2"":0.05,""m"":5,""maf_fixed"":0.3,""maf_type"":""fixed"",""n_blocks"":50,""n_samples"":500,""p"":1000,""rho"":0.2,""signal_ratio"":1.0}",orf,12,2,500,1000,5,0.050000,0.200000,1.000000,fixed,0.200000,1000,10,0.574560,0.851756,0.909091,0.500000,0.138377,419.500000,457.000000,0.000000,1.948131,40.277960,ok,
8529b1b10879,"{""case_control_ratio"":0.2,""h2"":0.05,""m"":5,""maf_fixed"":0.3,""maf_type"":""fixed"",""n_blocks"":50,""n_samples"":500,""p"":1000,""rho"":0.2,""signal_ratio"":1.0}",bworf_uniform,12,2,500,1000,5,0.050000,0.200000,1.000000,fixed,0.200000,1000,10,0.511840,0.838418,0.908425,0.516000,0.149468,336.200000,303.000000,0.000000,84.598648,358.773388,ok,
8529b1b10879,"{""case_control_ratio"":0.2,""h2"":0.05,""m"":5,""maf_fixed"":0.3,""maf_type"":""fixed"",""n_blocks"":50,""n_samples"":500,""p"":1000,""rho"":0.2,""signal_ratio"":1.0}",bworf_weighted,12,2,500,1000,5,0.050000,0.200000,1.000000,fixed,0.200000,1000,10,0.525280,0.836514,0.791667,0.480000,0.208696,354.200000,277.500000,0.000000,80.198858,363.702145,ok,
8529b1b10879,"{""case_control_ratio"":0.2,""h2"":0.05,""m"":5,""maf_fixed"":0.3,""maf_type"":""fixed"",""n_blocks"":50,""n_samples"":500,""p"":1000,""rho"":0.2,""signal_ratio"":1.0}",rf,100,2,500,1000,5,0.050000,0.200000,1.000000,fixed,0.200000,1000,10,0.513600,0.857852,0.909091,0.500000,0.140120,474.100000,443.000000,0.000000,0.546829,20.321104,ok,
8529b1b10879,"{""case_control_ratio"":0.2,""h2"":0.05,""m"":5,""maf_fixed"":0.3,""maf_type"":""fixed"",""n_blocks"":50,""n_samples"":500,""p"":1000,""rho"":0.2,""signal_ratio"":1.0}",orf,100,2,500,1000,5,0.050000,0.200000,1.000000,fixed,0.200000,1000,10,0.587200,0.875571,0.909091,0.500000,0.137769,538.100000,622.500000,0.000000,1.638804,39.238497,ok,
8529b1b10879,"{""case_control_ratio"":0.2,""h2"":0.05,""m"":5,""maf_fixed"":0.3,""maf_type"":""fixed"",""n_blocks"":50,""n_samples"":500,""p"":1000,""rho"":0.2,""signal_ratio"":1.0}",bworf_uniform,100,2,500,1000,5,0.050000,0.200000,1.000000,fixed,0.200000,1000,10,0.565120,0.877187,0.900369,0.508000,0.150062,577.600000,644.000000,0.000000,85.598608,356.643971,ok,
8529b1b10879,"{""case_control_ratio"":0.2,""h2"":0.05,""m"":5,""maf_fixed"":0.3,""maf_type"":""fixed"",""n_blocks"":50,""n_samples"":500,""p"":1000,""rho"":0.2,""signal_ratio"":1.0}",bworf_weighted,100,2,500,1000,5,0.050000,0.200000,1.000000,fixed,0.200000,1000,10,0.553120,0.884790,0.842520,0.488000,0.197226,543.100000,531.500000,0.100000,81.168716,364.349896,ok,
8529b1b10879,"{""case_control_ratio"":0.2,""h2"":0.05,""m"":5,""maf_fixed"":0.3,""maf_type"":""fixed"",""n_blocks"":50,""n_samples"":500,""p"":1000,""rho"":0.2,""signal_ratio"":1.0}",rf,90,2,500,1000,5,0.050000,0.200000,1.000000,fixed,0.200000,1000,10,0.464000,0.829014,0.909091,0.500000,0.142867,519.500000,521.500000,0.000000,0.545678,20.644306,ok,
8529b1b10879,"{""case_control_ratio"":0.2,""h2"":0.05,""m"":5,""maf_fixed"":0.3,""maf_type"":""fixed"",""n_blocks"":50,""n_samples"":500,""p"":1000,""rho"":0.2,""signal_ratio"":1.0}",orf,90,2,500,1000,5,0.050000,0.200000,1.000000,fixed,0.200000,1000,10,0.436960,0.783357,0.909091,0.500000,0.143567,397.900000,312.500000,0.000000,1.602075,39.376430,ok,
8529b1b10879,"{""case_control_ratio"":0.2,""h2"":0.05,""m"":5,""maf_fixed"":0.3,""maf_type"":""fixed"",""n_blocks"":50,""n_samples"":500,""p"":1000,""rho"":0.2,""signal_ratio"":1.0}",bworf_uniform,90,2,500,1000,5,0.050000,0.200000,1.000000,fixed,0.200000,1000,10,0.539840,0.856495,0.901099,0.492000,0.154333,567.600000,631.000000,0.000000,84.856815,361.605154,ok,
8529b1b10879,"{""case_control_ratio"":0.2,""h2"":0.05,""m"":5,""maf_fixed"":0.3,""maf_type"":""fixed"",""n_blocks"":50,""n_samples"":500,""p"":1000,""rho"":0.2,""signal_ratio"":1.0}",bworf_weighted,90,2,500,1000,5,0.050000,0.200000,1.000000,fixed,0.200000,1000,10,0.513120,0.853745,0.849206,0.528000,0.198876,401.400000,384.500000,0.000000,87.827639,362.000865,ok,
6d0cd9cbaba5,"{""case_control_ratio"":0.1,""h2"":0.05,""m"":5,""maf_fixed"":0.3,""maf_type"":""fixed"",""n_blocks"":50,""n_samples"":500,""p"":1000,""rho"":0.8,""signal_ratio"":1.0}",rf,42,0,500,1000,5,0.050000,0.800000,1.000000,fixed,0.100000,1000,10,0.372111,0.896636,0.951049,0.500000,0.089704,489.500000,484.500000,0.000000,0.510017,20.015244,ok,
6d0cd9cbaba5,"{""case_control_ratio"":0.1,""h2"":0.05,""m"":5,""maf_fixed"":0.3,""maf_type"":""fixed"",""n_blocks"":50,""n_samples"":500,""p"":1000,""rho"":0.8,""signal_ratio"":1.0}",orf,42,0,500,1000,5,0.050000,0.800000,1.000000,fixed,0.100000,1000,10,0.351366,0.868343,0.951049,0.500000,0.088797,477.000000,451.000000,0.100000,1.474170,38.569328,ok,
6d0cd9cbaba5,"{""case_control_ratio"":0.1,""h2"":0.05,""m"":5,""maf_fixed"":0.3,""maf_type"":""fixed"",""n_blocks"":50,""n_samples"":500,""p"":1000,""rho"":0.8,""signal_ratio"":1.0}",bworf_uniform,42,0,500,1000,5,0.050000,0.800000,1.000000,fixed,0.100000,1000,10,0.410189,0.886171,0.951049,0.500000,0.096175,489.500000,557.500000,0.100000,85.063007,360.867884,ok,
6d0cd9cbaba5,"{""case_control_ratio"":0.1,""h2"":0.05,""m"":5,""maf_fixed"":0.3,""maf_type"":""fixed"",""n_blocks"":50,""n_samples"":500,""p"":1000,""rho"":0.8,""signal_ratio"":1.0}",bworf_weighted,42,0,500,1000,5,0.050000,0.800000,1.000000,fixed,0.100000,1000,10,0.437237,0.897613,0.888889,0.441176,0.149315,562.400000,709.000000,0.000000,73.996086,357.860869,ok,
6d0cd9cbaba5,"{""case_control_ratio"":0.1,""h2"":0.05,""m"":5,""maf_fixed"":0.3,""maf_type"":""fixed"",""n_blocks"":50,""n_samples"":500,""p"":1000,""rho"":0.8,""signal_ratio"":1.0}",rf,0,0,500,1000,5,0.050000,0.800000,1.000000,fixed,0.100000,1000,10,0.542542,0.923220,0.951049,0.500000,0.086037,540.200000,569.000000,0.000000,0.566968,19.752610,ok,
6d0cd9cbaba5,"{""case_control_ratio"":0.1,""h2"":0.05,""m"":5,""maf_fixed"":0.3,""maf_type"":""fixed"",""n_blocks"":50,""n_samples"":500,""p"":1000,""rho"":0.8,""signal_ratio"":1.0}",orf,0,0,500,1000,5,0.050000,0.800000,1.000000,fixed,0.100000,1000,10,0.590599,0.929315,0.951049,0.500000,0.084689,588.700000,725.000000,0.000000,1.285026,37.839255,ok,
6d0cd9cbaba5,"{""case_control_ratio"":0.1,""h2"":0.05,""m"":5,""maf_fixed"":0.3,""maf_type"":""fixed"",""n_blocks"":50,""n_samples"":500,""p"":1000,""rho"":0.8,""signal_ratio"":1.0}",bworf_uniform,0,0,500,1000,5,0.050000,0.800000,1.000000,fixed,0.100000,1000,10,0.611870,0.929713,0.950704,0.532038,0.089711,516.100000,505.000000,0.000000,88.422326,361.625697,ok,
6d0cd9cbaba5,"{""case_control_ratio"":0.1,""h2"":0.05,""m"":5,""maf_fixed"":0.3,""maf_type"":""fixed"",""n_blocks"":50,""n_samples"":500,""p"":1000,""rho"":0.8,""signal_ratio"":1.0}",bworf_weighted,0,0,500,1000,5,0.050000,0.800000,1.000000,fixed,0.100000,1000,10,0.626313,0.929813,0.898113,0.580357,0.143943,629.300000,689.500000,0.000000,79.118567,362.008227,ok,
6d0cd9cbaba5,"{""case_control_ratio"":0.1,""h2"":0.05,""m"":5,""maf_fixed"":0.3,""maf_type"":""fixed"",""n_blocks"":50,""n_samples"":500,""p"":1000,""rho"":0.8,""signal_ratio"":1.0}",rf,12,0,500,1000,5,0.050000,0.800000,1.000000,fixed,0.100000,1000,10,0.469013,0.912163,0.951049,0.500000,0.086524,473.200000,492.000000,0.000000,0.484725,19.850928,ok,
6d0cd9cbaba5,"{""case_control_ratio"":0.1,""h2"":0.05,""m"":5,""maf_fixed"":0.3,""maf_type"":""fixed"",""n_blocks"":50,""n_samples"":500,""p"":1000,""rho"":0.8,""signal_ratio"":1.0}",orf,12,0,500,1000,5,0.050000,0.800000,1.000000,fixed,0.100000,1000,10,0.551733,0.925491,0.951049,0.500000,0.085049,519.700000,595.500000,0.000000,1.259244,37.109393,ok,
6d0cd9cbaba5,"{""case_control_ratio"":0.1,""h2"":0.05,""m"":5,""maf_fixed"":0.3,""maf_type"":""fixed"",""n_blocks"":50,""n_samples"":500,""p"":1000,""rho"":0.8,""signal_ratio"":1.0}",bworf_uniform,12,0,500,1000,5,0.050000,0.800000,1.000000,fixed,0.100000,1000,10,0.501313,0.906826,0.947368,0.496324,0.100569,523.300000,617.500000,0.000000,87.265312,358.793478,ok,
6d0cd9cbaba5,"{""case_control_ratio"":0.1,""h2"":0.05,""m"":5,""maf_fixed"":0.3,""maf_type"":""fixed"",""n_blocks"":50,""n_samples"":500,""p"":1000,""rho"":0.8,""signal_ratio"":1.0}",bworf_weighted,12,0,500,1000,5,0.050000,0.800000,1.000000,fixed,0.100000,1000,10,0.521271,0.916355,0.864865,0.518908,0.175102,539.100000,577.000000,0.000000,78.067970,363.933404,ok,
6d0cd9cbaba5,"{""case_control_ratio"":0.1,""h2"":0.05,""m"":5,""maf_fixed"":0.3,""maf_type"":""fixed"",""n_blocks"":50,""n_samples"":500,""p"":1000,""rho"":0.8,""signal_ratio"":1.0}",rf,100,0,500,1000,5,0.050000,0.800000,1.000000,fixed,0.100000,1000,10,0.480305,0.915817,0.951049,0.500000,0.088164,536.300000,568.500000,0.100000,0.493606,19.990335,ok,
6d0cd9cbaba5,"{""case_control_ratio"":0.1,""h2"":0.05,""m"":5,""maf_fixed"":0.3,""maf_type"":""fixed"",""n_blocks"":50,""n_samples"":500,""p"":1000,""rho"":0.8,""signal_ratio"":1.0}",orf,100,0,500,1000,5,0.050000,0.800000,1.000000,fixed,0.100000,1000,10,0.462185,0.912529,0.951049,0.500000,0.087041,443.200000,353.000000,0.100000,1.221923,36.938070,ok,
6d0cd9cbaba5,"{""case_control_ratio"":0.1,""h2"":0.05,""m"":5,""maf_fixed"":0.3,""maf_type"":""fixed"",""n_blocks"":50,""n_samples"":500,""p"":1000,""rho"":0.8,""signal_ratio"":1.0}",bworf_uniform,100,0,500,1000,5,0.050000,0.800000,1.000000,fixed,0.100000,1000,10,0.502626,0.908051,0.947368,0.496324,0.095248,591.700000,654.500000,0.000000,85.993529,358.529298,ok,
6d0cd9cbaba5,"{""case_control_ratio"":0.1,""h2"":0.05,""m"":5,""maf_fixed"":0.3,""maf_type"":""fixed"",""n_blocks"":50,""n_samples"":500,""p"":1000,""rho"":0.8,""signal_ratio"":1.0}",bworf_weighted,100,0,500,1000,5,0.050000,0.800000,1.000000,fixed,0.100000,1000,10,0.481880,0.906650,0.888889,0.441176,0.145953,458.100000,502.500000,0.000000,78.764888,362.386677,ok,
6d0cd9cbaba5,"{""case_control_ratio"":0.1,""h2"":0.05,""m"":5,""maf_fixed"":0.3,""maf_type"":""fixed"",""n_blocks"":50,""n_samples"":500,""p"":1000,""rho"":0.8,""signal_ratio"":1.0}",rf,90,0,500,1000,5,0.050000,0.800000,1.000000,fixed,0.100000,1000,10,0.481092,0.906601,0.951049,0.500000,0.088069,474.600000,490.500000,0.000000,0.492670,19.151263,ok,
6d0cd9cbaba5,"{""case_control_ratio"":0.1,""h2"":0.05,""m"":5,""maf_fixed"":0.3,""maf_type"":""fixed"",""n_blocks"":50,""n_samples"":500,""p"":1000,""rho"":0.8,""signal_ratio"":1.0}",orf,90,0,500,1000,5,0.050000,0.800000,1.000000,fixed,0.100000,1000,10,0.496586,0.913234,0.951049,0.500000,0.087383,558.500000,493.000000,0.000000,1.386472,37.959789,ok,
6d0cd9cbaba5,"{""case_control_ratio"":0.1,""h2"":0.05,""m"":5,""maf_fixed"":0.3,""maf_type"":""fixed"",""n_blocks"":50,""n_samples"":500,""p"":1000,""rho"":0.8,""signal_ratio"":1.0}",bworf_uniform,90,0,500,1000,5,0.050000,0.800000,1.000000,fixed,0.100000,1000,10,0.524422,0.921080,0.947368,0.496324,0.100133,516.300000,441.000000,0.000000,87.704924,359.811552,ok,
6d0cd9cbaba5,"{""case_control_ratio"":0.1,""h2"":0.05,""m"":5,""maf_fixed"":0.3,""maf_type"":""fixed"",""n_blocks"":50,""n_samples"":500,""p"":1000,""rho"":0.8,""signal_ratio"":1.0}",bworf_weighted,90,0,500,1000,5,0.050000,0.800000,1.000000,fixed,0.100000,1000,10,0.516019,0.920751,0.896296,0.480567,0.153785,425.500000,243.500000,0.000000,76.242156,361.145455,ok,
6d0cd9cbaba5,"{""case_control_ratio"":0.1,""h2"":0.05,""m"":5,""maf_fixed"":0.3,""maf_type"":""fixed"",""n_blocks"":50,""n_samples"":500,""p"":1000,""rho"":0.8,""signal_ratio"":1.0}",rf,42,1,500,1000,5,0.050000,0.800000,1.000000,fixed,0.100000,1000,10,0.574842,0.933186,0.951049,0.500000,0.084518,585.200000,607.500000,0.000000,0.540789,20.610913,ok,
6d0cd9cbaba5,"{""case_control_ratio"":0.1,""h2"":0.05,""m"":5,""maf_fixed"":0.3,""maf_type"":""fixed"",""n_blocks"":50,""n_samples"":500,""p"":1000,""rho"":0.8,""signal_ratio"":1.0}",orf,42,1,500,1000,5,0.050000,0.800000,1.000000,fixed,0.100000,1000,10,0.609244,0.931728,0.951049,0.500000,0.083201,630.600000,700.000000,0.000000,1.257547,37.465785,ok,
6d0cd9cbaba5,"{""case_control_ratio"":0.1,""h2"":0.05,""m"":5,""maf_fixed"":0.3,""maf_type"":""fixed"",""n_blocks"":50,""n_samples"":500,""p"":1000,""rho"":0.8,""signal_ratio"":1.0}",bworf_uniform,42,1,500,1000,5,0.050000,0.800000,1.000000,fixed,0.100000,1000,10,0.639968,0.938806,0.943662,0.492647,0.089998,704.600000,850.000000,0.000000,85.223663,359.496700,ok,
6d0cd9cbaba5,"{""case_control_ratio"":0.1,""h2"":0.05,""m"":5,""maf_fixed"":0.3,""maf_type"":""fixed"",""n_blocks"":50,""n_samples"":500,""p"":1000,""rho"":0.8,""signal_ratio"":1.0}",bworf_weighted,42,1,500,1000,5,0.050000,0.800000,1.000000,fixed,0.100000,1000,10,0.606880,0.932098,0.905660,0.619748,0.142775,367.400000,338.000000,0.000000,75.325069,358.997412,ok,
6d0cd9cbaba5,"{""case_control_ratio"":0.1,""h2"":0.05,""m"":5,""maf_fixed"":0.3,""maf_type"":""fixed"",""n_blocks"":50,""n_samples"":500,""p"":1000,""rho"":0.8,""signal_ratio"":1.0}",rf,0,1,500,1000,5,0.050000,0.800000,1.000000,fixed,0.100000,1000,10,0.531513,0.920634,0.951049,0.500000,0.086423,388.100000,319.500000,0.000000,0.504252,19.891671,ok,
6d0cd9cbaba5,"{""case_control_ratio"":0.1,""h2"":0.05,""m"":5,""maf_fixed"":0.3,""maf_type"":""fixed"",""n_blocks"":50,""n_samples"":500,""p"":1000,""rho"":0.8,""signal_ratio"":1.0}",orf,0,1,500,1000,5,0.050000,0.800000,1.000000,fixed,0.100000,1000,10,0.566176,0.930659,0.951049,0.500000,0.084961,432.100000,422.500000,0.000000,1.352520,39.037685,ok,
6d0cd9cbaba5,"{""case_control_ratio"":0.1,""h2"":0.05,""m"":5,""maf_fixed"":0.3,""maf_type"":""fixed"",""n_blocks"":50,""n_samples"":500,""p"":1000,""rho"":0.8,""signal_ratio"":1.0}",bworf_uniform,0,1,500,1000,5,0.050000,0.800000,1.000000,fixed,0.100000,1000,10,0.559874,0.922509,0.936170,0.485294,0.100639,520.200000,514.000000,0.000000,92.426754,362.976411,ok,
6d0cd9cbaba5,"{""case_control_ratio"":0.1,""h2"":0.05,""m"":5,""maf_fixed"":0.3,""maf_type"":""fixed"",""n_blocks"":50,""n_samples"":500,""p"":1000,""rho"":0.8,""signal_ratio"":1.0}",bworf_weighted,0,1,500,1000,5,0.050000,0.800000,1.000000,fixed,0.100000,1000,10,0.550683,0.917605,0.899628,0.516282,0.139823,216.500000,163.000000,0.000000,72.601607,366.031016,ok,
6d0cd9cbaba5,"{""case_control_ratio"":0.1,""h2"":0.05,""m"":5,""maf_fixed"":0.3,""maf_type"":""fixed"",""n_blocks"":50,""n_samples"":500,""p"":1000,""rho"":0.8,""signal_ratio"":1.0}",rf,12,1,500,1000,5,0.050000,0.800000,1.000000,fixed,0.100000,1000,10,0.537027,0.919730,0.951049,0.500000,0.085274,375.000000,490.500000,0.100000,0.491214,19.916518,ok,
6d0cd9cbaba5,"{""case_control_ratio"":0.1,""h2"":0.05,""m"":5,""maf_fixed"":0.3,""maf_type"":""fixed"",""n_blocks"":50,""n_samples"":500,""p"":1000,""rho"":0.8,""signal_ratio"":1.0}",orf,12,1,500,1000,5,0.050000,0.800000,1.000000,fixed,0.100000,1000,10,0.526786,0.924934,0.951049,0.500000,0.084841,483.500000,586.000000,0.100000,1.240365,37.526406,ok,
6d0cd9cbaba5,"{""case_control_ratio"":0.1,""h2"":0.05,""m"":5,""maf_fixed"":0.3,""maf_type"":""fixed"",""n_blocks"":50,""n_samples"":500,""p"":1000,""rho"":0.8,""signal_ratio"":1.0}",bworf_uniform,12,1,500,1000,5,0.050000,0.800000,1.000000,fixed,0.100000,1000,10,0.535189,0.913945,0.950704,0.532038,0.090158,212.700000,153.500000,0.100000,84.723683,357.975343,ok,
6d0cd9cbaba5,"{""case_control_ratio"":0.1,""h2"":0.05,""m"":5,""maf_fixed"":0.3,""maf_type"":""fixed"",""n_blocks"":50,""n_samples"":500,""p"":1000,""rho"":0.8,""signal_ratio"":1.0}",bworf_weighted,12,1,500,1000,5,0.050000,0.800000,1.000000,fixed,0.100000,1000,10,0.532038,0.916699,0.907749,0.523634,0.136115,565.200000,645.500000,0.000000,76.767887,362.125196,ok,
6d0cd9cbaba5,"{""case_control_ratio"":0.1,""h2"":0.05,""m"":5,""maf_fixed"":0.3,""maf_type"":""fixed"",""n_blocks"":50,""n_samples"":500,""p"":1000,""rho"":0.8,""signal_ratio"":1.0}",rf,100,1,500,1000,5,0.050000,0.800000,1.000000,fixed,0.100000,1000,10,0.476891,0.917637,0.951049,0.500000,0.088639,535.700000,500.500000,0.000000,0.499761,19.497398,ok,
6d0cd9cbaba5,"{""case_control_ratio"":0.1,""h2"":0.05,""m"":5,""maf_fixed"":0.3,""maf_type"":""fixed"",""n_blocks"":50,""n_samples"":500,""p"":1000,""rho"":0.8,""signal_ratio"":1.0}",orf,100,1,500,1000,5,0.050000,0.800000,1.000000,fixed,0.100000,1000,10,0.521796,0.927793,0.951049,0.500000,0.086328,446.500000,350.500000,0.100000,1.244663,37.227166,ok,
6d0cd9cbaba5,"{""case_control_ratio"":0.1,""h2"":0.05,""m"":5,""maf_fixed"":0.3,""maf_type"":""fixed"",""n_blocks"":50,""n_samples"":500,""p"":1000,""rho"":0.8,""signal_ratio"":1.0}",bworf_uniform,100,1,500,1000,5,0.050000,0.800000,1.000000,fixed,0.100000,1000,10,0.568015,0.926886,0.939929,0.488971,0.096300,503.800000,576.500000,0.000000,83.933021,365.559598,ok,
6d0cd9cbaba5,"{""case_control_ratio"":0.1,""h2"":0.05,""m"":5,""maf_fixed"":0.3,""maf_type"":""fixed"",""n_blocks"":50,""n_samples"":500,""p"":1000,""rho"":0.8,""signal_ratio"":1.0}",bworf_weighted,100,1,500,1000,5,0.050000,0.800000,1.000000,fixed,0.100000,1000,10,0.550158,0.926145,0.902985,0.551996,0.141436,346.300000,293.500000,0.100000,72.346642,358.434062,ok,
6d0cd9cbaba5,"{""case_control_ratio"":0.1,""h2"":0.05,""m"":5,""maf_fixed"":0.3,""maf_type"":""fixed"",""n_blocks"":50,""n_samples"":500,""p"":1000,""rho"":0.8,""signal_ratio"":1.0}",rf,90,1,500,1000,5,0.050000,0.800000,1.000000,fixed,0.100000,1000,10,0.704307,0.961002,0.951049,0.500000,0.081901,446.800000,428.500000,0.000000,0.506031,19.736048,ok,
6d0cd9cbaba5,"{""case_control_ratio"":0.1,""h2"":0.05,""m"":5,""maf_fixed"":0.3,""maf_type"":""fixed"",""n_blocks"":50,""n_samples"":500,""p"":1000,""rho"":0.8,""signal_ratio"":1.0}",orf,90,1,500,1000,5,0.050000,0.800000,1.000000,fixed,0.100000,1000,10,0.642332,0.939017,0.951049,0.500000,0.082461,508.700000,541.000000,0.000000,1.322063,37.167970,ok,
6d0cd9cbaba5,"{""case_control_ratio"":0.1,""h2"":0.05,""m"":5,""maf_fixed"":0.3,""maf_type"":""fixed"",""n_blocks"":50,""n_samples"":500,""p"":1000,""rho"":0.8,""signal_ratio"":1.0}",bworf_uniform,90,1,500,1000,5,0.050000,0.800000,1.000000,fixed,0.100000,1000,10,0.634979,0.929205,0.947368,0.496324,0.088401,402.000000,440.000000,0.000000,86.324823,361.727722,ok,
6d0cd9cbaba5,"{""case_control_ratio"":0.1,""h2"":0.05,""m"":5,""maf_fixed"":0.3,""maf_type"":""fixed"",""n_blocks"":50,""n_samples"":500,""p"":1000,""rho"":0.8,""signal_ratio"":1.0}",bworf_weighted,90,1,500,1000,5,0.050000,0.800000,1.000000,fixed,0.100000,1000,10,0.613445,0.924662,0.919118,0.566702,0.117634,493.100000,431.000000,0.000000,73.661130,361.952555,ok,
6d0cd9cbaba5,"{""case_control_ratio"":0.1,""h2"":0.05,""m"":5,""maf_fixed"":0.3,""maf_type"":""fixed"",""n_blocks"":50,""n_samples"":500,""p"":1000,""rho"":0.8,""signal_ratio"":1.0}",rf,42,2,500,1000,5,0.050000,0.800000,1.000000,fixed,0.100000,1000,10,0.431985,0.899436,0.951049,0.500000,0.088988,506.900000,510.500000,0.000000,0.498764,19.762497,ok,
6d0cd9cbaba5,"{""case_control_ratio"":0.1,""h2"":0.05,""m"":5,""maf_fixed"":0.3,""maf_type"":""fixed"",""n_blocks"":50,""n_samples"":500,""p"":1000,""rho"":0.8,""signal_ratio"":1.0}",orf,42,2,500,1000,5,0.050000,0.800000,1.000000,fixed,0.100000,1000,10,0.451681,0.913033,0.951049,0.500000,0.087661,524.200000,486.000000,0.000000,1.234997,37.126417,ok,
6d0cd9cbaba5,"{""case_control_ratio"":0.1,""h2"":0.05,""m"":5,""maf_fixed"":0.3,""maf_type"":""fixed"",""n_blocks"":50,""n_samples"":500,""p"":1000,""rho"":0.8,""signal_ratio"":1.0}",bworf_uniform,42,2,500,1000,5,0.050000,0.800000,1.000000,fixed,0.100000,1000,10,0.479779,0.899455,0.943662,0.492647,0.100612,484.900000,471.500000,0.100000,85.381069,410.475766,ok,
6d0cd9cbaba5,"{""case_control_ratio"":0.1,""h2"":0.05,""m"":5,""maf_fixed"":0.3,""maf_type"":""fixed"",""n_blocks"":50,""n_samples"":500,""p"":1000,""rho"":0.8,""signal_ratio"":1.0}",bworf_weighted,42,2,500,1000,5,0.050000,0.800000,1.000000,fixed,0.100000,1000,10,0.466387,0.903980,0.853846,0.443803,0.189197,425.200000,404.000000,0.100000,74.549607,402.266241,ok,
6d0cd9cbaba5,"{""case_control_ratio"":0.1,""h2"":0.05,""m"":5,""maf_fixed"":0.3,""maf_type"":""fixed"",""n_blocks"":50,""n_samples"":500,""p"":1000,""rho"":0.8,""signal_ratio"":1.0}",rf,0,2,500,1000,5,0.050000,0.800000,1.000000,fixed,0.100000,1000,10,0.622111,0.943440,0.951049,0.500000,0.084867,276.000000,208.500000,0.100000,0.525671,20.181734,ok,
6d0cd9cbaba5,"{""case_control_ratio"":0.1,""h2"":0.05,""m"":5,""maf_fixed"":0.3,""maf_type"":""fixed"",""n_blocks"":50,""n_samples"":500,""p"":1000,""rho"":0.8,""signal_ratio"":1.0}",orf,0,2,500,1000,5,0.050000,0.800000,1.000000,fixed,0.100000,1000,10,0.562237,0.938344,0.951049,0.500000,0.085140,645.400000,725.000000,0.000000,1.448146,39.475945,ok,
6d0cd9cbaba5,"{""case_control_ratio"":0.1,""h2"":0.05,""m"":5,""maf_fixed"":0.3,""maf_type"":""fixed"",""n_blocks"":50,""n_samples"":500,""p"":1000,""rho"":0.8,""signal_ratio"":1.0}",bworf_uniform,0,2,500,1000,5,0.050000,0.800000,1.000000,fixed,0.100000,1000,10,0.661239,0.950639,0.954386,0.535714,0.082674,570.600000,743.000000,0.000000,87.988047,407.096101,ok,
6d0cd9cbaba5,"{""case_control_ratio"":0.1,""h2"":0.05,""m"":5,""maf_fixed"":0.3,""maf_type"":""fixed"",""n_blocks"":50,""n_samples"":500,""p"":1000,""rho"":0.8,""signal_ratio"":1.0}",bworf_weighted,0,2,500,1000,5,0.050000,0.800000,1.000000,fixed,0.100000,1000,10,0.677521,0.954486,0.885496,0.569328,0.135268,638.800000,687.000000,0.000000,77.819661,403.695592,ok,
6d0cd9cbaba5,"{""case_control_ratio"":0.1,""h2"":0.05,""m"":5,""maf_fixed"":0.3,""maf_type"":""fixed"",""n_blocks"":50,""n_samples"":500,""p"":1000,""rho"":0.8,""signal_ratio"":1.0}",rf,12,2,500,1000,5,0.050000,0.800000,1.000000,fixed,0.100000,1000,10,0.469538,0.909376,0.951049,0.500000,0.087283,647.200000,751.500000,0.000000,0.506119,19.763186,ok,
6d0cd9cbaba5,"{""case_control_ratio"":0.1,""h2"":0.05,""m"":5,""maf_fixed"":0.3,""maf_type"":""fixed"",""n_blocks"":50,""n_samples"":500,""p"":1000,""rho"":0.8,""signal_ratio"":1.0}",orf,12,2,500,1000,5,0.050000,0.800000,1.000000,fixed,0.100000,1000,10,0.480042,0.905585,0.951049,0.500000,0.086894,602.000000,673.000000,0.000000,1.265799,37.446732,ok,
6d0cd9cbaba5,"{""case_control_ratio"":0.1,""h2"":0.05,""m"":5,""maf_fixed"":0.3,""maf_type"":""fixed"",""n_blocks"":50,""n_samples"":500,""p"":1000,""rho"":0.8,""signal_ratio"":1.0}",bworf_uniform,12,2,500,1000,5,0.050000,0.800000,1.000000,fixed,0.100000,1000,10,0.492647,0.901325,0.947368,0.496324,0.090988,565.500000,553.500000,0.000000,87.138424,405.959472,ok,
6d0cd9cbaba5,"{""case_control_ratio"":0.1,""h2"":0.05,""m"":5,""maf_fixed"":0.3,""maf_type"":""fixed"",""n_blocks"":50,""n_samples"":500,""p"":1000,""rho"":0.8,""signal_ratio"":1.0}",bworf_weighted,12,2,500,1000,5,0.050000,0.800000,1.000000,fixed,0.100000,1000,10,0.532826,0.913485,0.872587,0.558298,0.157568,286.300000,254.000000,0.000000,74.030259,398.952277,ok,
6d0cd9cbaba5,"{""case_control_ratio"":0.1,""h2"":0.05,""m"":5,""maf_fixed"":0.3,""maf_type"":""fixed"",""n_blocks"":50,""n_samples"":500,""p"":1000,""rho"":0.8,""signal_ratio"":1.0}",rf,100,2,500,1000,5,0.050000,0.800000,1.000000,fixed,0.100000,1000,10,0.457721,0.909409,0.951049,0.500000,0.088275,457.600000,353.500000,0.000000,0.508425,19.556300,ok,
6d0cd9cbaba5,"{""case_control_ratio"":0.1,""h2"":0.05,""m"":5,""maf_fixed"":0.3,""maf_type"":""fixed"",""n_blocks"":50,""n_samples"":500,""p"":1000,""rho"":0.8,""signal_ratio"":1.0}",orf,100,2,500,1000,5,0.050000,0.800000,1.000000,fixed,0.100000,1000,10,0.509454,0.920554,0.951049,0.500000,0.086160,537.700000,542.000000,0.000000,1.262298,37.509363,ok,
6d0cd9cbaba5,"{""case_control_ratio"":0.1,""h2"":0.05,""m"":5,""maf_fixed"":0.3,""maf_type"":""fixed"",""n_blocks"":50,""n_samples"":500,""p"":1000,""rho"":0.8,""signal_ratio"":1.0}",bworf_uniform,100,2,500,1000,5,0.050000,0.800000,1.000000,fixed,0.100000,1000,10,0.585872,0.924889,0.951049,0.500000,0.088515,379.700000,342.500000,0.100000,85.047323,399.959839,ok,
6d0cd9cbaba5,"{""case_control_ratio"":0.1,""h2"":0.05,""m"":5,""maf_fixed"":0.3,""maf_type"":""fixed"",""n_blocks"":50,""n_samples"":500,""p"":1000,""rho"":0.8,""signal_ratio"":1.0}",bworf_weighted,100,2,500,1000,5,0.050000,0.800000,1.000000,fixed,0.100000,1000,10,0.514968,0.907050,0.895522,0.512605,0.138935,544.900000,557.000000,0.000000,74.889617,405.105905,ok,
6d0cd9cbaba5,"{""case_control_ratio"":0.1,""h2"":0.05,""m"":5,""maf_fixed"":0.3,""maf_type"":""fixed"",""n_blocks"":50,""n_samples"":500,""p"":1000,""rho"":0.8,""signal_ratio"":1.0}",rf,90,2,500,1000,5,0.050000,0.800000,1.000000,fixed,0.100000,1000,10,0.655987,0.950406,0.951049,0.500000,0.083714,670.300000,800.000000,0.100000,0.601056,25.087732,ok,
6d0cd9cbaba5,"{""case_control_ratio"":0.1,""h2"":0.05,""m"":5,""maf_fixed"":0.3,""maf_type"":""fixed"",""n_blocks"":50,""n_samples"":500,""p"":1000,""rho"":0.8,""signal_ratio"":1.0}",orf,90,2,500,1000,5,0.050000,0.800000,1.000000,fixed,0.100000,1000,10,0.685662,0.959784,0.951049,0.500000,0.082889,588.000000,553.500000,0.000000,1.542094,43.967440,ok,
6d0cd9cbaba5,"{""case_control_ratio"":0.1,""h2"":0.05,""m"":5,""maf_fixed"":0.3,""maf_type"":""fixed"",""n_blocks"":50,""n_samples"":500,""p"":1000,""rho"":0.8,""signal_ratio"":1.0}",bworf_uniform,90,2,500,1000,5,0.050000,0.800000,1.000000,fixed,0.100000,1000,10,0.601366,0.933451,0.951049,0.500000,0.091712,387.900000,463.500000,0.100000,96.624432,390.844655,ok,
6d0cd9cbaba5,"{""case_control_ratio"":0.1,""h2"":0.05,""m"":5,""maf_fixed"":0.3,""maf_type"":""fixed"",""n_blocks"":50,""n_samples"":500,""p"":1000,""rho"":0.8,""signal_ratio"":1.0}",bworf_weighted,90,2,500,1000,5,0.050000,0.800000,1.000000,fixed,0.100000,1000,10,0.588498,0.933240,0.908425,0.491597,0.124616,257.800000,213.500000,0.000000,88.287450,392.598850,ok,
f842f6ef6b75,"{""case_control_ratio"":0.2,""h2"":0.05,""m"":5,""maf_fixed"":0.3,""maf_type"":""fixed"",""n_blocks"":50,""n_samples"":500,""p"":1000,""rho"":0.8,""signal_ratio"":1.0}",rf,42,0,500,1000,5,0.050000,0.800000,1.000000,fixed,0.200000,1000,10,0.557440,0.871624,0.909091,0.500000,0.139462,465.500000,353.500000,0.000000,0.641981,26.268776,ok,
f842f6ef6b75,"{""case_control_ratio"":0.2,""h2"":0.05,""m"":5,""maf_fixed"":0.3,""maf_type"":""fixed"",""n_blocks"":50,""n_samples"":500,""p"":1000,""rho"":0.8,""signal_ratio"":1.0}",orf,42,0,500,1000,5,0.050000,0.800000,1.000000,fixed,0.200000,1000,10,0.532640,0.855015,0.909091,0.500000,0.140463,403.400000,268.500000,0.000000,1.951033,46.257942,ok,
f842f6ef6b75,"{""case_control_ratio"":0.2,""h2"":0.05,""m"":5,""maf_fixed"":0.3,""maf_type"":""fixed"",""n_blocks"":50,""n_samples"":500,""p"":1000,""rho"":0.8,""signal_ratio"":1.0}",bworf_uniform,42,0,500,1000,5,0.050000,0.800000,1.000000,fixed,0.200000,1000,10,0.470240,0.835927,0.880597,0.472000,0.180494,513.200000,576.500000,0.000000,105.713491,393.820458,ok,
f842f6ef6b75,"{""case_control_ratio"":0.2,""h2"":0.05,""m"":5,""maf_fixed"":0.3,""maf_type"":""fixed"",""n_blocks"":50,""n_samples"":500,""p"":1000,""rho"":0.8,""signal_ratio"":1.0}",bworf_weighted,42,0,500,1000,5,0.050000,0.800000,1.000000,fixed,0.200000,1000,10,0.481280,0.844824,0.791667,0.480000,0.240103,573.700000,577.000000,0.000000,100.566760,396.001307,ok,
f842f6ef6b75,"{""case_control_ratio"":0.2,""h2"":0.05,""m"":5,""maf_fixed"":0.3,""maf_type"":""fixed"",""n_blocks"":50,""n_samples"":500,""p"":1000,""rho"":0.8,""signal_ratio"":1.0}",rf,0,0,500,1000,5,0.050000,0.800000,1.000000,fixed,0.200000,1000,10,0.426400,0.820403,0.909091,0.500000,0.147302,595.300000,660.500000,0.000000,0.720953,24.272248,ok,
f842f6ef6b75,"{""case_control_ratio"":0.2,""h2"":0.05,""m"":5,""maf_fixed"":0.3,""maf_type"":""fixed"",""n_blocks"":50,""n_samples"":500,""p"":1000,""rho"":0.8,""signal_ratio"":1.0}",orf,0,0,500,1000,5,0.050000,0.800000,1.000000,fixed,0.200000,1000,10,0.496480,0.853420,0.909091,0.500000,0.141462,546.600000,724.500000,0.000000,2.143272,47.082040,ok,
f842f6ef6b75,"{""case_control_ratio"":0.2,""h2"":0.05,""m"":5,""maf_fixed"":0.3,""maf_type"":""fixed"",""n_blocks"":50,""n_samples"":500,""p"":1000,""rho"":0.8,""signal_ratio"":1.0}",bworf_uniform,0,0,500,1000,5,0.050000,0.800000,1.000000,fixed,0.200000,1000,10,0.442720,0.819152,0.872180,0.464000,0.184139,321.600000,174.500000,0.100000,105.604423,391.530819,ok,
f842f6ef6b75,"{""case_control_ratio"":0.2,""h2"":0.05,""m"":5,""maf_fixed"":0.3,""maf_type"":""fixed"",""n_blocks"":50,""n_samples"":500,""p"":1000,""rho"":0.8,""signal_ratio"":1.0}",bworf_weighted,0,0,500,1000,5,0.050000,0.800000,1.000000,fixed,0.200000,1000,10,0.448960,0.815432,0.764706,0.424000,0.266470,505.300000,648.500000,0.100000,102.803071,390.747400,ok,
f842f6ef6b75,"{""case_control_ratio"":0.2,""h2"":0.05,""m"":5,""maf_fixed"":0.3,""maf_type"":""fixed"",""n_blocks"":50,""n_samples"":500,""p"":1000,""rho"":0.8,""signal_ratio"":1.0}",rf,12,0,500,1000,5,0.050000,0.800000,1.000000,fixed,0.200000,1000,10,0.595040,0.888024,0.909091,0.500000,0.137618,378.100000,340.500000,0.000000,0.737420,25.368131,ok,
f842f6ef6b75,"{""case_control_ratio"":0.2,""h2"":0.05,""m"":5,""maf_fixed"":0.3,""maf_type"":""fixed"",""n_blocks"":50,""n_samples"":500,""p"":1000,""rho"":0.8,""signal_ratio"":1.0}",orf,12,0,500,1000,5,0.050000,0.800000,1.000000,fixed,0.200000,1000,10,0.623520,0.894581,0.909091,0.500000,0.136627,587.500000,520.000000,0.000000,2.085039,44.636075,ok,
f842f6ef6b75,"{""case_control_ratio"":0.2,""h2"":0.05,""m"":5,""maf_fixed"":0.3,""maf_type"":""fixed"",""n_blocks"":50,""n_samples"":500,""p"":1000,""rho"":0.8,""signal_ratio"":1.0}",bworf_uniform,12,0,500,1000,5,0.050000,0.800000,1.000000,fixed,0.200000,1000,10,0.594560,0.889428,0.900369,0.508000,0.148991,514.400000,651.500000,0.100000,136.659832,410.831836,ok,
f842f6ef6b75,"{""case_control_ratio"":0.2,""h2"":0.05,""m"":5,""maf_fixed"":0.3,""maf_type"":""fixed"",""n_blocks"":50,""n_samples"":500,""p"":1000,""rho"":0.8,""signal_ratio"":1.0}",bworf_weighted,12,0,500,1000,5,0.050000,0.800000,1.000000,fixed,0.200000,1000,10,0.585920,0.890291,0.819672,0.520000,0.197984,363.700000,281.500000,0.100000,104.573825,393.819882,ok,
f842f6ef6b75,"{""case_control_ratio"":0.2,""h2"":0.05,""m"":5,""maf_fixed"":0.3,""maf_type"":""fixed"",""n_blocks"":50,""n_samples"":500,""p"":1000,""rho"":0.8,""signal_ratio"":1.0}",rf,100,0,500,1000,5,0.050000,0.800000,1.000000,fixed,0.200000,1000,10,0.483200,0.842625,0.909091,0.500000,0.143564,397.600000,288.500000,0.000000,0.591016,24.800167,ok,
f842f6ef6b75,"{""case_control_ratio"":0.2,""h2"":0.05,""m"":5,""maf_fixed"":0.3,""maf_type"":""fixed"",""n_blocks"":50,""n_samples"":500,""p"":1000,""rho"":0.8,""signal_ratio"":1.0}",orf,100,0,500,1000,5,0.050000,0.800000,1.000000,fixed,0.200000,1000,10,0.560960,0.842742,0.909091,0.500000,0.138934,602.100000,565.500000,0.000000,1.751493,45.776558,ok,
f842f6ef6b75,"{""case_control_ratio"":0.2,""h2"":0.05,""m"":5,""maf_fixed"":0.3,""maf_type"":""fixed"",""n_blocks"":50,""n_samples"":500,""p"":1000,""rho"":0.8,""signal_ratio"":1.0}",bworf_uniform,100,0,500,1000,5,0.050000,0.800000,1.000000,fixed,0.200000,1000,10,0.532800,0.853331,0.895522,0.520000,0.158333,484.900000,588.000000,0.100000,106.883195,391.883107,ok,
f842f6ef6b75,"{""case_control_ratio"":0.2,""h2"":0.05,""m"":5,""maf_fixed"":0.3,""maf_type"":""fixed"",""n_blocks"":50,""n_samples"":500,""p"":1000,""rho"":0.8,""signal_ratio"":1.0}",bworf_weighted,100,0,500,1000,5,0.050000,0.800000,1.000000,fixed,0.200000,1000,10,0.531680,0.854416,0.786325,0.528000,0.223212,551.700000,650.500000,0.100000,102.624091,398.811706,ok,
f842f6ef6b75,"{""case_control_ratio"":0.2,""h2"":0.05,""m"":5,""maf_fixed"":0.3,""maf_type"":""fixed"",""n_blocks"":50,""n_samples"":500,""p"":1000,""rho"":0.8,""signal_ratio"":1.0}",rf,90,0,500,1000,5,0.050000,0.800000,1.000000,fixed,0.200000,1000,10,0.504800,0.833497,0.909091,0.500000,0.142337,609.700000,694.500000,0.000000,0.591225,24.178982,ok,
f842f6ef6b75,"{""case_control_ratio"":0.2,""h2"":0.05,""m"":5,""maf_fixed"":0.3,""maf_type"":""fixed"",""n_blocks"":50,""n_samples"":500,""p"":1000,""rho"":0.8,""signal_ratio"":1.0}",orf,90,0,500,1000,5,0.050000,0.800000,1.000000,fixed,0.200000,1000,10,0.550560,0.862899,0.909091,0.500000,0.138520,594.600000,673.500000,0.100000,1.779344,45.976965,ok,
f842f6ef6b75,"{""case_control_ratio"":0.2,""h2"":0.05,""m"":5,""maf_fixed"":0.3,""maf_type"":""fixed"",""n_blocks"":50,""n_samples"":500,""p"":1000,""rho"":0.8,""signal_ratio"":1.0}",bworf_uniform,90,0,500,1000,5,0.050000,0.800000,1.000000,fixed,0.200000,1000,10,0.571360,0.861267,0.898876,0.540000,0.150623,541.800000,644.000000,0.000000,107.157446,399.319997,ok,
f842f6ef6b75,"{""case_control_ratio"":0.2,""h2"":0.05,""m"":5,""maf_fixed"":0.3,""maf_type"":""fixed"",""n_blocks"":50,""n_samples"":500,""p"":1000,""rho"":0.8,""signal_ratio"":1.0}",bworf_weighted,90,0,500,1000,5,0.050000,0.800000,1.000000,fixed,0.200000,1000,10,0.575840,0.863726,0.773913,0.536000,0.225776,546.800000,646.500000,0.100000,105.382898,392.628539,ok,
f842f6ef6b75,"{""case_control_ratio"":0.2,""h2"":0.05,""m"":5,""maf_fixed"":0.3,""maf_type"":""fixed"",""n_blocks"":50,""n_samples"":500,""p"":1000,""rho"":0.8,""signal_ratio"":1.0}",rf,42,1,500,1000,5,0.050000,0.800000,1.000000,fixed,0.200000,1000,10,0.508160,0.862421,0.909091,0.500000,0.141038,487.000000,435.500000,0.000000,0.680362,25.743778,ok,
f842f6ef6b75,"{""case_control_ratio"":0.2,""h2"":0.05,""m"":5,""maf_fixed"":0.3,""maf_type"":""fixed"",""n_blocks"":50,""n_samples"":500,""p"":1000,""rho"":0.8,""signal_ratio"":1.0}",orf,42,1,500,1000,5,0.050000,0.800000,1.000000,fixed,0.200000,1000,10,0.578560,0.878748,0.909091,0.500000,0.138679,291.600000,225.000000,0.000000,2.062788,51.785752,ok,
f842f6ef6b75,"{""case_control_ratio"":0.2,""h2"":0.05,""m"":5,""maf_fixed"":0.3,""maf_type"":""fixed"",""n_blocks"":50,""n_samples"":500,""p"":1000,""rho"":0.8,""signal_ratio"":1.0}",bworf_uniform,42,1,500,1000,5,0.050000,0.800000,1.000000,fixed,0.200000,1000,10,0.545760,0.863008,0.897059,0.488000,0.157609,574.200000,687.000000,0.000000,107.645544,395.910362,ok,
f842f6ef6b75,"{""case_control_ratio"":0.2,""h2"":0.05,""m"":5,""maf_fixed"":0.3,""maf_type"":""fixed"",""n_blocks"":50,""n_samples"":500,""p"":1000,""rho"":0.8,""signal_ratio"":1.0}",bworf_weighted,42,1,500,1000,5,0.050000,0.800000,1.000000,fixed,0.200000,1000,10,0.548320,0.858329,0.801688,0.540000,0.219900,485.100000,466.500000,0.000000,104.556458,390.218168,ok,
f842f6ef6b75,"{""case_control_ratio"":0.2,""h2"":0.05,""m"":5,""maf_fixed"":0.3,""maf_type"":""fixed"",""n_blocks"":50,""n_samples"":500,""p"":1000,""rho"":0.8,""signal_ratio"":1.0}",rf,0,1,500,1000,5,0.050000,0.800000,1.000000,fixed,0.200000,1000,10,0.473120,0.838548,0.909091,0.500000,0.144812,499.300000,505.000000,0.000000,0.789885,26.486870,ok,
f842f6ef6b75,"{""case_control_ratio"":0.2,""h2"":0.05,""m"":5,""maf_fixed"":0.3,""maf_type"":""fixed"",""n_blocks"":50,""n_samples"":500,""p"":1000,""rho"":0.8,""signal_ratio"":1.0}",orf,0,1,500,1000,5,0.050000,0.800000,1.000000,fixed,0.200000,1000,10,0.522720,0.843698,0.909091,0.500000,0.141211,480.300000,447.500000,0.100000,2.198209,46.460538,ok,
f842f6ef6b75,"{""case_control_ratio"":0.2,""h2"":0.05,""m"":5,""maf_fixed"":0.3,""maf_type"":""fixed"",""n_blocks"":50,""n_samples"":500,""p"":1000,""rho"":0.8,""signal_ratio"":1.0}",bworf_uniform,0,1,500,1000,5,0.050000,0.800000,1.000000,fixed,0.200000,1000,10,0.510720,0.843514,0.878788,0.504000,0.176484,378.000000,302.000000,0.000000,104.188787,398.162750,ok,
f842f6ef6b75,"{""case_control_ratio"":0.2,""h2"":0.05,""m"":5,""maf_fixed"":0.3,""maf_type"":""fixed"",""n_blocks"":50,""n_samples"":500,""p"":1000,""rho"":0.8,""signal_ratio"":1.0}",bworf_weighted,0,1,500,1000,5,0.050000,0.800000,1.000000,fixed,0.200000,1000,10,0.515840,0.846922,0.794872,0.552000,0.249605,434.100000,473.000000,0.000000,114.923243,399.246559,ok,
f842f6ef6b75,"{""case_control_ratio"":0.2,""h2"":0.05,""m"":5,""maf_fixed"":0.3,""maf_type"":""fixed"",""n_blocks"":50,""n_samples"":500,""p"":1000,""rho"":0.8,""signal_ratio"":1.0}",rf,12,1,500,1000,5,0.050000,0.800000,1.000000,fixed,0.200000,1000,10,0.570720,0.847996,0.909091,0.500000,0.139179,713.500000,695.000000,0.000000,0.714826,25.116314,ok,
f842f6ef6b75,"{""case_control_ratio"":0.2,""h2"":0.05,""m"":5,""maf_fixed"":0.3,""maf_type"":""fixed"",""n_blocks"":50,""n_samples"":500,""p"":1000,""rho"":0.8,""signal_ratio"":1.0}",orf,12,1,500,1000,5,0.050000,0.800000,1.000000,fixed,0.200000,1000,10,0.560480,0.866761,0.909091,0.500000,0.137813,489.100000,553.000000,0.000000,1.982874,48.461225,ok,
f842f6ef6b75,"{""case_control_ratio"":0.2,""h2"":0.05,""m"":5,""maf_fixed"":0.3,""maf_type"":""fixed"",""n_blocks"":50,""n_samples"":500,""p"":1000,""rho"":0.8,""signal_ratio"":1.0}",bworf_uniform,12,1,500,1000,5,0.050000,0.800000,1.000000,fixed,0.200000,1000,10,0.537600,0.870683,0.888889,0.480000,0.165744,452.700000,424.000000,0.200000,109.200743,391.638436,ok,
f842f6ef6b75,"{""case_control_ratio"":0.2,""h2"":0.05,""m"":5,""maf_fixed"":0.3,""maf_type"":""fixed"",""n_blocks"":50,""n_samples"":500,""p"":1000,""rho"":0.8,""signal_ratio"":1.0}",bworf_weighted,12,1,500,1000,5,0.050000,0.800000,1.000000,fixed,0.200000,1000,10,0.506400,0.853947,0.786611,0.476000,0.242456,529.400000,673.000000,0.100000,108.925162,396.589025,ok,
f842f6ef6b75,"{""case_control_ratio"":0.2,""h2"":0.05,""m"":5,""maf_fixed"":0.3,""maf_type"":""fixed"",""n_blocks"":50,""n_samples"":500,""p"":1000,""rho"":0.8,""signal_ratio"":1.0}",rf,100,1,500,1000,5,0.050000,0.800000,1.000000,fixed,0.200000,1000,10,0.496320,0.847129,0.909091,0.500000,0.144087,678.900000,751.500000,0.000000,0.845767,26.284875,ok,
f842f6ef6b75,"{""case_control_ratio"":0.2,""h2"":0.05,""m"":5,""maf_fixed"":0.3,""maf_type"":""fixed"",""n_blocks"":50,""n_samples"":500,""p"":1000,""rho"":0.8,""signal_ratio"":1.0}",orf,100,1,500,1000,5,0.050000,0.800000,1.000000,fixed,0.200000,1000,10,0.503680,0.851358,0.909091,0.500000,0.142013,542.600000,458.500000,0.000000,2.032375,46.380018,ok,
f842f6ef6b75,"{""case_control_ratio"":0.2,""h2"":0.05,""m"":5,""maf_fixed"":0.3,""maf_type"":""fixed"",""n_blocks"":50,""n_samples"":500,""p"":1000,""rho"":0.8,""signal_ratio"":1.0}",bworf_uniform,100,1,500,1000,5,0.050000,0.800000,1.000000,fixed,0.200000,1000,10,0.570720,0.888516,0.895522,0.520000,0.159749,445.300000,600.000000,0.100000,105.790588,394.547590,ok,
f842f6ef6b75,"{""case_control_ratio"":0.2,""h2"":0.05,""m"":5,""maf_fixed"":0.3,""maf_type"":""fixed"",""n_blocks"":50,""n_samples"":500,""p"":1000,""rho"":0.8,""signal_ratio"":1.0}",bworf_weighted,100,1,500,1000,5,0.050000,0.800000,1.000000,fixed,0.200000,1000,10,0.565920,0.888149,0.736842,0.456000,0.236593,457.000000,376.000000,0.100000,108.616000,392.510919,ok,
f842f6ef6b75,"{""case_control_ratio"":0.2,""h2"":0.05,""m"":5,""maf_fixed"":0.3,""maf_type"":""fixed"",""n_blocks"":50,""n_samples"":500,""p"":1000,""rho"":0.8,""signal_ratio"":1.0}",rf,90,1,500,1000,5,0.050000,0.800000,1.000000,fixed,0.200000,1000,10,0.488800,0.852465,0.909091,0.500000,0.144250,336.600000,321.500000,0.000000,0.777949,24.505661,ok,
f842f6ef6b75,"{""case_control_ratio"":0.2,""h2"":0.05,""m"":5,""maf_fixed"":0.3,""maf_type"":""fixed"",""n_blocks"":50,""n_samples"":500,""p"":1000,""rho"":0.8,""signal_ratio"":1.0}",orf,90,1,500,1000,5,0.050000,0.800000,1.000000,fixed,0.200000,1000,10,0.526560,0.846793,0.909091,0.500000,0.141236,559.000000,564.000000,0.000000,1.882732,44.590872,ok,
f842f6ef6b75,"{""case_control_ratio"":0.2,""h2"":0.05,""m"":5,""maf_fixed"":0.3,""maf_type"":""fixed"",""n_blocks"":50,""n_samples"":500,""p"":1000,""rho"":0.8,""signal_ratio"":1.0}",bworf_uniform,90,1,500,1000,5,0.050000,0.800000,1.000000,fixed,0.200000,1000,10,0.591680,0.863687,0.862595,0.472000,0.169079,377.000000,401.500000,0.100000,103.282172,390.973223,ok,
f842f6ef6b75,"{""case_control_ratio"":0.2,""h2"":0.05,""m"":5,""maf_fixed"":0.3,""maf_type"":""fixed"",""n_blocks"":50,""n_samples"":500,""p"":1000,""rho"":0.8,""signal_ratio"":1.0}",bworf_weighted,90,1,500,1000,5,0.050000,0.800000,1.000000,fixed,0.200000,1000,10,0.594240,0.867111,0.801724,0.592000,0.228395,460.700000,517.000000,0.000000,99.667017,393.541471,ok,
f842f6ef6b75,"{""case_control_ratio"":0.2,""h2"":0.05,""m"":5,""maf_fixed"":0.3,""maf_type"":""fixed"",""n_blocks"":50,""n_samples"":500,""p"":1000,""rho"":0.8,""signal_ratio"":1.0}",rf,42,2,500,1000,5,0.050000,0.800000,1.000000,fixed,0.200000,1000,10,0.545760,0.863159,0.909091,0.500000,0.139700,619.400000,781.000000,0.100000,1.125011,30.514336,ok,
f842f6ef6b75,"{""case_control_ratio"":0.2,""h2"":0.05,""m"":5,""maf_fixed"":0.3,""maf_type"":""fixed"",""n_blocks"":50,""n_samples"":500,""p"":1000,""rho"":0.8,""signal_ratio"":1.0}",orf,42,2,500,1000,5,0.050000,0.800000,1.000000,fixed,0.200000,1000,10,0.593120,0.882410,0.909091,0.500000,0.136840,397.300000,347.500000,0.100000,1.878692,45.211211,ok,
f842f6ef6b75,"{""case_control_ratio"":0.2,""h2"":0.05,""m"":5,""maf_fixed"":0.3,""maf_type"":""fixed"",""n_blocks"":50,""n_samples"":500,""p"":1000,""rho"":0.8,""signal_ratio"":1.0}",bworf_uniform,42,2,500,1000,5,0.050000,0.800000,1.000000,fixed,0.200000,1000,10,0.583840,0.868988,0.883895,0.492000,0.163988,419.500000,351.000000,0.000000,103.657723,398.661481,ok,
f842f6ef6b75,"{""case_control_ratio"":0.2,""h2"":0.05,""m"":5,""maf_fixed"":0.3,""maf_type"":""fixed"",""n_blocks"":50,""n_samples"":500,""p"":1000,""rho"":0.8,""signal_ratio"":1.0}",bworf_weighted,42,2,500,1000,5,0.050000,0.800000,1.000000,fixed,0.200000,1000,10,0.582880,0.869865,0.813008,0.480000,0.212380,352.900000,190.000000,0.000000,99.166485,394.245315,ok,
f842f6ef6b75,"{""case_control_ratio"":0.2,""h2"":0.05,""m"":5,""maf_fixed"":0.3,""maf_type"":""fixed"",""n_blocks"":50,""n_samples"":500,""p"":1000,""rho"":0.8,""signal_ratio"":1.0}",rf,0,2,500,1000,5,0.050000,0.800000,1.000000,fixed,0.200000,1000,10,0.538400,0.841320,0.909091,0.500000,0.142253,505.600000,470.000000,0.000000,0.621476,24.964981,ok,
f842f6ef6b75,"{""case_control_ratio"":0.2,""h2"":0.05,""m"":5,""maf_fixed"":0.3,""maf_type"":""fixed"",""n_blocks"":50,""n_samples"":500,""p"":1000,""rho"":0.8,""signal_ratio"":1.0}",orf,0,2,500,1000,5,0.050000,0.800000,1.000000,fixed,0.200000,1000,10,0.510880,0.837189,0.909091,0.500000,0.143023,615.600000,670.000000,0.000000,1.948182,46.256152,ok,
f842f6ef6b75,"{""case_control_ratio"":0.2,""h2"":0.05,""m"":5,""maf_fixed"":0.3,""maf_type"":""fixed"",""n_blocks"":50,""n_samples"":500,""p"":1000,""rho"":0.8,""signal_ratio"":1.0}",bworf_uniform,0,2,500,1000,5,0.050000,0.800000,1.000000,fixed,0.200000,1000,10,0.501440,0.830124,0.877863,0.520000,0.177993,491.300000,449.500000,0.100000,102.828440,391.376905,ok,
f842f6ef6b75,"{""case_control_ratio"":0.2,""h2"":0.05,""m"":5,""maf_fixed"":0.3,""maf_type"":""fixed"",""n_blocks"":50,""n_samples"":500,""p"":1000,""rho"":0.8,""signal_ratio"":1.0}",bworf_weighted,0,2,500,1000,5,0.050000,0.800000,1.000000,fixed,0.200000,1000,10,0.515840,0.851497,0.821138,0.504000,0.241598,646.600000,720.500000,0.100000,98.552649,397.166249,ok,
f842f6ef6b75,"{""case_control_ratio"":0.2,""h2"":0.05,""m"":5,""maf_fixed"":0.3,""maf_type"":""fixed"",""n_blocks"":50,""n_samples"":500,""p"":1000,""rho"":0.8,""signal_ratio"":1.0}",rf,12,2,500,1000,5,0.050000,0.800000,1.000000,fixed,0.200000,1000,10,0.582720,0.848399,0.909091,0.500000,0.138746,587.100000,647.000000,0.000000,0.586843,29.230502,ok,
f842f6ef6b75,"{""case_control_ratio"":0.2,""h2"":0.05,""m"":5,""maf_fixed"":0.3,""maf_type"":""fixed"",""n_blocks"":50,""n_samples"":500,""p"":1000,""rho"":0.8,""signal_ratio"":1.0}",orf,12,2,500,1000,5,0.050000,0.800000,1.000000,fixed,0.200000,1000,10,0.563520,0.845954,0.909091,0.500000,0.138827,559.400000,600.000000,0.000000,1.788380,51.347002,ok,
f842f6ef6b75,"{""case_control_ratio"":0.2,""h2"":0.05,""m"":5,""maf_fixed"":0.3,""maf_type"":""fixed"",""n_blocks"":50,""n_samples"":500,""p"":1000,""rho"":0.8,""signal_ratio"":1.0}",bworf_uniform,12,2,500,1000,5,0.050000,0.800000,1.000000,fixed,0.200000,1000,10,0.599520,0.882368,0.894737,0.536000,0.151154,492.100000,422.500000,0.000000,117.081173,403.007898,ok,
f842f6ef6b75,"{""case_control_ratio"":0.2,""h2"":0.05,""m"":5,""maf_fixed"":0.3,""maf_type"":""fixed"",""n_blocks"":50,""n_samples"":500,""p"":1000,""rho"":0.8,""signal_ratio"":1.0}",bworf_weighted,12,2,500,1000,5,0.050000,0.800000,1.000000,fixed,0.200000,1000,10,0.612320,0.892554,0.805085,0.560000,0.218468,640.800000,687.000000,0.000000,104.097400,401.448523,ok,
f842f6ef6b75,"{""case_control_ratio"":0.2,""h2"":0.05,""m"":5,""maf_fixed"":0.3,""maf_type"":""fixed"",""n_blocks"":50,""n_samples"":500,""p"":1000,""rho"":0.8,""signal_ratio"":1.0}",rf,100,2,500,1000,5,0.050000,0.800000,1.000000,fixed,0.200000,1000,10,0.560960,0.841197,0.909091,0.500000,0.140486,491.400000,562.500000,0.100000,1.184115,26.066443,ok,
f842f6ef6b75,"{""case_control_ratio"":0.2,""h2"":0.05,""m"":5,""maf_fixed"":0.3,""maf_type"":""fixed"",""n_blocks"":50,""n_samples"":500,""p"":1000,""rho"":0.8,""signal_ratio"":1.0}",orf,100,2,500,1000,5,0.050000,0.800000,1.000000,fixed,0.200000,1000,10,0.579360,0.844013,0.909091,0.500000,0.138176,442.200000,366.000000,0.000000,2.582470,46.498550,ok,
f842f6ef6b75,"{""case_control_ratio"":0.2,""h2"":0.05,""m"":5,""maf_fixed"":0.3,""maf_type"":""fixed"",""n_blocks"":50,""n_samples"":500,""p"":1000,""rho"":0.8,""signal_ratio"":1.0}",bworf_uniform,100,2,500,1000,5,0.050000,0.800000,1.000000,fixed,0.200000,1000,10,0.575040,0.861183,0.899628,0.524000,0.151109,420.700000,388.500000,0.000000,106.411447,394.640888,ok,
f842f6ef6b75,"{""case_control_ratio"":0.2,""h2"":0.05,""m"":5,""maf_fixed"":0.3,""maf_type"":""fixed"",""n_blocks"":50,""n_samples"":500,""p"":1000,""rho"":0.8,""signal_ratio"":1.0}",bworf_weighted,100,2,500,1000,5,0.050000,0.800000,1.000000,fixed,0.200000,1000,10,0.621920,0.882602,0.836066,0.568000,0.191566,582.900000,598.000000,0.000000,103.547105,402.619787,ok,
f842f6ef6b75,"{""case_control_ratio"":0.2,""h2"":0.05,""m"":5,""maf_fixed"":0.3,""maf_type"":""fixed"",""n_blocks"":50,""n_samples"":500,""p"":1000,""rho"":0.8,""signal_ratio"":1.0}",rf,90,2,500,1000,5,0.050000,0.800000,1.000000,fixed,0.200000,1000,10,0.599360,0.887398,0.909091,0.500000,0.137505,434.300000,457.500000,0.100000,1.192153,25.524735,ok,
f842f6ef6b75,"{""case_control_ratio"":0.2,""h2"":0.05,""m"":5,""maf_fixed"":0.3,""maf_type"":""fixed"",""n_blocks"":50,""n_samples"":500,""p"":1000,""rho"":0.8,""signal_ratio"":1.0}",orf,90,2,500,1000,5,0.050000,0.800000,1.000000,fixed,0.200000,1000,10,0.493600,0.855291,0.909091,0.500000,0.141262,427.300000,419.500000,0.000000,2.244490,48.681656,ok,
f842f6ef6b75,"{""case_control_ratio"":0.2,""h2"":0.05,""m"":5,""maf_fixed"":0.3,""maf_type"":""fixed"",""n_blocks"":50,""n_samples"":500,""p"":1000,""rho"":0.8,""signal_ratio"":1.0}",bworf_uniform,90,2,500,1000,5,0.050000,0.800000,1.000000,fixed,0.200000,1000,10,0.599040,0.881607,0.906367,0.564000,0.142720,550.700000,643.000000,0.100000,133.481503,412.968373,ok,
f842f6ef6b75,"{""case_control_ratio"":0.2,""h2"":0.05,""m"":5,""maf_fixed"":0.3,""maf_type"":""fixed"",""n_blocks"":50,""n_samples"":500,""p"":1000,""rho"":0.8,""signal_ratio"":1.0}",bworf_weighted,90,2,500,1000,5,0.050000,0.800000,1.000000,fixed,0.200000,1000,10,0.600960,0.882074,0.845528,0.576000,0.183641,471.900000,476.000000,0.100000,106.160875,393.585030,ok,
e9f3bdda5c78,"{""case_control_ratio"":0.1,""h2"":0.1,""m"":5,""maf_fixed"":0.3,""maf_type"":""fixed"",""n_blocks"":50,""n_samples"":500,""p"":1000,""rho"":0.2,""signal_ratio"":1.0}",rf,42,0,500,1000,5,0.100000,0.200000,1.000000,fixed,0.100000,1000,10,0.492384,0.917571,0.951049,0.500000,0.085908,400.600000,338.500000,0.100000,0.545878,22.380943,ok,
e9f3bdda5c78,"{""case_control_ratio"":0.1,""h2"":0.1,""m"":5,""maf_fixed"":0.3,""maf_type"":""fixed"",""n_blocks"":50,""n_samples"":500,""p"":1000,""rho"":0.2,""signal_ratio"":1.0}",orf,42,0,500,1000,5,0.100000,0.200000,1.000000,fixed,0.100000,1000,10,0.376050,0.890457,0.951049,0.500000,0.086518,557.800000,666.000000,0.000000,1.437777,43.437251,ok,
e9f3bdda5c78,"{""case_control_ratio"":0.1,""h2"":0.1,""m"":5,""maf_fixed"":0.3,""maf_type"":""fixed"",""n_blocks"":50,""n_samples"":500,""p"":1000,""rho"":0.2,""signal_ratio"":1.0}",bworf_uniform,42,0,500,1000,5,0.100000,0.200000,1.000000,fixed,0.100000,1000,10,0.551733,0.913022,0.951049,0.500000,0.090020,418.600000,282.500000,0.100000,87.969460,390.683685,ok,
e9f3bdda5c78,"{""case_control_ratio"":0.1,""h2"":0.1,""m"":5,""maf_fixed"":0.3,""maf_type"":""fixed"",""n_blocks"":50,""n_samples"":500,""p"":1000,""rho"":0.2,""signal_ratio"":1.0}",bworf_weighted,42,0,500,1000,5,0.100000,0.200000,1.000000,fixed,0.100000,1000,10,0.542017,0.918329,0.912409,0.495273,0.130201,443.200000,452.500000,0.200000,94.062595,394.827327,ok,
e9f3bdda5c78,"{""case_control_ratio"":0.1,""h2"":0.1,""m"":5,""maf_fixed"":0.3,""maf_type"":""fixed"",""n_blocks"":50,""n_samples"":500,""p"":1000,""rho"":0.2,""signal_ratio"":1.0}",rf,0,0,500,1000,5,0.100000,0.200000,1.000000,fixed,0.100000,1000,10,0.425420,0.884793,0.951049,0.500000,0.087209,537.000000,557.500000,0.000000,0.560754,24.183717,ok,
e9f3bdda5c78,"{""case_control_ratio"":0.1,""h2"":0.1,""m"":5,""maf_fixed"":0.3,""maf_type"":""fixed"",""n_blocks"":50,""n_samples"":500,""p"":1000,""rho"":0.2,""signal_ratio"":1.0}",orf,0,0,500,1000,5,0.100000,0.200000,1.000000,fixed,0.100000,1000,10,0.482668,0.889889,0.951049,0.500000,0.086044,553.500000,555.000000,0.000000,1.479393,44.045537,ok,
e9f3bdda5c78,"{""case_control_ratio"":0.1,""h2"":0.1,""m"":5,""maf_fixed"":0.3,""maf_type"":""fixed"",""n_blocks"":50,""n_samples"":500,""p"":1000,""rho"":0.2,""signal_ratio"":1.0}",bworf_uniform,0,0,500,1000,5,0.100000,0.200000,1.000000,fixed,0.100000,1000,10,0.530725,0.923820,0.951049,0.500000,0.089693,527.700000,617.000000,0.100000,102.699094,398.556105,ok,
e9f3bdda5c78,"{""case_control_ratio"":0.1,""h2"":0.1,""m"":5,""maf_fixed"":0.3,""maf_type"":""fixed"",""n_blocks"":50,""n_samples"":500,""p"":1000,""rho"":0.2,""signal_ratio"":1.0}",bworf_weighted,0,0,500,1000,5,0.100000,0.200000,1.000000,fixed,0.100000,1000,10,0.580882,0.939487,0.942857,0.556723,0.104353,516.800000,511.000000,0.100000,105.624473,402.935931,ok,
e9f3bdda5c78,"{""case_control_ratio"":0.1,""h2"":0.1,""m"":5,""maf_fixed"":0.3,""maf_type"":""fixed"",""n_blocks"":50,""n_samples"":500,""p"":1000,""rho"":0.2,""signal_ratio"":1.0}",rf,12,0,500,1000,5,0.100000,0.200000,1.000000,fixed,0.100000,1000,10,0.625525,0.947196,0.951049,0.500000,0.084210,548.100000,618.000000,0.000000,0.567027,23.048544,ok,
e9f3bdda5c78,"{""case_control_ratio"":0.1,""h2"":0.1,""m"":5,""maf_fixed"":0.3,""maf_type"":""fixed"",""n_blocks"":50,""n_samples"":500,""p"":1000,""rho"":0.2,""signal_ratio"":1.0}",orf,12,0,500,1000,5,0.100000,0.200000,1.000000,fixed,0.100000,1000,10,0.591912,0.934352,0.951049,0.500000,0.084504,415.500000,375.500000,0.000000,1.522214,44.390471,ok,
e9f3bdda5c78,"{""case_control_ratio"":0.1,""h2"":0.1,""m"":5,""maf_fixed"":0.3,""maf_type"":""fixed"",""n_blocks"":50,""n_samples"":500,""p"":1000,""rho"":0.2,""signal_ratio"":1.0}",bworf_uniform,12,0,500,1000,5,0.100000,0.200000,1.000000,fixed,0.100000,1000,10,0.581145,0.925345,0.951049,0.500000,0.091664,427.800000,393.500000,0.100000,87.284753,396.610819,ok,
e9f3bdda5c78,"{""case_control_ratio"":0.1,""h2"":0.1,""m"":5,""maf_fixed"":0.3,""maf_type"":""fixed"",""n_blocks"":50,""n_samples"":500,""p"":1000,""rho"":0.2,""signal_ratio"":1.0}",bworf_weighted,12,0,500,1000,5,0.100000,0.200000,1.000000,fixed,0.100000,1000,10,0.537290,0.915386,0.920290,0.502626,0.125533,535.300000,624.500000,0.000000,81.016078,388.981680,ok,
e9f3bdda5c78,"{""case_control_ratio"":0.1,""h2"":0.1,""m"":5,""maf_fixed"":0.3,""maf_type"":""fixed"",""n_blocks"":50,""n_samples"":500,""p"":1000,""rho"":0.2,""signal_ratio"":1.0}",rf,100,0,500,1000,5,0.100000,0.200000,1.000000,fixed,0.100000,1000,10,0.534139,0.905630,0.951049,0.500000,0.085229,582.900000,656.500000,0.100000,0.553607,22.825201,ok,
e9f3bdda5c78,"{""case_control_ratio"":0.1,""h2"":0.1,""m"":5,""maf_fixed"":0.3,""maf_type"":""fixed"",""n_blocks"":50,""n_samples"":500,""p"":1000,""rho"":0.2,""signal_ratio"":1.0}",orf,100,0,500,1000,5,0.100000,0.200000,1.000000,fixed,0.100000,1000,10,0.415441,0.897460,0.951049,0.500000,0.086455,511.100000,448.000000,0.000000,1.506127,43.442821,ok,
e9f3bdda5c78,"{""case_control_ratio"":0.1,""h2"":0.1,""m"":5,""maf_fixed"":0.3,""maf_type"":""fixed"",""n_blocks"":50,""n_samples"":500,""p"":1000,""rho"":0.2,""signal_ratio"":1.0}",bworf_uniform,100,0,500,1000,5,0.100000,0.200000,1.000000,fixed,0.100000,1000,10,0.602679,0.937087,0.951049,0.500000,0.091837,446.900000,512.000000,0.200000,87.434914,395.788131,ok,
e9f3bdda5c78,"{""case_control_ratio"":0.1,""h2"":0.1,""m"":5,""maf_fixed"":0.3,""maf_type"":""fixed"",""n_blocks"":50,""n_samples"":500,""p"":1000,""rho"":0.2,""signal_ratio"":1.0}",bworf_weighted,100,0,500,1000,5,0.100000,0.200000,1.000000,fixed,0.100000,1000,10,0.638918,0.944730,0.928058,0.509979,0.118738,500.200000,548.000000,0.100000,78.544575,395.292521,ok,
e9f3bdda5c78,"{""case_control_ratio"":0.1,""h2"":0.1,""m"":5,""maf_fixed"":0.3,""maf_type"":""fixed"",""n_blocks"":50,""n_samples"":500,""p"":1000,""rho"":0.2,""signal_ratio"":1.0}",rf,90,0,500,1000,5,0.100000,0.200000,1.000000,fixed,0.100000,1000,10,0.370273,0.880997,0.951049,0.500000,0.088006,565.900000,570.000000,0.000000,0.528566,23.338155,ok,
e9f3bdda5c78,"{""case_control_ratio"":0.1,""h2"":0.1,""m"":5,""maf_fixed"":0.3,""maf_type"":""fixed"",""n_blocks"":50,""n_samples"":500,""p"":1000,""rho"":0.2,""signal_ratio"":1.0}",orf,90,0,500,1000,5,0.100000,0.200000,1.000000,fixed,0.100000,1000,10,0.534401,0.906443,0.951049,0.500000,0.085269,393.500000,261.000000,0.100000,1.351401,43.642930,ok,
e9f3bdda5c78,"{""case_control_ratio"":0.1,""h2"":0.1,""m"":5,""maf_fixed"":0.3,""maf_type"":""fixed"",""n_blocks"":50,""n_samples"":500,""p"":1000,""rho"":0.2,""signal_ratio"":1.0}",bworf_uniform,90,0,500,1000,5,0.100000,0.200000,1.000000,fixed,0.100000,1000,10,0.528099,0.915898,0.951049,0.500000,0.088648,640.200000,744.500000,0.000000,105.529338,392.338056,ok,
e9f3bdda5c78,"{""case_control_ratio"":0.1,""h2"":0.1,""m"":5,""maf_fixed"":0.3,""maf_type"":""fixed"",""n_blocks"":50,""n_samples"":500,""p"":1000,""rho"":0.2,""signal_ratio"":1.0}",bworf_weighted,90,0,500,1000,5,0.100000,0.200000,1.000000,fixed,0.100000,1000,10,0.488445,0.894620,0.923636,0.538340,0.111581,621.700000,773.500000,0.000000,80.437844,396.547472,ok,
e9f3bdda5c78,"{""case_control_ratio"":0.1,""h2"":0.1,""m"":5,""maf_fixed"":0.3,""maf_type"":""fixed"",""n_blocks"":50,""n_samples"":500,""p"":1000,""rho"":0.2,""signal_ratio"":1.0}",rf,42,1,500,1000,5,0.100000,0.200000,1.000000,fixed,0.100000,1000,10,0.466649,0.900208,0.951049,0.500000,0.086230,592.900000,584.500000,0.000000,0.529509,23.826594,ok,
e9f3bdda5c78,"{""case_control_ratio"":0.1,""h2"":0.1,""m"":5,""maf_fixed"":0.3,""maf_type"":""fixed"",""n_blocks"":50,""n_samples"":500,""p"":1000,""rho"":0.2,""signal_ratio"":1.0}",orf,42,1,500,1000,5,0.100000,0.200000,1.000000,fixed,0.100000,1000,10,0.472952,0.898496,0.951049,0.500000,0.085478,608.000000,681.000000,0.000000,1.345557,44.354591,ok,
e9f3bdda5c78,"{""case_control_ratio"":0.1,""h2"":0.1,""m"":5,""maf_fixed"":0.3,""maf_type"":""fixed"",""n_blocks"":50,""n_samples"":500,""p"":1000,""rho"":0.2,""signal_ratio"":1.0}",bworf_uniform,42,1,500,1000,5,0.100000,0.200000,1.000000,fixed,0.100000,1000,10,0.460872,0.902967,0.951049,0.500000,0.091962,592.800000,535.000000,0.000000,89.927337,398.945892,ok,
e9f3bdda5c78,"{""case_control_ratio"":0.1,""h2"":0.1,""m"":5,""maf_fixed"":0.3,""maf_type"":""fixed"",""n_blocks"":50,""n_samples"":500,""p"":1000,""rho"":0.2,""signal_ratio"":1.0}",bworf_weighted,42,1,500,1000,5,0.100000,0.200000,1.000000,fixed,0.100000,1000,10,0.459821,0.914864,0.928571,0.477941,0.118306,557.800000,576.000000,0.000000,80.929884,391.382871,ok,
e9f3bdda5c78,"{""case_control_ratio"":0.1,""h2"":0.1,""m"":5,""maf_fixed"":0.3,""maf_type"":""fixed"",""n_blocks"":50,""n_samples"":500,""p"":1000,""rho"":0.2,""signal_ratio"":1.0}",rf,0,1,500,1000,5,0.100000,0.200000,1.000000,fixed,0.100000,1000,10,0.470063,0.900020,0.951049,0.500000,0.086377,545.400000,584.500000,0.000000,0.552957,23.060255,ok,
e9f3bdda5c78,"{""case_control_ratio"":0.1,""h2"":0.1,""m"":5,""maf_fixed"":0.3,""maf_type"":""fixed"",""n_blocks"":50,""n_samples"":500,""p"":1000,""rho"":0.2,""signal_ratio"":1.0}",orf,0,1,500,1000,5,0.100000,0.200000,1.000000,fixed,0.100000,1000,10,0.448267,0.902772,0.951049,0.500000,0.086265,553.100000,699.500000,0.000000,1.773836,46.206983,ok,
e9f3bdda5c78,"{""case_control_ratio"":0.1,""h2"":0.1,""m"":5,""maf_fixed"":0.3,""maf_type"":""fixed"",""n_blocks"":50,""n_samples"":500,""p"":1000,""rho"":0.2,""signal_ratio"":1.0}",bworf_uniform,0,1,500,1000,5,0.100000,0.200000,1.000000,fixed,0.100000,1000,10,0.396271,0.878466,0.951049,0.500000,0.094260,418.000000,348.500000,0.100000,92.281833,391.940808,ok,
e9f3bdda5c78,"{""case_control_ratio"":0.1,""h2"":0.1,""m"":5,""maf_fixed"":0.3,""maf_type"":""fixed"",""n_blocks"":50,""n_samples"":500,""p"":1000,""rho"":0.2,""signal_ratio"":1.0}",bworf_weighted,0,1,500,1000,5,0.100000,0.200000,1.000000,fixed,0.100000,1000,10,0.444590,0.902404,0.901099,0.452206,0.139580,512.900000,488.500000,0.000000,82.067102,396.145119,ok,
e9f3bdda5c78,"{""case_control_ratio"":0.1,""h2"":0.1,""m"":5,""maf_fixed"":0.3,""maf_type"":""fixed"",""n_blocks"":50,""n_samples"":500,""p"":1000,""rho"":0.2,""signal_ratio"":1.0}",rf,12,1,500,1000,5,0.100000,0.200000,1.000000,fixed,0.100000,1000,10,0.463498,0.894160,0.951049,0.500000,0.086727,393.100000,238.000000,0.000000,0.826722,25.752004,ok,
e9f3bdda5c78,"{""case_control_ratio"":0.1,""h2"":0.1,""m"":5,""maf_fixed"":0.3,""maf_type"":""fixed"",""n_blocks"":50,""n_samples"":500,""p"":1000,""rho"":0.2,""signal_ratio"":1.0}",orf,12,1,500,1000,5,0.100000,0.200000,1.000000,fixed,0.100000,1000,10,0.420168,0.884396,0.951049,0.500000,0.086386,512.700000,432.000000,0.000000,1.734396,47.917194,ok,
e9f3bdda5c78,"{""case_control_ratio"":0.1,""h2"":0.1,""m"":5,""maf_fixed"":0.3,""maf_type"":""fixed"",""n_blocks"":50,""n_samples"":500,""p"":1000,""rho"":0.2,""signal_ratio"":1.0}",bworf_uniform,12,1,500,1000,5,0.100000,0.200000,1.000000,fixed,0.100000,1000,10,0.374737,0.879806,0.951049,0.500000,0.096486,536.200000,526.000000,0.000000,92.373411,392.142939,ok,
e9f3bdda5c78,"{""case_control_ratio"":0.1,""h2"":0.1,""m"":5,""maf_fixed"":0.3,""maf_type"":""fixed"",""n_blocks"":50,""n_samples"":500,""p"":1000,""rho"":0.2,""signal_ratio"":1.0}",bworf_weighted,12,1,500,1000,5,0.100000,0.200000,1.000000,fixed,0.100000,1000,10,0.389968,0.881840,0.905109,0.455882,0.137897,488.700000,457.500000,0.100000,81.437843,403.955034,ok,
e9f3bdda5c78,"{""case_control_ratio"":0.1,""h2"":0.1,""m"":5,""maf_fixed"":0.3,""maf_type"":""fixed"",""n_blocks"":50,""n_samples"":500,""p"":1000,""rho"":0.2,""signal_ratio"":1.0}",rf,100,1,500,1000,5,0.100000,0.200000,1.000000,fixed,0.100000,1000,10,0.472952,0.911104,0.951049,0.500000,0.086490,617.500000,590.500000,0.000000,0.561231,24.292424,ok,
e9f3bdda5c78,"{""case_control_ratio"":0.1,""h2"":0.1,""m"":5,""maf_fixed"":0.3,""maf_type"":""fixed"",""n_blocks"":50,""n_samples"":500,""p"":1000,""rho"":0.2,""signal_ratio"":1.0}",orf,100,1,500,1000,5,0.100000,0.200000,1.000000,fixed,0.100000,1000,10,0.500000,0.899297,0.951049,0.500000,0.085721,400.100000,337.500000,0.000000,1.413479,44.133296,ok,
e9f3bdda5c78,"{""case_control_ratio"":0.1,""h2"":0.1,""m"":5,""maf_fixed"":0.3,""maf_type"":""fixed"",""n_blocks"":50,""n_samples"":500,""p"":1000,""rho"":0.2,""signal_ratio"":1.0}",bworf_uniform,100,1,500,1000,5,0.100000,0.200000,1.000000,fixed,0.100000,1000,10,0.481618,0.900257,0.951049,0.500000,0.089305,463.700000,496.000000,0.000000,91.069369,392.240083,ok,
e9f3bdda5c78,"{""case_control_ratio"":0.1,""h2"":0.1,""m"":5,""maf_fixed"":0.3,""maf_type"":""fixed"",""n_blocks"":50,""n_samples"":500,""p"":1000,""rho"":0.2,""signal_ratio"":1.0}",bworf_weighted,100,1,500,1000,5,0.100000,0.200000,1.000000,fixed,0.100000,1000,10,0.523109,0.923107,0.919118,0.566702,0.131578,432.700000,453.000000,0.100000,82.434697,400.225352,ok,
e9f3bdda5c78,"{""case_control_ratio"":0.1,""h2"":0.1,""m"":5,""maf_fixed"":0.3,""maf_type"":""fixed"",""n_blocks"":50,""n_samples"":500,""p"":1000,""rho"":0.2,""signal_ratio"":1.0}",rf,90,1,500,1000,5,0.100000,0.200000,1.000000,fixed,0.100000,1000,10,0.501838,0.908525,0.951049,0.500000,0.086095,572.600000,610.000000,0.000000,0.540876,23.229624,ok,
e9f3bdda5c78,"{""case_control_ratio"":0.1,""h2"":0.1,""m"":5,""maf_fixed"":0.3,""maf_type"":""fixed"",""n_blocks"":50,""n_samples"":500,""p"":1000,""rho"":0.2,""signal_ratio"":1.0}",orf,90,1,500,1000,5,0.100000,0.200000,1.000000,fixed,0.100000,1000,10,0.569065,0.927225,0.951049,0.500000,0.084626,488.300000,578.000000,0.100000,1.363619,44.026436,ok,
e9f3bdda5c78,"{""case_control_ratio"":0.1,""h2"":0.1,""m"":5,""maf_fixed"":0.3,""maf_type"":""fixed"",""n_blocks"":50,""n_samples"":500,""p"":1000,""rho"":0.2,""signal_ratio"":1.0}",bworf_uniform,90,1,500,1000,5,0.100000,0.200000,1.000000,fixed,0.100000,1000,10,0.483981,0.906298,0.951049,0.500000,0.092706,530.500000,606.000000,0.000000,91.550894,402.088112,ok,
e9f3bdda5c78,"{""case_control_ratio"":0.1,""h2"":0.1,""m"":5,""maf_fixed"":0.3,""maf_type"":""fixed"",""n_blocks"":50,""n_samples"":500,""p"":1000,""rho"":0.2,""signal_ratio"":1.0}",bworf_weighted,90,1,500,1000,5,0.100000,0.200000,1.000000,fixed,0.100000,1000,10,0.519170,0.914491,0.928571,0.477941,0.115961,347.200000,305.000000,0.000000,80.278129,392.943042,ok,
e9f3bdda5c78,"{""case_control_ratio"":0.1,""h2"":0.1,""m"":5,""maf_fixed"":0.3,""maf_type"":""fixed"",""n_blocks"":50,""n_samples"":500,""p"":1000,""rho"":0.2,""signal_ratio"":1.0}",rf,42,2,500,1000,5,0.100000,0.200000,1.000000,fixed,0.100000,1000,10,0.328782,0.850293,0.951049,0.500000,0.089034,513.000000,600.500000,0.000000,0.648846,25.404778,ok,
e9f3bdda5c78,"{""case_control_ratio"":0.1,""h2"":0.1,""m"":5,""maf_fixed"":0.3,""maf_type"":""fixed"",""n_blocks"":50,""n_samples"":500,""p"":1000,""rho"":0.2,""signal_ratio"":1.0}",orf,42,2,500,1000,5,0.100000,0.200000,1.000000,fixed,0.100000,1000,10,0.476103,0.909422,0.951049,0.500000,0.086053,284.000000,152.000000,0.100000,1.547660,49.269071,ok,
e9f3bdda5c78,"{""case_control_ratio"":0.1,""h2"":0.1,""m"":5,""maf_fixed"":0.3,""maf_type"":""fixed"",""n_blocks"":50,""n_samples"":500,""p"":1000,""rho"":0.2,""signal_ratio"":1.0}",bworf_uniform,42,2,500,1000,5,0.100000,0.200000,1.000000,fixed,0.100000,1000,10,0.369748,0.884923,0.951049,0.500000,0.093610,493.400000,396.500000,0.100000,90.269560,395.283699,ok,
e9f3bdda5c78,"{""case_control_ratio"":0.1,""h2"":0.1,""m"":5,""maf_fixed"":0.3,""maf_type"":""fixed"",""n_blocks"":50,""n_samples"":500,""p"":1000,""rho"":0.2,""signal_ratio"":1.0}",bworf_weighted,42,2,500,1000,5,0.100000,0.200000,1.000000,fixed,0.100000,1000,10,0.378676,0.882749,0.928571,0.477941,0.122161,577.500000,601.500000,0.000000,94.868088,397.465458,ok,
e9f3bdda5c78,"{""case_control_ratio"":0.1,""h2"":0.1,""m"":5,""maf_fixed"":0.3,""maf_type"":""fixed"",""n_blocks"":50,""n_samples"":500,""p"":1000,""rho"":0.2,""signal_ratio"":1.0}",rf,0,2,500,1000,5,0.100000,0.200000,1.000000,fixed,0.100000,1000,10,0.470588,0.895089,0.951049,0.500000,0.086496,679.900000,698.500000,0.000000,0.564529,23.920925,ok,
e9f3bdda5c78,"{""case_control_ratio"":0.1,""h2"":0.1,""m"":5,""maf_fixed"":0.3,""maf_type"":""fixed"",""n_blocks"":50,""n_samples"":500,""p"":1000,""rho"":0.2,""signal_ratio"":1.0}",orf,0,2,500,1000,5,0.100000,0.200000,1.000000,fixed,0.100000,1000,10,0.509716,0.909265,0.951049,0.500000,0.085333,434.800000,430.500000,0.000000,1.397312,43.821476,ok,
e9f3bdda5c78,"{""case_control_ratio"":0.1,""h2"":0.1,""m"":5,""maf_fixed"":0.3,""maf_type"":""fixed"",""n_blocks"":50,""n_samples"":500,""p"":1000,""rho"":0.2,""signal_ratio"":1.0}",bworf_uniform,0,2,500,1000,5,0.100000,0.200000,1.000000,fixed,0.100000,1000,10,0.467700,0.899145,0.951049,0.500000,0.089818,581.200000,635.000000,0.000000,93.097453,389.881509,ok,
e9f3bdda5c78,"{""case_control_ratio"":0.1,""h2"":0.1,""m"":5,""maf_fixed"":0.3,""maf_type"":""fixed"",""n_blocks"":50,""n_samples"":500,""p"":1000,""rho"":0.2,""signal_ratio"":1.0}",bworf_weighted,0,2,500,1000,5,0.100000,0.200000,1.000000,fixed,0.100000,1000,10,0.488708,0.908626,0.927536,0.542017,0.121158,737.200000,831.000000,0.000000,84.844481,396.454918,ok,
e9f3bdda5c78,"{""case_control_ratio"":0.1,""h2"":0.1,""m"":5,""maf_fixed"":0.3,""maf_type"":""fixed"",""n_blocks"":50,""n_samples"":500,""p"":1000,""rho"":0.2,""signal_ratio"":1.0}",rf,12,2,500,1000,5,0.100000,0.200000,1.000000,fixed,0.100000,1000,10,0.467437,0.902349,0.951049,0.500000,0.087351,435.600000,529.000000,0.000000,0.551864,23.631466,ok,
e9f3bdda5c78,"{""case_control_ratio"":0.1,""h2"":0.1,""m"":5,""maf_fixed"":0.3,""maf_type"":""fixed"",""n_blocks"":50,""n_samples"":500,""p"":1000,""rho"":0.2,""signal_ratio"":1.0}",orf,12,2,500,1000,5,0.100000,0.200000,1.000000,fixed,0.100000,1000,10,0.433824,0.894555,0.951049,0.500000,0.086012,315.300000,287.500000,0.000000,1.414337,44.393381,ok,
e9f3bdda5c78,"{""case_control_ratio"":0.1,""h2"":0.1,""m"":5,""maf_fixed"":0.3,""maf_type"":""fixed"",""n_blocks"":50,""n_samples"":500,""p"":1000,""rho"":0.2,""signal_ratio"":1.0}",bworf_uniform,12,2,500,1000,5,0.100000,0.200000,1.000000,fixed,0.100000,1000,10,0.472426,0.892016,0.951049,0.500000,0.088339,573.700000,513.500000,0.000000,87.107302,389.420810,ok,
e9f3bdda5c78,"{""case_control_ratio"":0.1,""h2"":0.1,""m"":5,""maf_fixed"":0.3,""maf_type"":""fixed"",""n_blocks"":50,""n_samples"":500,""p"":1000,""rho"":0.2,""signal_ratio"":1.0}",bworf_weighted,12,2,500,1000,5,0.100000,0.200000,1.000000,fixed,0.100000,1000,10,0.490021,0.898387,0.919708,0.534664,0.120340,604.800000,650.000000,0.000000,104.725746,398.229716,ok,
e9f3bdda5c78,"{""case_control_ratio"":0.1,""h2"":0.1,""m"":5,""maf_fixed"":0.3,""maf_type"":""fixed"",""n_blocks"":50,""n_samples"":500,""p"":1000,""rho"":0.2,""signal_ratio"":1.0}",rf,100,2,500,1000,5,0.100000,0.200000,1.000000,fixed,0.100000,1000,10,0.583771,0.937940,0.951049,0.500000,0.084494,481.500000,510.000000,0.000000,0.543640,23.348211,ok,
e9f3bdda5c78,"{""case_control_ratio"":0.1,""h2"":0.1,""m"":5,""maf_fixed"":0.3,""maf_type"":""fixed"",""n_blocks"":50,""n_samples"":500,""p"":1000,""rho"":0.2,""signal_ratio"":1.0}",orf,100,2,500,1000,5,0.100000,0.200000,1.000000,fixed,0.100000,1000,10,0.491859,0.909626,0.951049,0.500000,0.085254,614.600000,636.000000,0.000000,1.506594,44.232464,ok,
e9f3bdda5c78,"{""case_control_ratio"":0.1,""h2"":0.1,""m"":5,""maf_fixed"":0.3,""maf_type"":""fixed"",""n_blocks"":50,""n_samples"":500,""p"":1000,""rho"":0.2,""signal_ratio"":1.0}",bworf_uniform,100,2,500,1000,5,0.100000,0.200000,1.000000,fixed,0.100000,1000,10,0.374475,0.873193,0.951049,0.500000,0.092743,318.700000,275.500000,0.100000,105.088691,402.457094,ok,
e9f3bdda5c78,"{""case_control_ratio"":0.1,""h2"":0.1,""m"":5,""maf_fixed"":0.3,""maf_type"":""fixed"",""n_blocks"":50,""n_samples"":500,""p"":1000,""rho"":0.2,""signal_ratio"":1.0}",bworf_weighted,100,2,500,1000,5,0.100000,0.200000,1.000000,fixed,0.100000,1000,10,0.371324,0.877292,0.920863,0.470588,0.130336,409.300000,369.000000,0.000000,95.772186,394.793130,ok,
e9f3bdda5c78,"{""case_control_ratio"":0.1,""h2"":0.1,""m"":5,""maf_fixed"":0.3,""maf_type"":""fixed"",""n_blocks"":50,""n_samples"":500,""p"":1000,""rho"":0.2,""signal_ratio"":1.0}",rf,90,2,500,1000,5,0.100000,0.200000,1.000000,fixed,0.100000,1000,10,0.412815,0.900124,0.951049,0.500000,0.086996,495.300000,456.500000,0.000000,0.566982,23.354667,ok,
e9f3bdda5c78,"{""case_control_ratio"":0.1,""h2"":0.1,""m"":5,""maf_fixed"":0.3,""maf_type"":""fixed"",""n_blocks"":50,""n_samples"":500,""p"":1000,""rho"":0.2,""signal_ratio"":1.0}",orf,90,2,500,1000,5,0.100000,0.200000,1.000000,fixed,0.100000,1000,10,0.480042,0.912004,0.951049,0.500000,0.085418,457.300000,449.000000,0.000000,1.930962,43.522529,ok,
e9f3bdda5c78,"{""case_control_ratio"":0.1,""h2"":0.1,""m"":5,""maf_fixed"":0.3,""maf_type"":""fixed"",""n_blocks"":50,""n_samples"":500,""p"":1000,""rho"":0.2,""signal_ratio"":1.0}",bworf_uniform,90,2,500,1000,5,0.100000,0.200000,1.000000,fixed,0.100000,1000,10,0.638655,0.942764,0.951049,0.500000,0.088451,432.500000,336.500000,0.000000,88.769731,403.955189,ok,
e9f3bdda5c78,"{""case_control_ratio"":0.1,""h2"":0.1,""m"":5,""maf_fixed"":0.3,""maf_type"":""fixed"",""n_blocks"":50,""n_samples"":500,""p"":1000,""rho"":0.2,""signal_ratio"":1.0}",bworf_weighted,90,2,500,1000,5,0.100000,0.200000,1.000000,fixed,0.100000,1000,10,0.571691,0.919959,0.923636,0.538340,0.111519,333.500000,240.000000,0.100000,79.180617,387.787459,ok,
78dd27934719,"{""case_control_ratio"":0.2,""h2"":0.1,""m"":5,""maf_fixed"":0.3,""maf_type"":""fixed"",""n_blocks"":50,""n_samples"":500,""p"":1000,""rho"":0.2,""signal_ratio"":1.0}",rf,42,0,500,1000,5,0.100000,0.200000,1.000000,fixed,0.200000,1000,10,0.407360,0.789216,0.909091,0.500000,0.144379,382.900000,293.500000,0.000000,0.612806,24.085569,ok,
78dd27934719,"{""case_control_ratio"":0.2,""h2"":0.1,""m"":5,""maf_fixed"":0.3,""maf_type"":""fixed"",""n_blocks"":50,""n_samples"":500,""p"":1000,""rho"":0.2,""signal_ratio"":1.0}",orf,42,0,500,1000,5,0.100000,0.200000,1.000000,fixed,0.200000,1000,10,0.440640,0.828962,0.909091,0.500000,0.141786,436.100000,455.500000,0.200000,2.557339,44.929328,ok,
78dd27934719,"{""case_control_ratio"":0.2,""h2"":0.1,""m"":5,""maf_fixed"":0.3,""maf_type"":""fixed"",""n_blocks"":50,""n_samples"":500,""p"":1000,""rho"":0.2,""signal_ratio"":1.0}",bworf_uniform,42,0,500,1000,5,0.100000,0.200000,1.000000,fixed,0.200000,1000,10,0.478880,0.815506,0.901099,0.492000,0.161080,478.600000,506.000000,0.200000,92.037802,395.850063,ok,
78dd27934719,"{""case_control_ratio"":0.2,""h2"":0.1,""m"":5,""maf_fixed"":0.3,""maf_type"":""fixed"",""n_blocks"":50,""n_samples"":500,""p"":1000,""rho"":0.2,""signal_ratio"":1.0}",bworf_weighted,42,0,500,1000,5,0.100000,0.200000,1.000000,fixed,0.200000,1000,10,0.457920,0.807478,0.820717,0.452000,0.216023,308.700000,281.500000,0.200000,88.261743,390.109690,ok,
78dd27934719,"{""case_control_ratio"":0.2,""h2"":0.1,""m"":5,""maf_fixed"":0.3,""maf_type"":""fixed"",""n_blocks"":50,""n_samples"":500,""p"":1000,""rho"":0.2,""signal_ratio"":1.0}",rf,0,0,500,1000,5,0.100000,0.200000,1.000000,fixed,0.200000,1000,10,0.535680,0.854184,0.909091,0.500000,0.139457,451.200000,379.000000,0.100000,0.607744,24.663619,ok,
78dd27934719,"{""case_control_ratio"":0.2,""h2"":0.1,""m"":5,""maf_fixed"":0.3,""maf_type"":""fixed"",""n_blocks"":50,""n_samples"":500,""p"":1000,""rho"":0.2,""signal_ratio"":1.0}",orf,0,0,500,1000,5,0.100000,0.200000,1.000000,fixed,0.200000,1000,10,0.467200,0.820909,0.909091,0.500000,0.141297,337.200000,224.500000,0.000000,1.931510,46.168679,ok,
78dd27934719,"{""case_control_ratio"":0.2,""h2"":0.1,""m"":5,""maf_fixed"":0.3,""maf_type"":""fixed"",""n_blocks"":50,""n_samples"":500,""p"":1000,""rho"":0.2,""signal_ratio"":1.0}",bworf_uniform,0,0,500,1000,5,0.100000,0.200000,1.000000,fixed,0.200000,1000,10,0.465920,0.826817,0.900369,0.508000,0.155038,433.600000,339.000000,0.200000,98.227356,388.218290,ok,
78dd27934719,"{""case_control_ratio"":0.2,""h2"":0.1,""m"":5,""maf_fixed"":0.3,""maf_type"":""fixed"",""n_blocks"":50,""n_samples"":500,""p"":1000,""rho"":0.2,""signal_ratio"":1.0}",bworf_weighted,0,0,500,1000,5,0.100000,0.200000,1.000000,fixed,0.200000,1000,10,0.508320,0.848755,0.804979,0.508000,0.217334,507.900000,573.000000,0.200000,92.109311,392.409993,ok,
78dd27934719,"{""case_control_ratio"":0.2,""h2"":0.1,""m"":5,""maf_fixed"":0.3,""maf_type"":""fixed"",""n_blocks"":50,""n_samples"":500,""p"":1000,""rho"":0.2,""signal_ratio"":1.0}",rf,12,0,500,1000,5,0.100000,0.200000,1.000000,fixed,0.200000,1000,10,0.455520,0.830977,0.909091,0.500000,0.141588,408.600000,403.000000,0.100000,0.759100,26.462670,ok,
78dd27934719,"{""case_control_ratio"":0.2,""h2"":0.1,""m"":5,""maf_fixed"":0.3,""maf_type"":""fixed"",""n_blocks"":50,""n_samples"":500,""p"":1000,""rho"":0.2,""signal_ratio"":1.0}",orf,12,0,500,1000,5,0.100000,0.200000,1.000000,fixed,0.200000,1000,10,0.432960,0.785342,0.909091,0.500000,0.141986,561.000000,546.500000,0.100000,1.938870,47.632896,ok,
78dd27934719,"{""case_control_ratio"":0.2,""h2"":0.1,""m"":5,""maf_fixed"":0.3,""maf_type"":""fixed"",""n_blocks"":50,""n_samples"":500,""p"":1000,""rho"":0.2,""signal_ratio"":1.0}",bworf_uniform,12,0,500,1000,5,0.100000,0.200000,1.000000,fixed,0.200000,1000,10,0.522560,0.831317,0.909091,0.500000,0.146664,407.400000,341.500000,0.200000,97.145531,399.347210,ok,
78dd27934719,"{""case_control_ratio"":0.2,""h2"":0.1,""m"":5,""maf_fixed"":0.3,""maf_type"":""fixed"",""n_blocks"":50,""n_samples"":500,""p"":1000,""rho"":0.2,""signal_ratio"":1.0}",bworf_weighted,12,0,500,1000,5,0.100000,0.200000,1.000000,fixed,0.200000,1000,10,0.533280,0.836428,0.842105,0.556000,0.188882,330.200000,207.000000,0.200000,107.965918,402.486857,ok,
78dd27934719,"{""case_control_ratio"":0.2,""h2"":0.1,""m"":5,""maf_fixed"":0.3,""maf_type"":""fixed"",""n_blocks"":50,""n_samples"":500,""p"":1000,""rho"":0.2,""signal_ratio"":1.0}",rf,100,0,500,1000,5,0.100000,0.200000,1.000000,fixed,0.200000,1000,10,0.477280,0.831411,0.909091,0.500000,0.141213,611.200000,706.000000,0.000000,0.610930,24.981205,ok,
78dd27934719,"{""case_control_ratio"":0.2,""h2"":0.1,""m"":5,""maf_fixed"":0.3,""maf_type"":""fixed"",""n_blocks"":50,""n_samples"":500,""p"":1000,""rho"":0.2,""signal_ratio"":1.0}",orf,100,0,500,1000,5,0.100000,0.200000,1.000000,fixed,0.200000,1000,10,0.472160,0.829446,0.909091,0.500000,0.141105,412.100000,354.000000,0.000000,1.851041,47.134632,ok,
78dd27934719,"{""case_control_ratio"":0.2,""h2"":0.1,""m"":5,""maf_fixed"":0.3,""maf_type"":""fixed"",""n_blocks"":50,""n_samples"":500,""p"":1000,""rho"":0.2,""signal_ratio"":1.0}",bworf_uniform,100,0,500,1000,5,0.100000,0.200000,1.000000,fixed,0.200000,1000,10,0.519840,0.858890,0.901099,0.492000,0.162508,354.300000,364.000000,0.300000,94.866234,390.816390,ok,
78dd27934719,"{""case_control_ratio"":0.2,""h2"":0.1,""m"":5,""maf_fixed"":0.3,""maf_type"":""fixed"",""n_blocks"":50,""n_samples"":500,""p"":1000,""rho"":0.2,""signal_ratio"":1.0}",bworf_weighted,100,0,500,1000,5,0.100000,0.200000,1.000000,fixed,0.200000,1000,10,0.490240,0.828210,0.835938,0.448000,0.193952,389.200000,337.500000,0.300000,90.790863,391.963799,ok,
78dd27934719,"{""case_control_ratio"":0.2,""h2"":0.1,""m"":5,""maf_fixed"":0.3,""maf_type"":""fixed"",""n_blocks"":50,""n_samples"":500,""p"":1000,""rho"":0.2,""signal_ratio"":1.0}",rf,90,0,500,1000,5,0.100000,0.200000,1.000000,fixed,0.200000,1000,10,0.398720,0.798401,0.909091,0.500000,0.144848,435.200000,340.500000,0.200000,0.594366,24.030886,ok,
78dd27934719,"{""case_control_ratio"":0.2,""h2"":0.1,""m"":5,""maf_fixed"":0.3,""maf_type"":""fixed"",""n_blocks"":50,""n_samples"":500,""p"":1000,""rho"":0.2,""signal_ratio"":1.0}",orf,90,0,500,1000,5,0.100000,0.200000,1.000000,fixed,0.200000,1000,10,0.449280,0.796674,0.909091,0.500000,0.141824,285.000000,273.500000,0.100000,1.777806,44.452102,ok,
78dd27934719,"{""case_control_ratio"":0.2,""h2"":0.1,""m"":5,""maf_fixed"":0.3,""maf_type"":""fixed"",""n_blocks"":50,""n_samples"":500,""p"":1000,""rho"":0.2,""signal_ratio"":1.0}",bworf_uniform,90,0,500,1000,5,0.100000,0.200000,1.000000,fixed,0.200000,1000,10,0.459200,0.811769,0.908425,0.516000,0.156767,550.200000,774.000000,0.100000,98.029969,396.933602,ok,
78dd27934719,"{""case_control_ratio"":0.2,""h2"":0.1,""m"":5,""maf_fixed"":0.3,""maf_type"":""fixed"",""n_blocks"":50,""n_samples"":500,""p"":1000,""rho"":0.2,""signal_ratio"":1.0}",bworf_weighted,90,0,500,1000,5,0.100000,0.200000,1.000000,fixed,0.200000,1000,10,0.476480,0.815340,0.822581,0.488000,0.208353,603.600000,765.500000,0.100000,91.567973,388.982018,ok,
78dd27934719,"{""case_control_ratio"":0.2,""h2"":0.1,""m"":5,""maf_fixed"":0.3,""maf_type"":""fixed"",""n_blocks"":50,""n_samples"":500,""p"":1000,""rho"":0.2,""signal_ratio"":1.0}",rf,42,1,500,1000,5,0.100000,0.200000,1.000000,fixed,0.200000,1000,10,0.565120,0.843845,0.909091,0.500000,0.138801,346.600000,340.500000,0.100000,0.644796,23.961820,ok,
78dd27934719,"{""case_control_ratio"":0.2,""h2"":0.1,""m"":5,""maf_fixed"":0.3,""maf_type"":""fixed"",""n_blocks"":50,""n_samples"":500,""p"":1000,""rho"":0.2,""signal_ratio"":1.0}",orf,42,1,500,1000,5,0.100000,0.200000,1.000000,fixed,0.200000,1000,10,0.613440,0.893575,0.909091,0.500000,0.137055,426.600000,468.000000,0.200000,1.812317,44.030248,ok,
78dd27934719,"{""case_control_ratio"":0.2,""h2"":0.1,""m"":5,""maf_fixed"":0.3,""maf_type"":""fixed"",""n_blocks"":50,""n_samples"":500,""p"":1000,""rho"":0.2,""signal_ratio"":1.0}",bworf_uniform,42,1,500,1000,5,0.100000,0.200000,1.000000,fixed,0.200000,1000,10,0.586400,0.866308,0.912409,0.520000,0.143305,362.500000,250.000000,0.000000,95.600342,384.225080,ok,
78dd27934719,"{""case_control_ratio"":0.2,""h2"":0.1,""m"":5,""maf_fixed"":0.3,""maf_type"":""fixed"",""n_blocks"":50,""n_samples"":500,""p"":1000,""rho"":0.2,""signal_ratio"":1.0}",bworf_weighted,42,1,500,1000,5,0.100000,0.200000,1.000000,fixed,0.200000,1000,10,0.597760,0.872902,0.836066,0.568000,0.188368,352.400000,190.000000,0.000000,91.682546,383.610876,ok,
78dd27934719,"{""case_control_ratio"":0.2,""h2"":0.1,""m"":5,""maf_fixed"":0.3,""maf_type"":""fixed"",""n_blocks"":50,""n_samples"":500,""p"":1000,""rho"":0.2,""signal_ratio"":1.0}",rf,0,1,500,1000,5,0.100000,0.200000,1.000000,fixed,0.200000,1000,10,0.486400,0.841512,0.909091,0.500000,0.141056,509.800000,583.000000,0.100000,0.619050,23.992196,ok,
78dd27934719,"{""case_control_ratio"":0.2,""h2"":0.1,""m"":5,""maf_fixed"":0.3,""maf_type"":""fixed"",""n_blocks"":50,""n_samples"":500,""p"":1000,""rho"":0.2,""signal_ratio"":1.0}",orf,0,1,500,1000,5,0.100000,0.200000,1.000000,fixed,0.200000,1000,10,0.427360,0.807321,0.909091,0.500000,0.142171,468.400000,481.000000,0.000000,1.794250,44.790633,ok,
78dd27934719,"{""case_control_ratio"":0.2,""h2"":0.1,""m"":5,""maf_fixed"":0.3,""maf_type"":""fixed"",""n_blocks"":50,""n_samples"":500,""p"":1000,""rho"":0.2,""signal_ratio"":1.0}",bworf_uniform,0,1,500,1000,5,0.100000,0.200000,1.000000,fixed,0.200000,1000,10,0.456000,0.829381,0.909091,0.500000,0.161938,448.700000,367.500000,0.100000,94.638421,391.306291,ok,
78dd27934719,"{""case_control_ratio"":0.2,""h2"":0.1,""m"":5,""maf_fixed"":0.3,""maf_type"":""fixed"",""n_blocks"":50,""n_samples"":500,""p"":1000,""rho"":0.2,""signal_ratio"":1.0}",bworf_weighted,0,1,500,1000,5,0.100000,0.200000,1.000000,fixed,0.200000,1000,10,0.477920,0.836399,0.817814,0.484000,0.215092,394.300000,443.500000,0.100000,97.749795,392.285620,ok,
78dd27934719,"{""case_control_ratio"":0.2,""h2"":0.1,""m"":5,""maf_fixed"":0.3,""maf_type"":""fixed"",""n_blocks"":50,""n_samples"":500,""p"":1000,""rho"":0.2,""signal_ratio"":1.0}",rf,12,1,500,1000,5,0.100000,0.200000,1.000000,fixed,0.200000,1000,10,0.417280,0.789338,0.909091,0.500000,0.143579,494.700000,431.500000,0.000000,0.679610,24.935904,ok,
78dd27934719,"{""case_control_ratio"":0.2,""h2"":0.1,""m"":5,""maf_fixed"":0.3,""maf_type"":""fixed"",""n_blocks"":50,""n_samples"":500,""p"":1000,""rho"":0.2,""signal_ratio"":1.0}",orf,12,1,500,1000,5,0.100000,0.200000,1.000000,fixed,0.200000,1000,10,0.475680,0.829874,0.909091,0.500000,0.141238,324.800000,275.500000,0.000000,1.968578,44.922706,ok,
78dd27934719,"{""case_control_ratio"":0.2,""h2"":0.1,""m"":5,""maf_fixed"":0.3,""maf_type"":""fixed"",""n_blocks"":50,""n_samples"":500,""p"":1000,""rho"":0.2,""signal_ratio"":1.0}",bworf_uniform,12,1,500,1000,5,0.100000,0.200000,1.000000,fixed,0.200000,1000,10,0.534720,0.843469,0.901099,0.492000,0.154937,319.500000,270.000000,0.100000,103.861881,383.959452,ok,
78dd27934719,"{""case_control_ratio"":0.2,""h2"":0.1,""m"":5,""maf_fixed"":0.3,""maf_type"":""fixed"",""n_blocks"":50,""n_samples"":500,""p"":1000,""rho"":0.2,""signal_ratio"":1.0}",bworf_weighted,12,1,500,1000,5,0.100000,0.200000,1.000000,fixed,0.200000,1000,10,0.533920,0.842595,0.818182,0.536000,0.203537,349.900000,155.000000,0.200000,90.323497,387.700162,ok,
78dd27934719,"{""case_control_ratio"":0.2,""h2"":0.1,""m"":5,""maf_fixed"":0.3,""maf_type"":""fixed"",""n_blocks"":50,""n_samples"":500,""p"":1000,""rho"":0.2,""signal_ratio"":1.0}",rf,100,1,500,1000,5,0.100000,0.200000,1.000000,fixed,0.200000,1000,10,0.472000,0.836185,0.909091,0.500000,0.141414,541.700000,519.500000,0.000000,0.743827,26.025689,ok,
78dd27934719,"{""case_control_ratio"":0.2,""h2"":0.1,""m"":5,""maf_fixed"":0.3,""maf_type"":""fixed"",""n_blocks"":50,""n_samples"":500,""p"":1000,""rho"":0.2,""signal_ratio"":1.0}",orf,100,1,500,1000,5,0.100000,0.200000,1.000000,fixed,0.200000,1000,10,0.598240,0.873442,0.909091,0.500000,0.137703,376.000000,211.500000,0.100000,1.960822,44.946315,ok,
78dd27934719,"{""case_control_ratio"":0.2,""h2"":0.1,""m"":5,""maf_fixed"":0.3,""maf_type"":""fixed"",""n_blocks"":50,""n_samples"":500,""p"":1000,""rho"":0.2,""signal_ratio"":1.0}",bworf_uniform,100,1,500,1000,5,0.100000,0.200000,1.000000,fixed,0.200000,1000,10,0.510400,0.874283,0.905109,0.496000,0.160178,453.500000,439.500000,0.100000,93.975274,382.716839,ok,
78dd27934719,"{""case_control_ratio"":0.2,""h2"":0.1,""m"":5,""maf_fixed"":0.3,""maf_type"":""fixed"",""n_blocks"":50,""n_samples"":500,""p"":1000,""rho"":0.2,""signal_ratio"":1.0}",bworf_weighted,100,1,500,1000,5,0.100000,0.200000,1.000000,fixed,0.200000,1000,10,0.451360,0.848124,0.795181,0.396000,0.214928,361.600000,328.000000,0.100000,90.972868,385.795260,ok,
78dd27934719,"{""case_control_ratio"":0.2,""h2"":0.1,""m"":5,""maf_fixed"":0.3,""maf_type"":""fixed"",""n_blocks"":50,""n_samples"":500,""p"":1000,""rho"":0.2,""signal_ratio"":1.0}",rf,90,1,500,1000,5,0.100000,0.200000,1.000000,fixed,0.200000,1000,10,0.526880,0.849599,0.909091,0.500000,0.141248,530.300000,542.000000,0.000000,0.635891,22.940449,ok,
78dd27934719,"{""case_control_ratio"":0.2,""h2"":0.1,""m"":5,""maf_fixed"":0.3,""maf_type"":""fixed"",""n_blocks"":50,""n_samples"":500,""p"":1000,""rho"":0.2,""signal_ratio"":1.0}",orf,90,1,500,1000,5,0.100000,0.200000,1.000000,fixed,0.200000,1000,10,0.436800,0.819178,0.909091,0.500000,0.141931,470.700000,373.000000,0.000000,1.632020,40.430094,ok,
78dd27934719,"{""case_control_ratio"":0.2,""h2"":0.1,""m"":5,""maf_fixed"":0.3,""maf_type"":""fixed"",""n_blocks"":50,""n_samples"":500,""p"":1000,""rho"":0.2,""signal_ratio"":1.0}",bworf_uniform,90,1,500,1000,5,0.100000,0.200000,1.000000,fixed,0.200000,1000,10,0.504960,0.834192,0.909091,0.500000,0.152704,472.300000,404.000000,0.000000,88.560030,386.193443,ok,
78dd27934719,"{""case_control_ratio"":0.2,""h2"":0.1,""m"":5,""maf_fixed"":0.3,""maf_type"":""fixed"",""n_blocks"":50,""n_samples"":500,""p"":1000,""rho"":0.2,""signal_ratio"":1.0}",bworf_weighted,90,1,500,1000,5,0.100000,0.200000,1.000000,fixed,0.200000,1000,10,0.551680,0.867567,0.848000,0.544000,0.184504,308.900000,223.500000,0.100000,84.070423,387.875244,ok,
78dd27934719,"{""case_control_ratio"":0.2,""h2"":0.1,""m"":5,""maf_fixed"":0.3,""maf_type"":""fixed"",""n_blocks"":50,""n_samples"":500,""p"":1000,""rho"":0.2,""signal_ratio"":1.0}",rf,42,2,500,1000,5,0.100000,0.200000,1.000000,fixed,0.200000,1000,10,0.477120,0.829716,0.909091,0.500000,0.140842,589.900000,536.000000,0.000000,0.559283,22.429319,ok,
78dd27934719,"{""case_control_ratio"":0.2,""h2"":0.1,""m"":5,""maf_fixed"":0.3,""maf_type"":""fixed"",""n_blocks"":50,""n_samples"":500,""p"":1000,""rho"":0.2,""signal_ratio"":1.0}",orf,42,2,500,1000,5,0.100000,0.200000,1.000000,fixed,0.200000,1000,10,0.467360,0.819868,0.909091,0.500000,0.140668,380.900000,383.500000,0.000000,1.684654,42.708703,ok,
78dd27934719,"{""case_control_ratio"":0.2,""h2"":0.1,""m"":5,""maf_fixed"":0.3,""maf_type"":""fixed"",""n_blocks"":50,""n_samples"":500,""p"":1000,""rho"":0.2,""signal_ratio"":1.0}",bworf_uniform,42,2,500,1000,5,0.100000,0.200000,1.000000,fixed,0.200000,1000,10,0.516640,0.845495,0.905109,0.496000,0.158865,426.000000,335.500000,0.000000,87.936129,395.789684,ok,
78dd27934719,"{""case_control_ratio"":0.2,""h2"":0.1,""m"":5,""maf_fixed"":0.3,""maf_type"":""fixed"",""n_blocks"":50,""n_samples"":500,""p"":1000,""rho"":0.2,""signal_ratio"":1.0}",bworf_weighted,42,2,500,1000,5,0.100000,0.200000,1.000000,fixed,0.200000,1000,10,0.559680,0.869186,0.845850,0.508000,0.193062,514.200000,555.500000,0.000000,85.568147,387.355507,ok,
78dd27934719,"{""case_control_ratio"":0.2,""h2"":0.1,""m"":5,""maf_fixed"":0.3,""maf_type"":""fixed"",""n_blocks"":50,""n_samples"":500,""p"":1000,""rho"":0.2,""signal_ratio"":1.0}",rf,0,2,500,1000,5,0.100000,0.200000,1.000000,fixed,0.200000,1000,10,0.506400,0.833709,0.909091,0.500000,0.140603,553.400000,522.500000,0.000000,0.582851,22.666985,ok,
78dd27934719,"{""case_control_ratio"":0.2,""h2"":0.1,""m"":5,""maf_fixed"":0.3,""maf_type"":""fixed"",""n_blocks"":50,""n_samples"":500,""p"":1000,""rho"":0.2,""signal_ratio"":1.0}",orf,0,2,500,1000,5,0.100000,0.200000,1.000000,fixed,0.200000,1000,10,0.432640,0.819811,0.909091,0.500000,0.141721,482.300000,552.000000,0.100000,1.853752,41.201141,ok,
78dd27934719,"{""case_control_ratio"":0.2,""h2"":0.1,""m"":5,""maf_fixed"":0.3,""maf_type"":""fixed"",""n_blocks"":50,""n_samples"":500,""p"":1000,""rho"":0.2,""signal_ratio"":1.0}",bworf_uniform,0,2,500,1000,5,0.100000,0.200000,1.000000,fixed,0.200000,1000,10,0.532000,0.864045,0.909091,0.500000,0.150336,452.800000,561.500000,0.200000,88.541980,399.927379,ok,
78dd27934719,"{""case_control_ratio"":0.2,""h2"":0.1,""m"":5,""maf_fixed"":0.3,""maf_type"":""fixed"",""n_blocks"":50,""n_samples"":500,""p"":1000,""rho"":0.2,""signal_ratio"":1.0}",bworf_weighted,0,2,500,1000,5,0.100000,0.200000,1.000000,fixed,0.200000,1000,10,0.574080,0.882705,0.859375,0.520000,0.174260,520.200000,548.500000,0.100000,83.953556,387.186302,ok,
78dd27934719,"{""case_control_ratio"":0.2,""h2"":0.1,""m"":5,""maf_fixed"":0.3,""maf_type"":""fixed"",""n_blocks"":50,""n_samples"":500,""p"":1000,""rho"":0.2,""signal_ratio"":1.0}",rf,12,2,500,1000,5,0.100000,0.200000,1.000000,fixed,0.200000,1000,10,0.522080,0.846322,0.909091,0.500000,0.140272,622.500000,747.000000,0.000000,0.969133,29.402570,ok,
78dd27934719,"{""case_control_ratio"":0.2,""h2"":0.1,""m"":5,""maf_fixed"":0.3,""maf_type"":""fixed"",""n_blocks"":50,""n_samples"":500,""p"":1000,""rho"":0.2,""signal_ratio"":1.0}",orf,12,2,500,1000,5,0.100000,0.200000,1.000000,fixed,0.200000,1000,10,0.444320,0.814628,0.909091,0.500000,0.141887,488.100000,496.500000,0.000000,2.200243,43.701513,ok,
78dd27934719,"{""case_control_ratio"":0.2,""h2"":0.1,""m"":5,""maf_fixed"":0.3,""maf_type"":""fixed"",""n_blocks"":50,""n_samples"":500,""p"":1000,""rho"":0.2,""signal_ratio"":1.0}",bworf_uniform,12,2,500,1000,5,0.100000,0.200000,1.000000,fixed,0.200000,1000,10,0.550560,0.855391,0.901099,0.492000,0.149820,348.300000,310.500000,0.100000,88.393392,390.117556,ok,
78dd27934719,"{""case_control_ratio"":0.2,""h2"":0.1,""m"":5,""maf_fixed"":0.3,""maf_type"":""fixed"",""n_blocks"":50,""n_samples"":500,""p"":1000,""rho"":0.2,""signal_ratio"":1.0}",bworf_weighted,12,2,500,1000,5,0.100000,0.200000,1.000000,fixed,0.200000,1000,10,0.575680,0.868324,0.848000,0.544000,0.183736,403.800000,423.500000,0.100000,83.753096,387.547912,ok,
78dd27934719,"{""case_control_ratio"":0.2,""h2"":0.1,""m"":5,""maf_fixed"":0.3,""maf_type"":""fixed"",""n_blocks"":50,""n_samples"":500,""p"":1000,""rho"":0.2,""signal_ratio"":1.0}",rf,100,2,500,1000,5,0.100000,0.200000,1.000000,fixed,0.200000,1000,10,0.517600,0.841393,0.909091,0.500000,0.140626,544.900000,671.000000,0.000000,0.582036,24.258814,ok,
78dd27934719,"{""case_control_ratio"":0.2,""h2"":0.1,""m"":5,""maf_fixed"":0.3,""maf_type"":""fixed"",""n_blocks"":50,""n_samples"":500,""p"":1000,""rho"":0.2,""signal_ratio"":1.0}",orf,100,2,500,1000,5,0.100000,0.200000,1.000000,fixed,0.200000,1000,10,0.470720,0.836669,0.909091,0.500000,0.140786,390.900000,305.000000,0.100000,2.042570,48.091273,ok,
78dd27934719,"{""case_control_ratio"":0.2,""h2"":0.1,""m"":5,""maf_fixed"":0.3,""maf_type"":""fixed"",""n_blocks"":50,""n_samples"":500,""p"":1000,""rho"":0.2,""signal_ratio"":1.0}",bworf_uniform,100,2,500,1000,5,0.100000,0.200000,1.000000,fixed,0.200000,1000,10,0.590560,0.874386,0.909091,0.500000,0.145493,457.200000,506.000000,0.000000,97.831621,390.310825,ok,
78dd27934719,"{""case_control_ratio"":0.2,""h2"":0.1,""m"":5,""maf_fixed"":0.3,""maf_type"":""fixed"",""n_blocks"":50,""n_samples"":500,""p"":1000,""rho"":0.2,""signal_ratio"":1.0}",bworf_weighted,100,2,500,1000,5,0.100000,0.200000,1.000000,fixed,0.200000,1000,10,0.597920,0.883536,0.861660,0.556000,0.169690,480.700000,574.500000,0.100000,104.498637,397.603551,ok,
78dd27934719,"{""case_control_ratio"":0.2,""h2"":0.1,""m"":5,""maf_fixed"":0.3,""maf_type"":""fixed"",""n_blocks"":50,""n_samples"":500,""p"":1000,""rho"":0.2,""signal_ratio"":1.0}",rf,90,2,500,1000,5,0.100000,0.200000,1.000000,fixed,0.200000,1000,10,0.530720,0.846192,0.909091,0.500000,0.140126,335.500000,222.000000,0.100000,0.594239,24.260176,ok,
78dd27934719,"{""case_control_ratio"":0.2,""h2"":0.1,""m"":5,""maf_fixed"":0.3,""maf_type"":""fixed"",""n_blocks"":50,""n_samples"":500,""p"":1000,""rho"":0.2,""signal_ratio"":1.0}",orf,90,2,500,1000,5,0.100000,0.200000,1.000000,fixed,0.200000,1000,10,0.456800,0.820090,0.909091,0.500000,0.142092,425.000000,464.500000,0.000000,1.752636,44.478045,ok,
78dd27934719,"{""case_control_ratio"":0.2,""h2"":0.1,""m"":5,""maf_fixed"":0.3,""maf_type"":""fixed"",""n_blocks"":50,""n_samples"":500,""p"":1000,""rho"":0.2,""signal_ratio"":1.0}",bworf_uniform,90,2,500,1000,5,0.100000,0.200000,1.000000,fixed,0.200000,1000,10,0.599360,0.892831,0.892989,0.484000,0.157263,502.600000,426.500000,0.100000,97.523556,400.155825,ok,
78dd27934719,"{""case_control_ratio"":0.2,""h2"":0.1,""m"":5,""maf_fixed"":0.3,""maf_type"":""fixed"",""n_blocks"":50,""n_samples"":500,""p"":1000,""rho"":0.2,""signal_ratio"":1.0}",bworf_weighted,90,2,500,1000,5,0.100000,0.200000,1.000000,fixed,0.200000,1000,10,0.591040,0.897007,0.821138,0.504000,0.205519,472.100000,586.000000,0.100000,101.737411,392.877265,ok,
664d216627ff,"{""case_control_ratio"":0.1,""h2"":0.1,""m"":5,""maf_fixed"":0.3,""maf_type"":""fixed"",""n_blocks"":50,""n_samples"":500,""p"":1000,""rho"":0.8,""signal_ratio"":1.0}",rf,42,0,500,1000,5,0.100000,0.800000,1.000000,fixed,0.100000,1000,10,0.642857,0.926138,0.951049,0.500000,0.084852,374.800000,269.500000,0.100000,0.554756,23.500572,ok,
664d216627ff,"{""case_control_ratio"":0.1,""h2"":0.1,""m"":5,""maf_fixed"":0.3,""maf_type"":""fixed"",""n_blocks"":50,""n_samples"":500,""p"":1000,""rho"":0.8,""signal_ratio"":1.0}",orf,42,0,500,1000,5,0.100000,0.800000,1.000000,fixed,0.100000,1000,10,0.524685,0.891886,0.951049,0.500000,0.085905,504.600000,469.000000,0.000000,1.387356,42.832705,ok,
664d216627ff,"{""case_control_ratio"":0.1,""h2"":0.1,""m"":5,""maf_fixed"":0.3,""maf_type"":""fixed"",""n_blocks"":50,""n_samples"":500,""p"":1000,""rho"":0.8,""signal_ratio"":1.0}",bworf_uniform,42,0,500,1000,5,0.100000,0.800000,1.000000,fixed,0.100000,1000,10,0.589811,0.928289,0.947368,0.496324,0.094516,478.500000,472.000000,0.100000,93.788901,391.946404,ok,
664d216627ff,"{""case_control_ratio"":0.1,""h2"":0.1,""m"":5,""maf_fixed"":0.3,""maf_type"":""fixed"",""n_blocks"":50,""n_samples"":500,""p"":1000,""rho"":0.8,""signal_ratio"":1.0}",bworf_weighted,42,0,500,1000,5,0.100000,0.800000,1.000000,fixed,0.100000,1000,10,0.559611,0.914854,0.878788,0.497899,0.148060,457.600000,471.500000,0.000000,82.263838,389.618124,ok,
664d216627ff,"{""case_control_ratio"":0.1,""h2"":0.1,""m"":5,""maf_fixed"":0.3,""maf_type"":""fixed"",""n_blocks"":50,""n_samples"":500,""p"":1000,""rho"":0.8,""signal_ratio"":1.0}",rf,0,0,500,1000,5,0.100000,0.800000,1.000000,fixed,0.100000,1000,10,0.537027,0.930284,0.951049,0.500000,0.086560,615.100000,621.500000,0.000000,0.589485,24.428722,ok,
664d216627ff,"{""case_control_ratio"":0.1,""h2"":0.1,""m"":5,""maf_fixed"":0.3,""maf_type"":""fixed"",""n_blocks"":50,""n_samples"":500,""p"":1000,""rho"":0.8,""signal_ratio"":1.0}",orf,0,0,500,1000,5,0.100000,0.800000,1.000000,fixed,0.100000,1000,10,0.535714,0.915886,0.951049,0.500000,0.086352,373.600000,320.000000,0.000000,1.499993,44.417655,ok,
664d216627ff,"{""case_control_ratio"":0.1,""h2"":0.1,""m"":5,""maf_fixed"":0.3,""maf_type"":""fixed"",""n_blocks"":50,""n_samples"":500,""p"":1000,""rho"":0.8,""signal_ratio"":1.0}",bworf_uniform,0,0,500,1000,5,0.100000,0.800000,1.000000,fixed,0.100000,1000,10,0.611607,0.937904,0.951049,0.500000,0.090553,511.400000,543.000000,0.100000,96.338002,395.078440,ok,
664d216627ff,"{""case_control_ratio"":0.1,""h2"":0.1,""m"":5,""maf_fixed"":0.3,""maf_type"":""fixed"",""n_blocks"":50,""n_samples"":500,""p"":1000,""rho"":0.8,""signal_ratio"":1.0}",bworf_weighted,0,0,500,1000,5,0.100000,0.800000,1.000000,fixed,0.100000,1000,10,0.586660,0.934749,0.902256,0.584034,0.143368,528.200000,597.500000,0.100000,83.288399,393.375153,ok,
664d216627ff,"{""case_control_ratio"":0.1,""h2"":0.1,""m"":5,""maf_fixed"":0.3,""maf_type"":""fixed"",""n_blocks"":50,""n_samples"":500,""p"":1000,""rho"":0.8,""signal_ratio"":1.0}",rf,12,0,500,1000,5,0.100000,0.800000,1.000000,fixed,0.100000,1000,10,0.460872,0.897864,0.951049,0.500000,0.089419,563.800000,654.000000,0.000000,0.640714,28.092969,ok,
664d216627ff,"{""case_control_ratio"":0.1,""h2"":0.1,""m"":5,""maf_fixed"":0.3,""maf_type"":""fixed"",""n_blocks"":50,""n_samples"":500,""p"":1000,""rho"":0.8,""signal_ratio"":1.0}",orf,12,0,500,1000,5,0.100000,0.800000,1.000000,fixed,0.100000,1000,10,0.456145,0.907322,0.951049,0.500000,0.088171,435.100000,372.000000,0.000000,1.503928,44.010261,ok,
664d216627ff,"{""case_control_ratio"":0.1,""h2"":0.1,""m"":5,""maf_fixed"":0.3,""maf_type"":""fixed"",""n_blocks"":50,""n_samples"":500,""p"":1000,""rho"":0.8,""signal_ratio"":1.0}",bworf_uniform,12,0,500,1000,5,0.100000,0.800000,1.000000,fixed,0.100000,1000,10,0.600578,0.937378,0.951049,0.500000,0.090421,638.000000,709.000000,0.000000,96.434084,389.994689,ok,
664d216627ff,"{""case_control_ratio"":0.1,""h2"":0.1,""m"":5,""maf_fixed"":0.3,""maf_type"":""fixed"",""n_blocks"":50,""n_samples"":500,""p"":1000,""rho"":0.8,""signal_ratio"":1.0}",bworf_weighted,12,0,500,1000,5,0.100000,0.800000,1.000000,fixed,0.100000,1000,10,0.607668,0.941543,0.872587,0.558298,0.157488,413.900000,430.000000,0.100000,85.007157,386.544829,ok,
664d216627ff,"{""case_control_ratio"":0.1,""h2"":0.1,""m"":5,""maf_fixed"":0.3,""maf_type"":""fixed"",""n_blocks"":50,""n_samples"":500,""p"":1000,""rho"":0.8,""signal_ratio"":1.0}",rf,100,0,500,1000,5,0.100000,0.800000,1.000000,fixed,0.100000,1000,10,0.419380,0.899930,0.951049,0.500000,0.088727,548.500000,580.000000,0.000000,0.567606,23.233236,ok,
664d216627ff,"{""case_control_ratio"":0.1,""h2"":0.1,""m"":5,""maf_fixed"":0.3,""maf_type"":""fixed"",""n_blocks"":50,""n_samples"":500,""p"":1000,""rho"":0.8,""signal_ratio"":1.0}",orf,100,0,500,1000,5,0.100000,0.800000,1.000000,fixed,0.100000,1000,10,0.460084,0.911869,0.951049,0.500000,0.087379,588.900000,638.500000,0.000000,1.489727,43.155870,ok,
664d216627ff,"{""case_control_ratio"":0.1,""h2"":0.1,""m"":5,""maf_fixed"":0.3,""maf_type"":""fixed"",""n_blocks"":50,""n_samples"":500,""p"":1000,""rho"":0.8,""signal_ratio"":1.0}",bworf_uniform,100,0,500,1000,5,0.100000,0.800000,1.000000,fixed,0.100000,1000,10,0.519695,0.919265,0.951049,0.500000,0.093924,608.700000,648.500000,0.000000,97.218445,396.059976,ok,
664d216627ff,"{""case_control_ratio"":0.1,""h2"":0.1,""m"":5,""maf_fixed"":0.3,""maf_type"":""fixed"",""n_blocks"":50,""n_samples"":500,""p"":1000,""rho"":0.8,""signal_ratio"":1.0}",bworf_weighted,100,0,500,1000,5,0.100000,0.800000,1.000000,fixed,0.100000,1000,10,0.497637,0.912215,0.891386,0.508929,0.150235,566.500000,618.000000,0.000000,98.910970,394.309738,ok,
664d216627ff,"{""case_control_ratio"":0.1,""h2"":0.1,""m"":5,""maf_fixed"":0.3,""maf_type"":""fixed"",""n_blocks"":50,""n_samples"":500,""p"":1000,""rho"":0.8,""signal_ratio"":1.0}",rf,90,0,500,1000,5,0.100000,0.800000,1.000000,fixed,0.100000,1000,10,0.394695,0.889988,0.951049,0.500000,0.090478,498.200000,452.500000,0.000000,0.603442,23.903920,ok,
664d216627ff,"{""case_control_ratio"":0.1,""h2"":0.1,""m"":5,""maf_fixed"":0.3,""maf_type"":""fixed"",""n_blocks"":50,""n_samples"":500,""p"":1000,""rho"":0.8,""signal_ratio"":1.0}",orf,90,0,500,1000,5,0.100000,0.800000,1.000000,fixed,0.100000,1000,10,0.457195,0.907031,0.951049,0.500000,0.087764,445.600000,464.000000,0.000000,1.564745,45.388409,ok,
664d216627ff,"{""case_control_ratio"":0.1,""h2"":0.1,""m"":5,""maf_fixed"":0.3,""maf_type"":""fixed"",""n_blocks"":50,""n_samples"":500,""p"":1000,""rho"":0.8,""signal_ratio"":1.0}",bworf_uniform,90,0,500,1000,5,0.100000,0.800000,1.000000,fixed,0.100000,1000,10,0.507090,0.913973,0.947368,0.496324,0.096943,557.000000,604.000000,0.000000,105.000583,391.334041,ok,
664d216627ff,"{""case_control_ratio"":0.1,""h2"":0.1,""m"":5,""maf_fixed"":0.3,""maf_type"":""fixed"",""n_blocks"":50,""n_samples"":500,""p"":1000,""rho"":0.8,""signal_ratio"":1.0}",bworf_weighted,90,0,500,1000,5,0.100000,0.800000,1.000000,fixed,0.100000,1000,10,0.508929,0.917375,0.875472,0.462185,0.159190,626.100000,668.000000,0.000000,86.053146,389.995081,ok,
664d216627ff,"{""case_control_ratio"":0.1,""h2"":0.1,""m"":5,""maf_fixed"":0.3,""maf_type"":""fixed"",""n_blocks"":50,""n_samples"":500,""p"":1000,""rho"":0.8,""signal_ratio"":1.0}",rf,42,1,500,1000,5,0.100000,0.800000,1.000000,fixed,0.100000,1000,10,0.486607,0.899907,0.951049,0.500000,0.088729,373.800000,307.500000,0.000000,0.596782,24.185536,ok,
664d216627ff,"{""case_control_ratio"":0.1,""h2"":0.1,""m"":5,""maf_fixed"":0.3,""maf_type"":""fixed"",""n_blocks"":50,""n_samples"":500,""p"":1000,""rho"":0.8,""signal_ratio"":1.0}",orf,42,1,500,1000,5,0.100000,0.800000,1.000000,fixed,0.100000,1000,10,0.476103,0.884489,0.951049,0.500000,0.087648,434.100000,310.000000,0.000000,1.724963,44.964420,ok,
664d216627ff,"{""case_control_ratio"":0.1,""h2"":0.1,""m"":5,""maf_fixed"":0.3,""maf_type"":""fixed"",""n_blocks"":50,""n_samples"":500,""p"":1000,""rho"":0.8,""signal_ratio"":1.0}",bworf_uniform,42,1,500,1000,5,0.100000,0.800000,1.000000,fixed,0.100000,1000,10,0.394958,0.881089,0.928571,0.477941,0.106847,357.200000,258.500000,0.000000,92.425821,387.190691,ok,
664d216627ff,"{""case_control_ratio"":0.1,""h2"":0.1,""m"":5,""maf_fixed"":0.3,""maf_type"":""fixed"",""n_blocks"":50,""n_samples"":500,""p"":1000,""rho"":0.8,""signal_ratio"":1.0}",bworf_weighted,42,1,500,1000,5,0.100000,0.800000,1.000000,fixed,0.100000,1000,10,0.431197,0.890804,0.899628,0.516282,0.164033,404.700000,389.000000,0.200000,80.004297,391.033131,ok,
664d216627ff,"{""case_control_ratio"":0.1,""h2"":0.1,""m"":5,""maf_fixed"":0.3,""maf_type"":""fixed"",""n_blocks"":50,""n_samples"":500,""p"":1000,""rho"":0.8,""signal_ratio"":1.0}",rf,0,1,500,1000,5,0.100000,0.800000,1.000000,fixed,0.100000,1000,10,0.582195,0.925266,0.951049,0.500000,0.084804,455.700000,516.500000,0.100000,0.516015,21.616419,ok,
664d216627ff,"{""case_control_ratio"":0.1,""h2"":0.1,""m"":5,""maf_fixed"":0.3,""maf_type"":""fixed"",""n_blocks"":50,""n_samples"":500,""p"":1000,""rho"":0.8,""signal_ratio"":1.0}",orf,0,1,500,1000,5,0.100000,0.800000,1.000000,fixed,0.100000,1000,10,0.651523,0.943758,0.951049,0.500000,0.083274,428.300000,391.500000,0.000000,1.306688,39.979962,ok,
664d216627ff,"{""case_control_ratio"":0.1,""h2"":0.1,""m"":5,""maf_fixed"":0.3,""maf_type"":""fixed"",""n_blocks"":50,""n_samples"":500,""p"":1000,""rho"":0.8,""signal_ratio"":1.0}",bworf_uniform,0,1,500,1000,5,0.100000,0.800000,1.000000,fixed,0.100000,1000,10,0.624212,0.941050,0.950704,0.532038,0.088299,417.600000,352.500000,0.200000,89.957337,387.686371,ok,
664d216627ff,"{""case_control_ratio"":0.1,""h2"":0.1,""m"":5,""maf_fixed"":0.3,""maf_type"":""fixed"",""n_blocks"":50,""n_samples"":500,""p"":1000,""rho"":0.8,""signal_ratio"":1.0}",bworf_weighted,0,1,500,1000,5,0.100000,0.800000,1.000000,fixed,0.100000,1000,10,0.596376,0.925247,0.890566,0.540966,0.140787,449.300000,338.500000,0.000000,79.124290,389.800628,ok,
664d216627ff,"{""case_control_ratio"":0.1,""h2"":0.1,""m"":5,""maf_fixed"":0.3,""maf_type"":""fixed"",""n_blocks"":50,""n_samples"":500,""p"":1000,""rho"":0.8,""signal_ratio"":1.0}",rf,12,1,500,1000,5,0.100000,0.800000,1.000000,fixed,0.100000,1000,10,0.450630,0.877852,0.951049,0.500000,0.089531,454.400000,389.500000,0.100000,0.511497,21.854973,ok,
664d216627ff,"{""case_control_ratio"":0.1,""h2"":0.1,""m"":5,""maf_fixed"":0.3,""maf_type"":""fixed"",""n_blocks"":50,""n_samples"":500,""p"":1000,""rho"":0.8,""signal_ratio"":1.0}",orf,12,1,500,1000,5,0.100000,0.800000,1.000000,fixed,0.100000,1000,10,0.461660,0.897501,0.951049,0.500000,0.087257,374.400000,331.500000,0.000000,1.626781,43.257961,ok,
664d216627ff,"{""case_control_ratio"":0.1,""h2"":0.1,""m"":5,""maf_fixed"":0.3,""maf_type"":""fixed"",""n_blocks"":50,""n_samples"":500,""p"":1000,""rho"":0.8,""signal_ratio"":1.0}",bworf_uniform,12,1,500,1000,5,0.100000,0.800000,1.000000,fixed,0.100000,1000,10,0.488183,0.901292,0.943262,0.524685,0.098691,428.900000,371.000000,0.000000,97.798664,398.245831,ok,
664d216627ff,"{""case_control_ratio"":0.1,""h2"":0.1,""m"":5,""maf_fixed"":0.3,""maf_type"":""fixed"",""n_blocks"":50,""n_samples"":500,""p"":1000,""rho"":0.8,""signal_ratio"":1.0}",bworf_weighted,12,1,500,1000,5,0.100000,0.800000,1.000000,fixed,0.100000,1000,10,0.498424,0.905123,0.842520,0.500525,0.190826,539.900000,492.000000,0.000000,86.210073,390.214369,ok,
664d216627ff,"{""case_control_ratio"":0.1,""h2"":0.1,""m"":5,""maf_fixed"":0.3,""maf_type"":""fixed"",""n_blocks"":50,""n_samples"":500,""p"":1000,""rho"":0.8,""signal_ratio"":1.0}",rf,100,1,500,1000,5,0.100000,0.800000,1.000000,fixed,0.100000,1000,10,0.415179,0.883359,0.951049,0.500000,0.089713,364.500000,304.500000,0.100000,0.543037,21.802673,ok,
664d216627ff,"{""case_control_ratio"":0.1,""h2"":0.1,""m"":5,""maf_fixed"":0.3,""maf_type"":""fixed"",""n_blocks"":50,""n_samples"":500,""p"":1000,""rho"":0.8,""signal_ratio"":1.0}",orf,100,1,500,1000,5,0.100000,0.800000,1.000000,fixed,0.100000,1000,10,0.524160,0.923948,0.951049,0.500000,0.085760,555.400000,426.500000,0.000000,1.759186,44.399089,ok,
664d216627ff,"{""case_control_ratio"":0.1,""h2"":0.1,""m"":5,""maf_fixed"":0.3,""maf_type"":""fixed"",""n_blocks"":50,""n_samples"":500,""p"":1000,""rho"":0.8,""signal_ratio"":1.0}",bworf_uniform,100,1,500,1000,5,0.100000,0.800000,1.000000,fixed,0.100000,1000,10,0.602941,0.937749,0.950704,0.532038,0.090801,341.200000,220.500000,0.000000,97.611785,391.729174,ok,
664d216627ff,"{""case_control_ratio"":0.1,""h2"":0.1,""m"":5,""maf_fixed"":0.3,""maf_type"":""fixed"",""n_blocks"":50,""n_samples"":500,""p"":1000,""rho"":0.8,""signal_ratio"":1.0}",bworf_weighted,100,1,500,1000,5,0.100000,0.800000,1.000000,fixed,0.100000,1000,10,0.652048,0.939581,0.891386,0.508929,0.133770,314.300000,276.000000,0.000000,80.316493,393.643712,ok,
664d216627ff,"{""case_control_ratio"":0.1,""h2"":0.1,""m"":5,""maf_fixed"":0.3,""maf_type"":""fixed"",""n_blocks"":50,""n_samples"":500,""p"":1000,""rho"":0.8,""signal_ratio"":1.0}",rf,90,1,500,1000,5,0.100000,0.800000,1.000000,fixed,0.100000,1000,10,0.495536,0.911304,0.951049,0.500000,0.088345,527.000000,534.000000,0.000000,0.543509,21.752885,ok,
664d216627ff,"{""case_control_ratio"":0.1,""h2"":0.1,""m"":5,""maf_fixed"":0.3,""maf_type"":""fixed"",""n_blocks"":50,""n_samples"":500,""p"":1000,""rho"":0.8,""signal_ratio"":1.0}",orf,90,1,500,1000,5,0.100000,0.800000,1.000000,fixed,0.100000,1000,10,0.412553,0.899692,0.951049,0.500000,0.088272,502.700000,453.500000,0.000000,1.445341,39.865306,ok,
664d216627ff,"{""case_control_ratio"":0.1,""h2"":0.1,""m"":5,""maf_fixed"":0.3,""maf_type"":""fixed"",""n_blocks"":50,""n_samples"":500,""p"":1000,""rho"":0.8,""signal_ratio"":1.0}",bworf_uniform,90,1,500,1000,5,0.100000,0.800000,1.000000,fixed,0.100000,1000,10,0.454044,0.904851,0.943662,0.492647,0.105560,527.800000,638.500000,0.100000,125.504754,439.690617,ok,
664d216627ff,"{""case_control_ratio"":0.1,""h2"":0.1,""m"":5,""maf_fixed"":0.3,""maf_type"":""fixed"",""n_blocks"":50,""n_samples"":500,""p"":1000,""rho"":0.8,""signal_ratio"":1.0}",bworf_weighted,90,1,500,1000,5,0.100000,0.800000,1.000000,fixed,0.100000,1000,10,0.497899,0.921675,0.872180,0.426471,0.166170,381.700000,303.000000,0.100000,87.173907,388.654247,ok,
664d216627ff,"{""case_control_ratio"":0.1,""h2"":0.1,""m"":5,""maf_fixed"":0.3,""maf_type"":""fixed"",""n_blocks"":50,""n_samples"":500,""p"":1000,""rho"":0.8,""signal_ratio"":1.0}",rf,42,2,500,1000,5,0.100000,0.800000,1.000000,fixed,0.100000,1000,10,0.465074,0.893288,0.951049,0.500000,0.087028,418.900000,370.500000,0.000000,0.544012,24.373640,ok,
664d216627ff,"{""case_control_ratio"":0.1,""h2"":0.1,""m"":5,""maf_fixed"":0.3,""maf_type"":""fixed"",""n_blocks"":50,""n_samples"":500,""p"":1000,""rho"":0.8,""signal_ratio"":1.0}",orf,42,2,500,1000,5,0.100000,0.800000,1.000000,fixed,0.100000,1000,10,0.481618,0.911164,0.951049,0.500000,0.085970,529.600000,641.000000,0.000000,1.734303,46.639080,ok,
664d216627ff,"{""case_control_ratio"":0.1,""h2"":0.1,""m"":5,""maf_fixed"":0.3,""maf_type"":""fixed"",""n_blocks"":50,""n_samples"":500,""p"":1000,""rho"":0.8,""signal_ratio"":1.0}",bworf_uniform,42,2,500,1000,5,0.100000,0.800000,1.000000,fixed,0.100000,1000,10,0.456408,0.898091,0.939929,0.488971,0.100742,309.100000,355.000000,0.000000,94.739136,391.134740,ok,
664d216627ff,"{""case_control_ratio"":0.1,""h2"":0.1,""m"":5,""maf_fixed"":0.3,""maf_type"":""fixed"",""n_blocks"":50,""n_samples"":500,""p"":1000,""rho"":0.8,""signal_ratio"":1.0}",bworf_weighted,42,2,500,1000,5,0.100000,0.800000,1.000000,fixed,0.100000,1000,10,0.452994,0.887495,0.896296,0.480567,0.153700,439.000000,407.500000,0.000000,93.992255,399.880852,ok,
664d216627ff,"{""case_control_ratio"":0.1,""h2"":0.1,""m"":5,""maf_fixed"":0.3,""maf_type"":""fixed"",""n_blocks"":50,""n_samples"":500,""p"":1000,""rho"":0.8,""signal_ratio"":1.0}",rf,0,2,500,1000,5,0.100000,0.800000,1.000000,fixed,0.100000,1000,10,0.579832,0.936079,0.951049,0.500000,0.085679,468.000000,536.500000,0.100000,0.559694,23.203042,ok,
664d216627ff,"{""case_control_ratio"":0.1,""h2"":0.1,""m"":5,""maf_fixed"":0.3,""maf_type"":""fixed"",""n_blocks"":50,""n_samples"":500,""p"":1000,""rho"":0.8,""signal_ratio"":1.0}",orf,0,2,500,1000,5,0.100000,0.800000,1.000000,fixed,0.100000,1000,10,0.503151,0.910042,0.951049,0.500000,0.085589,584.600000,718.500000,0.100000,1.363221,43.019042,ok,
664d216627ff,"{""case_control_ratio"":0.1,""h2"":0.1,""m"":5,""maf_fixed"":0.3,""maf_type"":""fixed"",""n_blocks"":50,""n_samples"":500,""p"":1000,""rho"":0.8,""signal_ratio"":1.0}",bworf_uniform,0,2,500,1000,5,0.100000,0.800000,1.000000,fixed,0.100000,1000,10,0.592174,0.935027,0.943662,0.492647,0.099808,400.200000,293.500000,0.100000,94.198330,399.903015,ok,
664d216627ff,"{""case_control_ratio"":0.1,""h2"":0.1,""m"":5,""maf_fixed"":0.3,""maf_type"":""fixed"",""n_blocks"":50,""n_samples"":500,""p"":1000,""rho"":0.8,""signal_ratio"":1.0}",bworf_weighted,0,2,500,1000,5,0.100000,0.800000,1.000000,fixed,0.100000,1000,10,0.522584,0.911391,0.904412,0.487920,0.142322,417.700000,307.000000,0.100000,104.571149,418.040875,ok,
664d216627ff,"{""case_control_ratio"":0.1,""h2"":0.1,""m"":5,""maf_fixed"":0.3,""maf_type"":""fixed"",""n_blocks"":50,""n_samples"":500,""p"":1000,""rho"":0.8,""signal_ratio"":1.0}",rf,12,2,500,1000,5,0.100000,0.800000,1.000000,fixed,0.100000,1000,10,0.403624,0.883644,0.951049,0.500000,0.090171,528.800000,524.500000,0.000000,0.650824,23.209498,ok,
664d216627ff,"{""case_control_ratio"":0.1,""h2"":0.1,""m"":5,""maf_fixed"":0.3,""maf_type"":""fixed"",""n_blocks"":50,""n_samples"":500,""p"":1000,""rho"":0.8,""signal_ratio"":1.0}",orf,12,2,500,1000,5,0.100000,0.800000,1.000000,fixed,0.100000,1000,10,0.497899,0.924965,0.951049,0.500000,0.086189,544.700000,663.000000,0.000000,1.513147,42.626917,ok,
664d216627ff,"{""case_control_ratio"":0.1,""h2"":0.1,""m"":5,""maf_fixed"":0.3,""maf_type"":""fixed"",""n_blocks"":50,""n_samples"":500,""p"":1000,""rho"":0.8,""signal_ratio"":1.0}",bworf_uniform,12,2,500,1000,5,0.100000,0.800000,1.000000,fixed,0.100000,1000,10,0.543330,0.918258,0.951049,0.500000,0.093130,349.200000,337.500000,0.200000,95.057772,402.572065,ok,
664d216627ff,"{""case_control_ratio"":0.1,""h2"":0.1,""m"":5,""maf_fixed"":0.3,""maf_type"":""fixed"",""n_blocks"":50,""n_samples"":500,""p"":1000,""rho"":0.8,""signal_ratio"":1.0}",bworf_weighted,12,2,500,1000,5,0.100000,0.800000,1.000000,fixed,0.100000,1000,10,0.501050,0.905279,0.890566,0.540966,0.153732,408.700000,460.500000,0.200000,81.759460,389.515208,ok,
664d216627ff,"{""case_control_ratio"":0.1,""h2"":0.1,""m"":5,""maf_fixed"":0.3,""maf_type"":""fixed"",""n_blocks"":50,""n_samples"":500,""p"":1000,""rho"":0.8,""signal_ratio"":1.0}",rf,100,2,500,1000,5,0.100000,0.800000,1.000000,fixed,0.100000,1000,10,0.498162,0.912725,0.951049,0.500000,0.086981,544.300000,493.500000,0.000000,0.559829,23.156205,ok,
664d216627ff,"{""case_control_ratio"":0.1,""h2"":0.1,""m"":5,""maf_fixed"":0.3,""maf_type"":""fixed"",""n_blocks"":50,""n_samples"":500,""p"":1000,""rho"":0.8,""signal_ratio"":1.0}",orf,100,2,500,1000,5,0.100000,0.800000,1.000000,fixed,0.100000,1000,10,0.560924,0.929749,0.951049,0.500000,0.085173,517.300000,523.500000,0.000000,1.517879,43.044909,ok,
664d216627ff,"{""case_control_ratio"":0.1,""h2"":0.1,""m"":5,""maf_fixed"":0.3,""maf_type"":""fixed"",""n_blocks"":50,""n_samples"":500,""p"":1000,""rho"":0.8,""signal_ratio"":1.0}",bworf_uniform,100,2,500,1000,5,0.100000,0.800000,1.000000,fixed,0.100000,1000,10,0.658613,0.946070,0.947368,0.496324,0.089813,437.700000,521.000000,0.100000,97.366909,391.504534,ok,
664d216627ff,"{""case_control_ratio"":0.1,""h2"":0.1,""m"":5,""maf_fixed"":0.3,""maf_type"":""fixed"",""n_blocks"":50,""n_samples"":500,""p"":1000,""rho"":0.8,""signal_ratio"":1.0}",bworf_weighted,100,2,500,1000,5,0.100000,0.800000,1.000000,fixed,0.100000,1000,10,0.640756,0.950455,0.916364,0.498950,0.115466,431.100000,459.000000,0.100000,86.070990,388.132848,ok,
664d216627ff,"{""case_control_ratio"":0.1,""h2"":0.1,""m"":5,""maf_fixed"":0.3,""maf_type"":""fixed"",""n_blocks"":50,""n_samples"":500,""p"":1000,""rho"":0.8,""signal_ratio"":1.0}",rf,90,2,500,1000,5,0.100000,0.800000,1.000000,fixed,0.100000,1000,10,0.616859,0.941982,0.951049,0.500000,0.083779,616.100000,586.500000,0.000000,0.542822,24.113840,ok,
664d216627ff,"{""case_control_ratio"":0.1,""h2"":0.1,""m"":5,""maf_fixed"":0.3,""maf_type"":""fixed"",""n_blocks"":50,""n_samples"":500,""p"":1000,""rho"":0.8,""signal_ratio"":1.0}",orf,90,2,500,1000,5,0.100000,0.800000,1.000000,fixed,0.100000,1000,10,0.545956,0.910679,0.951049,0.500000,0.084915,587.100000,597.500000,0.000000,1.544703,45.015336,ok,
664d216627ff,"{""case_control_ratio"":0.1,""h2"":0.1,""m"":5,""maf_fixed"":0.3,""maf_type"":""fixed"",""n_blocks"":50,""n_samples"":500,""p"":1000,""rho"":0.8,""signal_ratio"":1.0}",bworf_uniform,90,2,500,1000,5,0.100000,0.800000,1.000000,fixed,0.100000,1000,10,0.565126,0.919551,0.951049,0.500000,0.089975,355.800000,307.000000,0.100000,98.429478,390.979525,ok,
664d216627ff,"{""case_control_ratio"":0.1,""h2"":0.1,""m"":5,""maf_fixed"":0.3,""maf_type"":""fixed"",""n_blocks"":50,""n_samples"":500,""p"":1000,""rho"":0.8,""signal_ratio"":1.0}",bworf_weighted,90,2,500,1000,5,0.100000,0.800000,1.000000,fixed,0.100000,1000,10,0.535452,0.915495,0.899628,0.516282,0.130499,437.700000,413.000000,0.100000,103.708877,405.317972,ok,
7296a936717f,"{""case_control_ratio"":0.2,""h2"":0.1,""m"":5,""maf_fixed"":0.3,""maf_type"":""fixed"",""n_blocks"":50,""n_samples"":500,""p"":1000,""rho"":0.8,""signal_ratio"":1.0}",rf,42,0,500,1000,5,0.100000,0.800000,1.000000,fixed,0.200000,1000,10,0.602400,0.879288,0.909091,0.500000,0.137646,605.000000,575.000000,0.000000,0.674926,25.388493,ok,
7296a936717f,"{""case_control_ratio"":0.2,""h2"":0.1,""m"":5,""maf_fixed"":0.3,""maf_type"":""fixed"",""n_blocks"":50,""n_samples"":500,""p"":1000,""rho"":0.8,""signal_ratio"":1.0}",orf,42,0,500,1000,5,0.100000,0.800000,1.000000,fixed,0.200000,1000,10,0.630880,0.891806,0.909091,0.500000,0.135559,328.200000,208.500000,0.100000,1.895315,44.850067,ok,
7296a936717f,"{""case_control_ratio"":0.2,""h2"":0.1,""m"":5,""maf_fixed"":0.3,""maf_type"":""fixed"",""n_blocks"":50,""n_samples"":500,""p"":1000,""rho"":0.8,""signal_ratio"":1.0}",bworf_uniform,42,0,500,1000,5,0.100000,0.800000,1.000000,fixed,0.200000,1000,10,0.555200,0.846935,0.900369,0.508000,0.149824,414.100000,341.500000,0.000000,105.787449,395.167044,ok,
7296a936717f,"{""case_control_ratio"":0.2,""h2"":0.1,""m"":5,""maf_fixed"":0.3,""maf_type"":""fixed"",""n_blocks"":50,""n_samples"":500,""p"":1000,""rho"":0.8,""signal_ratio"":1.0}",bworf_weighted,42,0,500,1000,5,0.100000,0.800000,1.000000,fixed,0.200000,1000,10,0.549280,0.847336,0.801688,0.540000,0.208821,550.300000,572.500000,0.000000,104.230935,396.732436,ok,
7296a936717f,"{""case_control_ratio"":0.2,""h2"":0.1,""m"":5,""maf_fixed"":0.3,""maf_type"":""fixed"",""n_blocks"":50,""n_samples"":500,""p"":1000,""rho"":0.8,""signal_ratio"":1.0}",rf,0,0,500,1000,5,0.100000,0.800000,1.000000,fixed,0.200000,1000,10,0.469440,0.832099,0.909091,0.500000,0.145612,556.100000,578.500000,0.000000,0.953455,24.214242,ok,
7296a936717f,"{""case_control_ratio"":0.2,""h2"":0.1,""m"":5,""maf_fixed"":0.3,""maf_type"":""fixed"",""n_blocks"":50,""n_samples"":500,""p"":1000,""rho"":0.8,""signal_ratio"":1.0}",orf,0,0,500,1000,5,0.100000,0.800000,1.000000,fixed,0.200000,1000,10,0.490560,0.853206,0.909091,0.500000,0.142285,533.000000,539.500000,0.000000,2.110237,46.292947,ok,
7296a936717f,"{""case_control_ratio"":0.2,""h2"":0.1,""m"":5,""maf_fixed"":0.3,""maf_type"":""fixed"",""n_blocks"":50,""n_samples"":500,""p"":1000,""rho"":0.8,""signal_ratio"":1.0}",bworf_uniform,0,0,500,1000,5,0.100000,0.800000,1.000000,fixed,0.200000,1000,10,0.464000,0.827314,0.888060,0.496000,0.172472,452.200000,449.500000,0.100000,104.273938,390.848480,ok,
7296a936717f,"{""case_control_ratio"":0.2,""h2"":0.1,""m"":5,""maf_fixed"":0.3,""maf_type"":""fixed"",""n_blocks"":50,""n_samples"":500,""p"":1000,""rho"":0.8,""signal_ratio"":1.0}",bworf_weighted,0,0,500,1000,5,0.100000,0.800000,1.000000,fixed,0.200000,1000,10,0.447520,0.823187,0.778243,0.452000,0.248907,396.900000,466.500000,0.100000,99.526299,395.962887,ok,
7296a936717f,"{""case_control_ratio"":0.2,""h2"":0.1,""m"":5,""maf_fixed"":0.3,""maf_type"":""fixed"",""n_blocks"":50,""n_samples"":500,""p"":1000,""rho"":0.8,""signal_ratio"":1.0}",rf,12,0,500,1000,5,0.100000,0.800000,1.000000,fixed,0.200000,1000,10,0.499680,0.837334,0.909091,0.500000,0.144131,439.400000,497.500000,0.000000,0.699988,23.772360,ok,
7296a936717f,"{""case_control_ratio"":0.2,""h2"":0.1,""m"":5,""maf_fixed"":0.3,""maf_type"":""fixed"",""n_blocks"":50,""n_samples"":500,""p"":1000,""rho"":0.8,""signal_ratio"":1.0}",orf,12,0,500,1000,5,0.100000,0.800000,1.000000,fixed,0.200000,1000,10,0.439200,0.797621,0.909091,0.500000,0.144953,442.500000,490.000000,0.000000,2.212048,44.205706,ok,
7296a936717f,"{""case_control_ratio"":0.2,""h2"":0.1,""m"":5,""maf_fixed"":0.3,""maf_type"":""fixed"",""n_blocks"":50,""n_samples"":500,""p"":1000,""rho"":0.8,""signal_ratio"":1.0}",bworf_uniform,12,0,500,1000,5,0.100000,0.800000,1.000000,fixed,0.200000,1000,10,0.597120,0.863116,0.884758,0.476000,0.161071,383.500000,285.000000,0.000000,103.604557,395.305421,ok,
7296a936717f,"{""case_control_ratio"":0.2,""h2"":0.1,""m"":5,""maf_fixed"":0.3,""maf_type"":""fixed"",""n_blocks"":50,""n_samples"":500,""p"":1000,""rho"":0.8,""signal_ratio"":1.0}",bworf_weighted,12,0,500,1000,5,0.100000,0.800000,1.000000,fixed,0.200000,1000,10,0.596000,0.856667,0.821138,0.504000,0.201120,306.100000,239.500000,0.000000,99.771928,391.298942,ok,
7296a936717f,"{""case_control_ratio"":0.2,""h2"":0.1,""m"":5,""maf_fixed"":0.3,""maf_type"":""fixed"",""n_blocks"":50,""n_samples"":500,""p"":1000,""rho"":0.8,""signal_ratio"":1.0}",rf,100,0,500,1000,5,0.100000,0.800000,1.000000,fixed,0.200000,1000,10,0.537760,0.861942,0.909091,0.500000,0.141391,278.900000,168.500000,0.100000,0.601198,24.478921,ok,
7296a936717f,"{""case_control_ratio"":0.2,""h2"":0.1,""m"":5,""maf_fixed"":0.3,""maf_type"":""fixed"",""n_blocks"":50,""n_samples"":500,""p"":1000,""rho"":0.8,""signal_ratio"":1.0}",orf,100,0,500,1000,5,0.100000,0.800000,1.000000,fixed,0.200000,1000,10,0.554240,0.862459,0.909091,0.500000,0.139044,532.100000,608.500000,0.000000,1.769426,45.182844,ok,
7296a936717f,"{""case_control_ratio"":0.2,""h2"":0.1,""m"":5,""maf_fixed"":0.3,""maf_type"":""fixed"",""n_blocks"":50,""n_samples"":500,""p"":1000,""rho"":0.8,""signal_ratio"":1.0}",bworf_uniform,100,0,500,1000,5,0.100000,0.800000,1.000000,fixed,0.200000,1000,10,0.518080,0.848231,0.887218,0.512000,0.163477,416.600000,315.000000,0.100000,103.277629,388.852272,ok,
7296a936717f,"{""case_control_ratio"":0.2,""h2"":0.1,""m"":5,""maf_fixed"":0.3,""maf_type"":""fixed"",""n_blocks"":50,""n_samples"":500,""p"":1000,""rho"":0.8,""signal_ratio"":1.0}",bworf_weighted,100,0,500,1000,5,0.100000,0.800000,1.000000,fixed,0.200000,1000,10,0.527520,0.849573,0.819672,0.520000,0.224088,586.200000,575.000000,0.100000,98.646271,394.440446,ok,
7296a936717f,"{""case_control_ratio"":0.2,""h2"":0.1,""m"":5,""maf_fixed"":0.3,""maf_type"":""fixed"",""n_blocks"":50,""n_samples"":500,""p"":1000,""rho"":0.8,""signal_ratio"":1.0}",rf,90,0,500,1000,5,0.100000,0.800000,1.000000,fixed,0.200000,1000,10,0.508000,0.848892,0.909091,0.500000,0.142605,353.800000,176.000000,0.000000,0.581083,25.136142,ok,
7296a936717f,"{""case_control_ratio"":0.2,""h2"":0.1,""m"":5,""maf_fixed"":0.3,""maf_type"":""fixed"",""n_blocks"":50,""n_samples"":500,""p"":1000,""rho"":0.8,""signal_ratio"":1.0}",orf,90,0,500,1000,5,0.100000,0.800000,1.000000,fixed,0.200000,1000,10,0.554400,0.856410,0.909091,0.500000,0.139668,415.000000,453.000000,0.000000,1.738791,44.203495,ok,
7296a936717f,"{""case_control_ratio"":0.2,""h2"":0.1,""m"":5,""maf_fixed"":0.3,""maf_type"":""fixed"",""n_blocks"":50,""n_samples"":500,""p"":1000,""rho"":0.8,""signal_ratio"":1.0}",bworf_uniform,90,0,500,1000,5,0.100000,0.800000,1.000000,fixed,0.200000,1000,10,0.560960,0.871138,0.884758,0.476000,0.164261,426.800000,403.500000,0.100000,101.319858,392.795881,ok,
7296a936717f,"{""case_control_ratio"":0.2,""h2"":0.1,""m"":5,""maf_fixed"":0.3,""maf_type"":""fixed"",""n_blocks"":50,""n_samples"":500,""p"":1000,""rho"":0.8,""signal_ratio"":1.0}",bworf_weighted,90,0,500,1000,5,0.100000,0.800000,1.000000,fixed,0.200000,1000,10,0.563360,0.868804,0.806584,0.492000,0.215510,466.300000,506.500000,0.100000,126.222046,392.315441,ok,
7296a936717f,"{""case_control_ratio"":0.2,""h2"":0.1,""m"":5,""maf_fixed"":0.3,""maf_type"":""fixed"",""n_blocks"":50,""n_samples"":500,""p"":1000,""rho"":0.8,""signal_ratio"":1.0}",rf,42,1,500,1000,5,0.100000,0.800000,1.000000,fixed,0.200000,1000,10,0.379520,0.799888,0.909091,0.500000,0.148387,533.800000,588.000000,0.000000,0.670188,24.061734,ok,
7296a936717f,"{""case_control_ratio"":0.2,""h2"":0.1,""m"":5,""maf_fixed"":0.3,""maf_type"":""fixed"",""n_blocks"":50,""n_samples"":500,""p"":1000,""rho"":0.8,""signal_ratio"":1.0}",orf,42,1,500,1000,5,0.100000,0.800000,1.000000,fixed,0.200000,1000,10,0.454400,0.828698,0.909091,0.500000,0.143869,672.600000,690.500000,0.000000,1.804780,43.820234,ok,
7296a936717f,"{""case_control_ratio"":0.2,""h2"":0.1,""m"":5,""maf_fixed"":0.3,""maf_type"":""fixed"",""n_blocks"":50,""n_samples"":500,""p"":1000,""rho"":0.8,""signal_ratio"":1.0}",bworf_uniform,42,1,500,1000,5,0.100000,0.800000,1.000000,fixed,0.200000,1000,10,0.510080,0.824188,0.896296,0.504000,0.161665,376.800000,288.000000,0.100000,105.989819,390.322490,ok,
7296a936717f,"{""case_control_ratio"":0.2,""h2"":0.1,""m"":5,""maf_fixed"":0.3,""maf_type"":""fixed"",""n_blocks"":50,""n_samples"":500,""p"":1000,""rho"":0.8,""signal_ratio"":1.0}",bworf_weighted,42,1,500,1000,5,0.100000,0.800000,1.000000,fixed,0.200000,1000,10,0.499040,0.816929,0.818182,0.536000,0.225850,435.400000,347.000000,0.000000,102.784550,397.591587,ok,
7296a936717f,"{""case_control_ratio"":0.2,""h2"":0.1,""m"":5,""maf_fixed"":0.3,""maf_type"":""fixed"",""n_blocks"":50,""n_samples"":500,""p"":1000,""rho"":0.8,""signal_ratio"":1.0}",rf,0,1,500,1000,5,0.100000,0.800000,1.000000,fixed,0.200000,1000,10,0.433600,0.831440,0.909091,0.500000,0.145665,343.400000,269.000000,0.000000,0.700552,23.031652,ok,
7296a936717f,"{""case_control_ratio"":0.2,""h2"":0.1,""m"":5,""maf_fixed"":0.3,""maf_type"":""fixed"",""n_blocks"":50,""n_samples"":500,""p"":1000,""rho"":0.8,""signal_ratio"":1.0}",orf,0,1,500,1000,5,0.100000,0.800000,1.000000,fixed,0.200000,1000,10,0.471360,0.841136,0.909091,0.500000,0.142268,512.400000,476.500000,0.000000,2.180948,48.317831,ok,
7296a936717f,"{""case_control_ratio"":0.2,""h2"":0.1,""m"":5,""maf_fixed"":0.3,""maf_type"":""fixed"",""n_blocks"":50,""n_samples"":500,""p"":1000,""rho"":0.8,""signal_ratio"":1.0}",bworf_uniform,0,1,500,1000,5,0.100000,0.800000,1.000000,fixed,0.200000,1000,10,0.531200,0.864002,0.888060,0.496000,0.159906,328.700000,300.500000,0.000000,105.498069,391.846626,ok,
7296a936717f,"{""case_control_ratio"":0.2,""h2"":0.1,""m"":5,""maf_fixed"":0.3,""maf_type"":""fixed"",""n_blocks"":50,""n_samples"":500,""p"":1000,""rho"":0.8,""signal_ratio"":1.0}",bworf_weighted,0,1,500,1000,5,0.100000,0.800000,1.000000,fixed,0.200000,1000,10,0.540160,0.864690,0.779661,0.488000,0.225630,400.100000,385.500000,0.000000,102.963208,392.474116,ok,
7296a936717f,"{""case_control_ratio"":0.2,""h2"":0.1,""m"":5,""maf_fixed"":0.3,""maf_type"":""fixed"",""n_blocks"":50,""n_samples"":500,""p"":1000,""rho"":0.8,""signal_ratio"":1.0}",rf,12,1,500,1000,5,0.100000,0.800000,1.000000,fixed,0.200000,1000,10,0.431840,0.787877,0.909091,0.500000,0.145636,451.400000,415.000000,0.000000,0.687171,23.986575,ok,
7296a936717f,"{""case_control_ratio"":0.2,""h2"":0.1,""m"":5,""maf_fixed"":0.3,""maf_type"":""fixed"",""n_blocks"":50,""n_samples"":500,""p"":1000,""rho"":0.8,""signal_ratio"":1.0}",orf,12,1,500,1000,5,0.100000,0.800000,1.000000,fixed,0.200000,1000,10,0.442080,0.801495,0.909091,0.500000,0.143800,521.700000,526.000000,0.000000,2.051327,44.866429,ok,
7296a936717f,"{""case_control_ratio"":0.2,""h2"":0.1,""m"":5,""maf_fixed"":0.3,""maf_type"":""fixed"",""n_blocks"":50,""n_samples"":500,""p"":1000,""rho"":0.8,""signal_ratio"":1.0}",bworf_uniform,12,1,500,1000,5,0.100000,0.800000,1.000000,fixed,0.200000,1000,10,0.469760,0.811520,0.900369,0.508000,0.159539,379.400000,329.500000,0.100000,106.543965,387.497019,ok,
7296a936717f,"{""case_control_ratio"":0.2,""h2"":0.1,""m"":5,""maf_fixed"":0.3,""maf_type"":""fixed"",""n_blocks"":50,""n_samples"":500,""p"":1000,""rho"":0.8,""signal_ratio"":1.0}",bworf_weighted,12,1,500,1000,5,0.100000,0.800000,1.000000,fixed,0.200000,1000,10,0.460320,0.810767,0.806584,0.492000,0.226942,483.100000,434.000000,0.100000,102.476219,390.536742,ok,
7296a936717f,"{""case_control_ratio"":0.2,""h2"":0.1,""m"":5,""maf_fixed"":0.3,""maf_type"":""fixed"",""n_blocks"":50,""n_samples"":500,""p"":1000,""rho"":0.8,""signal_ratio"":1.0}",rf,100,1,500,1000,5,0.100000,0.800000,1.000000,fixed,0.200000,1000,10,0.445600,0.821623,0.909091,0.500000,0.145579,466.700000,431.500000,0.000000,0.734095,24.380497,ok,
7296a936717f,"{""case_control_ratio"":0.2,""h2"":0.1,""m"":5,""maf_fixed"":0.3,""maf_type"":""fixed"",""n_blocks"":50,""n_samples"":500,""p"":1000,""rho"":0.8,""signal_ratio"":1.0}",orf,100,1,500,1000,5,0.100000,0.800000,1.000000,fixed,0.200000,1000,10,0.398720,0.807969,0.909091,0.500000,0.145249,538.400000,561.000000,0.000000,2.027497,43.886340,ok,
7296a936717f,"{""case_control_ratio"":0.2,""h2"":0.1,""m"":5,""maf_fixed"":0.3,""maf_type"":""fixed"",""n_blocks"":50,""n_samples"":500,""p"":1000,""rho"":0.8,""signal_ratio"":1.0}",bworf_uniform,100,1,500,1000,5,0.100000,0.800000,1.000000,fixed,0.200000,1000,10,0.540320,0.849942,0.895522,0.520000,0.158537,522.000000,536.000000,0.000000,109.460851,396.535281,ok,
7296a936717f,"{""case_control_ratio"":0.2,""h2"":0.1,""m"":5,""maf_fixed"":0.3,""maf_type"":""fixed"",""n_blocks"":50,""n_samples"":500,""p"":1000,""rho"":0.8,""signal_ratio"":1.0}",bworf_weighted,100,1,500,1000,5,0.100000,0.800000,1.000000,fixed,0.200000,1000,10,0.510560,0.838594,0.743363,0.496000,0.246328,631.400000,765.000000,0.000000,105.468163,391.023432,ok,
7296a936717f,"{""case_control_ratio"":0.2,""h2"":0.1,""m"":5,""maf_fixed"":0.3,""maf_type"":""fixed"",""n_blocks"":50,""n_samples"":500,""p"":1000,""rho"":0.8,""signal_ratio"":1.0}",rf,90,1,500,1000,5,0.100000,0.800000,1.000000,fixed,0.200000,1000,10,0.426080,0.811057,0.909091,0.500000,0.146927,504.400000,593.000000,0.200000,0.673361,23.872177,ok,
7296a936717f,"{""case_control_ratio"":0.2,""h2"":0.1,""m"":5,""maf_fixed"":0.3,""maf_type"":""fixed"",""n_blocks"":50,""n_samples"":500,""p"":1000,""rho"":0.8,""signal_ratio"":1.0}",orf,90,1,500,1000,5,0.100000,0.800000,1.000000,fixed,0.200000,1000,10,0.432960,0.829081,0.909091,0.500000,0.144893,406.800000,341.000000,0.000000,2.225360,49.850168,ok,
7296a936717f,"{""case_control_ratio"":0.2,""h2"":0.1,""m"":5,""maf_fixed"":0.3,""maf_type"":""fixed"",""n_blocks"":50,""n_samples"":500,""p"":1000,""rho"":0.8,""signal_ratio"":1.0}",bworf_uniform,90,1,500,1000,5,0.100000,0.800000,1.000000,fixed,0.200000,1000,10,0.494720,0.822160,0.884758,0.476000,0.161416,502.800000,389.000000,0.100000,108.944545,384.135937,ok,
7296a936717f,"{""case_control_ratio"":0.2,""h2"":0.1,""m"":5,""maf_fixed"":0.3,""maf_type"":""fixed"",""n_blocks"":50,""n_samples"":500,""p"":1000,""rho"":0.8,""signal_ratio"":1.0}",bworf_weighted,90,1,500,1000,5,0.100000,0.800000,1.000000,fixed,0.200000,1000,10,0.504640,0.824794,0.829268,0.528000,0.210483,623.400000,632.000000,0.100000,105.855971,390.720722,ok,
7296a936717f,"{""case_control_ratio"":0.2,""h2"":0.1,""m"":5,""maf_fixed"":0.3,""maf_type"":""fixed"",""n_blocks"":50,""n_samples"":500,""p"":1000,""rho"":0.8,""signal_ratio"":1.0}",rf,42,2,500,1000,5,0.100000,0.800000,1.000000,fixed,0.200000,1000,10,0.510240,0.844803,0.909091,0.500000,0.140811,392.300000,375.000000,0.200000,0.657202,24.232758,ok,
7296a936717f,"{""case_control_ratio"":0.2,""h2"":0.1,""m"":5,""maf_fixed"":0.3,""maf_type"":""fixed"",""n_blocks"":50,""n_samples"":500,""p"":1000,""rho"":0.8,""signal_ratio"":1.0}",orf,42,2,500,1000,5,0.100000,0.800000,1.000000,fixed,0.200000,1000,10,0.475200,0.842436,0.909091,0.500000,0.141835,235.500000,129.500000,0.200000,2.310067,51.432892,ok,
7296a936717f,"{""case_control_ratio"":0.2,""h2"":0.1,""m"":5,""maf_fixed"":0.3,""maf_type"":""fixed"",""n_blocks"":50,""n_samples"":500,""p"":1000,""rho"":0.8,""signal_ratio"":1.0}",bworf_uniform,42,2,500,1000,5,0.100000,0.800000,1.000000,fixed,0.200000,1000,10,0.475840,0.821252,0.888889,0.480000,0.167570,216.300000,39.500000,0.500000,103.536414,385.304539,ok,
7296a936717f,"{""case_control_ratio"":0.2,""h2"":0.1,""m"":5,""maf_fixed"":0.3,""maf_type"":""fixed"",""n_blocks"":50,""n_samples"":500,""p"":1000,""rho"":0.8,""signal_ratio"":1.0}",bworf_weighted,42,2,500,1000,5,0.100000,0.800000,1.000000,fixed,0.200000,1000,10,0.464160,0.821376,0.806584,0.492000,0.229075,204.400000,27.000000,0.400000,112.617542,392.030873,ok,
7296a936717f,"{""case_control_ratio"":0.2,""h2"":0.1,""m"":5,""maf_fixed"":0.3,""maf_type"":""fixed"",""n_blocks"":50,""n_samples"":500,""p"":1000,""rho"":0.8,""signal_ratio"":1.0}",rf,0,2,500,1000,5,0.100000,0.800000,1.000000,fixed,0.200000,1000,10,0.504480,0.844000,0.909091,0.500000,0.143262,463.500000,546.000000,0.100000,0.609428,25.262278,ok,
7296a936717f,"{""case_control_ratio"":0.2,""h2"":0.1,""m"":5,""maf_fixed"":0.3,""maf_type"":""fixed"",""n_blocks"":50,""n_samples"":500,""p"":1000,""rho"":0.8,""signal_ratio"":1.0}",orf,0,2,500,1000,5,0.100000,0.800000,1.000000,fixed,0.200000,1000,10,0.525760,0.844203,0.909091,0.500000,0.139988,613.100000,760.000000,0.000000,1.888737,46.528920,ok,
7296a936717f,"{""case_control_ratio"":0.2,""h2"":0.1,""m"":5,""maf_fixed"":0.3,""maf_type"":""fixed"",""n_blocks"":50,""n_samples"":500,""p"":1000,""rho"":0.8,""signal_ratio"":1.0}",bworf_uniform,0,2,500,1000,5,0.100000,0.800000,1.000000,fixed,0.200000,1000,10,0.500480,0.831644,0.888889,0.480000,0.166538,180.300000,110.000000,0.300000,104.685504,394.151317,ok,
7296a936717f,"{""case_control_ratio"":0.2,""h2"":0.1,""m"":5,""maf_fixed"":0.3,""maf_type"":""fixed"",""n_blocks"":50,""n_samples"":500,""p"":1000,""rho"":0.8,""signal_ratio"":1.0}",bworf_weighted,0,2,500,1000,5,0.100000,0.800000,1.000000,fixed,0.200000,1000,10,0.491520,0.823256,0.767932,0.444000,0.239714,204.600000,32.500000,0.300000,100.873917,389.867952,ok,
7296a936717f,"{""case_control_ratio"":0.2,""h2"":0.1,""m"":5,""maf_fixed"":0.3,""maf_type"":""fixed"",""n_blocks"":50,""n_samples"":500,""p"":1000,""rho"":0.8,""signal_ratio"":1.0}",rf,12,2,500,1000,5,0.100000,0.800000,1.000000,fixed,0.200000,1000,10,0.460480,0.801696,0.909091,0.500000,0.145854,391.300000,318.000000,0.000000,0.599428,24.543673,ok,
7296a936717f,"{""case_control_ratio"":0.2,""h2"":0.1,""m"":5,""maf_fixed"":0.3,""maf_type"":""fixed"",""n_blocks"":50,""n_samples"":500,""p"":1000,""rho"":0.8,""signal_ratio"":1.0}",orf,12,2,500,1000,5,0.100000,0.800000,1.000000,fixed,0.200000,1000,10,0.530400,0.839201,0.909091,0.500000,0.141120,519.500000,596.500000,0.000000,1.783914,45.093561,ok,
7296a936717f,"{""case_control_ratio"":0.2,""h2"":0.1,""m"":5,""maf_fixed"":0.3,""maf_type"":""fixed"",""n_blocks"":50,""n_samples"":500,""p"":1000,""rho"":0.8,""signal_ratio"":1.0}",bworf_uniform,12,2,500,1000,5,0.100000,0.800000,1.000000,fixed,0.200000,1000,10,0.489920,0.823282,0.864865,0.508000,0.180288,302.300000,251.500000,0.200000,103.199639,397.922927,ok,
7296a936717f,"{""case_control_ratio"":0.2,""h2"":0.1,""m"":5,""maf_fixed"":0.3,""maf_type"":""fixed"",""n_blocks"":50,""n_samples"":500,""p"":1000,""rho"":0.8,""signal_ratio"":1.0}",bworf_weighted,12,2,500,1000,5,0.100000,0.800000,1.000000,fixed,0.200000,1000,10,0.490560,0.828101,0.793249,0.516000,0.256100,346.100000,203.500000,0.400000,100.547194,392.136295,ok,
7296a936717f,"{""case_control_ratio"":0.2,""h2"":0.1,""m"":5,""maf_fixed"":0.3,""maf_type"":""fixed"",""n_blocks"":50,""n_samples"":500,""p"":1000,""rho"":0.8,""signal_ratio"":1.0}",rf,100,2,500,1000,5,0.100000,0.800000,1.000000,fixed,0.200000,1000,10,0.537120,0.865314,0.909091,0.500000,0.140484,389.400000,421.500000,0.000000,0.608294,24.617355,ok,
7296a936717f,"{""case_control_ratio"":0.2,""h2"":0.1,""m"":5,""maf_fixed"":0.3,""maf_type"":""fixed"",""n_blocks"":50,""n_samples"":500,""p"":1000,""rho"":0.8,""signal_ratio"":1.0}",orf,100,2,500,1000,5,0.100000,0.800000,1.000000,fixed,0.200000,1000,10,0.437760,0.825325,0.909091,0.500000,0.144087,415.500000,357.000000,0.100000,2.163338,50.800991,ok,
7296a936717f,"{""case_control_ratio"":0.2,""h2"":0.1,""m"":5,""maf_fixed"":0.3,""maf_type"":""fixed"",""n_blocks"":50,""n_samples"":500,""p"":1000,""rho"":0.8,""signal_ratio"":1.0}",bworf_uniform,100,2,500,1000,5,0.100000,0.800000,1.000000,fixed,0.200000,1000,10,0.530560,0.851907,0.891386,0.516000,0.165974,343.800000,256.000000,0.200000,103.763895,396.009864,ok,
7296a936717f,"{""case_control_ratio"":0.2,""h2"":0.1,""m"":5,""maf_fixed"":0.3,""maf_type"":""fixed"",""n_blocks"":50,""n_samples"":500,""p"":1000,""rho"":0.8,""signal_ratio"":1.0}",bworf_weighted,100,2,500,1000,5,0.100000,0.800000,1.000000,fixed,0.200000,1000,10,0.492800,0.832099,0.761905,0.492000,0.254357,305.300000,193.000000,0.100000,113.365311,389.586099,ok,
7296a936717f,"{""case_control_ratio"":0.2,""h2"":0.1,""m"":5,""maf_fixed"":0.3,""maf_type"":""fixed"",""n_blocks"":50,""n_samples"":500,""p"":1000,""rho"":0.8,""signal_ratio"":1.0}",rf,90,2,500,1000,5,0.100000,0.800000,1.000000,fixed,0.200000,1000,10,0.504000,0.851590,0.909091,0.500000,0.140721,411.900000,465.000000,0.100000,0.606716,24.770227,ok,
7296a936717f,"{""case_control_ratio"":0.2,""h2"":0.1,""m"":5,""maf_fixed"":0.3,""maf_type"":""fixed"",""n_blocks"":50,""n_samples"":500,""p"":1000,""rho"":0.8,""signal_ratio"":1.0}",orf,90,2,500,1000,5,0.100000,0.800000,1.000000,fixed,0.200000,1000,10,0.508640,0.846913,0.909091,0.500000,0.140217,485.900000,554.500000,0.100000,1.931260,46.410907,ok,
7296a936717f,"{""case_control_ratio"":0.2,""h2"":0.1,""m"":5,""maf_fixed"":0.3,""maf_type"":""fixed"",""n_blocks"":50,""n_samples"":500,""p"":1000,""rho"":0.8,""signal_ratio"":1.0}",bworf_uniform,90,2,500,1000,5,0.100000,0.800000,1.000000,fixed,0.200000,1000,10,0.514400,0.845676,0.904412,0.512000,0.155283,384.200000,375.000000,0.200000,105.461476,392.892530,ok,
7296a936717f,"{""case_control_ratio"":0.2,""h2"":0.1,""m"":5,""maf_fixed"":0.3,""maf_type"":""fixed"",""n_blocks"":50,""n_samples"":500,""p"":1000,""rho"":0.8,""signal_ratio"":1.0}",bworf_weighted,90,2,500,1000,5,0.100000,0.800000,1.000000,fixed,0.200000,1000,10,0.516160,0.840959,0.841270,0.504000,0.197703,403.100000,292.500000,0.200000,115.177813,399.053428,ok,
1e526aa491f7,"{""case_control_ratio"":0.1,""h2"":0.05,""m"":5,""maf_fixed"":0.3,""maf_type"":""fixed"",""n_blocks"":50,""n_samples"":2500,""p"":1000,""rho"":0.2,""signal_ratio"":1.0}",rf,42,0,2500,1000,5,0.050000,0.200000,1.000000,fixed,0.100000,1000,10,0.541509,0.922057,0.952514,0.500000,0.082832,463.300000,364.000000,0.000000,2.562520,38.651176,ok,
1e526aa491f7,"{""case_control_ratio"":0.1,""h2"":0.05,""m"":5,""maf_fixed"":0.3,""maf_type"":""fixed"",""n_blocks"":50,""n_samples"":2500,""p"":1000,""rho"":0.2,""signal_ratio"":1.0}",orf,42,0,2500,1000,5,0.050000,0.200000,1.000000,fixed,0.100000,1000,10,0.514016,0.916338,0.952514,0.500000,0.082909,433.900000,388.000000,0.100000,7.551125,89.935329,ok,
1e526aa491f7,"{""case_control_ratio"":0.1,""h2"":0.05,""m"":5,""maf_fixed"":0.3,""maf_type"":""fixed"",""n_blocks"":50,""n_samples"":2500,""p"":1000,""rho"":0.2,""signal_ratio"":1.0}",bworf_uniform,42,0,2500,1000,5,0.050000,0.200000,1.000000,fixed,0.100000,1000,10,0.520151,0.908053,0.942918,0.490469,0.095137,438.900000,401.000000,0.100000,1018.088185,1303.621960,ok,
1e526aa491f7,"{""case_control_ratio"":0.1,""h2"":0.05,""m"":5,""maf_fixed"":0.3,""maf_type"":""fixed"",""n_blocks"":50,""n_samples"":2500,""p"":1000,""rho"":0.2,""signal_ratio"":1.0}",bworf_weighted,42,0,2500,1000,5,0.050000,0.200000,1.000000,fixed,0.100000,1000,10,0.506674,0.904134,0.883019,0.502415,0.156964,506.700000,474.000000,0.100000,870.698503,1300.740874,ok,
1e526aa491f7,"{""case_control_ratio"":0.1,""h2"":0.05,""m"":5,""maf_fixed"":0.3,""maf_type"":""fixed"",""n_blocks"":50,""n_samples"":2500,""p"":1000,""rho"":0.2,""signal_ratio"":1.0}",rf,0,0,2500,1000,5,0.050000,0.200000,1.000000,fixed,0.100000,1000,10,0.527191,0.917217,0.952514,0.500000,0.082956,465.300000,507.000000,0.100000,2.453002,37.599658,ok,
1e526aa491f7,"{""case_control_ratio"":0.1,""h2"":0.05,""m"":5,""maf_fixed"":0.3,""maf_type"":""fixed"",""n_blocks"":50,""n_samples"":2500,""p"":1000,""rho"":0.2,""signal_ratio"":1.0}",orf,0,0,2500,1000,5,0.050000,0.200000,1.000000,fixed,0.100000,1000,10,0.470383,0.905881,0.952514,0.500000,0.083398,451.900000,380.000000,0.000000,8.327325,138.621324,ok,
1e526aa491f7,"{""case_control_ratio"":0.1,""h2"":0.05,""m"":5,""maf_fixed"":0.3,""maf_type"":""fixed"",""n_blocks"":50,""n_samples"":2500,""p"":1000,""rho"":0.2,""signal_ratio"":1.0}",bworf_uniform,0,0,2500,1000,5,0.050000,0.200000,1.000000,fixed,0.100000,1000,10,0.579157,0.925440,0.946479,0.507375,0.091769,431.600000,412.500000,0.100000,1006.853776,1321.478088,ok,
1e526aa491f7,"{""case_control_ratio"":0.1,""h2"":0.05,""m"":5,""maf_fixed"":0.3,""maf_type"":""fixed"",""n_blocks"":50,""n_samples"":2500,""p"":1000,""rho"":0.2,""signal_ratio"":1.0}",bworf_weighted,0,0,2500,1000,5,0.050000,0.200000,1.000000,fixed,0.100000,1000,10,0.585669,0.928811,0.875477,0.523029,0.160426,313.100000,217.000000,0.100000,971.961692,1302.250297,ok,
1e526aa491f7,"{""case_control_ratio"":0.1,""h2"":0.05,""m"":5,""maf_fixed"":0.3,""maf_type"":""fixed"",""n_blocks"":50,""n_samples"":2500,""p"":1000,""rho"":0.2,""signal_ratio"":1.0}",rf,12,0,2500,1000,5,0.050000,0.200000,1.000000,fixed,0.100000,1000,10,0.542371,0.916755,0.952514,0.500000,0.083046,514.900000,564.000000,0.100000,2.731612,36.039497,ok,
1e526aa491f7,"{""case_control_ratio"":0.1,""h2"":0.05,""m"":5,""maf_fixed"":0.3,""maf_type"":""fixed"",""n_blocks"":50,""n_samples"":2500,""p"":1000,""rho"":0.2,""signal_ratio"":1.0}",orf,12,0,2500,1000,5,0.050000,0.200000,1.000000,fixed,0.100000,1000,10,0.542673,0.913836,0.952514,0.500000,0.082693,506.400000,537.500000,0.000000,7.196900,86.736486,ok,
1e526aa491f7,"{""case_control_ratio"":0.1,""h2"":0.05,""m"":5,""maf_fixed"":0.3,""maf_type"":""fixed"",""n_blocks"":50,""n_samples"":2500,""p"":1000,""rho"":0.2,""signal_ratio"":1.0}",bworf_uniform,12,0,2500,1000,5,0.050000,0.200000,1.000000,fixed,0.100000,1000,10,0.533660,0.916610,0.948034,0.502221,0.091992,545.100000,493.000000,0.000000,969.841380,1285.882420,ok,
1e526aa491f7,"{""case_control_ratio"":0.1,""h2"":0.05,""m"":5,""maf_fixed"":0.3,""maf_type"":""fixed"",""n_blocks"":50,""n_samples"":2500,""p"":1000,""rho"":0.2,""signal_ratio"":1.0}",bworf_weighted,12,0,2500,1000,5,0.050000,0.200000,1.000000,fixed,0.100000,1000,10,0.531040,0.914260,0.877489,0.545088,0.156694,401.500000,257.000000,0.000000,891.889425,1306.983680,ok,
1e526aa491f7,"{""case_control_ratio"":0.1,""h2"":0.05,""m"":5,""maf_fixed"":0.3,""maf_type"":""fixed"",""n_blocks"":50,""n_samples"":2500,""p"":1000,""rho"":0.2,""signal_ratio"":1.0}",rf,100,0,2500,1000,5,0.050000,0.200000,1.000000,fixed,0.100000,1000,10,0.509606,0.914545,0.952514,0.500000,0.083322,661.000000,715.500000,0.000000,2.939155,36.501262,ok,
1e526aa491f7,"{""case_control_ratio"":0.1,""h2"":0.05,""m"":5,""maf_fixed"":0.3,""maf_type"":""fixed"",""n_blocks"":50,""n_samples"":2500,""p"":1000,""rho"":0.2,""signal_ratio"":1.0}",orf,100,0,2500,1000,5,0.050000,0.200000,1.000000,fixed,0.100000,1000,10,0.518145,0.912591,0.952514,0.500000,0.083033,537.300000,550.000000,0.000000,7.352757,86.086025,ok,
1e526aa491f7,"{""case_control_ratio"":0.1,""h2"":0.05,""m"":5,""maf_fixed"":0.3,""maf_type"":""fixed"",""n_blocks"":50,""n_samples"":2500,""p"":1000,""rho"":0.2,""signal_ratio"":1.0}",bworf_uniform,100,0,2500,1000,5,0.050000,0.200000,1.000000,fixed,0.100000,1000,10,0.509930,0.908931,0.948107,0.495601,0.089609,477.700000,518.500000,0.000000,996.291275,1301.721685,ok,
1e526aa491f7,"{""case_control_ratio"":0.1,""h2"":0.05,""m"":5,""maf_fixed"":0.3,""maf_type"":""fixed"",""n_blocks"":50,""n_samples"":2500,""p"":1000,""rho"":0.2,""signal_ratio"":1.0}",bworf_weighted,100,0,2500,1000,5,0.050000,0.200000,1.000000,fixed,0.100000,1000,10,0.531579,0.914366,0.889224,0.528140,0.152037,322.900000,183.500000,0.100000,921.521248,1315.662103,ok,
1e526aa491f7,"{""case_control_ratio"":0.1,""h2"":0.05,""m"":5,""maf_fixed"":0.3,""maf_type"":""fixed"",""n_blocks"":50,""n_samples"":2500,""p"":1000,""rho"":0.2,""signal_ratio"":1.0}",rf,90,0,2500,1000,5,0.050000,0.200000,1.000000,fixed,0.100000,1000,10,0.521692,0.918819,0.952514,0.500000,0.083112,277.000000,232.000000,0.000000,2.032470,37.129814,ok,
1e526aa491f7,"{""case_control_ratio"":0.1,""h2"":0.05,""m"":5,""maf_fixed"":0.3,""maf_type"":""fixed"",""n_blocks"":50,""n_samples"":2500,""p"":1000,""rho"":0.2,""signal_ratio"":1.0}",orf,90,0,2500,1000,5,0.050000,0.200000,1.000000,fixed,0.100000,1000,10,0.484043,0.900639,0.952514,0.500000,0.083335,435.600000,483.000000,0.000000,6.455434,82.681760,ok,
1e526aa491f7,"{""case_control_ratio"":0.1,""h2"":0.05,""m"":5,""maf_fixed"":0.3,""maf_type"":""fixed"",""n_blocks"":50,""n_samples"":2500,""p"":1000,""rho"":0.2,""signal_ratio"":1.0}",bworf_uniform,90,0,2500,1000,5,0.050000,0.200000,1.000000,fixed,0.100000,1000,10,0.478017,0.904819,0.949509,0.503687,0.096528,327.900000,204.000000,0.200000,950.771294,1321.516057,ok,
1e526aa491f7,"{""case_control_ratio"":0.1,""h2"":0.05,""m"":5,""maf_fixed"":0.3,""maf_type"":""fixed"",""n_blocks"":50,""n_samples"":2500,""p"":1000,""rho"":0.2,""signal_ratio"":1.0}",bworf_weighted,90,0,2500,1000,5,0.050000,0.200000,1.000000,fixed,0.100000,1000,10,0.476378,0.902726,0.879819,0.492863,0.164887,254.400000,134.000000,0.200000,816.206103,1311.986154,ok,
1e526aa491f7,"{""case_control_ratio"":0.1,""h2"":0.05,""m"":5,""maf_fixed"":0.3,""maf_type"":""fixed"",""n_blocks"":50,""n_samples"":2500,""p"":1000,""rho"":0.2,""signal_ratio"":1.0}",rf,42,1,2500,1000,5,0.050000,0.200000,1.000000,fixed,0.100000,1000,10,0.525218,0.914871,0.952514,0.500000,0.083260,454.300000,318.000000,0.100000,1.981573,37.869025,ok,
1e526aa491f7,"{""case_control_ratio"":0.1,""h2"":0.05,""m"":5,""maf_fixed"":0.3,""maf_type"":""fixed"",""n_blocks"":50,""n_samples"":2500,""p"":1000,""rho"":0.2,""signal_ratio"":1.0}",orf,42,1,2500,1000,5,0.050000,0.200000,1.000000,fixed,0.100000,1000,10,0.477963,0.905444,0.952514,0.500000,0.083440,447.500000,384.000000,0.100000,7.002787,83.000676,ok,
1e526aa491f7,"{""case_control_ratio"":0.1,""h2"":0.05,""m"":5,""maf_fixed"":0.3,""maf_type"":""fixed"",""n_blocks"":50,""n_samples"":2500,""p"":1000,""rho"":0.2,""signal_ratio"":1.0}",bworf_uniform,42,1,2500,1000,5,0.050000,0.200000,1.000000,fixed,0.100000,1000,10,0.575373,0.928199,0.948700,0.509574,0.090985,244.000000,108.500000,0.200000,1006.247685,1306.322593,ok,
1e526aa491f7,"{""case_control_ratio"":0.1,""h2"":0.05,""m"":5,""maf_fixed"":0.3,""maf_type"":""fixed"",""n_blocks"":50,""n_samples"":2500,""p"":1000,""rho"":0.2,""signal_ratio"":1.0}",bworf_weighted,42,1,2500,1000,5,0.050000,0.200000,1.000000,fixed,0.100000,1000,10,0.566317,0.923992,0.867488,0.523051,0.163757,228.100000,70.000000,0.200000,966.313117,1288.835428,ok,
1e526aa491f7,"{""case_control_ratio"":0.1,""h2"":0.05,""m"":5,""maf_fixed"":0.3,""maf_type"":""fixed"",""n_blocks"":50,""n_samples"":2500,""p"":1000,""rho"":0.2,""signal_ratio"":1.0}",rf,0,1,2500,1000,5,0.050000,0.200000,1.000000,fixed,0.100000,1000,10,0.496658,0.916435,0.952514,0.500000,0.083409,473.300000,534.500000,0.000000,2.310686,40.837042,ok,
1e526aa491f7,"{""case_control_ratio"":0.1,""h2"":0.05,""m"":5,""maf_fixed"":0.3,""maf_type"":""fixed"",""n_blocks"":50,""n_samples"":2500,""p"":1000,""rho"":0.2,""signal_ratio"":1.0}",orf,0,1,2500,1000,5,0.050000,0.200000,1.000000,fixed,0.100000,1000,10,0.542209,0.916771,0.952514,0.500000,0.082317,535.100000,448.000000,0.000000,7.281044,89.858548,ok,
1e526aa491f7,"{""case_control_ratio"":0.1,""h2"":0.05,""m"":5,""maf_fixed"":0.3,""maf_type"":""fixed"",""n_blocks"":50,""n_samples"":2500,""p"":1000,""rho"":0.2,""signal_ratio"":1.0}",bworf_uniform,0,1,2500,1000,5,0.050000,0.200000,1.000000,fixed,0.100000,1000,10,0.545228,0.919283,0.948107,0.495601,0.092003,416.400000,402.500000,0.000000,1074.284538,1337.690522,ok,
1e526aa491f7,"{""case_control_ratio"":0.1,""h2"":0.05,""m"":5,""maf_fixed"":0.3,""maf_type"":""fixed"",""n_blocks"":50,""n_samples"":2500,""p"":1000,""rho"":0.2,""signal_ratio"":1.0}",bworf_weighted,0,1,2500,1000,5,0.050000,0.200000,1.000000,fixed,0.100000,1000,10,0.508539,0.909885,0.887387,0.499461,0.154626,277.600000,187.000000,0.100000,1188.662129,1323.621321,ok,
1e526aa491f7,"{""case_control_ratio"":0.1,""h2"":0.05,""m"":5,""maf_fixed"":0.3,""maf_type"":""fixed"",""n_blocks"":50,""n_samples"":2500,""p"":1000,""rho"":0.2,""signal_ratio"":1.0}",rf,12,1,2500,1000,5,0.050000,0.200000,1.000000,fixed,0.100000,1000,10,0.532452,0.912875,0.952514,0.500000,0.083019,391.000000,341.000000,0.100000,2.406927,39.174966,ok,
1e526aa491f7,"{""case_control_ratio"":0.1,""h2"":0.05,""m"":5,""maf_fixed"":0.3,""maf_type"":""fixed"",""n_blocks"":50,""n_samples"":2500,""p"":1000,""rho"":0.2,""signal_ratio"":1.0}",orf,12,1,2500,1000,5,0.050000,0.200000,1.000000,fixed,0.100000,1000,10,0.539460,0.921164,0.952514,0.500000,0.082651,495.400000,531.000000,0.100000,8.143125,123.768701,ok,
1e526aa491f7,"{""case_control_ratio"":0.1,""h2"":0.05,""m"":5,""maf_fixed"":0.3,""maf_type"":""fixed"",""n_blocks"":50,""n_samples"":2500,""p"":1000,""rho"":0.2,""signal_ratio"":1.0}",bworf_uniform,12,1,2500,1000,5,0.050000,0.200000,1.000000,fixed,0.100000,1000,10,0.542986,0.918341,0.945148,0.492669,0.094403,214.800000,110.000000,0.200000,993.792427,1318.521433,ok,
1e526aa491f7,"{""case_control_ratio"":0.1,""h2"":0.05,""m"":5,""maf_fixed"":0.3,""maf_type"":""fixed"",""n_blocks"":50,""n_samples"":2500,""p"":1000,""rho"":0.2,""signal_ratio"":1.0}",bworf_weighted,12,1,2500,1000,5,0.050000,0.200000,1.000000,fixed,0.100000,1000,10,0.541099,0.918123,0.873174,0.541422,0.167925,331.800000,348.500000,0.200000,933.649816,1299.201019,ok,
1e526aa491f7,"{""case_control_ratio"":0.1,""h2"":0.05,""m"":5,""maf_fixed"":0.3,""maf_type"":""fixed"",""n_blocks"":50,""n_samples"":2500,""p"":1000,""rho"":0.2,""signal_ratio"":1.0}",rf,100,1,2500,1000,5,0.050000,0.200000,1.000000,fixed,0.100000,1000,10,0.485790,0.912379,0.952514,0.500000,0.083707,269.300000,153.500000,0.000000,1.996179,36.502754,ok,
1e526aa491f7,"{""case_control_ratio"":0.1,""h2"":0.05,""m"":5,""maf_fixed"":0.3,""maf_type"":""fixed"",""n_blocks"":50,""n_samples"":2500,""p"":1000,""rho"":0.2,""signal_ratio"":1.0}",orf,100,1,2500,1000,5,0.050000,0.200000,1.000000,fixed,0.100000,1000,10,0.496162,0.903642,0.952514,0.500000,0.083207,307.000000,207.500000,0.100000,7.570048,84.875738,ok,
1e526aa491f7,"{""case_control_ratio"":0.1,""h2"":0.05,""m"":5,""maf_fixed"":0.3,""maf_type"":""fixed"",""n_blocks"":50,""n_samples"":2500,""p"":1000,""rho"":0.2,""signal_ratio"":1.0}",bworf_uniform,100,1,2500,1000,5,0.050000,0.200000,1.000000,fixed,0.100000,1000,10,0.544592,0.921571,0.944405,0.491935,0.095210,461.700000,485.500000,0.100000,1060.275644,1289.416990,ok,
1e526aa491f7,"{""case_control_ratio"":0.1,""h2"":0.05,""m"":5,""maf_fixed"":0.3,""maf_type"":""fixed"",""n_blocks"":50,""n_samples"":2500,""p"":1000,""rho"":0.2,""signal_ratio"":1.0}",bworf_weighted,100,1,2500,1000,5,0.050000,0.200000,1.000000,fixed,0.100000,1000,10,0.547643,0.926319,0.872699,0.527450,0.168156,404.300000,361.000000,0.000000,917.323509,1286.214718,ok,
1e526aa491f7,"{""case_control_ratio"":0.1,""h2"":0.05,""m"":5,""maf_fixed"":0.3,""maf_type"":""fixed"",""n_blocks"":50,""n_samples"":2500,""p"":1000,""rho"":0.2,""signal_ratio"":1.0}",rf,90,1,2500,1000,5,0.050000,0.200000,1.000000,fixed,0.100000,1000,10,0.565023,0.927217,0.952514,0.500000,0.082543,373.400000,192.000000,0.200000,1.967862,35.576892,ok,
1e526aa491f7,"{""case_control_ratio"":0.1,""h2"":0.05,""m"":5,""maf_fixed"":0.3,""maf_type"":""fixed"",""n_blocks"":50,""n_samples"":2500,""p"":1000,""rho"":0.2,""signal_ratio"":1.0}",orf,90,1,2500,1000,5,0.050000,0.200000,1.000000,fixed,0.100000,1000,10,0.552980,0.926581,0.952514,0.500000,0.082637,665.900000,777.000000,0.100000,7.894593,102.839785,ok,
1e526aa491f7,"{""case_control_ratio"":0.1,""h2"":0.05,""m"":5,""maf_fixed"":0.3,""maf_type"":""fixed"",""n_blocks"":50,""n_samples"":2500,""p"":1000,""rho"":0.2,""signal_ratio"":1.0}",bworf_uniform,90,1,2500,1000,5,0.050000,0.200000,1.000000,fixed,0.100000,1000,10,0.519385,0.911600,0.945148,0.492669,0.092854,392.500000,394.000000,0.200000,1001.910048,1311.428668,ok,
1e526aa491f7,"{""case_control_ratio"":0.1,""h2"":0.05,""m"":5,""maf_fixed"":0.3,""maf_type"":""fixed"",""n_blocks"":50,""n_samples"":2500,""p"":1000,""rho"":0.2,""signal_ratio"":1.0}",bworf_weighted,90,1,2500,1000,5,0.050000,0.200000,1.000000,fixed,0.100000,1000,10,0.509843,0.904993,0.891403,0.543579,0.150860,323.900000,85.500000,0.200000,1045.550001,1282.967876,ok,
1e526aa491f7,"{""case_control_ratio"":0.1,""h2"":0.05,""m"":5,""maf_fixed"":0.3,""maf_type"":""fixed"",""n_blocks"":50,""n_samples"":2500,""p"":1000,""rho"":0.2,""signal_ratio"":1.0}",rf,42,2,2500,1000,5,0.050000,0.200000,1.000000,fixed,0.100000,1000,10,0.559266,0.922472,0.952514,0.500000,0.082518,348.300000,280.500000,0.100000,2.410359,38.803238,ok,
1e526aa491f7,"{""case_control_ratio"":0.1,""h2"":0.05,""m"":5,""maf_fixed"":0.3,""maf_type"":""fixed"",""n_blocks"":50,""n_samples"":2500,""p"":1000,""rho"":0.2,""signal_ratio"":1.0}",orf,42,2,2500,1000,5,0.050000,0.200000,1.000000,fixed,0.100000,1000,10,0.471699,0.907300,0.952514,0.500000,0.083716,393.400000,417.000000,0.000000,7.031059,82.294143,ok,
1e526aa491f7,"{""case_control_ratio"":0.1,""h2"":0.05,""m"":5,""maf_fixed"":0.3,""maf_type"":""fixed"",""n_blocks"":50,""n_samples"":2500,""p"":1000,""rho"":0.2,""signal_ratio"":1.0}",bworf_uniform,42,2,2500,1000,5,0.050000,0.200000,1.000000,fixed,0.100000,1000,10,0.524247,0.918453,0.945070,0.499288,0.095544,519.500000,689.000000,0.100000,953.718089,1292.657084,ok,
1e526aa491f7,"{""case_control_ratio"":0.1,""h2"":0.05,""m"":5,""maf_fixed"":0.3,""maf_type"":""fixed"",""n_blocks"":50,""n_samples"":2500,""p"":1000,""rho"":0.2,""signal_ratio"":1.0}",bworf_weighted,42,2,2500,1000,5,0.050000,0.200000,1.000000,fixed,0.100000,1000,10,0.519407,0.915795,0.883861,0.503148,0.154567,522.100000,599.000000,0.200000,887.921557,1287.061783,ok,
1e526aa491f7,"{""case_control_ratio"":0.1,""h2"":0.05,""m"":5,""maf_fixed"":0.3,""maf_type"":""fixed"",""n_blocks"":50,""n_samples"":2500,""p"":1000,""rho"":0.2,""signal_ratio"":1.0}",rf,0,2,2500,1000,5,0.050000,0.200000,1.000000,fixed,0.100000,1000,10,0.517412,0.918230,0.952514,0.500000,0.082956,403.000000,306.000000,0.000000,2.205672,35.779988,ok,
1e526aa491f7,"{""case_control_ratio"":0.1,""h2"":0.05,""m"":5,""maf_fixed"":0.3,""maf_type"":""fixed"",""n_blocks"":50,""n_samples"":2500,""p"":1000,""rho"":0.2,""signal_ratio"":1.0}",orf,0,2,2500,1000,5,0.050000,0.200000,1.000000,fixed,0.100000,1000,10,0.506275,0.915711,0.952514,0.500000,0.083148,403.800000,313.500000,0.000000,7.013096,83.796984,ok,
1e526aa491f7,"{""case_control_ratio"":0.1,""h2"":0.05,""m"":5,""maf_fixed"":0.3,""maf_type"":""fixed"",""n_blocks"":50,""n_samples"":2500,""p"":1000,""rho"":0.2,""signal_ratio"":1.0}",bworf_uniform,0,2,2500,1000,5,0.050000,0.200000,1.000000,fixed,0.100000,1000,10,0.492270,0.907297,0.944405,0.491935,0.095736,591.500000,614.000000,0.000000,943.251141,1269.877566,ok,
1e526aa491f7,"{""case_control_ratio"":0.1,""h2"":0.05,""m"":5,""maf_fixed"":0.3,""maf_type"":""fixed"",""n_blocks"":50,""n_samples"":2500,""p"":1000,""rho"":0.2,""signal_ratio"":1.0}",bworf_weighted,0,2,2500,1000,5,0.050000,0.200000,1.000000,fixed,0.100000,1000,10,0.487396,0.903424,0.883333,0.523008,0.159566,497.200000,405.500000,0.000000,854.740710,1284.590475,ok,
1e526aa491f7,"{""case_control_ratio"":0.1,""h2"":0.05,""m"":5,""maf_fixed"":0.3,""maf_type"":""fixed"",""n_blocks"":50,""n_samples"":2500,""p"":1000,""rho"":0.2,""signal_ratio"":1.0}",rf,12,2,2500,1000,5,0.050000,0.200000,1.000000,fixed,0.100000,1000,10,0.463613,0.900579,0.952514,0.500000,0.084084,522.800000,417.000000,0.100000,1.972030,37.791989,ok,
1e526aa491f7,"{""case_control_ratio"":0.1,""h2"":0.05,""m"":5,""maf_fixed"":0.3,""maf_type"":""fixed"",""n_blocks"":50,""n_samples"":2500,""p"":1000,""rho"":0.2,""signal_ratio"":1.0}",orf,12,2,2500,1000,5,0.050000,0.200000,1.000000,fixed,0.100000,1000,10,0.486243,0.901650,0.952514,0.500000,0.083451,576.300000,617.000000,0.000000,6.911656,85.332197,ok,
1e526aa491f7,"{""case_control_ratio"":0.1,""h2"":0.05,""m"":5,""maf_fixed"":0.3,""maf_type"":""fixed"",""n_blocks"":50,""n_samples"":2500,""p"":1000,""rho"":0.2,""signal_ratio"":1.0}",bworf_uniform,12,2,2500,1000,5,0.050000,0.200000,1.000000,fixed,0.100000,1000,10,0.519256,0.912996,0.950980,0.505154,0.092836,419.400000,272.000000,0.000000,943.324087,1296.769892,ok,
1e526aa491f7,"{""case_control_ratio"":0.1,""h2"":0.05,""m"":5,""maf_fixed"":0.3,""maf_type"":""fixed"",""n_blocks"":50,""n_samples"":2500,""p"":1000,""rho"":0.2,""signal_ratio"":1.0}",bworf_weighted,12,2,2500,1000,5,0.050000,0.200000,1.000000,fixed,0.100000,1000,10,0.507385,0.908234,0.885023,0.524474,0.152415,217.200000,90.500000,0.300000,799.331299,1293.270241,ok,
1e526aa491f7,"{""case_control_ratio"":0.1,""h2"":0.05,""m"":5,""maf_fixed"":0.3,""maf_type"":""fixed"",""n_blocks"":50,""n_samples"":2500,""p"":1000,""rho"":0.2,""signal_ratio"":1.0}",rf,100,2,2500,1000,5,0.050000,0.200000,1.000000,fixed,0.100000,1000,10,0.536538,0.918472,0.952514,0.500000,0.082828,352.500000,402.000000,0.100000,1.926498,37.311835,ok,
1e526aa491f7,"{""case_control_ratio"":0.1,""h2"":0.05,""m"":5,""maf_fixed"":0.3,""maf_type"":""fixed"",""n_blocks"":50,""n_samples"":2500,""p"":1000,""rho"":0.2,""signal_ratio"":1.0}",orf,100,2,2500,1000,5,0.050000,0.200000,1.000000,fixed,0.100000,1000,10,0.489402,0.907600,0.952514,0.500000,0.083208,519.900000,604.000000,0.100000,7.628831,93.521160,ok,
1e526aa491f7,"{""case_control_ratio"":0.1,""h2"":0.05,""m"":5,""maf_fixed"":0.3,""maf_type"":""fixed"",""n_blocks"":50,""n_samples"":2500,""p"":1000,""rho"":0.2,""signal_ratio"":1.0}",bworf_uniform,100,2,2500,1000,5,0.050000,0.200000,1.000000,fixed,0.100000,1000,10,0.491461,0.900580,0.949509,0.503687,0.091593,474.800000,445.500000,0.100000,965.483868,1289.571767,ok,
1e526aa491f7,"{""case_control_ratio"":0.1,""h2"":0.05,""m"":5,""maf_fixed"":0.3,""maf_type"":""fixed"",""n_blocks"":50,""n_samples"":2500,""p"":1000,""rho"":0.2,""signal_ratio"":1.0}",bworf_weighted,100,2,2500,1000,5,0.050000,0.200000,1.000000,fixed,0.100000,1000,10,0.474394,0.895922,0.888554,0.520787,0.150696,522.800000,605.500000,0.100000,897.033614,1300.014330,ok,
1e526aa491f7,"{""case_control_ratio"":0.1,""h2"":0.05,""m"":5,""maf_fixed"":0.3,""maf_type"":""fixed"",""n_blocks"":50,""n_samples"":2500,""p"":1000,""rho"":0.2,""signal_ratio"":1.0}",rf,90,2,2500,1000,5,0.050000,0.200000,1.000000,fixed,0.100000,1000,10,0.471095,0.896023,0.952514,0.500000,0.083816,430.100000,206.500000,0.000000,3.067777,42.991114,ok,
1e526aa491f7,"{""case_control_ratio"":0.1,""h2"":0.05,""m"":5,""maf_fixed"":0.3,""maf_type"":""fixed"",""n_blocks"":50,""n_samples"":2500,""p"":1000,""rho"":0.2,""signal_ratio"":1.0}",orf,90,2,2500,1000,5,0.050000,0.200000,1.000000,fixed,0.100000,1000,10,0.478168,0.904975,0.952514,0.500000,0.083421,441.900000,538.500000,0.000000,7.830035,88.578928,ok,
1e526aa491f7,"{""case_control_ratio"":0.1,""h2"":0.05,""m"":5,""maf_fixed"":0.3,""maf_type"":""fixed"",""n_blocks"":50,""n_samples"":2500,""p"":1000,""rho"":0.2,""signal_ratio"":1.0}",bworf_uniform,90,2,2500,1000,5,0.050000,0.200000,1.000000,fixed,0.100000,1000,10,0.521854,0.918591,0.943503,0.504442,0.096959,405.200000,340.500000,0.100000,1033.422146,1262.044003,ok,
1e526aa491f7,"{""case_control_ratio"":0.1,""h2"":0.05,""m"":5,""maf_fixed"":0.3,""maf_type"":""fixed"",""n_blocks"":50,""n_samples"":2500,""p"":1000,""rho"":0.2,""signal_ratio"":1.0}",bworf_weighted,90,2,2500,1000,5,0.050000,0.200000,1.000000,fixed,0.100000,1000,10,0.515514,0.916135,0.873757,0.521563,0.168406,221.300000,131.000000,0.100000,900.063902,1285.764457,ok,
c45df3c87cc5,"{""case_control_ratio"":0.2,""h2"":0.05,""m"":5,""maf_fixed"":0.3,""maf_type"":""fixed"",""n_blocks"":50,""n_samples"":2500,""p"":1000,""rho"":0.2,""signal_ratio"":1.0}",rf,42,0,2500,1000,5,0.050000,0.200000,1.000000,fixed,0.200000,1000,10,0.529146,0.863015,0.909091,0.500000,0.139336,282.800000,232.500000,0.200000,3.202407,40.132910,ok,
c45df3c87cc5,"{""case_control_ratio"":0.2,""h2"":0.05,""m"":5,""maf_fixed"":0.3,""maf_type"":""fixed"",""n_blocks"":50,""n_samples"":2500,""p"":1000,""rho"":0.2,""signal_ratio"":1.0}",orf,42,0,2500,1000,5,0.050000,0.200000,1.000000,fixed,0.200000,1000,10,0.528589,0.854786,0.909091,0.500000,0.138982,586.500000,698.500000,0.100000,9.916169,89.976695,ok,
c45df3c87cc5,"{""case_control_ratio"":0.2,""h2"":0.05,""m"":5,""maf_fixed"":0.3,""maf_type"":""fixed"",""n_blocks"":50,""n_samples"":2500,""p"":1000,""rho"":0.2,""signal_ratio"":1.0}",bworf_uniform,42,0,2500,1000,5,0.050000,0.200000,1.000000,fixed,0.200000,1000,10,0.540883,0.858519,0.878123,0.500000,0.169491,405.000000,338.500000,0.200000,1423.241624,1265.692124,ok,
c45df3c87cc5,"{""case_control_ratio"":0.2,""h2"":0.05,""m"":5,""maf_fixed"":0.3,""maf_type"":""fixed"",""n_blocks"":50,""n_samples"":2500,""p"":1000,""rho"":0.2,""signal_ratio"":1.0}",bworf_weighted,42,0,2500,1000,5,0.050000,0.200000,1.000000,fixed,0.200000,1000,10,0.544710,0.862969,0.791844,0.528800,0.236561,371.800000,206.500000,0.200000,1294.059692,1318.160730,ok,
c45df3c87cc5,"{""case_control_ratio"":0.2,""h2"":0.05,""m"":5,""maf_fixed"":0.3,""maf_type"":""fixed"",""n_blocks"":50,""n_samples"":2500,""p"":1000,""rho"":0.2,""signal_ratio"":1.0}",rf,0,0,2500,1000,5,0.050000,0.200000,1.000000,fixed,0.200000,1000,10,0.551379,0.850398,0.909091,0.500000,0.139195,462.600000,329.500000,0.100000,2.201396,40.449508,ok,
c45df3c87cc5,"{""case_control_ratio"":0.2,""h2"":0.05,""m"":5,""maf_fixed"":0.3,""maf_type"":""fixed"",""n_blocks"":50,""n_samples"":2500,""p"":1000,""rho"":0.2,""signal_ratio"":1.0}",orf,0,0,2500,1000,5,0.050000,0.200000,1.000000,fixed,0.200000,1000,10,0.503149,0.832439,0.909091,0.500000,0.140008,504.400000,498.500000,0.000000,9.866797,108.011184,ok,
c45df3c87cc5,"{""case_control_ratio"":0.2,""h2"":0.05,""m"":5,""maf_fixed"":0.3,""maf_type"":""fixed"",""n_blocks"":50,""n_samples"":2500,""p"":1000,""rho"":0.2,""signal_ratio"":1.0}",bworf_uniform,0,0,2500,1000,5,0.050000,0.200000,1.000000,fixed,0.200000,1000,10,0.495187,0.836510,0.882707,0.497600,0.175748,287.200000,137.500000,0.200000,1219.780073,1272.471007,ok,
c45df3c87cc5,"{""case_control_ratio"":0.2,""h2"":0.05,""m"":5,""maf_fixed"":0.3,""maf_type"":""fixed"",""n_blocks"":50,""n_samples"":2500,""p"":1000,""rho"":0.2,""signal_ratio"":1.0}",bworf_weighted,0,0,2500,1000,5,0.050000,0.200000,1.000000,fixed,0.200000,1000,10,0.499475,0.841257,0.772766,0.479200,0.243811,269.800000,115.000000,0.100000,1247.986936,1279.217843,ok,
c45df3c87cc5,"{""case_control_ratio"":0.2,""h2"":0.05,""m"":5,""maf_fixed"":0.3,""maf_type"":""fixed"",""n_blocks"":50,""n_samples"":2500,""p"":1000,""rho"":0.2,""signal_ratio"":1.0}",rf,12,0,2500,1000,5,0.050000,0.200000,1.000000,fixed,0.200000,1000,10,0.504736,0.848196,0.909091,0.500000,0.140522,427.900000,378.000000,0.100000,3.137732,42.172784,ok,
c45df3c87cc5,"{""case_control_ratio"":0.2,""h2"":0.05,""m"":5,""maf_fixed"":0.3,""maf_type"":""fixed"",""n_blocks"":50,""n_samples"":2500,""p"":1000,""rho"":0.2,""signal_ratio"":1.0}",orf,12,0,2500,1000,5,0.050000,0.200000,1.000000,fixed,0.200000,1000,10,0.495539,0.833824,0.909091,0.500000,0.140177,482.700000,517.000000,0.200000,9.450169,102.879972,ok,
c45df3c87cc5,"{""case_control_ratio"":0.2,""h2"":0.05,""m"":5,""maf_fixed"":0.3,""maf_type"":""fixed"",""n_blocks"":50,""n_samples"":2500,""p"":1000,""rho"":0.2,""signal_ratio"":1.0}",bworf_uniform,12,0,2500,1000,5,0.050000,0.200000,1.000000,fixed,0.200000,1000,10,0.517466,0.846266,0.882842,0.511200,0.167705,318.500000,197.000000,0.100000,1322.043360,1260.366461,ok,
c45df3c87cc5,"{""case_control_ratio"":0.2,""h2"":0.05,""m"":5,""maf_fixed"":0.3,""maf_type"":""fixed"",""n_blocks"":50,""n_samples"":2500,""p"":1000,""rho"":0.2,""signal_ratio"":1.0}",bworf_weighted,12,0,2500,1000,5,0.050000,0.200000,1.000000,fixed,0.200000,1000,10,0.512736,0.837757,0.784681,0.512800,0.241035,322.300000,175.500000,0.100000,1284.402105,1276.608765,ok,
c45df3c87cc5,"{""case_control_ratio"":0.2,""h2"":0.05,""m"":5,""maf_fixed"":0.3,""maf_type"":""fixed"",""n_blocks"":50,""n_samples"":2500,""p"":1000,""rho"":0.2,""signal_ratio"":1.0}",rf,100,0,2500,1000,5,0.050000,0.200000,1.000000,fixed,0.200000,1000,10,0.508339,0.845032,0.909091,0.500000,0.140089,488.800000,475.000000,0.000000,2.774810,40.113930,ok,
c45df3c87cc5,"{""case_control_ratio"":0.2,""h2"":0.05,""m"":5,""maf_fixed"":0.3,""maf_type"":""fixed"",""n_blocks"":50,""n_samples"":2500,""p"":1000,""rho"":0.2,""signal_ratio"":1.0}",orf,100,0,2500,1000,5,0.050000,0.200000,1.000000,fixed,0.200000,1000,10,0.519181,0.845201,0.909091,0.500000,0.139484,425.900000,322.500000,0.000000,9.707107,91.474225,ok,
c45df3c87cc5,"{""case_control_ratio"":0.2,""h2"":0.05,""m"":5,""maf_fixed"":0.3,""maf_type"":""fixed"",""n_blocks"":50,""n_samples"":2500,""p"":1000,""rho"":0.2,""signal_ratio"":1.0}",bworf_uniform,100,0,2500,1000,5,0.050000,0.200000,1.000000,fixed,0.200000,1000,10,0.515757,0.836912,0.879819,0.501600,0.167296,224.700000,189.000000,0.300000,1253.313565,1274.976654,ok,
c45df3c87cc5,"{""case_control_ratio"":0.2,""h2"":0.05,""m"":5,""maf_fixed"":0.3,""maf_type"":""fixed"",""n_blocks"":50,""n_samples"":2500,""p"":1000,""rho"":0.2,""signal_ratio"":1.0}",bworf_weighted,100,0,2500,1000,5,0.050000,0.200000,1.000000,fixed,0.200000,1000,10,0.511526,0.835325,0.780904,0.506400,0.239788,268.400000,184.500000,0.200000,1273.038400,1269.456297,ok,
c45df3c87cc5,"{""case_control_ratio"":0.2,""h2"":0.05,""m"":5,""maf_fixed"":0.3,""maf_type"":""fixed"",""n_blocks"":50,""n_samples"":2500,""p"":1000,""rho"":0.2,""signal_ratio"":1.0}",rf,90,0,2500,1000,5,0.050000,0.200000,1.000000,fixed,0.200000,1000,10,0.555290,0.846551,0.909091,0.500000,0.139012,284.300000,134.500000,0.200000,2.569570,40.552212,ok,
c45df3c87cc5,"{""case_control_ratio"":0.2,""h2"":0.05,""m"":5,""maf_fixed"":0.3,""maf_type"":""fixed"",""n_blocks"":50,""n_samples"":2500,""p"":1000,""rho"":0.2,""signal_ratio"":1.0}",orf,90,0,2500,1000,5,0.050000,0.200000,1.000000,fixed,0.200000,1000,10,0.533139,0.855148,0.909091,0.500000,0.139141,563.300000,646.500000,0.000000,9.364244,93.218211,ok,
c45df3c87cc5,"{""case_control_ratio"":0.2,""h2"":0.05,""m"":5,""maf_fixed"":0.3,""maf_type"":""fixed"",""n_blocks"":50,""n_samples"":2500,""p"":1000,""rho"":0.2,""signal_ratio"":1.0}",bworf_uniform,90,0,2500,1000,5,0.050000,0.200000,1.000000,fixed,0.200000,1000,10,0.541158,0.846212,0.887886,0.516000,0.161061,331.000000,294.500000,0.100000,1253.154699,1274.904713,ok,
c45df3c87cc5,"{""case_control_ratio"":0.2,""h2"":0.05,""m"":5,""maf_fixed"":0.3,""maf_type"":""fixed"",""n_blocks"":50,""n_samples"":2500,""p"":1000,""rho"":0.2,""signal_ratio"":1.0}",bworf_weighted,90,0,2500,1000,5,0.050000,0.200000,1.000000,fixed,0.200000,1000,10,0.539802,0.850100,0.786325,0.528000,0.234112,301.300000,237.000000,0.200000,1359.183402,1285.666789,ok,
c45df3c87cc5,"{""case_control_ratio"":0.2,""h2"":0.05,""m"":5,""maf_fixed"":0.3,""maf_type"":""fixed"",""n_blocks"":50,""n_samples"":2500,""p"":1000,""rho"":0.2,""signal_ratio"":1.0}",rf,42,1,2500,1000,5,0.050000,0.200000,1.000000,fixed,0.200000,1000,10,0.529830,0.848658,0.909091,0.500000,0.139710,272.700000,122.000000,0.300000,2.425223,38.136075,ok,
c45df3c87cc5,"{""case_control_ratio"":0.2,""h2"":0.05,""m"":5,""maf_fixed"":0.3,""maf_type"":""fixed"",""n_blocks"":50,""n_samples"":2500,""p"":1000,""rho"":0.2,""signal_ratio"":1.0}",orf,42,1,2500,1000,5,0.050000,0.200000,1.000000,fixed,0.200000,1000,10,0.555462,0.848679,0.909091,0.500000,0.138361,537.500000,619.000000,0.000000,8.588766,87.864957,ok,
c45df3c87cc5,"{""case_control_ratio"":0.2,""h2"":0.05,""m"":5,""maf_fixed"":0.3,""maf_type"":""fixed"",""n_blocks"":50,""n_samples"":2500,""p"":1000,""rho"":0.2,""signal_ratio"":1.0}",bworf_uniform,42,1,2500,1000,5,0.050000,0.200000,1.000000,fixed,0.200000,1000,10,0.530944,0.849850,0.883019,0.508000,0.165367,147.300000,52.000000,0.300000,1189.020608,1299.925081,ok,
c45df3c87cc5,"{""case_control_ratio"":0.2,""h2"":0.05,""m"":5,""maf_fixed"":0.3,""maf_type"":""fixed"",""n_blocks"":50,""n_samples"":2500,""p"":1000,""rho"":0.2,""signal_ratio"":1.0}",bworf_weighted,42,1,2500,1000,5,0.050000,0.200000,1.000000,fixed,0.200000,1000,10,0.514317,0.844686,0.788591,0.488000,0.236964,254.300000,68.000000,0.200000,1249.583223,1288.547564,ok,
c45df3c87cc5,"{""case_control_ratio"":0.2,""h2"":0.05,""m"":5,""maf_fixed"":0.3,""maf_type"":""fixed"",""n_blocks"":50,""n_samples"":2500,""p"":1000,""rho"":0.2,""signal_ratio"":1.0}",rf,0,1,2500,1000,5,0.050000,0.200000,1.000000,fixed,0.200000,1000,10,0.520333,0.841984,0.909091,0.500000,0.140113,347.100000,264.500000,0.100000,2.436943,39.642079,ok,
c45df3c87cc5,"{""case_control_ratio"":0.2,""h2"":0.05,""m"":5,""maf_fixed"":0.3,""maf_type"":""fixed"",""n_blocks"":50,""n_samples"":2500,""p"":1000,""rho"":0.2,""signal_ratio"":1.0}",orf,0,1,2500,1000,5,0.050000,0.200000,1.000000,fixed,0.200000,1000,10,0.495386,0.822686,0.909091,0.500000,0.140074,480.200000,425.500000,0.100000,8.528318,92.059379,ok,
c45df3c87cc5,"{""case_control_ratio"":0.2,""h2"":0.05,""m"":5,""maf_fixed"":0.3,""maf_type"":""fixed"",""n_blocks"":50,""n_samples"":2500,""p"":1000,""rho"":0.2,""signal_ratio"":1.0}",bworf_uniform,0,1,2500,1000,5,0.050000,0.200000,1.000000,fixed,0.200000,1000,10,0.546259,0.854565,0.880916,0.529600,0.165410,478.500000,556.000000,0.200000,1215.929622,1282.384712,ok,
c45df3c87cc5,"{""case_control_ratio"":0.2,""h2"":0.05,""m"":5,""maf_fixed"":0.3,""maf_type"":""fixed"",""n_blocks"":50,""n_samples"":2500,""p"":1000,""rho"":0.2,""signal_ratio"":1.0}",bworf_weighted,0,1,2500,1000,5,0.050000,0.200000,1.000000,fixed,0.200000,1000,10,0.552691,0.862984,0.769231,0.508000,0.236925,408.400000,325.000000,0.200000,1350.258972,1292.895841,ok,
c45df3c87cc5,"{""case_control_ratio"":0.2,""h2"":0.05,""m"":5,""maf_fixed"":0.3,""maf_type"":""fixed"",""n_blocks"":50,""n_samples"":2500,""p"":1000,""rho"":0.2,""signal_ratio"":1.0}",rf,12,1,2500,1000,5,0.050000,0.200000,1.000000,fixed,0.200000,1000,10,0.524358,0.831674,0.909091,0.500000,0.139840,565.700000,680.500000,0.000000,3.216368,47.121891,ok,
c45df3c87cc5,"{""case_control_ratio"":0.2,""h2"":0.05,""m"":5,""maf_fixed"":0.3,""maf_type"":""fixed"",""n_blocks"":50,""n_samples"":2500,""p"":1000,""rho"":0.2,""signal_ratio"":1.0}",orf,12,1,2500,1000,5,0.050000,0.200000,1.000000,fixed,0.200000,1000,10,0.537555,0.853755,0.909091,0.500000,0.138787,379.200000,361.500000,0.100000,8.598654,89.138064,ok,
c45df3c87cc5,"{""case_control_ratio"":0.2,""h2"":0.05,""m"":5,""maf_fixed"":0.3,""maf_type"":""fixed"",""n_blocks"":50,""n_samples"":2500,""p"":1000,""rho"":0.2,""signal_ratio"":1.0}",bworf_uniform,12,1,2500,1000,5,0.050000,0.200000,1.000000,fixed,0.200000,1000,10,0.533094,0.846391,0.881330,0.506400,0.165522,334.400000,185.500000,0.300000,1286.163345,1306.850881,ok,
c45df3c87cc5,"{""case_control_ratio"":0.2,""h2"":0.05,""m"":5,""maf_fixed"":0.3,""maf_type"":""fixed"",""n_blocks"":50,""n_samples"":2500,""p"":1000,""rho"":0.2,""signal_ratio"":1.0}",bworf_weighted,12,1,2500,1000,5,0.050000,0.200000,1.000000,fixed,0.200000,1000,10,0.518016,0.836712,0.776916,0.520800,0.237896,350.200000,156.000000,0.300000,1351.179775,1272.793215,ok,
c45df3c87cc5,"{""case_control_ratio"":0.2,""h2"":0.05,""m"":5,""maf_fixed"":0.3,""maf_type"":""fixed"",""n_blocks"":50,""n_samples"":2500,""p"":1000,""rho"":0.2,""signal_ratio"":1.0}",rf,100,1,2500,1000,5,0.050000,0.200000,1.000000,fixed,0.200000,1000,10,0.533248,0.857185,0.909091,0.500000,0.139485,625.800000,858.500000,0.100000,2.377470,39.194939,ok,
c45df3c87cc5,"{""case_control_ratio"":0.2,""h2"":0.05,""m"":5,""maf_fixed"":0.3,""maf_type"":""fixed"",""n_blocks"":50,""n_samples"":2500,""p"":1000,""rho"":0.2,""signal_ratio"":1.0}",orf,100,1,2500,1000,5,0.050000,0.200000,1.000000,fixed,0.200000,1000,10,0.538304,0.844392,0.909091,0.500000,0.139088,482.100000,547.000000,0.000000,8.896602,88.977916,ok,
c45df3c87cc5,"{""case_control_ratio"":0.2,""h2"":0.05,""m"":5,""maf_fixed"":0.3,""maf_type"":""fixed"",""n_blocks"":50,""n_samples"":2500,""p"":1000,""rho"":0.2,""signal_ratio"":1.0}",bworf_uniform,100,1,2500,1000,5,0.050000,0.200000,1.000000,fixed,0.200000,1000,10,0.555040,0.863593,0.876900,0.505600,0.166197,373.900000,287.500000,0.100000,1269.166909,1283.436366,ok,
c45df3c87cc5,"{""case_control_ratio"":0.2,""h2"":0.05,""m"":5,""maf_fixed"":0.3,""maf_type"":""fixed"",""n_blocks"":50,""n_samples"":2500,""p"":1000,""rho"":0.2,""signal_ratio"":1.0}",bworf_weighted,100,1,2500,1000,5,0.050000,0.200000,1.000000,fixed,0.200000,1000,10,0.549478,0.859684,0.771899,0.524000,0.237402,326.000000,333.500000,0.200000,1301.164455,1278.828170,ok,
c45df3c87cc5,"{""case_control_ratio"":0.2,""h2"":0.05,""m"":5,""maf_fixed"":0.3,""maf_type"":""fixed"",""n_blocks"":50,""n_samples"":2500,""p"":1000,""rho"":0.2,""signal_ratio"":1.0}",rf,90,1,2500,1000,5,0.050000,0.200000,1.000000,fixed,0.200000,1000,10,0.499379,0.837660,0.909091,0.500000,0.140405,346.000000,343.000000,0.300000,2.504226,46.438070,ok,
c45df3c87cc5,"{""case_control_ratio"":0.2,""h2"":0.05,""m"":5,""maf_fixed"":0.3,""maf_type"":""fixed"",""n_blocks"":50,""n_samples"":2500,""p"":1000,""rho"":0.2,""signal_ratio"":1.0}",orf,90,1,2500,1000,5,0.050000,0.200000,1.000000,fixed,0.200000,1000,10,0.491354,0.823739,0.909091,0.500000,0.140275,348.000000,317.000000,0.100000,9.036840,92.030590,ok,
c45df3c87cc5,"{""case_control_ratio"":0.2,""h2"":0.05,""m"":5,""maf_fixed"":0.3,""maf_type"":""fixed"",""n_blocks"":50,""n_samples"":2500,""p"":1000,""rho"":0.2,""signal_ratio"":1.0}",bworf_uniform,90,1,2500,1000,5,0.050000,0.200000,1.000000,fixed,0.200000,1000,10,0.522970,0.840224,0.887207,0.528800,0.165855,272.500000,63.500000,0.200000,1361.180430,1343.526929,ok,
c45df3c87cc5,"{""case_control_ratio"":0.2,""h2"":0.05,""m"":5,""maf_fixed"":0.3,""maf_type"":""fixed"",""n_blocks"":50,""n_samples"":2500,""p"":1000,""rho"":0.2,""signal_ratio"":1.0}",bworf_weighted,90,1,2500,1000,5,0.050000,0.200000,1.000000,fixed,0.200000,1000,10,0.520115,0.840840,0.776831,0.492800,0.234850,330.800000,126.500000,0.200000,1261.726328,1331.650463,ok,
c45df3c87cc5,"{""case_control_ratio"":0.2,""h2"":0.05,""m"":5,""maf_fixed"":0.3,""maf_type"":""fixed"",""n_blocks"":50,""n_samples"":2500,""p"":1000,""rho"":0.2,""signal_ratio"":1.0}",rf,42,2,2500,1000,5,0.050000,0.200000,1.000000,fixed,0.200000,1000,10,0.487968,0.828772,0.909091,0.500000,0.140892,630.400000,656.000000,0.000000,2.666767,44.248807,ok,
c45df3c87cc5,"{""case_control_ratio"":0.2,""h2"":0.05,""m"":5,""maf_fixed"":0.3,""maf_type"":""fixed"",""n_blocks"":50,""n_samples"":2500,""p"":1000,""rho"":0.2,""signal_ratio"":1.0}",orf,42,2,2500,1000,5,0.050000,0.200000,1.000000,fixed,0.200000,1000,10,0.495072,0.829945,0.909091,0.500000,0.139761,421.100000,430.000000,0.000000,9.242719,116.648035,ok,
c45df3c87cc5,"{""case_control_ratio"":0.2,""h2"":0.05,""m"":5,""maf_fixed"":0.3,""maf_type"":""fixed"",""n_blocks"":50,""n_samples"":2500,""p"":1000,""rho"":0.2,""signal_ratio"":1.0}",bworf_uniform,42,2,2500,1000,5,0.050000,0.200000,1.000000,fixed,0.200000,1000,10,0.573082,0.862226,0.888554,0.520000,0.158345,288.200000,245.500000,0.100000,1385.150003,1322.901643,ok,
c45df3c87cc5,"{""case_control_ratio"":0.2,""h2"":0.05,""m"":5,""maf_fixed"":0.3,""maf_type"":""fixed"",""n_blocks"":50,""n_samples"":2500,""p"":1000,""rho"":0.2,""signal_ratio"":1.0}",bworf_weighted,42,2,2500,1000,5,0.050000,0.200000,1.000000,fixed,0.200000,1000,10,0.575379,0.867985,0.804734,0.552800,0.220457,240.600000,148.000000,0.100000,1322.506289,1324.395764,ok,
c45df3c87cc5,"{""case_control_ratio"":0.2,""h2"":0.05,""m"":5,""maf_fixed"":0.3,""maf_type"":""fixed"",""n_blocks"":50,""n_samples"":2500,""p"":1000,""rho"":0.2,""signal_ratio"":1.0}",rf,0,2,2500,1000,5,0.050000,0.200000,1.000000,fixed,0.200000,1000,10,0.531578,0.846222,0.909091,0.500000,0.139574,544.400000,559.000000,0.000000,2.674670,39.988728,ok,
c45df3c87cc5,"{""case_control_ratio"":0.2,""h2"":0.05,""m"":5,""maf_fixed"":0.3,""maf_type"":""fixed"",""n_blocks"":50,""n_samples"":2500,""p"":1000,""rho"":0.2,""signal_ratio"":1.0}",orf,0,2,2500,1000,5,0.050000,0.200000,1.000000,fixed,0.200000,1000,10,0.552563,0.850892,0.909091,0.500000,0.138678,663.000000,639.000000,0.000000,8.736408,92.417586,ok,
c45df3c87cc5,"{""case_control_ratio"":0.2,""h2"":0.05,""m"":5,""maf_fixed"":0.3,""maf_type"":""fixed"",""n_blocks"":50,""n_samples"":2500,""p"":1000,""rho"":0.2,""signal_ratio"":1.0}",bworf_uniform,0,2,2500,1000,5,0.050000,0.200000,1.000000,fixed,0.200000,1000,10,0.521638,0.835823,0.876900,0.505600,0.169118,602.200000,753.000000,0.000000,1299.157692,1316.314250,ok,
c45df3c87cc5,"{""case_control_ratio"":0.2,""h2"":0.05,""m"":5,""maf_fixed"":0.3,""maf_type"":""fixed"",""n_blocks"":50,""n_samples"":2500,""p"":1000,""rho"":0.2,""signal_ratio"":1.0}",bworf_weighted,0,2,2500,1000,5,0.050000,0.200000,1.000000,fixed,0.200000,1000,10,0.521254,0.836085,0.790060,0.544800,0.240569,372.900000,383.000000,0.100000,1333.171506,1303.959239,ok,
c45df3c87cc5,"{""case_control_ratio"":0.2,""h2"":0.05,""m"":5,""maf_fixed"":0.3,""maf_type"":""fixed"",""n_blocks"":50,""n_samples"":2500,""p"":1000,""rho"":0.2,""signal_ratio"":1.0}",rf,12,2,2500,1000,5,0.050000,0.200000,1.000000,fixed,0.200000,1000,10,0.460109,0.825376,0.909091,0.500000,0.141131,584.500000,688.500000,0.000000,3.112858,41.084490,ok,
c45df3c87cc5,"{""case_control_ratio"":0.2,""h2"":0.05,""m"":5,""maf_fixed"":0.3,""maf_type"":""fixed"",""n_blocks"":50,""n_samples"":2500,""p"":1000,""rho"":0.2,""signal_ratio"":1.0}",orf,12,2,2500,1000,5,0.050000,0.200000,1.000000,fixed,0.200000,1000,10,0.496826,0.827640,0.909091,0.500000,0.140157,433.600000,333.500000,0.100000,9.269870,94.202898,ok,
c45df3c87cc5,"{""case_control_ratio"":0.2,""h2"":0.05,""m"":5,""maf_fixed"":0.3,""maf_type"":""fixed"",""n_blocks"":50,""n_samples"":2500,""p"":1000,""rho"":0.2,""signal_ratio"":1.0}",bworf_uniform,12,2,2500,1000,5,0.050000,0.200000,1.000000,fixed,0.200000,1000,10,0.556346,0.851734,0.884528,0.512800,0.159702,657.100000,740.000000,0.000000,1293.910946,1335.714694,ok,
c45df3c87cc5,"{""case_control_ratio"":0.2,""h2"":0.05,""m"":5,""maf_fixed"":0.3,""maf_type"":""fixed"",""n_blocks"":50,""n_samples"":2500,""p"":1000,""rho"":0.2,""signal_ratio"":1.0}",bworf_weighted,12,2,2500,1000,5,0.050000,0.200000,1.000000,fixed,0.200000,1000,10,0.558714,0.855176,0.810765,0.557600,0.220425,571.600000,719.500000,0.000000,1340.633921,1321.431799,ok,
c45df3c87cc5,"{""case_control_ratio"":0.2,""h2"":0.05,""m"":5,""maf_fixed"":0.3,""maf_type"":""fixed"",""n_blocks"":50,""n_samples"":2500,""p"":1000,""rho"":0.2,""signal_ratio"":1.0}",rf,100,2,2500,1000,5,0.050000,0.200000,1.000000,fixed,0.200000,1000,10,0.531078,0.847394,0.909091,0.500000,0.139753,482.300000,370.000000,0.000000,2.763886,39.577310,ok,
c45df3c87cc5,"{""case_control_ratio"":0.2,""h2"":0.05,""m"":5,""maf_fixed"":0.3,""maf_type"":""fixed"",""n_blocks"":50,""n_samples"":2500,""p"":1000,""rho"":0.2,""signal_ratio"":1.0}",orf,100,2,2500,1000,5,0.050000,0.200000,1.000000,fixed,0.200000,1000,10,0.550035,0.860271,0.909091,0.500000,0.138783,488.600000,567.500000,0.000000,8.944934,92.293689,ok,
c45df3c87cc5,"{""case_control_ratio"":0.2,""h2"":0.05,""m"":5,""maf_fixed"":0.3,""maf_type"":""fixed"",""n_blocks"":50,""n_samples"":2500,""p"":1000,""rho"":0.2,""signal_ratio"":1.0}",bworf_uniform,100,2,2500,1000,5,0.050000,0.200000,1.000000,fixed,0.200000,1000,10,0.548691,0.865135,0.879819,0.501600,0.167458,381.800000,317.500000,0.100000,1193.386778,1355.534878,ok,
c45df3c87cc5,"{""case_control_ratio"":0.2,""h2"":0.05,""m"":5,""maf_fixed"":0.3,""maf_type"":""fixed"",""n_blocks"":50,""n_samples"":2500,""p"":1000,""rho"":0.2,""signal_ratio"":1.0}",bworf_weighted,100,2,2500,1000,5,0.050000,0.200000,1.000000,fixed,0.200000,1000,10,0.548070,0.861713,0.786019,0.520800,0.235416,332.500000,243.500000,0.000000,1260.317814,1318.921871,ok,
c45df3c87cc5,"{""case_control_ratio"":0.2,""h2"":0.05,""m"":5,""maf_fixed"":0.3,""maf_type"":""fixed"",""n_blocks"":50,""n_samples"":2500,""p"":1000,""rho"":0.2,""signal_ratio"":1.0}",rf,90,2,2500,1000,5,0.050000,0.200000,1.000000,fixed,0.200000,1000,10,0.504806,0.842105,0.909091,0.500000,0.140049,509.600000,510.500000,0.100000,2.726460,39.617868,ok,
c45df3c87cc5,"{""case_control_ratio"":0.2,""h2"":0.05,""m"":5,""maf_fixed"":0.3,""maf_type"":""fixed"",""n_blocks"":50,""n_samples"":2500,""p"":1000,""rho"":0.2,""signal_ratio"":1.0}",orf,90,2,2500,1000,5,0.050000,0.200000,1.000000,fixed,0.200000,1000,10,0.550906,0.852812,0.909091,0.500000,0.138713,542.300000,568.500000,0.100000,9.008062,89.795814,ok,
c45df3c87cc5,"{""case_control_ratio"":0.2,""h2"":0.05,""m"":5,""maf_fixed"":0.3,""maf_type"":""fixed"",""n_blocks"":50,""n_samples"":2500,""p"":1000,""rho"":0.2,""signal_ratio"":1.0}",bworf_uniform,90,2,2500,1000,5,0.050000,0.200000,1.000000,fixed,0.200000,1000,10,0.539309,0.845027,0.885196,0.516800,0.161946,510.600000,463.000000,0.000000,1289.006587,1345.017951,ok,
c45df3c87cc5,"{""case_control_ratio"":0.2,""h2"":0.05,""m"":5,""maf_fixed"":0.3,""maf_type"":""fixed"",""n_blocks"":50,""n_samples"":2500,""p"":1000,""rho"":0.2,""signal_ratio"":1.0}",bworf_weighted,90,2,2500,1000,5,0.050000,0.200000,1.000000,fixed,0.200000,1000,10,0.531738,0.844662,0.802375,0.554400,0.226326,741.500000,781.500000,0.000000,1227.347912,1334.642377,ok,
8c7b1253a773,"{""case_control_ratio"":0.1,""h2"":0.05,""m"":5,""maf_fixed"":0.3,""maf_type"":""fixed"",""n_blocks"":50,""n_samples"":2500,""p"":1000,""rho"":0.8,""signal_ratio"":1.0}",rf,42,0,2500,1000,5,0.050000,0.800000,1.000000,fixed,0.100000,1000,10,0.482038,0.902383,0.952514,0.500000,0.084953,666.400000,837.500000,0.100000,2.967469,45.324112,ok,
8c7b1253a773,"{""case_control_ratio"":0.1,""h2"":0.05,""m"":5,""maf_fixed"":0.3,""maf_type"":""fixed"",""n_blocks"":50,""n_samples"":2500,""p"":1000,""rho"":0.8,""signal_ratio"":1.0}",orf,42,0,2500,1000,5,0.050000,0.800000,1.000000,fixed,0.100000,1000,10,0.488378,0.909169,0.952514,0.500000,0.084107,460.300000,330.500000,0.100000,6.837208,81.975453,ok,
8c7b1253a773,"{""case_control_ratio"":0.1,""h2"":0.05,""m"":5,""maf_fixed"":0.3,""maf_type"":""fixed"",""n_blocks"":50,""n_samples"":2500,""p"":1000,""rho"":0.8,""signal_ratio"":1.0}",bworf_uniform,42,0,2500,1000,5,0.050000,0.800000,1.000000,fixed,0.100000,1000,10,0.530220,0.919423,0.942675,0.510329,0.096105,442.600000,534.000000,0.000000,1441.633879,1309.628121,ok,
8c7b1253a773,"{""case_control_ratio"":0.1,""h2"":0.05,""m"":5,""maf_fixed"":0.3,""maf_type"":""fixed"",""n_blocks"":50,""n_samples"":2500,""p"":1000,""rho"":0.8,""signal_ratio"":1.0}",bworf_weighted,42,0,2500,1000,5,0.050000,0.800000,1.000000,fixed,0.100000,1000,10,0.524549,0.913257,0.878491,0.478157,0.160422,306.500000,221.000000,0.000000,1367.416969,1309.298179,ok,
8c7b1253a773,"{""case_control_ratio"":0.1,""h2"":0.05,""m"":5,""maf_fixed"":0.3,""maf_type"":""fixed"",""n_blocks"":50,""n_samples"":2500,""p"":1000,""rho"":0.8,""signal_ratio"":1.0}",rf,0,0,2500,1000,5,0.050000,0.800000,1.000000,fixed,0.100000,1000,10,0.460615,0.900635,0.952514,0.500000,0.084886,402.500000,387.000000,0.100000,2.275824,40.333702,ok,
8c7b1253a773,"{""case_control_ratio"":0.1,""h2"":0.05,""m"":5,""maf_fixed"":0.3,""maf_type"":""fixed"",""n_blocks"":50,""n_samples"":2500,""p"":1000,""rho"":0.8,""signal_ratio"":1.0}",orf,0,0,2500,1000,5,0.050000,0.800000,1.000000,fixed,0.100000,1000,10,0.465413,0.901777,0.952514,0.500000,0.084378,405.400000,341.500000,0.000000,8.213723,102.386097,ok,
8c7b1253a773,"{""case_control_ratio"":0.1,""h2"":0.05,""m"":5,""maf_fixed"":0.3,""maf_type"":""fixed"",""n_blocks"":50,""n_samples"":2500,""p"":1000,""rho"":0.8,""signal_ratio"":1.0}",bworf_uniform,0,0,2500,1000,5,0.050000,0.800000,1.000000,fixed,0.100000,1000,10,0.510825,0.909344,0.942172,0.489736,0.095944,416.100000,346.000000,0.000000,1475.045544,1317.004767,ok,
8c7b1253a773,"{""case_control_ratio"":0.1,""h2"":0.05,""m"":5,""maf_fixed"":0.3,""maf_type"":""fixed"",""n_blocks"":50,""n_samples"":2500,""p"":1000,""rho"":0.8,""signal_ratio"":1.0}",bworf_weighted,0,0,2500,1000,5,0.050000,0.800000,1.000000,fixed,0.100000,1000,10,0.513423,0.913668,0.892054,0.517099,0.153855,552.600000,643.500000,0.000000,1326.063973,1357.275106,ok,
8c7b1253a773,"{""case_control_ratio"":0.1,""h2"":0.05,""m"":5,""maf_fixed"":0.3,""maf_type"":""fixed"",""n_blocks"":50,""n_samples"":2500,""p"":1000,""rho"":0.8,""signal_ratio"":1.0}",rf,12,0,2500,1000,5,0.050000,0.800000,1.000000,fixed,0.100000,1000,10,0.517390,0.915385,0.952514,0.500000,0.084095,616.000000,685.000000,0.100000,2.513581,46.048738,ok,
8c7b1253a773,"{""case_control_ratio"":0.1,""h2"":0.05,""m"":5,""maf_fixed"":0.3,""maf_type"":""fixed"",""n_blocks"":50,""n_samples"":2500,""p"":1000,""rho"":0.8,""signal_ratio"":1.0}",orf,12,0,2500,1000,5,0.050000,0.800000,1.000000,fixed,0.100000,1000,10,0.512075,0.916190,0.952514,0.500000,0.083426,444.900000,369.500000,0.000000,7.671166,109.407273,ok,
8c7b1253a773,"{""case_control_ratio"":0.1,""h2"":0.05,""m"":5,""maf_fixed"":0.3,""maf_type"":""fixed"",""n_blocks"":50,""n_samples"":2500,""p"":1000,""rho"":0.8,""signal_ratio"":1.0}",bworf_uniform,12,0,2500,1000,5,0.050000,0.800000,1.000000,fixed,0.100000,1000,10,0.508248,0.912589,0.952381,0.513240,0.091471,477.600000,472.500000,0.000000,1426.906688,1354.045660,ok,
8c7b1253a773,"{""case_control_ratio"":0.1,""h2"":0.05,""m"":5,""maf_fixed"":0.3,""maf_type"":""fixed"",""n_blocks"":50,""n_samples"":2500,""p"":1000,""rho"":0.8,""signal_ratio"":1.0}",bworf_weighted,12,0,2500,1000,5,0.050000,0.800000,1.000000,fixed,0.100000,1000,10,0.514986,0.916798,0.879154,0.485510,0.154522,378.300000,363.000000,0.000000,1312.684640,1351.759436,ok,
8c7b1253a773,"{""case_control_ratio"":0.1,""h2"":0.05,""m"":5,""maf_fixed"":0.3,""maf_type"":""fixed"",""n_blocks"":50,""n_samples"":2500,""p"":1000,""rho"":0.8,""signal_ratio"":1.0}",rf,100,0,2500,1000,5,0.050000,0.800000,1.000000,fixed,0.100000,1000,10,0.477758,0.899478,0.952514,0.500000,0.084788,473.200000,547.000000,0.000000,2.494307,44.595452,ok,
8c7b1253a773,"{""case_control_ratio"":0.1,""h2"":0.05,""m"":5,""maf_fixed"":0.3,""maf_type"":""fixed"",""n_blocks"":50,""n_samples"":2500,""p"":1000,""rho"":0.8,""signal_ratio"":1.0}",orf,100,0,2500,1000,5,0.050000,0.800000,1.000000,fixed,0.100000,1000,10,0.547406,0.920183,0.952514,0.500000,0.083292,572.900000,528.500000,0.000000,7.075088,87.093572,ok,
8c7b1253a773,"{""case_control_ratio"":0.1,""h2"":0.05,""m"":5,""maf_fixed"":0.3,""maf_type"":""fixed"",""n_blocks"":50,""n_samples"":2500,""p"":1000,""rho"":0.8,""signal_ratio"":1.0}",bworf_uniform,100,0,2500,1000,5,0.050000,0.800000,1.000000,fixed,0.100000,1000,10,0.586154,0.931955,0.947220,0.508108,0.089793,543.000000,575.000000,0.000000,1523.917965,1325.171663,ok,
8c7b1253a773,"{""case_control_ratio"":0.1,""h2"":0.05,""m"":5,""maf_fixed"":0.3,""maf_type"":""fixed"",""n_blocks"":50,""n_samples"":2500,""p"":1000,""rho"":0.8,""signal_ratio"":1.0}",bworf_weighted,100,0,2500,1000,5,0.050000,0.800000,1.000000,fixed,0.100000,1000,10,0.574985,0.928496,0.873757,0.521563,0.155678,472.700000,453.500000,0.000000,1398.590314,1347.339420,ok,
8c7b1253a773,"{""case_control_ratio"":0.1,""h2"":0.05,""m"":5,""maf_fixed"":0.3,""maf_type"":""fixed"",""n_blocks"":50,""n_samples"":2500,""p"":1000,""rho"":0.8,""signal_ratio"":1.0}",rf,90,0,2500,1000,5,0.050000,0.800000,1.000000,fixed,0.100000,1000,10,0.449273,0.904143,0.952514,0.500000,0.085672,558.000000,537.000000,0.000000,2.597630,38.494817,ok,
8c7b1253a773,"{""case_control_ratio"":0.1,""h2"":0.05,""m"":5,""maf_fixed"":0.3,""maf_type"":""fixed"",""n_blocks"":50,""n_samples"":2500,""p"":1000,""rho"":0.8,""signal_ratio"":1.0}",orf,90,0,2500,1000,5,0.050000,0.800000,1.000000,fixed,0.100000,1000,10,0.461004,0.904562,0.952514,0.500000,0.084706,623.700000,743.500000,0.000000,7.223918,88.624310,ok,
8c7b1253a773,"{""case_control_ratio"":0.1,""h2"":0.05,""m"":5,""maf_fixed"":0.3,""maf_type"":""fixed"",""n_blocks"":50,""n_samples"":2500,""p"":1000,""rho"":0.8,""signal_ratio"":1.0}",bworf_uniform,90,0,2500,1000,5,0.050000,0.800000,1.000000,fixed,0.100000,1000,10,0.534652,0.920325,0.941426,0.489003,0.097778,304.000000,155.000000,0.100000,1405.020491,1322.441637,ok,
8c7b1253a773,"{""case_control_ratio"":0.1,""h2"":0.05,""m"":5,""maf_fixed"":0.3,""maf_type"":""fixed"",""n_blocks"":50,""n_samples"":2500,""p"":1000,""rho"":0.8,""signal_ratio"":1.0}",bworf_weighted,90,0,2500,1000,5,0.050000,0.800000,1.000000,fixed,0.100000,1000,10,0.510954,0.910128,0.868098,0.503191,0.170599,476.100000,540.000000,0.100000,1320.103828,1315.829919,ok,
8c7b1253a773,"{""case_control_ratio"":0.1,""h2"":0.05,""m"":5,""maf_fixed"":0.3,""maf_type"":""fixed"",""n_blocks"":50,""n_samples"":2500,""p"":1000,""rho"":0.8,""signal_ratio"":1.0}",rf,42,1,2500,1000,5,0.050000,0.800000,1.000000,fixed,0.100000,1000,10,0.481833,0.910855,0.952514,0.500000,0.085033,375.500000,246.000000,0.000000,3.200055,48.106231,ok,
8c7b1253a773,"{""case_control_ratio"":0.1,""h2"":0.05,""m"":5,""maf_fixed"":0.3,""maf_type"":""fixed"",""n_blocks"":50,""n_samples"":2500,""p"":1000,""rho"":0.8,""signal_ratio"":1.0}",orf,42,1,2500,1000,5,0.050000,0.800000,1.000000,fixed,0.100000,1000,10,0.482793,0.905589,0.952514,0.500000,0.084305,447.300000,391.000000,0.000000,7.658200,107.836087,ok,
8c7b1253a773,"{""case_control_ratio"":0.1,""h2"":0.05,""m"":5,""maf_fixed"":0.3,""maf_type"":""fixed"",""n_blocks"":50,""n_samples"":2500,""p"":1000,""rho"":0.8,""signal_ratio"":1.0}",bworf_uniform,42,1,2500,1000,5,0.050000,0.800000,1.000000,fixed,0.100000,1000,10,0.578209,0.926645,0.944327,0.498555,0.094211,433.900000,481.500000,0.000000,1391.588606,1309.622549,ok,
8c7b1253a773,"{""case_control_ratio"":0.1,""h2"":0.05,""m"":5,""maf_fixed"":0.3,""maf_type"":""fixed"",""n_blocks"":50,""n_samples"":2500,""p"":1000,""rho"":0.8,""signal_ratio"":1.0}",bworf_weighted,42,1,2500,1000,5,0.050000,0.800000,1.000000,fixed,0.100000,1000,10,0.570780,0.923011,0.895366,0.520032,0.144500,437.300000,302.000000,0.000000,1298.469079,1327.443254,ok,
8c7b1253a773,"{""case_control_ratio"":0.1,""h2"":0.05,""m"":5,""maf_fixed"":0.3,""maf_type"":""fixed"",""n_blocks"":50,""n_samples"":2500,""p"":1000,""rho"":0.8,""signal_ratio"":1.0}",rf,0,1,2500,1000,5,0.050000,0.800000,1.000000,fixed,0.100000,1000,10,0.566176,0.927872,0.952514,0.500000,0.082838,446.500000,477.500000,0.100000,2.249568,38.452811,ok,
8c7b1253a773,"{""case_control_ratio"":0.1,""h2"":0.05,""m"":5,""maf_fixed"":0.3,""maf_type"":""fixed"",""n_blocks"":50,""n_samples"":2500,""p"":1000,""rho"":0.8,""signal_ratio"":1.0}",orf,0,1,2500,1000,5,0.050000,0.800000,1.000000,fixed,0.100000,1000,10,0.532301,0.910930,0.952514,0.500000,0.083349,544.300000,511.500000,0.000000,7.025037,92.385507,ok,
8c7b1253a773,"{""case_control_ratio"":0.1,""h2"":0.05,""m"":5,""maf_fixed"":0.3,""maf_type"":""fixed"",""n_blocks"":50,""n_samples"":2500,""p"":1000,""rho"":0.8,""signal_ratio"":1.0}",bworf_uniform,0,1,2500,1000,5,0.050000,0.800000,1.000000,fixed,0.100000,1000,10,0.609097,0.935056,0.942837,0.497089,0.092052,304.600000,93.000000,0.100000,1501.548383,1208.198308,ok,
8c7b1253a773,"{""case_control_ratio"":0.1,""h2"":0.05,""m"":5,""maf_fixed"":0.3,""maf_type"":""fixed"",""n_blocks"":50,""n_samples"":2500,""p"":1000,""rho"":0.8,""signal_ratio"":1.0}",bworf_weighted,0,1,2500,1000,5,0.050000,0.800000,1.000000,fixed,0.100000,1000,10,0.580925,0.928211,0.895052,0.533272,0.146823,191.800000,95.500000,0.100000,1314.398853,1198.707219,ok,
8c7b1253a773,"{""case_control_ratio"":0.1,""h2"":0.05,""m"":5,""maf_fixed"":0.3,""maf_type"":""fixed"",""n_blocks"":50,""n_samples"":2500,""p"":1000,""rho"":0.8,""signal_ratio"":1.0}",rf,12,1,2500,1000,5,0.050000,0.800000,1.000000,fixed,0.100000,1000,10,0.556721,0.921149,0.952514,0.500000,0.083069,569.000000,608.000000,0.000000,1.966784,36.690668,ok,
8c7b1253a773,"{""case_control_ratio"":0.1,""h2"":0.05,""m"":5,""maf_fixed"":0.3,""maf_type"":""fixed"",""n_blocks"":50,""n_samples"":2500,""p"":1000,""rho"":0.8,""signal_ratio"":1.0}",orf,12,1,2500,1000,5,0.050000,0.800000,1.000000,fixed,0.100000,1000,10,0.552398,0.919434,0.952514,0.500000,0.082516,525.200000,710.000000,0.200000,7.301054,91.568378,ok,
8c7b1253a773,"{""case_control_ratio"":0.1,""h2"":0.05,""m"":5,""maf_fixed"":0.3,""maf_type"":""fixed"",""n_blocks"":50,""n_samples"":2500,""p"":1000,""rho"":0.8,""signal_ratio"":1.0}",bworf_uniform,12,1,2500,1000,5,0.050000,0.800000,1.000000,fixed,0.100000,1000,10,0.514824,0.906236,0.947220,0.508108,0.094603,402.600000,294.000000,0.000000,1576.606293,1220.479600,ok,
8c7b1253a773,"{""case_control_ratio"":0.1,""h2"":0.05,""m"":5,""maf_fixed"":0.3,""maf_type"":""fixed"",""n_blocks"":50,""n_samples"":2500,""p"":1000,""rho"":0.8,""signal_ratio"":1.0}",bworf_weighted,12,1,2500,1000,5,0.050000,0.800000,1.000000,fixed,0.100000,1000,10,0.520841,0.910953,0.881950,0.542134,0.155193,367.700000,333.500000,0.100000,1624.965089,1215.744149,ok,
8c7b1253a773,"{""case_control_ratio"":0.1,""h2"":0.05,""m"":5,""maf_fixed"":0.3,""maf_type"":""fixed"",""n_blocks"":50,""n_samples"":2500,""p"":1000,""rho"":0.8,""signal_ratio"":1.0}",rf,100,1,2500,1000,5,0.050000,0.800000,1.000000,fixed,0.100000,1000,10,0.529110,0.912284,0.952514,0.500000,0.083061,522.200000,637.500000,0.000000,2.451363,40.752641,ok,
8c7b1253a773,"{""case_control_ratio"":0.1,""h2"":0.05,""m"":5,""maf_fixed"":0.3,""maf_type"":""fixed"",""n_blocks"":50,""n_samples"":2500,""p"":1000,""rho"":0.8,""signal_ratio"":1.0}",orf,100,1,2500,1000,5,0.050000,0.800000,1.000000,fixed,0.100000,1000,10,0.553282,0.914210,0.952514,0.500000,0.082873,508.500000,510.500000,0.000000,7.130431,90.425654,ok,
8c7b1253a773,"{""case_control_ratio"":0.1,""h2"":0.05,""m"":5,""maf_fixed"":0.3,""maf_type"":""fixed"",""n_blocks"":50,""n_samples"":2500,""p"":1000,""rho"":0.8,""signal_ratio"":1.0}",bworf_uniform,100,1,2500,1000,5,0.050000,0.800000,1.000000,fixed,0.100000,1000,10,0.628482,0.936335,0.949153,0.536786,0.085455,276.800000,117.000000,0.100000,1615.406830,1198.377454,ok,
8c7b1253a773,"{""case_control_ratio"":0.1,""h2"":0.05,""m"":5,""maf_fixed"":0.3,""maf_type"":""fixed"",""n_blocks"":50,""n_samples"":2500,""p"":1000,""rho"":0.8,""signal_ratio"":1.0}",bworf_weighted,100,1,2500,1000,5,0.050000,0.800000,1.000000,fixed,0.100000,1000,10,0.609874,0.928824,0.884996,0.558306,0.143069,278.200000,146.500000,0.300000,1541.602717,1198.564277,ok,
8c7b1253a773,"{""case_control_ratio"":0.1,""h2"":0.05,""m"":5,""maf_fixed"":0.3,""maf_type"":""fixed"",""n_blocks"":50,""n_samples"":2500,""p"":1000,""rho"":0.8,""signal_ratio"":1.0}",rf,90,1,2500,1000,5,0.050000,0.800000,1.000000,fixed,0.100000,1000,10,0.559503,0.919451,0.952514,0.500000,0.083272,488.200000,446.000000,0.000000,2.078113,38.920375,ok,
8c7b1253a773,"{""case_control_ratio"":0.1,""h2"":0.05,""m"":5,""maf_fixed"":0.3,""maf_type"":""fixed"",""n_blocks"":50,""n_samples"":2500,""p"":1000,""rho"":0.8,""signal_ratio"":1.0}",orf,90,1,2500,1000,5,0.050000,0.800000,1.000000,fixed,0.100000,1000,10,0.546134,0.920722,0.952514,0.500000,0.082998,485.500000,487.000000,0.100000,7.106926,92.704378,ok,
8c7b1253a773,"{""case_control_ratio"":0.1,""h2"":0.05,""m"":5,""maf_fixed"":0.3,""maf_type"":""fixed"",""n_blocks"":50,""n_samples"":2500,""p"":1000,""rho"":0.8,""signal_ratio"":1.0}",bworf_uniform,90,1,2500,1000,5,0.050000,0.800000,1.000000,fixed,0.100000,1000,10,0.586888,0.927059,0.948555,0.522814,0.089682,418.000000,297.000000,0.000000,1498.521055,1203.766256,ok,
8c7b1253a773,"{""case_control_ratio"":0.1,""h2"":0.05,""m"":5,""maf_fixed"":0.3,""maf_type"":""fixed"",""n_blocks"":50,""n_samples"":2500,""p"":1000,""rho"":0.8,""signal_ratio"":1.0}",bworf_weighted,90,1,2500,1000,5,0.050000,0.800000,1.000000,fixed,0.100000,1000,10,0.568656,0.924982,0.894895,0.539891,0.148527,490.000000,492.000000,0.100000,1434.430032,1202.312207,ok,
8c7b1253a773,"{""case_control_ratio"":0.1,""h2"":0.05,""m"":5,""maf_fixed"":0.3,""maf_type"":""fixed"",""n_blocks"":50,""n_samples"":2500,""p"":1000,""rho"":0.8,""signal_ratio"":1.0}",rf,42,2,2500,1000,5,0.050000,0.800000,1.000000,fixed,0.100000,1000,10,0.538835,0.922420,0.952514,0.500000,0.083482,427.300000,412.500000,0.100000,1.937818,33.401401,ok,
8c7b1253a773,"{""case_control_ratio"":0.1,""h2"":0.05,""m"":5,""maf_fixed"":0.3,""maf_type"":""fixed"",""n_blocks"":50,""n_samples"":2500,""p"":1000,""rho"":0.8,""signal_ratio"":1.0}",orf,42,2,2500,1000,5,0.050000,0.800000,1.000000,fixed,0.100000,1000,10,0.529660,0.919503,0.952514,0.500000,0.083271,564.300000,632.500000,0.100000,6.271732,76.191185,ok,
8c7b1253a773,"{""case_control_ratio"":0.1,""h2"":0.05,""m"":5,""maf_fixed"":0.3,""maf_type"":""fixed"",""n_blocks"":50,""n_samples"":2500,""p"":1000,""rho"":0.8,""signal_ratio"":1.0}",bworf_uniform,42,2,2500,1000,5,0.050000,0.800000,1.000000,fixed,0.100000,1000,10,0.528776,0.919590,0.947220,0.508108,0.098338,321.500000,306.000000,0.200000,1328.079929,1210.234064,ok,
8c7b1253a773,"{""case_control_ratio"":0.1,""h2"":0.05,""m"":5,""maf_fixed"":0.3,""maf_type"":""fixed"",""n_blocks"":50,""n_samples"":2500,""p"":1000,""rho"":0.8,""signal_ratio"":1.0}",bworf_weighted,42,2,2500,1000,5,0.050000,0.800000,1.000000,fixed,0.100000,1000,10,0.528981,0.917574,0.866972,0.481866,0.167228,402.900000,357.500000,0.100000,1211.299825,1194.457077,ok,
8c7b1253a773,"{""case_control_ratio"":0.1,""h2"":0.05,""m"":5,""maf_fixed"":0.3,""maf_type"":""fixed"",""n_blocks"":50,""n_samples"":2500,""p"":1000,""rho"":0.8,""signal_ratio"":1.0}",rf,0,2,2500,1000,5,0.050000,0.800000,1.000000,fixed,0.100000,1000,10,0.495784,0.910162,0.952514,0.500000,0.084542,459.000000,451.000000,0.100000,2.236709,34.784344,ok,
8c7b1253a773,"{""case_control_ratio"":0.1,""h2"":0.05,""m"":5,""maf_fixed"":0.3,""maf_type"":""fixed"",""n_blocks"":50,""n_samples"":2500,""p"":1000,""rho"":0.8,""signal_ratio"":1.0}",orf,0,2,2500,1000,5,0.050000,0.800000,1.000000,fixed,0.100000,1000,10,0.515978,0.913861,0.952514,0.500000,0.083589,518.000000,551.000000,0.200000,6.632746,78.507728,ok,
8c7b1253a773,"{""case_control_ratio"":0.1,""h2"":0.05,""m"":5,""maf_fixed"":0.3,""maf_type"":""fixed"",""n_blocks"":50,""n_samples"":2500,""p"":1000,""rho"":0.8,""signal_ratio"":1.0}",bworf_uniform,0,2,2500,1000,5,0.050000,0.800000,1.000000,fixed,0.100000,1000,10,0.576699,0.925594,0.944993,0.505908,0.091760,671.200000,812.000000,0.000000,1318.709136,1202.330096,ok,
8c7b1253a773,"{""case_control_ratio"":0.1,""h2"":0.05,""m"":5,""maf_fixed"":0.3,""maf_type"":""fixed"",""n_blocks"":50,""n_samples"":2500,""p"":1000,""rho"":0.8,""signal_ratio"":1.0}",bworf_weighted,0,2,2500,1000,5,0.050000,0.800000,1.000000,fixed,0.100000,1000,10,0.564441,0.923846,0.879389,0.539934,0.151907,599.700000,629.500000,0.000000,1282.733880,1190.640598,ok,
8c7b1253a773,"{""case_control_ratio"":0.1,""h2"":0.05,""m"":5,""maf_fixed"":0.3,""maf_type"":""fixed"",""n_blocks"":50,""n_samples"":2500,""p"":1000,""rho"":0.8,""signal_ratio"":1.0}",rf,12,2,2500,1000,5,0.050000,0.800000,1.000000,fixed,0.100000,1000,10,0.530414,0.912135,0.952514,0.500000,0.083793,532.200000,516.000000,0.100000,1.798177,32.111563,ok,
8c7b1253a773,"{""case_control_ratio"":0.1,""h2"":0.05,""m"":5,""maf_fixed"":0.3,""maf_type"":""fixed"",""n_blocks"":50,""n_samples"":2500,""p"":1000,""rho"":0.8,""signal_ratio"":1.0}",orf,12,2,2500,1000,5,0.050000,0.800000,1.000000,fixed,0.100000,1000,10,0.521692,0.914270,0.952514,0.500000,0.083574,531.000000,602.500000,0.000000,6.264579,77.291542,ok,
8c7b1253a773,"{""case_control_ratio"":0.1,""h2"":0.05,""m"":5,""maf_fixed"":0.3,""maf_type"":""fixed"",""n_blocks"":50,""n_samples"":2500,""p"":1000,""rho"":0.8,""signal_ratio"":1.0}",bworf_uniform,12,2,2500,1000,5,0.050000,0.800000,1.000000,fixed,0.100000,1000,10,0.538511,0.923097,0.947294,0.501488,0.093266,368.000000,305.000000,0.100000,1321.231350,1185.321206,ok,
8c7b1253a773,"{""case_control_ratio"":0.1,""h2"":0.05,""m"":5,""maf_fixed"":0.3,""maf_type"":""fixed"",""n_blocks"":50,""n_samples"":2500,""p"":1000,""rho"":0.8,""signal_ratio"":1.0}",bworf_weighted,12,2,2500,1000,5,0.050000,0.800000,1.000000,fixed,0.100000,1000,10,0.525444,0.919930,0.888390,0.493574,0.146903,246.400000,221.500000,0.100000,1225.873002,1185.446074,ok,
8c7b1253a773,"{""case_control_ratio"":0.1,""h2"":0.05,""m"":5,""maf_fixed"":0.3,""maf_type"":""fixed"",""n_blocks"":50,""n_samples"":2500,""p"":1000,""rho"":0.8,""signal_ratio"":1.0}",rf,100,2,2500,1000,5,0.050000,0.800000,1.000000,fixed,0.100000,1000,10,0.485251,0.910758,0.952514,0.500000,0.084899,444.000000,400.000000,0.100000,2.018744,32.228445,ok,
8c7b1253a773,"{""case_control_ratio"":0.1,""h2"":0.05,""m"":5,""maf_fixed"":0.3,""maf_type"":""fixed"",""n_blocks"":50,""n_samples"":2500,""p"":1000,""rho"":0.8,""signal_ratio"":1.0}",orf,100,2,2500,1000,5,0.050000,0.800000,1.000000,fixed,0.100000,1000,10,0.492582,0.907710,0.952514,0.500000,0.083816,465.300000,430.000000,0.100000,6.280030,76.961219,ok,
8c7b1253a773,"{""case_control_ratio"":0.1,""h2"":0.05,""m"":5,""maf_fixed"":0.3,""maf_type"":""fixed"",""n_blocks"":50,""n_samples"":2500,""p"":1000,""rho"":0.8,""signal_ratio"":1.0}",bworf_uniform,100,2,2500,1000,5,0.050000,0.800000,1.000000,fixed,0.100000,1000,10,0.475160,0.902684,0.945889,0.493402,0.098174,354.900000,243.000000,0.000000,1254.026841,1207.603899,ok,
8c7b1253a773,"{""case_control_ratio"":0.1,""h2"":0.05,""m"":5,""maf_fixed"":0.3,""maf_type"":""fixed"",""n_blocks"":50,""n_samples"":2500,""p"":1000,""rho"":0.8,""signal_ratio"":1.0}",bworf_weighted,100,2,2500,1000,5,0.050000,0.800000,1.000000,fixed,0.100000,1000,10,0.478383,0.900333,0.884702,0.503881,0.159676,429.900000,429.000000,0.000000,1179.008239,1221.693042,ok,
8c7b1253a773,"{""case_control_ratio"":0.1,""h2"":0.05,""m"":5,""maf_fixed"":0.3,""maf_type"":""fixed"",""n_blocks"":50,""n_samples"":2500,""p"":1000,""rho"":0.8,""signal_ratio"":1.0}",rf,90,2,2500,1000,5,0.050000,0.800000,1.000000,fixed,0.100000,1000,10,0.529326,0.914080,0.952514,0.500000,0.084103,564.000000,569.500000,0.000000,1.922160,32.110508,ok,
8c7b1253a773,"{""case_control_ratio"":0.1,""h2"":0.05,""m"":5,""maf_fixed"":0.3,""maf_type"":""fixed"",""n_blocks"":50,""n_samples"":2500,""p"":1000,""rho"":0.8,""signal_ratio"":1.0}",orf,90,2,2500,1000,5,0.050000,0.800000,1.000000,fixed,0.100000,1000,10,0.504086,0.916748,0.952514,0.500000,0.083897,541.500000,436.000000,0.000000,6.080242,74.555332,ok,
8c7b1253a773,"{""case_control_ratio"":0.1,""h2"":0.05,""m"":5,""maf_fixed"":0.3,""maf_type"":""fixed"",""n_blocks"":50,""n_samples"":2500,""p"":1000,""rho"":0.8,""signal_ratio"":1.0}",bworf_uniform,90,2,2500,1000,5,0.050000,0.800000,1.000000,fixed,0.100000,1000,10,0.528495,0.919667,0.942172,0.489736,0.099928,411.300000,286.500000,0.000000,1209.785195,1198.141267,ok,
8c7b1253a773,"{""case_control_ratio"":0.1,""h2"":0.05,""m"":5,""maf_fixed"":0.3,""maf_type"":""fixed"",""n_blocks"":50,""n_samples"":2500,""p"":1000,""rho"":0.8,""signal_ratio"":1.0}",bworf_weighted,90,2,2500,1000,5,0.050000,0.800000,1.000000,fixed,0.100000,1000,10,0.516183,0.912471,0.867433,0.495838,0.166601,466.300000,519.000000,0.000000,1136.075665,1215.491958,ok,
c402040d17ac,"{""case_control_ratio"":0.2,""h2"":0.05,""m"":5,""maf_fixed"":0.3,""maf_type"":""fixed"",""n_blocks"":50,""n_samples"":2500,""p"":1000,""rho"":0.8,""signal_ratio"":1.0}",rf,42,0,2500,1000,5,0.050000,0.800000,1.000000,fixed,0.200000,1000,10,0.599725,0.874767,0.909091,0.500000,0.137233,290.800000,169.500000,0.300000,2.053964,34.249339,ok,
c402040d17ac,"{""case_control_ratio"":0.2,""h2"":0.05,""m"":5,""maf_fixed"":0.3,""maf_type"":""fixed"",""n_blocks"":50,""n_samples"":2500,""p"":1000,""rho"":0.8,""signal_ratio"":1.0}",orf,42,0,2500,1000,5,0.050000,0.800000,1.000000,fixed,0.200000,1000,10,0.577120,0.864200,0.909091,0.500000,0.137651,444.700000,424.000000,0.100000,7.805515,77.807218,ok,
c402040d17ac,"{""case_control_ratio"":0.2,""h2"":0.05,""m"":5,""maf_fixed"":0.3,""maf_type"":""fixed"",""n_blocks"":50,""n_samples"":2500,""p"":1000,""rho"":0.8,""signal_ratio"":1.0}",bworf_uniform,42,0,2500,1000,5,0.050000,0.800000,1.000000,fixed,0.200000,1000,10,0.550061,0.851577,0.883019,0.508000,0.163032,326.200000,251.500000,0.100000,1617.811753,1199.132546,ok,
c402040d17ac,"{""case_control_ratio"":0.2,""h2"":0.05,""m"":5,""maf_fixed"":0.3,""maf_type"":""fixed"",""n_blocks"":50,""n_samples"":2500,""p"":1000,""rho"":0.8,""signal_ratio"":1.0}",bworf_weighted,42,0,2500,1000,5,0.050000,0.800000,1.000000,fixed,0.200000,1000,10,0.543962,0.849805,0.803376,0.544800,0.225814,341.800000,178.000000,0.000000,1803.380320,1212.913997,ok,
c402040d17ac,"{""case_control_ratio"":0.2,""h2"":0.05,""m"":5,""maf_fixed"":0.3,""maf_type"":""fixed"",""n_blocks"":50,""n_samples"":2500,""p"":1000,""rho"":0.8,""signal_ratio"":1.0}",rf,0,0,2500,1000,5,0.050000,0.800000,1.000000,fixed,0.200000,1000,10,0.514931,0.827082,0.909091,0.500000,0.141038,576.400000,622.000000,0.000000,2.044351,33.709572,ok,
c402040d17ac,"{""case_control_ratio"":0.2,""h2"":0.05,""m"":5,""maf_fixed"":0.3,""maf_type"":""fixed"",""n_blocks"":50,""n_samples"":2500,""p"":1000,""rho"":0.8,""signal_ratio"":1.0}",orf,0,0,2500,1000,5,0.050000,0.800000,1.000000,fixed,0.200000,1000,10,0.500013,0.832261,0.909091,0.500000,0.141040,474.300000,445.000000,0.000000,7.506145,75.288984,ok,
c402040d17ac,"{""case_control_ratio"":0.2,""h2"":0.05,""m"":5,""maf_fixed"":0.3,""maf_type"":""fixed"",""n_blocks"":50,""n_samples"":2500,""p"":1000,""rho"":0.8,""signal_ratio"":1.0}",bworf_uniform,0,0,2500,1000,5,0.050000,0.800000,1.000000,fixed,0.200000,1000,10,0.539277,0.853556,0.876234,0.501600,0.169397,489.600000,568.500000,0.200000,1957.636279,1213.514439,ok,
c402040d17ac,"{""case_control_ratio"":0.2,""h2"":0.05,""m"":5,""maf_fixed"":0.3,""maf_type"":""fixed"",""n_blocks"":50,""n_samples"":2500,""p"":1000,""rho"":0.8,""signal_ratio"":1.0}",bworf_weighted,0,0,2500,1000,5,0.050000,0.800000,1.000000,fixed,0.200000,1000,10,0.533939,0.853605,0.794613,0.513600,0.239709,467.400000,469.000000,0.100000,1791.553006,1177.372200,ok,
c402040d17ac,"{""case_control_ratio"":0.2,""h2"":0.05,""m"":5,""maf_fixed"":0.3,""maf_type"":""fixed"",""n_blocks"":50,""n_samples"":2500,""p"":1000,""rho"":0.8,""signal_ratio"":1.0}",rf,12,0,2500,1000,5,0.050000,0.800000,1.000000,fixed,0.200000,1000,10,0.512128,0.830920,0.909091,0.500000,0.141251,371.100000,262.000000,0.100000,2.291020,34.884906,ok,
c402040d17ac,"{""case_control_ratio"":0.2,""h2"":0.05,""m"":5,""maf_fixed"":0.3,""maf_type"":""fixed"",""n_blocks"":50,""n_samples"":2500,""p"":1000,""rho"":0.8,""signal_ratio"":1.0}",orf,12,0,2500,1000,5,0.050000,0.800000,1.000000,fixed,0.200000,1000,10,0.482573,0.826591,0.909091,0.500000,0.141548,464.400000,461.000000,0.100000,7.752364,78.243535,ok,
c402040d17ac,"{""case_control_ratio"":0.2,""h2"":0.05,""m"":5,""maf_fixed"":0.3,""maf_type"":""fixed"",""n_blocks"":50,""n_samples"":2500,""p"":1000,""rho"":0.8,""signal_ratio"":1.0}",bworf_uniform,12,0,2500,1000,5,0.050000,0.800000,1.000000,fixed,0.200000,1000,10,0.545158,0.851429,0.882175,0.507200,0.168068,459.800000,448.500000,0.000000,1866.258188,1175.536236,ok,
c402040d17ac,"{""case_control_ratio"":0.2,""h2"":0.05,""m"":5,""maf_fixed"":0.3,""maf_type"":""fixed"",""n_blocks"":50,""n_samples"":2500,""p"":1000,""rho"":0.8,""signal_ratio"":1.0}",bworf_weighted,12,0,2500,1000,5,0.050000,0.800000,1.000000,fixed,0.200000,1000,10,0.555507,0.861006,0.796281,0.528800,0.229309,466.900000,366.500000,0.100000,1754.439698,1203.759436,ok,
c402040d17ac,"{""case_control_ratio"":0.2,""h2"":0.05,""m"":5,""maf_fixed"":0.3,""maf_type"":""fixed"",""n_blocks"":50,""n_samples"":2500,""p"":1000,""rho"":0.8,""signal_ratio"":1.0}",rf,100,0,2500,1000,5,0.050000,0.800000,1.000000,fixed,0.200000,1000,10,0.511424,0.837815,0.909091,0.500000,0.140590,552.000000,567.000000,0.100000,2.113874,36.472284,ok,
c402040d17ac,"{""case_control_ratio"":0.2,""h2"":0.05,""m"":5,""maf_fixed"":0.3,""maf_type"":""fixed"",""n_blocks"":50,""n_samples"":2500,""p"":1000,""rho"":0.8,""signal_ratio"":1.0}",orf,100,0,2500,1000,5,0.050000,0.800000,1.000000,fixed,0.200000,1000,10,0.479014,0.830105,0.909091,0.500000,0.141742,410.700000,416.000000,0.100000,8.434828,81.854039,ok,
c402040d17ac,"{""case_control_ratio"":0.2,""h2"":0.05,""m"":5,""maf_fixed"":0.3,""maf_type"":""fixed"",""n_blocks"":50,""n_samples"":2500,""p"":1000,""rho"":0.8,""signal_ratio"":1.0}",bworf_uniform,100,0,2500,1000,5,0.050000,0.800000,1.000000,fixed,0.200000,1000,10,0.558579,0.865379,0.883827,0.525600,0.164095,495.200000,534.500000,0.000000,1774.158280,1209.812318,ok,
c402040d17ac,"{""case_control_ratio"":0.2,""h2"":0.05,""m"":5,""maf_fixed"":0.3,""maf_type"":""fixed"",""n_blocks"":50,""n_samples"":2500,""p"":1000,""rho"":0.8,""signal_ratio"":1.0}",bworf_weighted,100,0,2500,1000,5,0.050000,0.800000,1.000000,fixed,0.200000,1000,10,0.554541,0.865727,0.792130,0.546400,0.233032,393.300000,278.000000,0.000000,1852.728316,1193.641554,ok,
c402040d17ac,"{""case_control_ratio"":0.2,""h2"":0.05,""m"":5,""maf_fixed"":0.3,""maf_type"":""fixed"",""n_blocks"":50,""n_samples"":2500,""p"":1000,""rho"":0.8,""signal_ratio"":1.0}",rf,90,0,2500,1000,5,0.050000,0.800000,1.000000,fixed,0.200000,1000,10,0.514765,0.842084,0.909091,0.500000,0.141541,344.800000,242.500000,0.000000,2.412042,38.806967,ok,
c402040d17ac,"{""case_control_ratio"":0.2,""h2"":0.05,""m"":5,""maf_fixed"":0.3,""maf_type"":""fixed"",""n_blocks"":50,""n_samples"":2500,""p"":1000,""rho"":0.8,""signal_ratio"":1.0}",orf,90,0,2500,1000,5,0.050000,0.800000,1.000000,fixed,0.200000,1000,10,0.526541,0.838448,0.909091,0.500000,0.140107,599.900000,671.500000,0.000000,7.913064,80.669537,ok,
c402040d17ac,"{""case_control_ratio"":0.2,""h2"":0.05,""m"":5,""maf_fixed"":0.3,""maf_type"":""fixed"",""n_blocks"":50,""n_samples"":2500,""p"":1000,""rho"":0.8,""signal_ratio"":1.0}",bworf_uniform,90,0,2500,1000,5,0.050000,0.800000,1.000000,fixed,0.200000,1000,10,0.566336,0.867202,0.883861,0.508800,0.164204,470.400000,452.500000,0.100000,1864.174537,1190.111231,ok,
c402040d17ac,"{""case_control_ratio"":0.2,""h2"":0.05,""m"":5,""maf_fixed"":0.3,""maf_type"":""fixed"",""n_blocks"":50,""n_samples"":2500,""p"":1000,""rho"":0.8,""signal_ratio"":1.0}",bworf_weighted,90,0,2500,1000,5,0.050000,0.800000,1.000000,fixed,0.200000,1000,10,0.558541,0.864896,0.802013,0.526400,0.224227,563.100000,603.500000,0.100000,1946.894239,1186.166806,ok,
c402040d17ac,"{""case_control_ratio"":0.2,""h2"":0.05,""m"":5,""maf_fixed"":0.3,""maf_type"":""fixed"",""n_blocks"":50,""n_samples"":2500,""p"":1000,""rho"":0.8,""signal_ratio"":1.0}",rf,42,1,2500,1000,5,0.050000,0.800000,1.000000,fixed,0.200000,1000,10,0.449082,0.815638,0.909091,0.500000,0.143619,590.800000,585.000000,0.000000,2.069831,35.443016,ok,
c402040d17ac,"{""case_control_ratio"":0.2,""h2"":0.05,""m"":5,""maf_fixed"":0.3,""maf_type"":""fixed"",""n_blocks"":50,""n_samples"":2500,""p"":1000,""rho"":0.8,""signal_ratio"":1.0}",orf,42,1,2500,1000,5,0.050000,0.800000,1.000000,fixed,0.200000,1000,10,0.452992,0.810975,0.909091,0.500000,0.143074,640.000000,673.500000,0.000000,7.881046,77.457621,ok,
c402040d17ac,"{""case_control_ratio"":0.2,""h2"":0.05,""m"":5,""maf_fixed"":0.3,""maf_type"":""fixed"",""n_blocks"":50,""n_samples"":2500,""p"":1000,""rho"":0.8,""signal_ratio"":1.0}",bworf_uniform,42,1,2500,1000,5,0.050000,0.800000,1.000000,fixed,0.200000,1000,10,0.509440,0.845439,0.880845,0.499200,0.174086,521.800000,595.000000,0.000000,1900.425666,1198.816361,ok,
c402040d17ac,"{""case_control_ratio"":0.2,""h2"":0.05,""m"":5,""maf_fixed"":0.3,""maf_type"":""fixed"",""n_blocks"":50,""n_samples"":2500,""p"":1000,""rho"":0.8,""signal_ratio"":1.0}",bworf_weighted,42,1,2500,1000,5,0.050000,0.800000,1.000000,fixed,0.200000,1000,10,0.508890,0.841972,0.777114,0.500000,0.247725,481.700000,438.000000,0.000000,2153.254908,1208.051083,ok,
c402040d17ac,"{""case_control_ratio"":0.2,""h2"":0.05,""m"":5,""maf_fixed"":0.3,""maf_type"":""fixed"",""n_blocks"":50,""n_samples"":2500,""p"":1000,""rho"":0.8,""signal_ratio"":1.0}",rf,0,1,2500,1000,5,0.050000,0.800000,1.000000,fixed,0.200000,1000,10,0.489421,0.841317,0.909091,0.500000,0.142069,302.900000,237.000000,0.100000,2.210517,36.315565,ok,
c402040d17ac,"{""case_control_ratio"":0.2,""h2"":0.05,""m"":5,""maf_fixed"":0.3,""maf_type"":""fixed"",""n_blocks"":50,""n_samples"":2500,""p"":1000,""rho"":0.8,""signal_ratio"":1.0}",orf,0,1,2500,1000,5,0.050000,0.800000,1.000000,fixed,0.200000,1000,10,0.466797,0.826727,0.909091,0.500000,0.142238,592.500000,602.500000,0.000000,7.682754,76.204076,ok,
c402040d17ac,"{""case_control_ratio"":0.2,""h2"":0.05,""m"":5,""maf_fixed"":0.3,""maf_type"":""fixed"",""n_blocks"":50,""n_samples"":2500,""p"":1000,""rho"":0.8,""signal_ratio"":1.0}",bworf_uniform,0,1,2500,1000,5,0.050000,0.800000,1.000000,fixed,0.200000,1000,10,0.505210,0.835333,0.882487,0.517600,0.169622,416.900000,226.000000,0.000000,1936.815445,1192.532859,ok,
c402040d17ac,"{""case_control_ratio"":0.2,""h2"":0.05,""m"":5,""maf_fixed"":0.3,""maf_type"":""fixed"",""n_blocks"":50,""n_samples"":2500,""p"":1000,""rho"":0.8,""signal_ratio"":1.0}",bworf_weighted,0,1,2500,1000,5,0.050000,0.800000,1.000000,fixed,0.200000,1000,10,0.493498,0.830185,0.780904,0.506400,0.248708,425.600000,452.500000,0.000000,2213.066216,1196.209702,ok,
c402040d17ac,"{""case_control_ratio"":0.2,""h2"":0.05,""m"":5,""maf_fixed"":0.3,""maf_type"":""fixed"",""n_blocks"":50,""n_samples"":2500,""p"":1000,""rho"":0.8,""signal_ratio"":1.0}",rf,12,1,2500,1000,5,0.050000,0.800000,1.000000,fixed,0.200000,1000,10,0.433606,0.816801,0.909091,0.500000,0.144042,580.600000,594.000000,0.100000,2.166504,38.015830,ok,
c402040d17ac,"{""case_control_ratio"":0.2,""h2"":0.05,""m"":5,""maf_fixed"":0.3,""maf_type"":""fixed"",""n_blocks"":50,""n_samples"":2500,""p"":1000,""rho"":0.8,""signal_ratio"":1.0}",orf,12,1,2500,1000,5,0.050000,0.800000,1.000000,fixed,0.200000,1000,10,0.464838,0.835504,0.909091,0.500000,0.141895,489.100000,464.500000,0.000000,8.058440,85.928890,ok,
c402040d17ac,"{""case_control_ratio"":0.2,""h2"":0.05,""m"":5,""maf_fixed"":0.3,""maf_type"":""fixed"",""n_blocks"":50,""n_samples"":2500,""p"":1000,""rho"":0.8,""signal_ratio"":1.0}",bworf_uniform,12,1,2500,1000,5,0.050000,0.800000,1.000000,fixed,0.200000,1000,10,0.492672,0.826593,0.885196,0.516800,0.168382,402.400000,323.500000,0.000000,1882.689243,1201.953769,ok,
c402040d17ac,"{""case_control_ratio"":0.2,""h2"":0.05,""m"":5,""maf_fixed"":0.3,""maf_type"":""fixed"",""n_blocks"":50,""n_samples"":2500,""p"":1000,""rho"":0.8,""signal_ratio"":1.0}",bworf_weighted,12,1,2500,1000,5,0.050000,0.800000,1.000000,fixed,0.200000,1000,10,0.494118,0.830934,0.768831,0.511200,0.249553,415.600000,328.500000,0.000000,2000.091707,1212.751628,ok,
c402040d17ac,"{""case_control_ratio"":0.2,""h2"":0.05,""m"":5,""maf_fixed"":0.3,""maf_type"":""fixed"",""n_blocks"":50,""n_samples"":2500,""p"":1000,""rho"":0.8,""signal_ratio"":1.0}",rf,100,1,2500,1000,5,0.050000,0.800000,1.000000,fixed,0.200000,1000,10,0.487936,0.824719,0.909091,0.500000,0.141698,384.100000,363.500000,0.200000,2.584890,38.874808,ok,
c402040d17ac,"{""case_control_ratio"":0.2,""h2"":0.05,""m"":5,""maf_fixed"":0.3,""maf_type"":""fixed"",""n_blocks"":50,""n_samples"":2500,""p"":1000,""rho"":0.8,""signal_ratio"":1.0}",orf,100,1,2500,1000,5,0.050000,0.800000,1.000000,fixed,0.200000,1000,10,0.449165,0.808896,0.909091,0.500000,0.142744,576.000000,651.500000,0.100000,8.672105,82.935076,ok,
c402040d17ac,"{""case_control_ratio"":0.2,""h2"":0.05,""m"":5,""maf_fixed"":0.3,""maf_type"":""fixed"",""n_blocks"":50,""n_samples"":2500,""p"":1000,""rho"":0.8,""signal_ratio"":1.0}",bworf_uniform,100,1,2500,1000,5,0.050000,0.800000,1.000000,fixed,0.200000,1000,10,0.500269,0.840535,0.867229,0.500000,0.177419,435.500000,415.500000,0.200000,1950.620588,1184.077145,ok,
c402040d17ac,"{""case_control_ratio"":0.2,""h2"":0.05,""m"":5,""maf_fixed"":0.3,""maf_type"":""fixed"",""n_blocks"":50,""n_samples"":2500,""p"":1000,""rho"":0.8,""signal_ratio"":1.0}",bworf_weighted,100,1,2500,1000,5,0.050000,0.800000,1.000000,fixed,0.200000,1000,10,0.505946,0.838973,0.745374,0.490400,0.264648,392.600000,363.500000,0.100000,2721.271431,1212.737224,ok,
c402040d17ac,"{""case_control_ratio"":0.2,""h2"":0.05,""m"":5,""maf_fixed"":0.3,""maf_type"":""fixed"",""n_blocks"":50,""n_samples"":2500,""p"":1000,""rho"":0.8,""signal_ratio"":1.0}",rf,90,1,2500,1000,5,0.050000,0.800000,1.000000,fixed,0.200000,1000,10,0.525146,0.847448,0.909091,0.500000,0.140514,429.300000,356.000000,0.100000,2.341823,38.058168,ok,
c402040d17ac,"{""case_control_ratio"":0.2,""h2"":0.05,""m"":5,""maf_fixed"":0.3,""maf_type"":""fixed"",""n_blocks"":50,""n_samples"":2500,""p"":1000,""rho"":0.8,""signal_ratio"":1.0}",orf,90,1,2500,1000,5,0.050000,0.800000,1.000000,fixed,0.200000,1000,10,0.524986,0.848937,0.909091,0.500000,0.139659,539.500000,587.500000,0.000000,8.557794,85.135069,ok,
c402040d17ac,"{""case_control_ratio"":0.2,""h2"":0.05,""m"":5,""maf_fixed"":0.3,""maf_type"":""fixed"",""n_blocks"":50,""n_samples"":2500,""p"":1000,""rho"":0.8,""signal_ratio"":1.0}",bworf_uniform,90,1,2500,1000,5,0.050000,0.800000,1.000000,fixed,0.200000,1000,10,0.522554,0.844905,0.873089,0.508800,0.176325,315.300000,292.500000,0.100000,1871.560732,1201.776810,ok,
c402040d17ac,"{""case_control_ratio"":0.2,""h2"":0.05,""m"":5,""maf_fixed"":0.3,""maf_type"":""fixed"",""n_blocks"":50,""n_samples"":2500,""p"":1000,""rho"":0.8,""signal_ratio"":1.0}",bworf_weighted,90,1,2500,1000,5,0.050000,0.800000,1.000000,fixed,0.200000,1000,10,0.519258,0.845953,0.760832,0.491200,0.259050,306.200000,193.500000,0.100000,2105.920673,1204.269638,ok,
c402040d17ac,"{""case_control_ratio"":0.2,""h2"":0.05,""m"":5,""maf_fixed"":0.3,""maf_type"":""fixed"",""n_blocks"":50,""n_samples"":2500,""p"":1000,""rho"":0.8,""signal_ratio"":1.0}",rf,42,2,2500,1000,5,0.050000,0.800000,1.000000,fixed,0.200000,1000,10,0.495373,0.836975,0.909091,0.500000,0.142244,517.100000,545.000000,0.100000,2.531525,38.576524,ok,
c402040d17ac,"{""case_control_ratio"":0.2,""h2"":0.05,""m"":5,""maf_fixed"":0.3,""maf_type"":""fixed"",""n_blocks"":50,""n_samples"":2500,""p"":1000,""rho"":0.8,""signal_ratio"":1.0}",orf,42,2,2500,1000,5,0.050000,0.800000,1.000000,fixed,0.200000,1000,10,0.498726,0.833135,0.909091,0.500000,0.141391,622.300000,742.000000,0.100000,8.538875,84.603165,ok,
c402040d17ac,"{""case_control_ratio"":0.2,""h2"":0.05,""m"":5,""maf_fixed"":0.3,""maf_type"":""fixed"",""n_blocks"":50,""n_samples"":2500,""p"":1000,""rho"":0.8,""signal_ratio"":1.0}",bworf_uniform,42,2,2500,1000,5,0.050000,0.800000,1.000000,fixed,0.200000,1000,10,0.499533,0.838509,0.870299,0.509600,0.177582,714.900000,787.500000,0.000000,1830.041452,1208.509080,ok,
c402040d17ac,"{""case_control_ratio"":0.2,""h2"":0.05,""m"":5,""maf_fixed"":0.3,""maf_type"":""fixed"",""n_blocks"":50,""n_samples"":2500,""p"":1000,""rho"":0.8,""signal_ratio"":1.0}",bworf_weighted,42,2,2500,1000,5,0.050000,0.800000,1.000000,fixed,0.200000,1000,10,0.496480,0.838331,0.763636,0.496800,0.263458,541.200000,578.000000,0.000000,2478.066667,1232.971952,ok,
c402040d17ac,"{""case_control_ratio"":0.2,""h2"":0.05,""m"":5,""maf_fixed"":0.3,""maf_type"":""fixed"",""n_blocks"":50,""n_samples"":2500,""p"":1000,""rho"":0.8,""signal_ratio"":1.0}",rf,0,2,2500,1000,5,0.050000,0.800000,1.000000,fixed,0.200000,1000,10,0.536390,0.843502,0.909091,0.500000,0.139661,465.200000,454.500000,0.000000,2.868519,47.798318,ok,
c402040d17ac,"{""case_control_ratio"":0.2,""h2"":0.05,""m"":5,""maf_fixed"":0.3,""maf_type"":""fixed"",""n_blocks"":50,""n_samples"":2500,""p"":1000,""rho"":0.8,""signal_ratio"":1.0}",orf,0,2,2500,1000,5,0.050000,0.800000,1.000000,fixed,0.200000,1000,10,0.513907,0.840866,0.909091,0.500000,0.140400,357.700000,319.000000,0.100000,9.137637,97.251739,ok,
c402040d17ac,"{""case_control_ratio"":0.2,""h2"":0.05,""m"":5,""maf_fixed"":0.3,""maf_type"":""fixed"",""n_blocks"":50,""n_samples"":2500,""p"":1000,""rho"":0.8,""signal_ratio"":1.0}",bworf_uniform,0,2,2500,1000,5,0.050000,0.800000,1.000000,fixed,0.200000,1000,10,0.485286,0.822587,0.871951,0.497600,0.178113,328.700000,309.000000,0.000000,2307.445538,1430.293250,ok,
c402040d17ac,"{""case_control_ratio"":0.2,""h2"":0.05,""m"":5,""maf_fixed"":0.3,""maf_type"":""fixed"",""n_blocks"":50,""n_samples"":2500,""p"":1000,""rho"":0.8,""signal_ratio"":1.0}",bworf_weighted,0,2,2500,1000,5,0.050000,0.800000,1.000000,fixed,0.200000,1000,10,0.479091,0.821168,0.792262,0.504800,0.249675,215.700000,176.000000,0.100000,2497.774366,1439.330132,ok,
c402040d17ac,"{""case_control_ratio"":0.2,""h2"":0.05,""m"":5,""maf_fixed"":0.3,""maf_type"":""fixed"",""n_blocks"":50,""n_samples"":2500,""p"":1000,""rho"":0.8,""signal_ratio"":1.0}",rf,12,2,2500,1000,5,0.050000,0.800000,1.000000,fixed,0.200000,1000,10,0.534042,0.856574,0.909091,0.500000,0.140650,522.200000,648.500000,0.000000,2.692047,41.534537,ok,
c402040d17ac,"{""case_control_ratio"":0.2,""h2"":0.05,""m"":5,""maf_fixed"":0.3,""maf_type"":""fixed"",""n_blocks"":50,""n_samples"":2500,""p"":1000,""rho"":0.8,""signal_ratio"":1.0}",orf,12,2,2500,1000,5,0.050000,0.800000,1.000000,fixed,0.200000,1000,10,0.527552,0.848254,0.909091,0.500000,0.140089,453.900000,474.500000,0.000000,10.272951,128.437051,ok,
c402040d17ac,"{""case_control_ratio"":0.2,""h2"":0.05,""m"":5,""maf_fixed"":0.3,""maf_type"":""fixed"",""n_blocks"":50,""n_samples"":2500,""p"":1000,""rho"":0.8,""signal_ratio"":1.0}",bworf_uniform,12,2,2500,1000,5,0.050000,0.800000,1.000000,fixed,0.200000,1000,10,0.515610,0.847462,0.874433,0.486400,0.176226,303.200000,252.000000,0.000000,2482.947509,1406.628772,ok,
c402040d17ac,"{""case_control_ratio"":0.2,""h2"":0.05,""m"":5,""maf_fixed"":0.3,""maf_type"":""fixed"",""n_blocks"":50,""n_samples"":2500,""p"":1000,""rho"":0.8,""signal_ratio"":1.0}",bworf_weighted,12,2,2500,1000,5,0.050000,0.800000,1.000000,fixed,0.200000,1000,10,0.504064,0.843329,0.754978,0.472800,0.256094,412.900000,431.000000,0.100000,2681.273987,1420.424035,ok,
c402040d17ac,"{""case_control_ratio"":0.2,""h2"":0.05,""m"":5,""maf_fixed"":0.3,""maf_type"":""fixed"",""n_blocks"":50,""n_samples"":2500,""p"":1000,""rho"":0.8,""signal_ratio"":1.0}",rf,100,2,2500,1000,5,0.050000,0.800000,1.000000,fixed,0.200000,1000,10,0.511776,0.837167,0.909091,0.500000,0.140899,374.300000,332.500000,0.200000,2.683631,41.574652,ok,
c402040d17ac,"{""case_control_ratio"":0.2,""h2"":0.05,""m"":5,""maf_fixed"":0.3,""maf_type"":""fixed"",""n_blocks"":50,""n_samples"":2500,""p"":1000,""rho"":0.8,""signal_ratio"":1.0}",orf,100,2,2500,1000,5,0.050000,0.800000,1.000000,fixed,0.200000,1000,10,0.511494,0.840096,0.909091,0.500000,0.140487,601.200000,829.000000,0.100000,8.906424,91.623266,ok,
c402040d17ac,"{""case_control_ratio"":0.2,""h2"":0.05,""m"":5,""maf_fixed"":0.3,""maf_type"":""fixed"",""n_blocks"":50,""n_samples"":2500,""p"":1000,""rho"":0.8,""signal_ratio"":1.0}",bworf_uniform,100,2,2500,1000,5,0.050000,0.800000,1.000000,fixed,0.200000,1000,10,0.526176,0.845866,0.874905,0.493600,0.171727,456.500000,464.500000,0.100000,2493.992077,1447.203679,ok,
c402040d17ac,"{""case_control_ratio"":0.2,""h2"":0.05,""m"":5,""maf_fixed"":0.3,""maf_type"":""fixed"",""n_blocks"":50,""n_samples"":2500,""p"":1000,""rho"":0.8,""signal_ratio"":1.0}",bworf_weighted,100,2,2500,1000,5,0.050000,0.800000,1.000000,fixed,0.200000,1000,10,0.522298,0.836139,0.778535,0.497600,0.243238,456.300000,435.000000,0.100000,2765.114705,1412.519959,ok,
c402040d17ac,"{""case_control_ratio"":0.2,""h2"":0.05,""m"":5,""maf_fixed"":0.3,""maf_type"":""fixed"",""n_blocks"":50,""n_samples"":2500,""p"":1000,""rho"":0.8,""signal_ratio"":1.0}",rf,90,2,2500,1000,5,0.050000,0.800000,1.000000,fixed,0.200000,1000,10,0.502541,0.840083,0.909091,0.500000,0.141386,421.100000,457.000000,0.000000,3.003036,47.877171,ok,
c402040d17ac,"{""case_control_ratio"":0.2,""h2"":0.05,""m"":5,""maf_fixed"":0.3,""maf_type"":""fixed"",""n_blocks"":50,""n_samples"":2500,""p"":1000,""rho"":0.8,""signal_ratio"":1.0}",orf,90,2,2500,1000,5,0.050000,0.800000,1.000000,fixed,0.200000,1000,10,0.512006,0.835134,0.909091,0.500000,0.140449,598.200000,603.500000,0.000000,10.447847,149.818056,ok,
c402040d17ac,"{""case_control_ratio"":0.2,""h2"":0.05,""m"":5,""maf_fixed"":0.3,""maf_type"":""fixed"",""n_blocks"":50,""n_samples"":2500,""p"":1000,""rho"":0.8,""signal_ratio"":1.0}",bworf_uniform,90,2,2500,1000,5,0.050000,0.800000,1.000000,fixed,0.200000,1000,10,0.563213,0.858987,0.881381,0.489600,0.163331,301.700000,171.000000,0.100000,2558.172391,1411.613137,ok,
c402040d17ac,"{""case_control_ratio"":0.2,""h2"":0.05,""m"":5,""maf_fixed"":0.3,""maf_type"":""fixed"",""n_blocks"":50,""n_samples"":2500,""p"":1000,""rho"":0.8,""signal_ratio"":1.0}",bworf_weighted,90,2,2500,1000,5,0.050000,0.800000,1.000000,fixed,0.200000,1000,10,0.564410,0.862643,0.795953,0.521600,0.222762,306.400000,191.000000,0.100000,2800.976506,1400.377077,ok,
b637ddde417e,"{""case_control_ratio"":0.1,""h2"":0.1,""m"":5,""maf_fixed"":0.3,""maf_type"":""fixed"",""n_blocks"":50,""n_samples"":2500,""p"":1000,""rho"":0.2,""signal_ratio"":1.0}",rf,42,0,2500,1000,5,0.100000,0.200000,1.000000,fixed,0.100000,1000,10,0.486782,0.907166,0.952514,0.500000,0.083797,547.800000,652.000000,0.000000,2.241456,41.692215,ok,
b637ddde417e,"{""case_control_ratio"":0.1,""h2"":0.1,""m"":5,""maf_fixed"":0.3,""maf_type"":""fixed"",""n_blocks"":50,""n_samples"":2500,""p"":1000,""rho"":0.2,""signal_ratio"":1.0}",orf,42,0,2500,1000,5,0.100000,0.200000,1.000000,fixed,0.100000,1000,10,0.478513,0.911295,0.952514,0.500000,0.083389,486.000000,492.500000,0.000000,7.198402,98.862764,ok,
b637ddde417e,"{""case_control_ratio"":0.1,""h2"":0.1,""m"":5,""maf_fixed"":0.3,""maf_type"":""fixed"",""n_blocks"":50,""n_samples"":2500,""p"":1000,""rho"":0.2,""signal_ratio"":1.0}",bworf_uniform,42,0,2500,1000,5,0.100000,0.200000,1.000000,fixed,0.100000,1000,10,0.562910,0.932310,0.947961,0.508841,0.094812,456.300000,547.500000,0.400000,1031.658371,1366.073738,ok,
b637ddde417e,"{""case_control_ratio"":0.1,""h2"":0.1,""m"":5,""maf_fixed"":0.3,""maf_type"":""fixed"",""n_blocks"":50,""n_samples"":2500,""p"":1000,""rho"":0.2,""signal_ratio"":1.0}",bworf_weighted,42,0,2500,1000,5,0.100000,0.200000,1.000000,fixed,0.100000,1000,10,0.551751,0.929519,0.870624,0.478178,0.162628,252.400000,48.500000,0.500000,998.871462,1367.192872,ok,
b637ddde417e,"{""case_control_ratio"":0.1,""h2"":0.1,""m"":5,""maf_fixed"":0.3,""maf_type"":""fixed"",""n_blocks"":50,""n_samples"":2500,""p"":1000,""rho"":0.2,""signal_ratio"":1.0}",rf,0,0,2500,1000,5,0.100000,0.200000,1.000000,fixed,0.100000,1000,10,0.492367,0.909828,0.952514,0.500000,0.083727,456.600000,429.500000,0.100000,2.345983,41.278864,ok,
b637ddde417e,"{""case_control_ratio"":0.1,""h2"":0.1,""m"":5,""maf_fixed"":0.3,""maf_type"":""fixed"",""n_blocks"":50,""n_samples"":2500,""p"":1000,""rho"":0.2,""signal_ratio"":1.0}",orf,0,0,2500,1000,5,0.100000,0.200000,1.000000,fixed,0.100000,1000,10,0.531223,0.912757,0.952514,0.500000,0.082955,581.400000,718.000000,0.100000,7.298775,102.476023,ok,
b637ddde417e,"{""case_control_ratio"":0.1,""h2"":0.1,""m"":5,""maf_fixed"":0.3,""maf_type"":""fixed"",""n_blocks"":50,""n_samples"":2500,""p"":1000,""rho"":0.2,""signal_ratio"":1.0}",bworf_uniform,0,0,2500,1000,5,0.100000,0.200000,1.000000,fixed,0.100000,1000,10,0.556053,0.920769,0.946403,0.513994,0.093000,256.500000,132.500000,0.300000,1154.777975,1338.881842,ok,
b637ddde417e,"{""case_control_ratio"":0.1,""h2"":0.1,""m"":5,""maf_fixed"":0.3,""maf_type"":""fixed"",""n_blocks"":50,""n_samples"":2500,""p"":1000,""rho"":0.2,""signal_ratio"":1.0}",bworf_weighted,0,0,2500,1000,5,0.100000,0.200000,1.000000,fixed,0.100000,1000,10,0.557476,0.924094,0.866821,0.515698,0.165489,396.400000,303.500000,0.400000,1111.817024,1381.108895,ok,
b637ddde417e,"{""case_control_ratio"":0.1,""h2"":0.1,""m"":5,""maf_fixed"":0.3,""maf_type"":""fixed"",""n_blocks"":50,""n_samples"":2500,""p"":1000,""rho"":0.2,""signal_ratio"":1.0}",rf,12,0,2500,1000,5,0.100000,0.200000,1.000000,fixed,0.100000,1000,10,0.553099,0.917267,0.952514,0.500000,0.082916,442.200000,398.500000,0.100000,2.659655,40.131608,ok,
b637ddde417e,"{""case_control_ratio"":0.1,""h2"":0.1,""m"":5,""maf_fixed"":0.3,""maf_type"":""fixed"",""n_blocks"":50,""n_samples"":2500,""p"":1000,""rho"":0.2,""signal_ratio"":1.0}",orf,12,0,2500,1000,5,0.100000,0.200000,1.000000,fixed,0.100000,1000,10,0.523935,0.916295,0.952514,0.500000,0.082784,491.000000,455.000000,0.000000,8.271352,113.897684,ok,
b637ddde417e,"{""case_control_ratio"":0.1,""h2"":0.1,""m"":5,""maf_fixed"":0.3,""maf_type"":""fixed"",""n_blocks"":50,""n_samples"":2500,""p"":1000,""rho"":0.2,""signal_ratio"":1.0}",bworf_uniform,12,0,2500,1000,5,0.100000,0.200000,1.000000,fixed,0.100000,1000,10,0.528797,0.918686,0.945070,0.499288,0.094570,454.000000,401.000000,0.100000,1114.192429,1359.632950,ok,
b637ddde417e,"{""case_control_ratio"":0.1,""h2"":0.1,""m"":5,""maf_fixed"":0.3,""maf_type"":""fixed"",""n_blocks"":50,""n_samples"":2500,""p"":1000,""rho"":0.2,""signal_ratio"":1.0}",bworf_weighted,12,0,2500,1000,5,0.100000,0.200000,1.000000,fixed,0.100000,1000,10,0.534490,0.917358,0.867025,0.509078,0.168495,475.800000,420.500000,0.000000,1044.135721,1346.571485,ok,
b637ddde417e,"{""case_control_ratio"":0.1,""h2"":0.1,""m"":5,""maf_fixed"":0.3,""maf_type"":""fixed"",""n_blocks"":50,""n_samples"":2500,""p"":1000,""rho"":0.2,""signal_ratio"":1.0}",rf,100,0,2500,1000,5,0.100000,0.200000,1.000000,fixed,0.100000,1000,10,0.529336,0.906065,0.952514,0.500000,0.083074,626.200000,683.000000,0.000000,3.254285,47.672292,ok,
b637ddde417e,"{""case_control_ratio"":0.1,""h2"":0.1,""m"":5,""maf_fixed"":0.3,""maf_type"":""fixed"",""n_blocks"":50,""n_samples"":2500,""p"":1000,""rho"":0.2,""signal_ratio"":1.0}",orf,100,0,2500,1000,5,0.100000,0.200000,1.000000,fixed,0.100000,1000,10,0.569314,0.916008,0.952514,0.500000,0.082324,492.400000,487.000000,0.000000,8.249372,106.102674,ok,
b637ddde417e,"{""case_control_ratio"":0.1,""h2"":0.1,""m"":5,""maf_fixed"":0.3,""maf_type"":""fixed"",""n_blocks"":50,""n_samples"":2500,""p"":1000,""rho"":0.2,""signal_ratio"":1.0}",bworf_uniform,100,0,2500,1000,5,0.100000,0.200000,1.000000,fixed,0.100000,1000,10,0.544236,0.916193,0.950105,0.517660,0.089857,426.400000,305.000000,0.000000,1136.286362,1361.785179,ok,
b637ddde417e,"{""case_control_ratio"":0.1,""h2"":0.1,""m"":5,""maf_fixed"":0.3,""maf_type"":""fixed"",""n_blocks"":50,""n_samples"":2500,""p"":1000,""rho"":0.2,""signal_ratio"":1.0}",bworf_weighted,100,0,2500,1000,5,0.100000,0.200000,1.000000,fixed,0.100000,1000,10,0.551449,0.920342,0.882129,0.535514,0.153154,226.000000,106.500000,0.100000,1051.797352,1361.078114,ok,
b637ddde417e,"{""case_control_ratio"":0.1,""h2"":0.1,""m"":5,""maf_fixed"":0.3,""maf_type"":""fixed"",""n_blocks"":50,""n_samples"":2500,""p"":1000,""rho"":0.2,""signal_ratio"":1.0}",rf,90,0,2500,1000,5,0.100000,0.200000,1.000000,fixed,0.100000,1000,10,0.498965,0.904909,0.952514,0.500000,0.083412,594.100000,712.000000,0.100000,3.528675,44.672337,ok,
b637ddde417e,"{""case_control_ratio"":0.1,""h2"":0.1,""m"":5,""maf_fixed"":0.3,""maf_type"":""fixed"",""n_blocks"":50,""n_samples"":2500,""p"":1000,""rho"":0.2,""signal_ratio"":1.0}",orf,90,0,2500,1000,5,0.100000,0.200000,1.000000,fixed,0.100000,1000,10,0.489520,0.910656,0.952514,0.500000,0.083401,590.900000,637.500000,0.000000,7.933864,98.199498,ok,
b637ddde417e,"{""case_control_ratio"":0.1,""h2"":0.1,""m"":5,""maf_fixed"":0.3,""maf_type"":""fixed"",""n_blocks"":50,""n_samples"":2500,""p"":1000,""rho"":0.2,""signal_ratio"":1.0}",bworf_uniform,90,0,2500,1000,5,0.100000,0.200000,1.000000,fixed,0.100000,1000,10,0.479709,0.904912,0.944327,0.498555,0.097445,283.300000,29.500000,0.400000,976.950697,1365.453057,ok,
b637ddde417e,"{""case_control_ratio"":0.1,""h2"":0.1,""m"":5,""maf_fixed"":0.3,""maf_type"":""fixed"",""n_blocks"":50,""n_samples"":2500,""p"":1000,""rho"":0.2,""signal_ratio"":1.0}",bworf_weighted,90,0,2500,1000,5,0.100000,0.200000,1.000000,fixed,0.100000,1000,10,0.472162,0.899593,0.871483,0.478912,0.170254,250.300000,29.500000,0.500000,875.495542,1373.442898,ok,
b637ddde417e,"{""case_control_ratio"":0.1,""h2"":0.1,""m"":5,""maf_fixed"":0.3,""maf_type"":""fixed"",""n_blocks"":50,""n_samples"":2500,""p"":1000,""rho"":0.2,""signal_ratio"":1.0}",rf,42,1,2500,1000,5,0.100000,0.200000,1.000000,fixed,0.100000,1000,10,0.499008,0.911653,0.952514,0.500000,0.083791,357.700000,225.500000,0.300000,2.121085,43.314348,ok,
b637ddde417e,"{""case_control_ratio"":0.1,""h2"":0.1,""m"":5,""maf_fixed"":0.3,""maf_type"":""fixed"",""n_blocks"":50,""n_samples"":2500,""p"":1000,""rho"":0.2,""signal_ratio"":1.0}",orf,42,1,2500,1000,5,0.100000,0.200000,1.000000,fixed,0.100000,1000,10,0.473995,0.904782,0.952514,0.500000,0.083620,238.400000,124.000000,0.300000,7.932441,113.855711,ok,
b637ddde417e,"{""case_control_ratio"":0.1,""h2"":0.1,""m"":5,""maf_fixed"":0.3,""maf_type"":""fixed"",""n_blocks"":50,""n_samples"":2500,""p"":1000,""rho"":0.2,""signal_ratio"":1.0}",bworf_uniform,42,1,2500,1000,5,0.100000,0.200000,1.000000,fixed,0.100000,1000,10,0.541099,0.915322,0.947146,0.514727,0.092281,339.300000,170.500000,0.400000,909.120153,1351.573922,ok,
b637ddde417e,"{""case_control_ratio"":0.1,""h2"":0.1,""m"":5,""maf_fixed"":0.3,""maf_type"":""fixed"",""n_blocks"":50,""n_samples"":2500,""p"":1000,""rho"":0.2,""signal_ratio"":1.0}",bworf_weighted,42,1,2500,1000,5,0.100000,0.200000,1.000000,fixed,0.100000,1000,10,0.550727,0.919879,0.890060,0.528873,0.150269,212.900000,68.000000,0.400000,926.510904,1351.806836,ok,
b637ddde417e,"{""case_control_ratio"":0.1,""h2"":0.1,""m"":5,""maf_fixed"":0.3,""maf_type"":""fixed"",""n_blocks"":50,""n_samples"":2500,""p"":1000,""rho"":0.2,""signal_ratio"":1.0}",rf,0,1,2500,1000,5,0.100000,0.200000,1.000000,fixed,0.100000,1000,10,0.562619,0.925621,0.952514,0.500000,0.082714,329.600000,291.500000,0.100000,3.670379,47.050691,ok,
b637ddde417e,"{""case_control_ratio"":0.1,""h2"":0.1,""m"":5,""maf_fixed"":0.3,""maf_type"":""fixed"",""n_blocks"":50,""n_samples"":2500,""p"":1000,""rho"":0.2,""signal_ratio"":1.0}",orf,0,1,2500,1000,5,0.100000,0.200000,1.000000,fixed,0.100000,1000,10,0.488529,0.907448,0.952514,0.500000,0.083231,363.500000,319.000000,0.100000,8.249779,91.073768,ok,
b637ddde417e,"{""case_control_ratio"":0.1,""h2"":0.1,""m"":5,""maf_fixed"":0.3,""maf_type"":""fixed"",""n_blocks"":50,""n_samples"":2500,""p"":1000,""rho"":0.2,""signal_ratio"":1.0}",bworf_uniform,0,1,2500,1000,5,0.100000,0.200000,1.000000,fixed,0.100000,1000,10,0.573971,0.922795,0.950912,0.511773,0.088712,128.700000,17.500000,0.600000,1017.250764,1349.936018,ok,
b637ddde417e,"{""case_control_ratio"":0.1,""h2"":0.1,""m"":5,""maf_fixed"":0.3,""maf_type"":""fixed"",""n_blocks"":50,""n_samples"":2500,""p"":1000,""rho"":0.2,""signal_ratio"":1.0}",bworf_weighted,0,1,2500,1000,5,0.100000,0.200000,1.000000,fixed,0.100000,1000,10,0.576904,0.926318,0.900149,0.531051,0.137757,140.700000,31.500000,0.300000,985.188644,1366.670103,ok,
b637ddde417e,"{""case_control_ratio"":0.1,""h2"":0.1,""m"":5,""maf_fixed"":0.3,""maf_type"":""fixed"",""n_blocks"":50,""n_samples"":2500,""p"":1000,""rho"":0.2,""signal_ratio"":1.0}",rf,12,1,2500,1000,5,0.100000,0.200000,1.000000,fixed,0.100000,1000,10,0.546339,0.920966,0.952514,0.500000,0.082630,364.400000,361.000000,0.300000,3.639723,44.312334,ok,
b637ddde417e,"{""case_control_ratio"":0.1,""h2"":0.1,""m"":5,""maf_fixed"":0.3,""maf_type"":""fixed"",""n_blocks"":50,""n_samples"":2500,""p"":1000,""rho"":0.2,""signal_ratio"":1.0}",orf,12,1,2500,1000,5,0.100000,0.200000,1.000000,fixed,0.100000,1000,10,0.521196,0.919278,0.952514,0.500000,0.082811,497.000000,621.500000,0.000000,9.301655,129.362592,ok,
b637ddde417e,"{""case_control_ratio"":0.1,""h2"":0.1,""m"":5,""maf_fixed"":0.3,""maf_type"":""fixed"",""n_blocks"":50,""n_samples"":2500,""p"":1000,""rho"":0.2,""signal_ratio"":1.0}",bworf_uniform,12,1,2500,1000,5,0.100000,0.200000,1.000000,fixed,0.100000,1000,10,0.541271,0.917827,0.945813,0.500022,0.095029,397.200000,179.000000,0.200000,1159.921995,1381.194349,ok,
b637ddde417e,"{""case_control_ratio"":0.1,""h2"":0.1,""m"":5,""maf_fixed"":0.3,""maf_type"":""fixed"",""n_blocks"":50,""n_samples"":2500,""p"":1000,""rho"":0.2,""signal_ratio"":1.0}",bworf_weighted,12,1,2500,1000,5,0.100000,0.200000,1.000000,fixed,0.100000,1000,10,0.529573,0.913268,0.885714,0.497995,0.154936,108.000000,85.000000,0.400000,923.837165,1376.594088,ok,
b637ddde417e,"{""case_control_ratio"":0.1,""h2"":0.1,""m"":5,""maf_fixed"":0.3,""maf_type"":""fixed"",""n_blocks"":50,""n_samples"":2500,""p"":1000,""rho"":0.2,""signal_ratio"":1.0}",rf,100,1,2500,1000,5,0.100000,0.200000,1.000000,fixed,0.100000,1000,10,0.507019,0.911623,0.952514,0.500000,0.083505,394.800000,318.000000,0.000000,2.056403,39.686151,ok,
b637ddde417e,"{""case_control_ratio"":0.1,""h2"":0.1,""m"":5,""maf_fixed"":0.3,""maf_type"":""fixed"",""n_blocks"":50,""n_samples"":2500,""p"":1000,""rho"":0.2,""signal_ratio"":1.0}",orf,100,1,2500,1000,5,0.100000,0.200000,1.000000,fixed,0.100000,1000,10,0.508722,0.909636,0.952514,0.500000,0.083150,356.400000,338.500000,0.000000,7.575053,89.850695,ok,
b637ddde417e,"{""case_control_ratio"":0.1,""h2"":0.1,""m"":5,""maf_fixed"":0.3,""maf_type"":""fixed"",""n_blocks"":50,""n_samples"":2500,""p"":1000,""rho"":0.2,""signal_ratio"":1.0}",bworf_uniform,100,1,2500,1000,5,0.100000,0.200000,1.000000,fixed,0.100000,1000,10,0.541659,0.920740,0.946554,0.500755,0.096072,298.300000,76.000000,0.100000,970.644928,1321.102710,ok,
b637ddde417e,"{""case_control_ratio"":0.1,""h2"":0.1,""m"":5,""maf_fixed"":0.3,""maf_type"":""fixed"",""n_blocks"":50,""n_samples"":2500,""p"":1000,""rho"":0.2,""signal_ratio"":1.0}",bworf_weighted,100,1,2500,1000,5,0.100000,0.200000,1.000000,fixed,0.100000,1000,10,0.535557,0.917703,0.884528,0.510501,0.152734,234.600000,90.500000,0.200000,882.204831,1319.376024,ok,
b637ddde417e,"{""case_control_ratio"":0.1,""h2"":0.1,""m"":5,""maf_fixed"":0.3,""maf_type"":""fixed"",""n_blocks"":50,""n_samples"":2500,""p"":1000,""rho"":0.2,""signal_ratio"":1.0}",rf,90,1,2500,1000,5,0.100000,0.200000,1.000000,fixed,0.100000,1000,10,0.537077,0.923560,0.952514,0.500000,0.083171,271.700000,101.500000,0.200000,2.411782,39.882881,ok,
b637ddde417e,"{""case_control_ratio"":0.1,""h2"":0.1,""m"":5,""maf_fixed"":0.3,""maf_type"":""fixed"",""n_blocks"":50,""n_samples"":2500,""p"":1000,""rho"":0.2,""signal_ratio"":1.0}",orf,90,1,2500,1000,5,0.100000,0.200000,1.000000,fixed,0.100000,1000,10,0.546802,0.919179,0.952514,0.500000,0.082429,537.600000,550.000000,0.000000,7.938431,89.470194,ok,
b637ddde417e,"{""case_control_ratio"":0.1,""h2"":0.1,""m"":5,""maf_fixed"":0.3,""maf_type"":""fixed"",""n_blocks"":50,""n_samples"":2500,""p"":1000,""rho"":0.2,""signal_ratio"":1.0}",bworf_uniform,90,1,2500,1000,5,0.100000,0.200000,1.000000,fixed,0.100000,1000,10,0.597809,0.933974,0.950175,0.511040,0.086801,210.800000,37.000000,0.300000,1005.109079,1322.584353,ok,
b637ddde417e,"{""case_control_ratio"":0.1,""h2"":0.1,""m"":5,""maf_fixed"":0.3,""maf_type"":""fixed"",""n_blocks"":50,""n_samples"":2500,""p"":1000,""rho"":0.2,""signal_ratio"":1.0}",bworf_weighted,90,1,2500,1000,5,0.100000,0.200000,1.000000,fixed,0.100000,1000,10,0.566910,0.925823,0.895210,0.526652,0.139355,344.900000,40.500000,0.400000,1059.877033,1306.062105,ok,
b637ddde417e,"{""case_control_ratio"":0.1,""h2"":0.1,""m"":5,""maf_fixed"":0.3,""maf_type"":""fixed"",""n_blocks"":50,""n_samples"":2500,""p"":1000,""rho"":0.2,""signal_ratio"":1.0}",rf,42,2,2500,1000,5,0.100000,0.200000,1.000000,fixed,0.100000,1000,10,0.518382,0.911120,0.952514,0.500000,0.083030,427.800000,378.000000,0.100000,2.699205,41.061229,ok,
b637ddde417e,"{""case_control_ratio"":0.1,""h2"":0.1,""m"":5,""maf_fixed"":0.3,""maf_type"":""fixed"",""n_blocks"":50,""n_samples"":2500,""p"":1000,""rho"":0.2,""signal_ratio"":1.0}",orf,42,2,2500,1000,5,0.100000,0.200000,1.000000,fixed,0.100000,1000,10,0.515159,0.917159,0.952514,0.500000,0.083092,222.400000,253.000000,0.100000,7.929676,95.982434,ok,
b637ddde417e,"{""case_control_ratio"":0.1,""h2"":0.1,""m"":5,""maf_fixed"":0.3,""maf_type"":""fixed"",""n_blocks"":50,""n_samples"":2500,""p"":1000,""rho"":0.2,""signal_ratio"":1.0}",bworf_uniform,42,2,2500,1000,5,0.100000,0.200000,1.000000,fixed,0.100000,1000,10,0.539978,0.920689,0.950912,0.511773,0.090940,294.700000,107.500000,0.200000,1022.680939,1343.214447,ok,
b637ddde417e,"{""case_control_ratio"":0.1,""h2"":0.1,""m"":5,""maf_fixed"":0.3,""maf_type"":""fixed"",""n_blocks"":50,""n_samples"":2500,""p"":1000,""rho"":0.2,""signal_ratio"":1.0}",bworf_weighted,42,2,2500,1000,5,0.100000,0.200000,1.000000,fixed,0.100000,1000,10,0.537616,0.917416,0.887886,0.513434,0.150896,379.900000,230.000000,0.300000,984.393783,1316.329834,ok,
b637ddde417e,"{""case_control_ratio"":0.1,""h2"":0.1,""m"":5,""maf_fixed"":0.3,""maf_type"":""fixed"",""n_blocks"":50,""n_samples"":2500,""p"":1000,""rho"":0.2,""signal_ratio"":1.0}",rf,0,2,2500,1000,5,0.100000,0.200000,1.000000,fixed,0.100000,1000,10,0.540182,0.926948,0.952514,0.500000,0.082990,506.900000,493.000000,0.100000,2.671934,42.297656,ok,
b637ddde417e,"{""case_control_ratio"":0.1,""h2"":0.1,""m"":5,""maf_fixed"":0.3,""maf_type"":""fixed"",""n_blocks"":50,""n_samples"":2500,""p"":1000,""rho"":0.2,""signal_ratio"":1.0}",orf,0,2,2500,1000,5,0.100000,0.200000,1.000000,fixed,0.100000,1000,10,0.525024,0.917146,0.952514,0.500000,0.082956,383.600000,401.000000,0.100000,8.292714,90.724647,ok,
b637ddde417e,"{""case_control_ratio"":0.1,""h2"":0.1,""m"":5,""maf_fixed"":0.3,""maf_type"":""fixed"",""n_blocks"":50,""n_samples"":2500,""p"":1000,""rho"":0.2,""signal_ratio"":1.0}",bworf_uniform,0,2,2500,1000,5,0.100000,0.200000,1.000000,fixed,0.100000,1000,10,0.534932,0.921245,0.942756,0.503709,0.098035,323.300000,156.000000,0.100000,1011.241836,1307.793195,ok,
b637ddde417e,"{""case_control_ratio"":0.1,""h2"":0.1,""m"":5,""maf_fixed"":0.3,""maf_type"":""fixed"",""n_blocks"":50,""n_samples"":2500,""p"":1000,""rho"":0.2,""signal_ratio"":1.0}",bworf_weighted,0,2,2500,1000,5,0.100000,0.200000,1.000000,fixed,0.100000,1000,10,0.522512,0.913049,0.866972,0.481866,0.168574,346.000000,188.500000,0.200000,916.723969,1322.785044,ok,
b637ddde417e,"{""case_control_ratio"":0.1,""h2"":0.1,""m"":5,""maf_fixed"":0.3,""maf_type"":""fixed"",""n_blocks"":50,""n_samples"":2500,""p"":1000,""rho"":0.2,""signal_ratio"":1.0}",rf,12,2,2500,1000,5,0.100000,0.200000,1.000000,fixed,0.100000,1000,10,0.493531,0.909780,0.952514,0.500000,0.083582,420.800000,496.500000,0.100000,2.413274,39.621923,ok,
b637ddde417e,"{""case_control_ratio"":0.1,""h2"":0.1,""m"":5,""maf_fixed"":0.3,""maf_type"":""fixed"",""n_blocks"":50,""n_samples"":2500,""p"":1000,""rho"":0.2,""signal_ratio"":1.0}",orf,12,2,2500,1000,5,0.100000,0.200000,1.000000,fixed,0.100000,1000,10,0.525477,0.916089,0.952514,0.500000,0.082705,485.200000,479.500000,0.000000,7.901915,99.933904,ok,
b637ddde417e,"{""case_control_ratio"":0.1,""h2"":0.1,""m"":5,""maf_fixed"":0.3,""maf_type"":""fixed"",""n_blocks"":50,""n_samples"":2500,""p"":1000,""rho"":0.2,""signal_ratio"":1.0}",bworf_uniform,12,2,2500,1000,5,0.100000,0.200000,1.000000,fixed,0.100000,1000,10,0.601098,0.930265,0.946403,0.513994,0.089912,267.500000,59.500000,0.300000,1030.733346,1348.917382,ok,
b637ddde417e,"{""case_control_ratio"":0.1,""h2"":0.1,""m"":5,""maf_fixed"":0.3,""maf_type"":""fixed"",""n_blocks"":50,""n_samples"":2500,""p"":1000,""rho"":0.2,""signal_ratio"":1.0}",bworf_weighted,12,2,2500,1000,5,0.100000,0.200000,1.000000,fixed,0.100000,1000,10,0.599955,0.931078,0.885171,0.551686,0.147044,265.100000,46.500000,0.300000,881.059623,1355.852472,ok,
b637ddde417e,"{""case_control_ratio"":0.1,""h2"":0.1,""m"":5,""maf_fixed"":0.3,""maf_type"":""fixed"",""n_blocks"":50,""n_samples"":2500,""p"":1000,""rho"":0.2,""signal_ratio"":1.0}",rf,100,2,2500,1000,5,0.100000,0.200000,1.000000,fixed,0.100000,1000,10,0.502372,0.908345,0.952514,0.500000,0.083779,497.000000,489.500000,0.000000,2.335904,38.080395,ok,
b637ddde417e,"{""case_control_ratio"":0.1,""h2"":0.1,""m"":5,""maf_fixed"":0.3,""maf_type"":""fixed"",""n_blocks"":50,""n_samples"":2500,""p"":1000,""rho"":0.2,""signal_ratio"":1.0}",orf,100,2,2500,1000,5,0.100000,0.200000,1.000000,fixed,0.100000,1000,10,0.553659,0.922927,0.952514,0.500000,0.082267,629.300000,754.500000,0.000000,7.295512,89.235501,ok,
b637ddde417e,"{""case_control_ratio"":0.1,""h2"":0.1,""m"":5,""maf_fixed"":0.3,""maf_type"":""fixed"",""n_blocks"":50,""n_samples"":2500,""p"":1000,""rho"":0.2,""signal_ratio"":1.0}",bworf_uniform,100,2,2500,1000,5,0.100000,0.200000,1.000000,fixed,0.100000,1000,10,0.565336,0.921249,0.945736,0.506641,0.093152,247.500000,113.500000,0.100000,1032.106318,1354.694593,ok,
b637ddde417e,"{""case_control_ratio"":0.1,""h2"":0.1,""m"":5,""maf_fixed"":0.3,""maf_type"":""fixed"",""n_blocks"":50,""n_samples"":2500,""p"":1000,""rho"":0.2,""signal_ratio"":1.0}",bworf_weighted,100,2,2500,1000,5,0.100000,0.200000,1.000000,fixed,0.100000,1000,10,0.556365,0.918462,0.876336,0.523762,0.160740,376.800000,196.000000,0.300000,879.250249,1391.184618,ok,
b637ddde417e,"{""case_control_ratio"":0.1,""h2"":0.1,""m"":5,""maf_fixed"":0.3,""maf_type"":""fixed"",""n_blocks"":50,""n_samples"":2500,""p"":1000,""rho"":0.2,""signal_ratio"":1.0}",rf,90,2,2500,1000,5,0.100000,0.200000,1.000000,fixed,0.100000,1000,10,0.549724,0.915390,0.952514,0.500000,0.083050,295.900000,250.500000,0.200000,3.205831,44.843812,ok,
b637ddde417e,"{""case_control_ratio"":0.1,""h2"":0.1,""m"":5,""maf_fixed"":0.3,""maf_type"":""fixed"",""n_blocks"":50,""n_samples"":2500,""p"":1000,""rho"":0.2,""signal_ratio"":1.0}",orf,90,2,2500,1000,5,0.100000,0.200000,1.000000,fixed,0.100000,1000,10,0.534587,0.914168,0.952514,0.500000,0.082788,284.400000,231.000000,0.000000,7.050844,88.392005,ok,
b637ddde417e,"{""case_control_ratio"":0.1,""h2"":0.1,""m"":5,""maf_fixed"":0.3,""maf_type"":""fixed"",""n_blocks"":50,""n_samples"":2500,""p"":1000,""rho"":0.2,""signal_ratio"":1.0}",bworf_uniform,90,2,2500,1000,5,0.100000,0.200000,1.000000,fixed,0.100000,1000,10,0.521045,0.913326,0.943583,0.497822,0.096219,274.500000,77.500000,0.200000,980.707429,1337.114896,ok,
b637ddde417e,"{""case_control_ratio"":0.1,""h2"":0.1,""m"":5,""maf_fixed"":0.3,""maf_type"":""fixed"",""n_blocks"":50,""n_samples"":2500,""p"":1000,""rho"":0.2,""signal_ratio"":1.0}",bworf_weighted,90,2,2500,1000,5,0.100000,0.200000,1.000000,fixed,0.100000,1000,10,0.520485,0.912327,0.878971,0.492130,0.162799,191.800000,76.000000,0.200000,882.476668,1367.937902,ok,
daefbc64593f,"{""case_control_ratio"":0.2,""h2"":0.1,""m"":5,""maf_fixed"":0.3,""maf_type"":""fixed"",""n_blocks"":50,""n_samples"":2500,""p"":1000,""rho"":0.2,""signal_ratio"":1.0}",rf,42,0,2500,1000,5,0.100000,0.200000,1.000000,fixed,0.200000,1000,10,0.504006,0.843957,0.909091,0.500000,0.140573,284.400000,172.500000,0.300000,3.157917,46.506091,ok,
daefbc64593f,"{""case_control_ratio"":0.2,""h2"":0.1,""m"":5,""maf_fixed"":0.3,""maf_type"":""fixed"",""n_blocks"":50,""n_samples"":2500,""p"":1000,""rho"":0.2,""signal_ratio"":1.0}",orf,42,0,2500,1000,5,0.100000,0.200000,1.000000,fixed,0.200000,1000,10,0.547334,0.856220,0.909091,0.500000,0.138413,492.800000,506.500000,0.200000,10.448146,157.872755,ok,
daefbc64593f,"{""case_control_ratio"":0.2,""h2"":0.1,""m"":5,""maf_fixed"":0.3,""maf_type"":""fixed"",""n_blocks"":50,""n_samples"":2500,""p"":1000,""rho"":0.2,""signal_ratio"":1.0}",bworf_uniform,42,0,2500,1000,5,0.100000,0.200000,1.000000,fixed,0.200000,1000,10,0.567923,0.869492,0.874809,0.510400,0.169384,229.800000,30.500000,0.400000,1243.140163,1324.742922,ok,
daefbc64593f,"{""case_control_ratio"":0.2,""h2"":0.1,""m"":5,""maf_fixed"":0.3,""maf_type"":""fixed"",""n_blocks"":50,""n_samples"":2500,""p"":1000,""rho"":0.2,""signal_ratio"":1.0}",bworf_weighted,42,0,2500,1000,5,0.100000,0.200000,1.000000,fixed,0.200000,1000,10,0.560262,0.864880,0.777103,0.538400,0.242631,326.800000,85.000000,0.500000,1302.480433,1342.261658,ok,
daefbc64593f,"{""case_control_ratio"":0.2,""h2"":0.1,""m"":5,""maf_fixed"":0.3,""maf_type"":""fixed"",""n_blocks"":50,""n_samples"":2500,""p"":1000,""rho"":0.2,""signal_ratio"":1.0}",rf,0,0,2500,1000,5,0.100000,0.200000,1.000000,fixed,0.200000,1000,10,0.573818,0.858606,0.909091,0.500000,0.138386,350.900000,220.000000,0.200000,2.524820,45.804039,ok,
daefbc64593f,"{""case_control_ratio"":0.2,""h2"":0.1,""m"":5,""maf_fixed"":0.3,""maf_type"":""fixed"",""n_blocks"":50,""n_samples"":2500,""p"":1000,""rho"":0.2,""signal_ratio"":1.0}",orf,0,0,2500,1000,5,0.100000,0.200000,1.000000,fixed,0.200000,1000,10,0.499744,0.835267,0.909091,0.500000,0.140136,404.700000,272.000000,0.100000,8.780945,93.957277,ok,
daefbc64593f,"{""case_control_ratio"":0.2,""h2"":0.1,""m"":5,""maf_fixed"":0.3,""maf_type"":""fixed"",""n_blocks"":50,""n_samples"":2500,""p"":1000,""rho"":0.2,""signal_ratio"":1.0}",bworf_uniform,0,0,2500,1000,5,0.100000,0.200000,1.000000,fixed,0.200000,1000,10,0.581664,0.862686,0.885496,0.544000,0.159188,196.700000,25.500000,0.400000,1328.830469,1315.193686,ok,
daefbc64593f,"{""case_control_ratio"":0.2,""h2"":0.1,""m"":5,""maf_fixed"":0.3,""maf_type"":""fixed"",""n_blocks"":50,""n_samples"":2500,""p"":1000,""rho"":0.2,""signal_ratio"":1.0}",bworf_weighted,0,0,2500,1000,5,0.100000,0.200000,1.000000,fixed,0.200000,1000,10,0.582394,0.864636,0.789245,0.572000,0.227871,221.700000,27.500000,0.500000,1274.693518,1338.513321,ok,
daefbc64593f,"{""case_control_ratio"":0.2,""h2"":0.1,""m"":5,""maf_fixed"":0.3,""maf_type"":""fixed"",""n_blocks"":50,""n_samples"":2500,""p"":1000,""rho"":0.2,""signal_ratio"":1.0}",rf,12,0,2500,1000,5,0.100000,0.200000,1.000000,fixed,0.200000,1000,10,0.515130,0.842954,0.909091,0.500000,0.139987,372.300000,271.500000,0.200000,3.356064,50.436720,ok,
daefbc64593f,"{""case_control_ratio"":0.2,""h2"":0.1,""m"":5,""maf_fixed"":0.3,""maf_type"":""fixed"",""n_blocks"":50,""n_samples"":2500,""p"":1000,""rho"":0.2,""signal_ratio"":1.0}",orf,12,0,2500,1000,5,0.100000,0.200000,1.000000,fixed,0.200000,1000,10,0.449222,0.806281,0.909091,0.500000,0.141233,252.400000,187.500000,0.200000,9.155305,90.680557,ok,
daefbc64593f,"{""case_control_ratio"":0.2,""h2"":0.1,""m"":5,""maf_fixed"":0.3,""maf_type"":""fixed"",""n_blocks"":50,""n_samples"":2500,""p"":1000,""rho"":0.2,""signal_ratio"":1.0}",bworf_uniform,12,0,2500,1000,5,0.100000,0.200000,1.000000,fixed,0.200000,1000,10,0.548179,0.859767,0.872616,0.501600,0.171742,167.000000,13.000000,0.600000,1326.950728,1323.364675,ok,
daefbc64593f,"{""case_control_ratio"":0.2,""h2"":0.1,""m"":5,""maf_fixed"":0.3,""maf_type"":""fixed"",""n_blocks"":50,""n_samples"":2500,""p"":1000,""rho"":0.2,""signal_ratio"":1.0}",bworf_weighted,12,0,2500,1000,5,0.100000,0.200000,1.000000,fixed,0.200000,1000,10,0.547706,0.859369,0.768696,0.521600,0.248063,88.800000,19.000000,0.500000,1352.164726,1309.073148,ok,
daefbc64593f,"{""case_control_ratio"":0.2,""h2"":0.1,""m"":5,""maf_fixed"":0.3,""maf_type"":""fixed"",""n_blocks"":50,""n_samples"":2500,""p"":1000,""rho"":0.2,""signal_ratio"":1.0}",rf,100,0,2500,1000,5,0.100000,0.200000,1.000000,fixed,0.200000,1000,10,0.546067,0.850850,0.909091,0.500000,0.139289,324.000000,218.500000,0.300000,2.566158,40.862704,ok,
daefbc64593f,"{""case_control_ratio"":0.2,""h2"":0.1,""m"":5,""maf_fixed"":0.3,""maf_type"":""fixed"",""n_blocks"":50,""n_samples"":2500,""p"":1000,""rho"":0.2,""signal_ratio"":1.0}",orf,100,0,2500,1000,5,0.100000,0.200000,1.000000,fixed,0.200000,1000,10,0.529082,0.843644,0.909091,0.500000,0.139477,328.600000,253.000000,0.100000,9.231404,97.242242,ok,
daefbc64593f,"{""case_control_ratio"":0.2,""h2"":0.1,""m"":5,""maf_fixed"":0.3,""maf_type"":""fixed"",""n_blocks"":50,""n_samples"":2500,""p"":1000,""rho"":0.2,""signal_ratio"":1.0}",bworf_uniform,100,0,2500,1000,5,0.100000,0.200000,1.000000,fixed,0.200000,1000,10,0.552173,0.853466,0.883686,0.512000,0.163960,200.100000,34.000000,0.300000,1347.227943,1319.795201,ok,
daefbc64593f,"{""case_control_ratio"":0.2,""h2"":0.1,""m"":5,""maf_fixed"":0.3,""maf_type"":""fixed"",""n_blocks"":50,""n_samples"":2500,""p"":1000,""rho"":0.2,""signal_ratio"":1.0}",bworf_weighted,100,0,2500,1000,5,0.100000,0.200000,1.000000,fixed,0.200000,1000,10,0.558643,0.854785,0.794266,0.516800,0.225107,174.300000,31.500000,0.300000,1390.626393,1334.184474,ok,
daefbc64593f,"{""case_control_ratio"":0.2,""h2"":0.1,""m"":5,""maf_fixed"":0.3,""maf_type"":""fixed"",""n_blocks"":50,""n_samples"":2500,""p"":1000,""rho"":0.2,""signal_ratio"":1.0}",rf,90,0,2500,1000,5,0.100000,0.200000,1.000000,fixed,0.200000,1000,10,0.548762,0.854550,0.909091,0.500000,0.139214,253.000000,165.000000,0.200000,3.364602,49.485049,ok,
daefbc64593f,"{""case_control_ratio"":0.2,""h2"":0.1,""m"":5,""maf_fixed"":0.3,""maf_type"":""fixed"",""n_blocks"":50,""n_samples"":2500,""p"":1000,""rho"":0.2,""signal_ratio"":1.0}",orf,90,0,2500,1000,5,0.100000,0.200000,1.000000,fixed,0.200000,1000,10,0.557254,0.854358,0.909091,0.500000,0.138698,282.800000,158.500000,0.400000,9.206975,95.441883,ok,
daefbc64593f,"{""case_control_ratio"":0.2,""h2"":0.1,""m"":5,""maf_fixed"":0.3,""maf_type"":""fixed"",""n_blocks"":50,""n_samples"":2500,""p"":1000,""rho"":0.2,""signal_ratio"":1.0}",bworf_uniform,90,0,2500,1000,5,0.100000,0.200000,1.000000,fixed,0.200000,1000,10,0.567021,0.863061,0.879389,0.524800,0.163370,117.600000,27.500000,0.300000,1325.058522,1334.306253,ok,
daefbc64593f,"{""case_control_ratio"":0.2,""h2"":0.1,""m"":5,""maf_fixed"":0.3,""maf_type"":""fixed"",""n_blocks"":50,""n_samples"":2500,""p"":1000,""rho"":0.2,""signal_ratio"":1.0}",bworf_weighted,90,0,2500,1000,5,0.100000,0.200000,1.000000,fixed,0.200000,1000,10,0.561837,0.862010,0.792485,0.543200,0.235121,112.900000,30.500000,0.400000,1325.984046,1313.358135,ok,
daefbc64593f,"{""case_control_ratio"":0.2,""h2"":0.1,""m"":5,""maf_fixed"":0.3,""maf_type"":""fixed"",""n_blocks"":50,""n_samples"":2500,""p"":1000,""rho"":0.2,""signal_ratio"":1.0}",rf,42,1,2500,1000,5,0.100000,0.200000,1.000000,fixed,0.200000,1000,10,0.546963,0.856303,0.909091,0.500000,0.138995,393.900000,331.500000,0.200000,2.110091,34.732993,ok,
daefbc64593f,"{""case_control_ratio"":0.2,""h2"":0.1,""m"":5,""maf_fixed"":0.3,""maf_type"":""fixed"",""n_blocks"":50,""n_samples"":2500,""p"":1000,""rho"":0.2,""signal_ratio"":1.0}",orf,42,1,2500,1000,5,0.100000,0.200000,1.000000,fixed,0.200000,1000,10,0.538829,0.858780,0.909091,0.500000,0.138976,380.600000,389.000000,0.100000,7.666228,78.876965,ok,
daefbc64593f,"{""case_control_ratio"":0.2,""h2"":0.1,""m"":5,""maf_fixed"":0.3,""maf_type"":""fixed"",""n_blocks"":50,""n_samples"":2500,""p"":1000,""rho"":0.2,""signal_ratio"":1.0}",bworf_uniform,42,1,2500,1000,5,0.100000,0.200000,1.000000,fixed,0.200000,1000,10,0.565453,0.859230,0.878719,0.520800,0.165208,157.500000,29.500000,0.300000,1246.092288,1312.370452,ok,
daefbc64593f,"{""case_control_ratio"":0.2,""h2"":0.1,""m"":5,""maf_fixed"":0.3,""maf_type"":""fixed"",""n_blocks"":50,""n_samples"":2500,""p"":1000,""rho"":0.2,""signal_ratio"":1.0}",bworf_weighted,42,1,2500,1000,5,0.100000,0.200000,1.000000,fixed,0.200000,1000,10,0.568941,0.863420,0.792839,0.540000,0.232289,106.000000,22.000000,0.500000,1317.212788,1305.509120,ok,
daefbc64593f,"{""case_control_ratio"":0.2,""h2"":0.1,""m"":5,""maf_fixed"":0.3,""maf_type"":""fixed"",""n_blocks"":50,""n_samples"":2500,""p"":1000,""rho"":0.2,""signal_ratio"":1.0}",rf,0,1,2500,1000,5,0.100000,0.200000,1.000000,fixed,0.200000,1000,10,0.542592,0.858929,0.909091,0.500000,0.139172,657.200000,788.000000,0.100000,2.075795,34.730535,ok,
daefbc64593f,"{""case_control_ratio"":0.2,""h2"":0.1,""m"":5,""maf_fixed"":0.3,""maf_type"":""fixed"",""n_blocks"":50,""n_samples"":2500,""p"":1000,""rho"":0.2,""signal_ratio"":1.0}",orf,0,1,2500,1000,5,0.100000,0.200000,1.000000,fixed,0.200000,1000,10,0.498490,0.840306,0.909091,0.500000,0.139614,497.700000,373.000000,0.000000,7.744716,77.924217,ok,
daefbc64593f,"{""case_control_ratio"":0.2,""h2"":0.1,""m"":5,""maf_fixed"":0.3,""maf_type"":""fixed"",""n_blocks"":50,""n_samples"":2500,""p"":1000,""rho"":0.2,""signal_ratio"":1.0}",bworf_uniform,0,1,2500,1000,5,0.100000,0.200000,1.000000,fixed,0.200000,1000,10,0.502298,0.837277,0.873389,0.488800,0.176465,347.300000,135.000000,0.400000,1340.638912,1317.184118,ok,
daefbc64593f,"{""case_control_ratio"":0.2,""h2"":0.1,""m"":5,""maf_fixed"":0.3,""maf_type"":""fixed"",""n_blocks"":50,""n_samples"":2500,""p"":1000,""rho"":0.2,""signal_ratio"":1.0}",bworf_weighted,0,1,2500,1000,5,0.100000,0.200000,1.000000,fixed,0.200000,1000,10,0.500538,0.841625,0.784874,0.481600,0.244279,366.600000,190.500000,0.200000,1272.255370,1327.128901,ok,
daefbc64593f,"{""case_control_ratio"":0.2,""h2"":0.1,""m"":5,""maf_fixed"":0.3,""maf_type"":""fixed"",""n_blocks"":50,""n_samples"":2500,""p"":1000,""rho"":0.2,""signal_ratio"":1.0}",rf,12,1,2500,1000,5,0.100000,0.200000,1.000000,fixed,0.200000,1000,10,0.529075,0.842743,0.909091,0.500000,0.139896,434.400000,425.000000,0.200000,3.054560,36.107866,ok,
daefbc64593f,"{""case_control_ratio"":0.2,""h2"":0.1,""m"":5,""maf_fixed"":0.3,""maf_type"":""fixed"",""n_blocks"":50,""n_samples"":2500,""p"":1000,""rho"":0.2,""signal_ratio"":1.0}",orf,12,1,2500,1000,5,0.100000,0.200000,1.000000,fixed,0.200000,1000,10,0.477440,0.830932,0.909091,0.500000,0.140884,396.900000,282.000000,0.200000,9.225360,97.830688,ok,
daefbc64593f,"{""case_control_ratio"":0.2,""h2"":0.1,""m"":5,""maf_fixed"":0.3,""maf_type"":""fixed"",""n_blocks"":50,""n_samples"":2500,""p"":1000,""rho"":0.2,""signal_ratio"":1.0}",bworf_uniform,12,1,2500,1000,5,0.100000,0.200000,1.000000,fixed,0.200000,1000,10,0.486387,0.828425,0.879154,0.497600,0.174740,55.300000,18.500000,0.500000,1513.755061,1364.628593,ok,
daefbc64593f,"{""case_control_ratio"":0.2,""h2"":0.1,""m"":5,""maf_fixed"":0.3,""maf_type"":""fixed"",""n_blocks"":50,""n_samples"":2500,""p"":1000,""rho"":0.2,""signal_ratio"":1.0}",bworf_weighted,12,1,2500,1000,5,0.100000,0.200000,1.000000,fixed,0.200000,1000,10,0.486598,0.830734,0.790186,0.513600,0.244692,143.200000,35.500000,0.400000,1419.813728,1311.910061,ok,
daefbc64593f,"{""case_control_ratio"":0.2,""h2"":0.1,""m"":5,""maf_fixed"":0.3,""maf_type"":""fixed"",""n_blocks"":50,""n_samples"":2500,""p"":1000,""rho"":0.2,""signal_ratio"":1.0}",rf,100,1,2500,1000,5,0.100000,0.200000,1.000000,fixed,0.200000,1000,10,0.505338,0.846298,0.909091,0.500000,0.140314,180.300000,96.500000,0.300000,2.279715,35.647989,ok,
daefbc64593f,"{""case_control_ratio"":0.2,""h2"":0.1,""m"":5,""maf_fixed"":0.3,""maf_type"":""fixed"",""n_blocks"":50,""n_samples"":2500,""p"":1000,""rho"":0.2,""signal_ratio"":1.0}",orf,100,1,2500,1000,5,0.100000,0.200000,1.000000,fixed,0.200000,1000,10,0.514598,0.843923,0.909091,0.500000,0.139374,611.100000,689.000000,0.000000,7.642412,78.679490,ok,
daefbc64593f,"{""case_control_ratio"":0.2,""h2"":0.1,""m"":5,""maf_fixed"":0.3,""maf_type"":""fixed"",""n_blocks"":50,""n_samples"":2500,""p"":1000,""rho"":0.2,""signal_ratio"":1.0}",bworf_uniform,100,1,2500,1000,5,0.100000,0.200000,1.000000,fixed,0.200000,1000,10,0.534106,0.843927,0.872894,0.512000,0.171458,108.000000,22.500000,0.400000,1284.877591,1297.670359,ok,
daefbc64593f,"{""case_control_ratio"":0.2,""h2"":0.1,""m"":5,""maf_fixed"":0.3,""maf_type"":""fixed"",""n_blocks"":50,""n_samples"":2500,""p"":1000,""rho"":0.2,""signal_ratio"":1.0}",bworf_weighted,100,1,2500,1000,5,0.100000,0.200000,1.000000,fixed,0.200000,1000,10,0.539616,0.845571,0.782084,0.535200,0.246105,145.000000,18.000000,0.600000,1379.086585,1313.023575,ok,
daefbc64593f,"{""case_control_ratio"":0.2,""h2"":0.1,""m"":5,""maf_fixed"":0.3,""maf_type"":""fixed"",""n_blocks"":50,""n_samples"":2500,""p"":1000,""rho"":0.2,""signal_ratio"":1.0}",rf,90,1,2500,1000,5,0.100000,0.200000,1.000000,fixed,0.200000,1000,10,0.477120,0.821568,0.909091,0.500000,0.141161,463.500000,509.000000,0.100000,2.587373,42.813163,ok,
daefbc64593f,"{""case_control_ratio"":0.2,""h2"":0.1,""m"":5,""maf_fixed"":0.3,""maf_type"":""fixed"",""n_blocks"":50,""n_samples"":2500,""p"":1000,""rho"":0.2,""signal_ratio"":1.0}",orf,90,1,2500,1000,5,0.100000,0.200000,1.000000,fixed,0.200000,1000,10,0.556723,0.855004,0.909091,0.500000,0.138514,448.000000,263.000000,0.200000,8.953341,103.594079,ok,
daefbc64593f,"{""case_control_ratio"":0.2,""h2"":0.1,""m"":5,""maf_fixed"":0.3,""maf_type"":""fixed"",""n_blocks"":50,""n_samples"":2500,""p"":1000,""rho"":0.2,""signal_ratio"":1.0}",bworf_uniform,90,1,2500,1000,5,0.100000,0.200000,1.000000,fixed,0.200000,1000,10,0.544538,0.856556,0.881151,0.509600,0.167266,510.900000,584.000000,0.200000,1107.511739,1249.432104,ok,
daefbc64593f,"{""case_control_ratio"":0.2,""h2"":0.1,""m"":5,""maf_fixed"":0.3,""maf_type"":""fixed"",""n_blocks"":50,""n_samples"":2500,""p"":1000,""rho"":0.2,""signal_ratio"":1.0}",bworf_weighted,90,1,2500,1000,5,0.100000,0.200000,1.000000,fixed,0.200000,1000,10,0.539712,0.855258,0.788085,0.522400,0.233674,416.200000,446.500000,0.200000,1222.436809,1270.628042,ok,
daefbc64593f,"{""case_control_ratio"":0.2,""h2"":0.1,""m"":5,""maf_fixed"":0.3,""maf_type"":""fixed"",""n_blocks"":50,""n_samples"":2500,""p"":1000,""rho"":0.2,""signal_ratio"":1.0}",rf,42,2,2500,1000,5,0.100000,0.200000,1.000000,fixed,0.200000,1000,10,0.502797,0.837077,0.909091,0.500000,0.140243,463.500000,278.500000,0.200000,2.373830,39.996085,ok,
daefbc64593f,"{""case_control_ratio"":0.2,""h2"":0.1,""m"":5,""maf_fixed"":0.3,""maf_type"":""fixed"",""n_blocks"":50,""n_samples"":2500,""p"":1000,""rho"":0.2,""signal_ratio"":1.0}",orf,42,2,2500,1000,5,0.100000,0.200000,1.000000,fixed,0.200000,1000,10,0.511066,0.840061,0.909091,0.500000,0.139755,493.200000,588.500000,0.200000,9.293484,98.212449,ok,
daefbc64593f,"{""case_control_ratio"":0.2,""h2"":0.1,""m"":5,""maf_fixed"":0.3,""maf_type"":""fixed"",""n_blocks"":50,""n_samples"":2500,""p"":1000,""rho"":0.2,""signal_ratio"":1.0}",bworf_uniform,42,2,2500,1000,5,0.100000,0.200000,1.000000,fixed,0.200000,1000,10,0.541990,0.861527,0.872422,0.504800,0.172848,392.500000,334.500000,0.300000,1829.788452,1226.580185,ok,
daefbc64593f,"{""case_control_ratio"":0.2,""h2"":0.1,""m"":5,""maf_fixed"":0.3,""maf_type"":""fixed"",""n_blocks"":50,""n_samples"":2500,""p"":1000,""rho"":0.2,""signal_ratio"":1.0}",bworf_weighted,42,2,2500,1000,5,0.100000,0.200000,1.000000,fixed,0.200000,1000,10,0.538528,0.861042,0.779020,0.522400,0.244655,383.300000,272.000000,0.300000,1185.204959,1271.231800,ok,
daefbc64593f,"{""case_control_ratio"":0.2,""h2"":0.1,""m"":5,""maf_fixed"":0.3,""maf_type"":""fixed"",""n_blocks"":50,""n_samples"":2500,""p"":1000,""rho"":0.2,""signal_ratio"":1.0}",rf,0,2,2500,1000,5,0.100000,0.200000,1.000000,fixed,0.200000,1000,10,0.490752,0.837754,0.909091,0.500000,0.140484,381.800000,396.500000,0.200000,2.502887,39.323068,ok,
daefbc64593f,"{""case_control_ratio"":0.2,""h2"":0.1,""m"":5,""maf_fixed"":0.3,""maf_type"":""fixed"",""n_blocks"":50,""n_samples"":2500,""p"":1000,""rho"":0.2,""signal_ratio"":1.0}",orf,0,2,2500,1000,5,0.100000,0.200000,1.000000,fixed,0.200000,1000,10,0.506355,0.831061,0.909091,0.500000,0.139752,295.100000,280.500000,0.200000,8.794114,86.850134,ok,
daefbc64593f,"{""case_control_ratio"":0.2,""h2"":0.1,""m"":5,""maf_fixed"":0.3,""maf_type"":""fixed"",""n_blocks"":50,""n_samples"":2500,""p"":1000,""rho"":0.2,""signal_ratio"":1.0}",bworf_uniform,0,2,2500,1000,5,0.100000,0.200000,1.000000,fixed,0.200000,1000,10,0.538291,0.847901,0.870624,0.489600,0.171152,135.200000,74.500000,0.300000,1158.947157,1219.630639,ok,
daefbc64593f,"{""case_control_ratio"":0.2,""h2"":0.1,""m"":5,""maf_fixed"":0.3,""maf_type"":""fixed"",""n_blocks"":50,""n_samples"":2500,""p"":1000,""rho"":0.2,""signal_ratio"":1.0}",bworf_weighted,0,2,2500,1000,5,0.100000,0.200000,1.000000,fixed,0.200000,1000,10,0.526253,0.844262,0.787724,0.525600,0.237055,112.800000,103.000000,0.300000,1179.583380,1228.783364,ok,
daefbc64593f,"{""case_control_ratio"":0.2,""h2"":0.1,""m"":5,""maf_fixed"":0.3,""maf_type"":""fixed"",""n_blocks"":50,""n_samples"":2500,""p"":1000,""rho"":0.2,""signal_ratio"":1.0}",rf,12,2,2500,1000,5,0.100000,0.200000,1.000000,fixed,0.200000,1000,10,0.469011,0.825102,0.909091,0.500000,0.141361,557.700000,627.000000,0.200000,2.533313,39.117464,ok,
daefbc64593f,"{""case_control_ratio"":0.2,""h2"":0.1,""m"":5,""maf_fixed"":0.3,""maf_type"":""fixed"",""n_blocks"":50,""n_samples"":2500,""p"":1000,""rho"":0.2,""signal_ratio"":1.0}",orf,12,2,2500,1000,5,0.100000,0.200000,1.000000,fixed,0.200000,1000,10,0.521946,0.845184,0.909091,0.500000,0.139698,473.300000,450.500000,0.100000,9.037739,88.277470,ok,
daefbc64593f,"{""case_control_ratio"":0.2,""h2"":0.1,""m"":5,""maf_fixed"":0.3,""maf_type"":""fixed"",""n_blocks"":50,""n_samples"":2500,""p"":1000,""rho"":0.2,""signal_ratio"":1.0}",bworf_uniform,12,2,2500,1000,5,0.100000,0.200000,1.000000,fixed,0.200000,1000,10,0.535219,0.850478,0.880665,0.502400,0.167743,129.100000,11.500000,0.700000,1594.219462,1224.658259,ok,
daefbc64593f,"{""case_control_ratio"":0.2,""h2"":0.1,""m"":5,""maf_fixed"":0.3,""maf_type"":""fixed"",""n_blocks"":50,""n_samples"":2500,""p"":1000,""rho"":0.2,""signal_ratio"":1.0}",bworf_weighted,12,2,2500,1000,5,0.100000,0.200000,1.000000,fixed,0.200000,1000,10,0.531821,0.844370,0.781197,0.513600,0.234362,186.800000,25.500000,0.500000,1231.314095,1233.437831,ok,
daefbc64593f,"{""case_control_ratio"":0.2,""h2"":0.1,""m"":5,""maf_fixed"":0.3,""maf_type"":""fixed"",""n_blocks"":50,""n_samples"":2500,""p"":1000,""rho"":0.2,""signal_ratio"":1.0}",rf,100,2,2500,1000,5,0.100000,0.200000,1.000000,fixed,0.200000,1000,10,0.484902,0.833182,0.909091,0.500000,0.140819,409.600000,405.000000,0.100000,2.346015,39.487656,ok,
daefbc64593f,"{""case_control_ratio"":0.2,""h2"":0.1,""m"":5,""maf_fixed"":0.3,""maf_type"":""fixed"",""n_blocks"":50,""n_samples"":2500,""p"":1000,""rho"":0.2,""signal_ratio"":1.0}",orf,100,2,2500,1000,5,0.100000,0.200000,1.000000,fixed,0.200000,1000,10,0.529734,0.849088,0.909091,0.500000,0.139370,411.200000,297.500000,0.300000,9.165780,81.853279,ok,
daefbc64593f,"{""case_control_ratio"":0.2,""h2"":0.1,""m"":5,""maf_fixed"":0.3,""maf_type"":""fixed"",""n_blocks"":50,""n_samples"":2500,""p"":1000,""rho"":0.2,""signal_ratio"":1.0}",bworf_uniform,100,2,2500,1000,5,0.100000,0.200000,1.000000,fixed,0.200000,1000,10,0.563040,0.861402,0.872226,0.508000,0.169334,329.500000,109.000000,0.200000,1140.557938,1172.116035,ok,
daefbc64593f,"{""case_control_ratio"":0.2,""h2"":0.1,""m"":5,""maf_fixed"":0.3,""maf_type"":""fixed"",""n_blocks"":50,""n_samples"":2500,""p"":1000,""rho"":0.2,""signal_ratio"":1.0}",bworf_weighted,100,2,2500,1000,5,0.100000,0.200000,1.000000,fixed,0.200000,1000,10,0.569101,0.863402,0.783434,0.543200,0.235594,312.100000,215.500000,0.200000,1187.700658,1185.883522,ok,
daefbc64593f,"{""case_control_ratio"":0.2,""h2"":0.1,""m"":5,""maf_fixed"":0.3,""maf_type"":""fixed"",""n_blocks"":50,""n_samples"":2500,""p"":1000,""rho"":0.2,""signal_ratio"":1.0}",rf,90,2,2500,1000,5,0.100000,0.200000,1.000000,fixed,0.200000,1000,10,0.470739,0.831895,0.909091,0.500000,0.141110,254.400000,189.000000,0.300000,2.172892,33.835513,ok,
daefbc64593f,"{""case_control_ratio"":0.2,""h2"":0.1,""m"":5,""maf_fixed"":0.3,""maf_type"":""fixed"",""n_blocks"":50,""n_samples"":2500,""p"":1000,""rho"":0.2,""signal_ratio"":1.0}",orf,90,2,2500,1000,5,0.100000,0.200000,1.000000,fixed,0.200000,1000,10,0.518310,0.846024,0.909091,0.500000,0.139556,321.200000,154.000000,0.000000,7.673238,77.738520,ok,
daefbc64593f,"{""case_control_ratio"":0.2,""h2"":0.1,""m"":5,""maf_fixed"":0.3,""maf_type"":""fixed"",""n_blocks"":50,""n_samples"":2500,""p"":1000,""rho"":0.2,""signal_ratio"":1.0}",bworf_uniform,90,2,2500,1000,5,0.100000,0.200000,1.000000,fixed,0.200000,1000,10,0.545818,0.859143,0.868840,0.474400,0.172675,251.100000,67.000000,0.500000,1202.384782,1193.441497,ok,
daefbc64593f,"{""case_control_ratio"":0.2,""h2"":0.1,""m"":5,""maf_fixed"":0.3,""maf_type"":""fixed"",""n_blocks"":50,""n_samples"":2500,""p"":1000,""rho"":0.2,""signal_ratio"":1.0}",bworf_weighted,90,2,2500,1000,5,0.100000,0.200000,1.000000,fixed,0.200000,1000,10,0.547014,0.859176,0.791171,0.524800,0.234298,168.800000,37.000000,0.500000,1157.356640,1191.166065,ok,
06b4ece997a0,"{""case_control_ratio"":0.1,""h2"":0.1,""m"":5,""maf_fixed"":0.3,""maf_type"":""fixed"",""n_blocks"":50,""n_samples"":2500,""p"":1000,""rho"":0.8,""signal_ratio"":1.0}",rf,42,0,2500,1000,5,0.100000,0.800000,1.000000,fixed,0.100000,1000,10,0.484173,0.913196,0.952514,0.500000,0.084816,620.400000,697.500000,0.000000,1.913882,32.138058,ok,
06b4ece997a0,"{""case_control_ratio"":0.1,""h2"":0.1,""m"":5,""maf_fixed"":0.3,""maf_type"":""fixed"",""n_blocks"":50,""n_samples"":2500,""p"":1000,""rho"":0.8,""signal_ratio"":1.0}",orf,42,0,2500,1000,5,0.100000,0.800000,1.000000,fixed,0.100000,1000,10,0.520355,0.914242,0.952514,0.500000,0.083504,480.600000,465.500000,0.000000,6.023697,73.479041,ok,
06b4ece997a0,"{""case_control_ratio"":0.1,""h2"":0.1,""m"":5,""maf_fixed"":0.3,""maf_type"":""fixed"",""n_blocks"":50,""n_samples"":2500,""p"":1000,""rho"":0.8,""signal_ratio"":1.0}",bworf_uniform,42,0,2500,1000,5,0.100000,0.800000,1.000000,fixed,0.100000,1000,10,0.586359,0.932180,0.942756,0.503709,0.093240,352.400000,370.000000,0.000000,1287.336583,1186.634997,ok,
06b4ece997a0,"{""case_control_ratio"":0.1,""h2"":0.1,""m"":5,""maf_fixed"":0.3,""maf_type"":""fixed"",""n_blocks"":50,""n_samples"":2500,""p"":1000,""rho"":0.8,""signal_ratio"":1.0}",bworf_weighted,42,0,2500,1000,5,0.100000,0.800000,1.000000,fixed,0.100000,1000,10,0.567416,0.924878,0.889224,0.528140,0.155389,430.100000,491.000000,0.100000,1208.834873,1198.100215,ok,
06b4ece997a0,"{""case_control_ratio"":0.1,""h2"":0.1,""m"":5,""maf_fixed"":0.3,""maf_type"":""fixed"",""n_blocks"":50,""n_samples"":2500,""p"":1000,""rho"":0.8,""signal_ratio"":1.0}",rf,0,0,2500,1000,5,0.100000,0.800000,1.000000,fixed,0.100000,1000,10,0.487192,0.903550,0.952514,0.500000,0.085267,478.000000,532.500000,0.000000,1.868300,31.694117,ok,
06b4ece997a0,"{""case_control_ratio"":0.1,""h2"":0.1,""m"":5,""maf_fixed"":0.3,""maf_type"":""fixed"",""n_blocks"":50,""n_samples"":2500,""p"":1000,""rho"":0.8,""signal_ratio"":1.0}",orf,0,0,2500,1000,5,0.100000,0.800000,1.000000,fixed,0.100000,1000,10,0.486857,0.907987,0.952514,0.500000,0.084579,467.400000,400.000000,0.000000,5.891290,71.734998,ok,
06b4ece997a0,"{""case_control_ratio"":0.1,""h2"":0.1,""m"":5,""maf_fixed"":0.3,""maf_type"":""fixed"",""n_blocks"":50,""n_samples"":2500,""p"":1000,""rho"":0.8,""signal_ratio"":1.0}",bworf_uniform,0,0,2500,1000,5,0.100000,0.800000,1.000000,fixed,0.100000,1000,10,0.535568,0.924414,0.945070,0.499288,0.096969,369.200000,312.000000,0.200000,1276.897110,1202.302291,ok,
06b4ece997a0,"{""case_control_ratio"":0.1,""h2"":0.1,""m"":5,""maf_fixed"":0.3,""maf_type"":""fixed"",""n_blocks"":50,""n_samples"":2500,""p"":1000,""rho"":0.8,""signal_ratio"":1.0}",bworf_weighted,0,0,2500,1000,5,0.100000,0.800000,1.000000,fixed,0.100000,1000,10,0.523191,0.920302,0.884211,0.489909,0.159277,408.400000,271.000000,0.100000,1195.834276,1180.813694,ok,
06b4ece997a0,"{""case_control_ratio"":0.1,""h2"":0.1,""m"":5,""maf_fixed"":0.3,""maf_type"":""fixed"",""n_blocks"":50,""n_samples"":2500,""p"":1000,""rho"":0.8,""signal_ratio"":1.0}",rf,12,0,2500,1000,5,0.100000,0.800000,1.000000,fixed,0.100000,1000,10,0.552344,0.927580,0.952514,0.500000,0.083300,503.400000,427.500000,0.000000,1.860343,32.552791,ok,
06b4ece997a0,"{""case_control_ratio"":0.1,""h2"":0.1,""m"":5,""maf_fixed"":0.3,""maf_type"":""fixed"",""n_blocks"":50,""n_samples"":2500,""p"":1000,""rho"":0.8,""signal_ratio"":1.0}",orf,12,0,2500,1000,5,0.100000,0.800000,1.000000,fixed,0.100000,1000,10,0.585572,0.934502,0.952514,0.500000,0.082548,502.300000,556.000000,0.000000,5.922827,76.274962,ok,
06b4ece997a0,"{""case_control_ratio"":0.1,""h2"":0.1,""m"":5,""maf_fixed"":0.3,""maf_type"":""fixed"",""n_blocks"":50,""n_samples"":2500,""p"":1000,""rho"":0.8,""signal_ratio"":1.0}",bworf_uniform,12,0,2500,1000,5,0.100000,0.800000,1.000000,fixed,0.100000,1000,10,0.604526,0.938098,0.945070,0.499288,0.093535,401.200000,232.000000,0.100000,1210.735001,1198.122874,ok,
06b4ece997a0,"{""case_control_ratio"":0.1,""h2"":0.1,""m"":5,""maf_fixed"":0.3,""maf_type"":""fixed"",""n_blocks"":50,""n_samples"":2500,""p"":1000,""rho"":0.8,""signal_ratio"":1.0}",bworf_weighted,12,0,2500,1000,5,0.100000,0.800000,1.000000,fixed,0.100000,1000,10,0.594154,0.936564,0.874809,0.515676,0.158636,519.700000,526.500000,0.000000,1123.072766,1185.664560,ok,
06b4ece997a0,"{""case_control_ratio"":0.1,""h2"":0.1,""m"":5,""maf_fixed"":0.3,""maf_type"":""fixed"",""n_blocks"":50,""n_samples"":2500,""p"":1000,""rho"":0.8,""signal_ratio"":1.0}",rf,100,0,2500,1000,5,0.100000,0.800000,1.000000,fixed,0.100000,1000,10,0.488949,0.909495,0.952514,0.500000,0.084852,429.000000,341.000000,0.100000,1.828784,32.881149,ok,
06b4ece997a0,"{""case_control_ratio"":0.1,""h2"":0.1,""m"":5,""maf_fixed"":0.3,""maf_type"":""fixed"",""n_blocks"":50,""n_samples"":2500,""p"":1000,""rho"":0.8,""signal_ratio"":1.0}",orf,100,0,2500,1000,5,0.100000,0.800000,1.000000,fixed,0.100000,1000,10,0.530975,0.915952,0.952514,0.500000,0.083116,577.600000,669.000000,0.000000,6.124109,75.018523,ok,
06b4ece997a0,"{""case_control_ratio"":0.1,""h2"":0.1,""m"":5,""maf_fixed"":0.3,""maf_type"":""fixed"",""n_blocks"":50,""n_samples"":2500,""p"":1000,""rho"":0.8,""signal_ratio"":1.0}",bworf_uniform,100,0,2500,1000,5,0.100000,0.800000,1.000000,fixed,0.100000,1000,10,0.570737,0.927211,0.943503,0.504442,0.094417,264.600000,109.000000,0.100000,1267.991512,1190.888695,ok,
06b4ece997a0,"{""case_control_ratio"":0.1,""h2"":0.1,""m"":5,""maf_fixed"":0.3,""maf_type"":""fixed"",""n_blocks"":50,""n_samples"":2500,""p"":1000,""rho"":0.8,""signal_ratio"":1.0}",bworf_weighted,100,0,2500,1000,5,0.100000,0.800000,1.000000,fixed,0.100000,1000,10,0.563912,0.926129,0.881997,0.508302,0.154362,295.900000,231.000000,0.100000,1143.308740,1210.121730,ok,
06b4ece997a0,"{""case_control_ratio"":0.1,""h2"":0.1,""m"":5,""maf_fixed"":0.3,""maf_type"":""fixed"",""n_blocks"":50,""n_samples"":2500,""p"":1000,""rho"":0.8,""signal_ratio"":1.0}",rf,90,0,2500,1000,5,0.100000,0.800000,1.000000,fixed,0.100000,1000,10,0.547363,0.920005,0.952514,0.500000,0.083657,458.400000,444.000000,0.000000,1.856608,32.885818,ok,
06b4ece997a0,"{""case_control_ratio"":0.1,""h2"":0.1,""m"":5,""maf_fixed"":0.3,""maf_type"":""fixed"",""n_blocks"":50,""n_samples"":2500,""p"":1000,""rho"":0.8,""signal_ratio"":1.0}",orf,90,0,2500,1000,5,0.100000,0.800000,1.000000,fixed,0.100000,1000,10,0.554457,0.918501,0.952514,0.500000,0.082840,399.600000,341.500000,0.200000,7.573024,85.315801,ok,
06b4ece997a0,"{""case_control_ratio"":0.1,""h2"":0.1,""m"":5,""maf_fixed"":0.3,""maf_type"":""fixed"",""n_blocks"":50,""n_samples"":2500,""p"":1000,""rho"":0.8,""signal_ratio"":1.0}",bworf_uniform,90,0,2500,1000,5,0.100000,0.800000,1.000000,fixed,0.100000,1000,10,0.604806,0.936039,0.946479,0.507375,0.090730,293.200000,100.500000,0.200000,1255.598197,1209.839440,ok,
06b4ece997a0,"{""case_control_ratio"":0.1,""h2"":0.1,""m"":5,""maf_fixed"":0.3,""maf_type"":""fixed"",""n_blocks"":50,""n_samples"":2500,""p"":1000,""rho"":0.8,""signal_ratio"":1.0}",bworf_weighted,90,0,2500,1000,5,0.100000,0.800000,1.000000,fixed,0.100000,1000,10,0.588936,0.928404,0.884179,0.523741,0.150186,277.800000,339.000000,0.200000,1163.225713,1210.728559,ok,
06b4ece997a0,"{""case_control_ratio"":0.1,""h2"":0.1,""m"":5,""maf_fixed"":0.3,""maf_type"":""fixed"",""n_blocks"":50,""n_samples"":2500,""p"":1000,""rho"":0.8,""signal_ratio"":1.0}",rf,42,1,2500,1000,5,0.100000,0.800000,1.000000,fixed,0.100000,1000,10,0.487170,0.896633,0.952514,0.500000,0.084963,588.200000,733.000000,0.100000,2.836123,34.249680,ok,
06b4ece997a0,"{""case_control_ratio"":0.1,""h2"":0.1,""m"":5,""maf_fixed"":0.3,""maf_type"":""fixed"",""n_blocks"":50,""n_samples"":2500,""p"":1000,""rho"":0.8,""signal_ratio"":1.0}",orf,42,1,2500,1000,5,0.100000,0.800000,1.000000,fixed,0.100000,1000,10,0.462459,0.900998,0.952514,0.500000,0.084643,464.200000,433.000000,0.200000,7.825462,78.461787,ok,
06b4ece997a0,"{""case_control_ratio"":0.1,""h2"":0.1,""m"":5,""maf_fixed"":0.3,""maf_type"":""fixed"",""n_blocks"":50,""n_samples"":2500,""p"":1000,""rho"":0.8,""signal_ratio"":1.0}",bworf_uniform,42,1,2500,1000,5,0.100000,0.800000,1.000000,fixed,0.100000,1000,10,0.520043,0.916883,0.950245,0.504420,0.093984,194.800000,49.000000,0.200000,1279.336375,1190.211848,ok,
06b4ece997a0,"{""case_control_ratio"":0.1,""h2"":0.1,""m"":5,""maf_fixed"":0.3,""maf_type"":""fixed"",""n_blocks"":50,""n_samples"":2500,""p"":1000,""rho"":0.8,""signal_ratio"":1.0}",bworf_weighted,42,1,2500,1000,5,0.100000,0.800000,1.000000,fixed,0.100000,1000,10,0.513940,0.915027,0.885221,0.484022,0.153729,274.700000,103.000000,0.200000,1198.631039,1193.168612,ok,
06b4ece997a0,"{""case_control_ratio"":0.1,""h2"":0.1,""m"":5,""maf_fixed"":0.3,""maf_type"":""fixed"",""n_blocks"":50,""n_samples"":2500,""p"":1000,""rho"":0.8,""signal_ratio"":1.0}",rf,0,1,2500,1000,5,0.100000,0.800000,1.000000,fixed,0.100000,1000,10,0.508884,0.907645,0.952514,0.500000,0.084270,541.700000,700.000000,0.100000,1.838247,31.280988,ok,
06b4ece997a0,"{""case_control_ratio"":0.1,""h2"":0.1,""m"":5,""maf_fixed"":0.3,""maf_type"":""fixed"",""n_blocks"":50,""n_samples"":2500,""p"":1000,""rho"":0.8,""signal_ratio"":1.0}",orf,0,1,2500,1000,5,0.100000,0.800000,1.000000,fixed,0.100000,1000,10,0.535180,0.914817,0.952514,0.500000,0.082917,573.600000,615.500000,0.100000,5.979631,74.333319,ok,
06b4ece997a0,"{""case_control_ratio"":0.1,""h2"":0.1,""m"":5,""maf_fixed"":0.3,""maf_type"":""fixed"",""n_blocks"":50,""n_samples"":2500,""p"":1000,""rho"":0.8,""signal_ratio"":1.0}",bworf_uniform,0,1,2500,1000,5,0.100000,0.800000,1.000000,fixed,0.100000,1000,10,0.544355,0.917932,0.944405,0.491935,0.093444,485.600000,419.500000,0.000000,1223.868435,1209.560216,ok,
06b4ece997a0,"{""case_control_ratio"":0.1,""h2"":0.1,""m"":5,""maf_fixed"":0.3,""maf_type"":""fixed"",""n_blocks"":50,""n_samples"":2500,""p"":1000,""rho"":0.8,""signal_ratio"":1.0}",bworf_weighted,0,1,2500,1000,5,0.100000,0.800000,1.000000,fixed,0.100000,1000,10,0.549875,0.921139,0.878123,0.491396,0.153449,426.500000,318.000000,0.000000,1130.604942,1209.953134,ok,
06b4ece997a0,"{""case_control_ratio"":0.1,""h2"":0.1,""m"":5,""maf_fixed"":0.3,""maf_type"":""fixed"",""n_blocks"":50,""n_samples"":2500,""p"":1000,""rho"":0.8,""signal_ratio"":1.0}",rf,12,1,2500,1000,5,0.100000,0.800000,1.000000,fixed,0.100000,1000,10,0.532840,0.913525,0.952514,0.500000,0.083907,343.100000,234.000000,0.100000,1.891692,31.920860,ok,
06b4ece997a0,"{""case_control_ratio"":0.1,""h2"":0.1,""m"":5,""maf_fixed"":0.3,""maf_type"":""fixed"",""n_blocks"":50,""n_samples"":2500,""p"":1000,""rho"":0.8,""signal_ratio"":1.0}",orf,12,1,2500,1000,5,0.100000,0.800000,1.000000,fixed,0.100000,1000,10,0.498340,0.913871,0.952514,0.500000,0.083967,350.400000,218.500000,0.100000,5.906412,73.102208,ok,
06b4ece997a0,"{""case_control_ratio"":0.1,""h2"":0.1,""m"":5,""maf_fixed"":0.3,""maf_type"":""fixed"",""n_blocks"":50,""n_samples"":2500,""p"":1000,""rho"":0.8,""signal_ratio"":1.0}",bworf_uniform,12,1,2500,1000,5,0.100000,0.800000,1.000000,fixed,0.100000,1000,10,0.549498,0.920776,0.942837,0.497089,0.095237,277.300000,241.500000,0.100000,1272.114780,1196.088824,ok,
06b4ece997a0,"{""case_control_ratio"":0.1,""h2"":0.1,""m"":5,""maf_fixed"":0.3,""maf_type"":""fixed"",""n_blocks"":50,""n_samples"":2500,""p"":1000,""rho"":0.8,""signal_ratio"":1.0}",bworf_weighted,12,1,2500,1000,5,0.100000,0.800000,1.000000,fixed,0.100000,1000,10,0.555007,0.923436,0.882308,0.528894,0.159759,260.200000,139.000000,0.200000,1175.910058,1191.898813,ok,
06b4ece997a0,"{""case_control_ratio"":0.1,""h2"":0.1,""m"":5,""maf_fixed"":0.3,""maf_type"":""fixed"",""n_blocks"":50,""n_samples"":2500,""p"":1000,""rho"":0.8,""signal_ratio"":1.0}",rf,100,1,2500,1000,5,0.100000,0.800000,1.000000,fixed,0.100000,1000,10,0.476593,0.905446,0.952514,0.500000,0.084454,479.500000,345.500000,0.000000,1.906437,31.705246,ok,
06b4ece997a0,"{""case_control_ratio"":0.1,""h2"":0.1,""m"":5,""maf_fixed"":0.3,""maf_type"":""fixed"",""n_blocks"":50,""n_samples"":2500,""p"":1000,""rho"":0.8,""signal_ratio"":1.0}",orf,100,1,2500,1000,5,0.100000,0.800000,1.000000,fixed,0.100000,1000,10,0.507019,0.916714,0.952514,0.500000,0.083489,359.400000,305.500000,0.100000,5.972199,72.964839,ok,
06b4ece997a0,"{""case_control_ratio"":0.1,""h2"":0.1,""m"":5,""maf_fixed"":0.3,""maf_type"":""fixed"",""n_blocks"":50,""n_samples"":2500,""p"":1000,""rho"":0.8,""signal_ratio"":1.0}",bworf_uniform,100,1,2500,1000,5,0.100000,0.800000,1.000000,fixed,0.100000,1000,10,0.544905,0.924552,0.944248,0.505175,0.097656,360.600000,319.000000,0.100000,1291.903355,1214.035830,ok,
06b4ece997a0,"{""case_control_ratio"":0.1,""h2"":0.1,""m"":5,""maf_fixed"":0.3,""maf_type"":""fixed"",""n_blocks"":50,""n_samples"":2500,""p"":1000,""rho"":0.8,""signal_ratio"":1.0}",bworf_weighted,100,1,2500,1000,5,0.100000,0.800000,1.000000,fixed,0.100000,1000,10,0.552840,0.925511,0.871287,0.485531,0.164385,396.000000,299.000000,0.100000,1171.648837,1209.799153,ok,
06b4ece997a0,"{""case_control_ratio"":0.1,""h2"":0.1,""m"":5,""maf_fixed"":0.3,""maf_type"":""fixed"",""n_blocks"":50,""n_samples"":2500,""p"":1000,""rho"":0.8,""signal_ratio"":1.0}",rf,90,1,2500,1000,5,0.100000,0.800000,1.000000,fixed,0.100000,1000,10,0.527838,0.911124,0.952514,0.500000,0.084323,426.200000,243.500000,0.200000,1.973038,32.539551,ok,
06b4ece997a0,"{""case_control_ratio"":0.1,""h2"":0.1,""m"":5,""maf_fixed"":0.3,""maf_type"":""fixed"",""n_blocks"":50,""n_samples"":2500,""p"":1000,""rho"":0.8,""signal_ratio"":1.0}",orf,90,1,2500,1000,5,0.100000,0.800000,1.000000,fixed,0.100000,1000,10,0.480604,0.903451,0.952514,0.500000,0.084477,351.300000,319.000000,0.200000,6.568814,95.337981,ok,
06b4ece997a0,"{""case_control_ratio"":0.1,""h2"":0.1,""m"":5,""maf_fixed"":0.3,""maf_type"":""fixed"",""n_blocks"":50,""n_samples"":2500,""p"":1000,""rho"":0.8,""signal_ratio"":1.0}",bworf_uniform,90,1,2500,1000,5,0.100000,0.800000,1.000000,fixed,0.100000,1000,10,0.559923,0.923604,0.947961,0.508841,0.091723,329.600000,253.500000,0.200000,1352.735618,1194.324609,ok,
06b4ece997a0,"{""case_control_ratio"":0.1,""h2"":0.1,""m"":5,""maf_fixed"":0.3,""maf_type"":""fixed"",""n_blocks"":50,""n_samples"":2500,""p"":1000,""rho"":0.8,""signal_ratio"":1.0}",bworf_weighted,90,1,2500,1000,5,0.100000,0.800000,1.000000,fixed,0.100000,1000,10,0.571017,0.927062,0.876628,0.544355,0.153986,341.500000,185.500000,0.200000,1288.519469,1212.390183,ok,
