dataset_name,seed,fold_id,model,task_type,n_train,n_test,n_classes,accuracy,balanced_accuracy,f1_pos,precision_pos,recall_pos,mcc,auroc,auprc,log_loss,brier,fit_seconds,pred_seconds,model_params_json,notes,temperature
heart_attack_2022_brfss,123,0,bworf,binary,3600,400,2,0.925,0.6230682246513382,0.2857142857142857,0.2857142857142857,0.2857142857142857,0.2461364493026762,0.9062696318632996,0.3507144520557465,0.1749585910225051,0.0527321396010206,997.638922739774,0.7583970930427313,"{""n_estimators"":100,""max_depth"":5,""l1_strength"":1.0,""weighted_bootstrap"":true,""bootstrap_temperature"":0.5,""n_tries"":2,""random_state"":123}",pred_mismatch_rate=0.005,0.5
heart_attack_2022_brfss,123,1,bworf,binary,3600,400,2,0.955,0.7063701470033924,0.5,0.6,0.4285714285714285,0.4845405492459838,0.8625455459228546,0.4637370872227561,0.1715231452562415,0.0434849385566556,969.2698435392232,0.7302220314741135,"{""n_estimators"":100,""max_depth"":5,""l1_strength"":1.0,""weighted_bootstrap"":true,""bootstrap_temperature"":0.5,""n_tries"":2,""random_state"":123}",pred_mismatch_rate=0.005,0.5
heart_attack_2022_brfss,123,2,bworf,binary,3600,400,2,0.93,0.6418951418951419,0.3333333333333333,0.35,0.3181818181818182,0.2968574595361316,0.8094035594035595,0.2461506069393495,0.2058656708548758,0.0557843744081149,953.125028848648,0.8673438653349876,"{""n_estimators"":100,""max_depth"":5,""l1_strength"":1.0,""weighted_bootstrap"":true,""bootstrap_temperature"":0.5,""n_tries"":2,""random_state"":123}",,0.5
heart_attack_2022_brfss,123,3,bworf,binary,3600,400,2,0.935,0.5803270803270804,0.2352941176470588,0.3333333333333333,0.1818181818181818,0.214705283617184,0.8452380952380953,0.271141760312153,0.1800293939875504,0.0519131538053757,844.6453198827803,0.7423816043883562,"{""n_estimators"":100,""max_depth"":5,""l1_strength"":1.0,""weighted_bootstrap"":true,""bootstrap_temperature"":0.5,""n_tries"":2,""random_state"":123}",pred_mismatch_rate=0.003,0.5
heart_attack_2022_brfss,123,4,bworf,binary,3600,400,2,0.9325,0.6646224146224147,0.3720930232558139,0.3809523809523809,0.3636363636363636,0.3365479512520303,0.8508898508898509,0.3149007319510093,0.1920594061490508,0.0552532954389069,839.4945953451097,0.7333849724382162,"{""n_estimators"":100,""max_depth"":5,""l1_strength"":1.0,""weighted_bootstrap"":true,""bootstrap_temperature"":0.5,""n_tries"":2,""random_state"":123}",pred_mismatch_rate=0.005,0.5
heart_attack_2022_brfss,123,5,bworf,binary,3600,400,2,0.93,0.6632996632996633,0.3636363636363636,0.3636363636363636,0.3636363636363636,0.3265993265993266,0.841991341991342,0.3485811981459788,0.2053615906645367,0.057077151877348,921.5167046766728,0.7710018362849951,"{""n_estimators"":100,""max_depth"":5,""l1_strength"":1.0,""weighted_bootstrap"":true,""bootstrap_temperature"":0.5,""n_tries"":2,""random_state"":123}",pred_mismatch_rate=0.005,0.5
heart_attack_2022_brfss,123,6,bworf,binary,3600,400,2,0.9675,0.7901635401635402,0.6666666666666666,0.7647058823529411,0.5909090909090909,0.6558525773634607,0.93999518999519,0.6896921250553886,0.1348576897051069,0.0357303575851276,998.869509747252,0.7484223935753107,"{""n_estimators"":100,""max_depth"":5,""l1_strength"":1.0,""weighted_bootstrap"":true,""bootstrap_temperature"":0.5,""n_tries"":2,""random_state"":123}",pred_mismatch_rate=0.003,0.5
heart_attack_2022_brfss,123,7,bworf,binary,3600,400,2,0.9425,0.6699134199134199,0.4102564102564102,0.4705882352941176,0.3636363636363636,0.3840529182820431,0.8216089466089467,0.3193931313530145,0.2015914666471948,0.054447769583132,959.9514079783112,0.7263400107622147,"{""n_estimators"":100,""max_depth"":5,""l1_strength"":1.0,""weighted_bootstrap"":true,""bootstrap_temperature"":0.5,""n_tries"":2,""random_state"":123}",,0.5
heart_attack_2022_brfss,123,8,bworf,binary,3600,400,2,0.9375,0.6886724386724387,0.4186046511627907,0.4285714285714285,0.4090909090909091,0.3857149273297557,0.8691077441077442,0.3758901111140124,0.1880842882626006,0.0521760991251338,1114.6783611550927,0.7429724968969822,"{""n_estimators"":100,""max_depth"":5,""l1_strength"":1.0,""weighted_bootstrap"":true,""bootstrap_temperature"":0.5,""n_tries"":2,""random_state"":123}",pred_mismatch_rate=0.013,0.5
heart_attack_2022_brfss,123,9,bworf,binary,3600,400,2,0.9375,0.6672679172679172,0.3902439024390244,0.4210526315789473,0.3636363636363636,0.3585589744400461,0.805074555074555,0.4143378767411506,0.2065022391337331,0.0514499741759558,918.52757031098,0.7323981635272503,"{""n_estimators"":100,""max_depth"":5,""l1_strength"":1.0,""weighted_bootstrap"":true,""bootstrap_temperature"":0.5,""n_tries"":2,""random_state"":123}",pred_mismatch_rate=0.010,0.5
heart_attack_2022_brfss,13,0,bworf,binary,3600,400,2,0.94,0.6084935293378565,0.2941176470588235,0.3846153846153846,0.238095238095238,0.2729203543958589,0.8240356828747329,0.3129330744399283,0.1860745568756614,0.0497443546015778,772.0024206331,0.6540834549814463,"{""n_estimators"":100,""max_depth"":5,""l1_strength"":1.0,""weighted_bootstrap"":true,""bootstrap_temperature"":0.5,""n_tries"":2,""random_state"":13}",,0.5
heart_attack_2022_brfss,13,1,bworf,binary,3600,400,2,0.9425,0.6997738409347908,0.4390243902439024,0.45,0.4285714285714285,0.4088754842545314,0.87699459731122,0.3679166191304449,0.1802447328506094,0.0485839718244532,827.7059547640383,0.6839233245700598,"{""n_estimators"":100,""max_depth"":5,""l1_strength"":1.0,""weighted_bootstrap"":true,""bootstrap_temperature"":0.5,""n_tries"":2,""random_state"":13}",pred_mismatch_rate=0.003,0.5
heart_attack_2022_brfss,13,2,bworf,binary,3600,400,2,0.945,0.7354497354497355,0.5,0.5,0.5,0.4708994708994709,0.8624338624338626,0.4862456814909402,0.1926186528086782,0.0494399027749806,709.4806885709986,0.6700596921145916,"{""n_estimators"":100,""max_depth"":5,""l1_strength"":1.0,""weighted_bootstrap"":true,""bootstrap_temperature"":0.5,""n_tries"":2,""random_state"":13}",pred_mismatch_rate=0.007,0.5
heart_attack_2022_brfss,13,3,bworf,binary,3600,400,2,0.93,0.6632996632996633,0.3636363636363636,0.3636363636363636,0.3636363636363636,0.3265993265993266,0.8186628186628188,0.3183539246729068,0.2023450544490546,0.0530278920136262,759.3642060700804,0.6814110428094864,"{""n_estimators"":100,""max_depth"":5,""l1_strength"":1.0,""weighted_bootstrap"":true,""bootstrap_temperature"":0.5,""n_tries"":2,""random_state"":13}",pred_mismatch_rate=0.003,0.5
heart_attack_2022_brfss,13,4,bworf,binary,3600,400,2,0.935,0.6017316017316017,0.2777777777777778,0.3571428571428571,0.2272727272727272,0.2523977320579375,0.8815536315536315,0.3823821975765362,0.1751263672987207,0.0485397945066755,677.793643977493,0.674848198890686,"{""n_estimators"":100,""max_depth"":5,""l1_strength"":1.0,""weighted_bootstrap"":true,""bootstrap_temperature"":0.5,""n_tries"":2,""random_state"":13}",pred_mismatch_rate=0.005,0.5
heart_attack_2022_brfss,13,5,bworf,binary,3600,400,2,0.9275,0.6191678691678691,0.2926829268292683,0.3157894736842105,0.2727272727272727,0.2554507143566396,0.8691678691678691,0.2623235657905233,0.1846399885135279,0.0555519919693169,853.350577368401,0.7011601040139794,"{""n_estimators"":100,""max_depth"":5,""l1_strength"":1.0,""weighted_bootstrap"":true,""bootstrap_temperature"":0.5,""n_tries"":2,""random_state"":13}",pred_mismatch_rate=0.005,0.5
heart_attack_2022_brfss,13,6,bworf,binary,3600,400,2,0.9425,0.6271043771043772,0.3428571428571428,0.4615384615384615,0.2727272727272727,0.3268289991302666,0.8339345839345839,0.362789154111214,0.1880948686404172,0.0500232044034782,758.9103971943259,0.6783439749851823,"{""n_estimators"":100,""max_depth"":5,""l1_strength"":1.0,""weighted_bootstrap"":true,""bootstrap_temperature"":0.5,""n_tries"":2,""random_state"":13}",pred_mismatch_rate=0.005,0.5
heart_attack_2022_brfss,13,7,bworf,binary,3600,400,2,0.9525,0.7822270322270322,0.5777777777777777,0.5652173913043478,0.5909090909090909,0.5527786384308392,0.8961038961038962,0.5352212660083837,0.1665940319415377,0.0440424828368277,693.1484536025673,0.7038316186517477,"{""n_estimators"":100,""max_depth"":5,""l1_strength"":1.0,""weighted_bootstrap"":true,""bootstrap_temperature"":0.5,""n_tries"":2,""random_state"":13}",pred_mismatch_rate=0.005,0.5
heart_attack_2022_brfss,13,8,bworf,binary,3600,400,2,0.935,0.6873496873496874,0.4090909090909091,0.4090909090909091,0.4090909090909091,0.3746993746993747,0.8405483405483406,0.3568535646384207,0.1921727626819298,0.0548501722318849,838.2830361900851,0.6865678774192929,"{""n_estimators"":100,""max_depth"":5,""l1_strength"":1.0,""weighted_bootstrap"":true,""bootstrap_temperature"":0.5,""n_tries"":2,""random_state"":13}",pred_mismatch_rate=0.003,0.5
heart_attack_2022_brfss,13,9,bworf,binary,3600,400,2,0.9325,0.6646224146224147,0.3720930232558139,0.3809523809523809,0.3636363636363636,0.3365479512520303,0.8197450697450698,0.3119457293781772,0.213594284381835,0.0562346478266112,660.5187721503899,0.6853170106187463,"{""n_estimators"":100,""max_depth"":5,""l1_strength"":1.0,""weighted_bootstrap"":true,""bootstrap_temperature"":0.5,""n_tries"":2,""random_state"":13}",pred_mismatch_rate=0.010,0.5
heart_attack_2022_brfss,2025,0,bworf,binary,3600,400,2,0.935,0.7407965824852368,0.4583333333333333,0.4074074074074074,0.5238095238095238,0.4281276420185619,0.8734765674079659,0.4221914384100839,0.1774442575060214,0.0497855806305629,883.2677011508495,0.7369919158518314,"{""n_estimators"":100,""max_depth"":5,""l1_strength"":1.0,""weighted_bootstrap"":true,""bootstrap_temperature"":0.5,""n_tries"":2,""random_state"":2025}",pred_mismatch_rate=0.003,0.5
heart_attack_2022_brfss,2025,1,bworf,binary,3600,400,2,0.9575,0.7526699334087197,0.5641025641025641,0.6111111111111112,0.5238095238095238,0.5436819062415839,0.9381831888428194,0.5359144887945455,0.1473547985280487,0.0401048185551583,876.883596945554,0.8369571082293987,"{""n_estimators"":100,""max_depth"":5,""l1_strength"":1.0,""weighted_bootstrap"":true,""bootstrap_temperature"":0.5,""n_tries"":2,""random_state"":2025}",,0.5
heart_attack_2022_brfss,2025,2,bworf,binary,3600,400,2,0.9425,0.6271043771043772,0.3428571428571428,0.4615384615384615,0.2727272727272727,0.3268289991302666,0.8474025974025975,0.4080967855679434,0.1802692034081099,0.0477385824616615,1039.481198631227,0.7429165188223124,"{""n_estimators"":100,""max_depth"":5,""l1_strength"":1.0,""weighted_bootstrap"":true,""bootstrap_temperature"":0.5,""n_tries"":2,""random_state"":2025}",pred_mismatch_rate=0.007,0.5
heart_attack_2022_brfss,2025,3,bworf,binary,3600,400,2,0.9425,0.6271043771043772,0.3428571428571428,0.4615384615384615,0.2727272727272727,0.3268289991302666,0.8812530062530063,0.4126291277904875,0.1721246313824497,0.0460242660795371,986.0147715415806,0.7393159791827202,"{""n_estimators"":100,""max_depth"":5,""l1_strength"":1.0,""weighted_bootstrap"":true,""bootstrap_temperature"":0.5,""n_tries"":2,""random_state"":2025}",pred_mismatch_rate=0.003,0.5
heart_attack_2022_brfss,2025,4,bworf,binary,3600,400,2,0.9275,0.6191678691678691,0.2926829268292683,0.3157894736842105,0.2727272727272727,0.2554507143566396,0.7558321308321309,0.2481396377584422,0.2374217898029353,0.0634020940634043,944.1387916412205,0.7122284919023514,"{""n_estimators"":100,""max_depth"":5,""l1_strength"":1.0,""weighted_bootstrap"":true,""bootstrap_temperature"":0.5,""n_tries"":2,""random_state"":2025}",pred_mismatch_rate=0.005,0.5
heart_attack_2022_brfss,2025,5,bworf,binary,3600,400,2,0.9325,0.6432178932178932,0.3414634146341463,0.3684210526315789,0.3181818181818182,0.3070048443983429,0.8616522366522367,0.4562676122378988,0.1828677847521563,0.0506582289241951,855.4552398361266,0.7399177644401789,"{""n_estimators"":100,""max_depth"":5,""l1_strength"":1.0,""weighted_bootstrap"":true,""bootstrap_temperature"":0.5,""n_tries"":2,""random_state"":2025}",pred_mismatch_rate=0.005,0.5
heart_attack_2022_brfss,2025,6,bworf,binary,3600,400,2,0.95,0.6952861952861953,0.4736842105263157,0.5625,0.4090909090909091,0.4543946158254228,0.9066859066859068,0.4921687517736475,0.1562893543611113,0.0443838613686237,982.717630956322,0.7269195858389139,"{""n_estimators"":100,""max_depth"":5,""l1_strength"":1.0,""weighted_bootstrap"":true,""bootstrap_temperature"":0.5,""n_tries"":2,""random_state"":2025}",,0.5
heart_attack_2022_brfss,2025,7,bworf,binary,3600,400,2,0.94,0.6471861471861472,0.3684210526315789,0.4375,0.3181818181818182,0.3424747597107866,0.8310485810485809,0.2920426671854364,0.205648072440073,0.0534030718811618,1102.2358058746904,0.7003389969468117,"{""n_estimators"":100,""max_depth"":5,""l1_strength"":1.0,""weighted_bootstrap"":true,""bootstrap_temperature"":0.5,""n_tries"":2,""random_state"":2025}",pred_mismatch_rate=0.005,0.5
heart_attack_2022_brfss,2025,8,bworf,binary,3600,400,2,0.9375,0.7100769600769601,0.4444444444444444,0.4347826086956521,0.4545454545454545,0.4114632643113234,0.8245550745550745,0.3346155896296555,0.2126380947264103,0.0563098311459845,852.6945297122002,0.7115970142185688,"{""n_estimators"":100,""max_depth"":5,""l1_strength"":1.0,""weighted_bootstrap"":true,""bootstrap_temperature"":0.5,""n_tries"":2,""random_state"":2025}",pred_mismatch_rate=0.005,0.5
heart_attack_2022_brfss,2025,9,bworf,binary,3600,400,2,0.92,0.6151996151996152,0.2727272727272727,0.2727272727272727,0.2727272727272727,0.2303992303992304,0.8158970658970659,0.3177028015121854,0.2085813253300004,0.0613335784218959,1215.930560797453,0.717629786580801,"{""n_estimators"":100,""max_depth"":5,""l1_strength"":1.0,""weighted_bootstrap"":true,""bootstrap_temperature"":0.5,""n_tries"":2,""random_state"":2025}",pred_mismatch_rate=0.010,0.5
heart_attack_2022_brfss,42,0,bworf,binary,3600,400,2,0.94,0.6984545797210705,0.4285714285714285,0.4285714285714285,0.4285714285714285,0.3969091594421409,0.859907023495414,0.3476539812859184,0.1854088907343339,0.0498672204911478,997.3089296948164,0.730726471170783,"{""n_estimators"":100,""max_depth"":5,""l1_strength"":1.0,""weighted_bootstrap"":true,""bootstrap_temperature"":0.5,""n_tries"":2,""random_state"":42}",pred_mismatch_rate=0.005,0.5
heart_attack_2022_brfss,42,1,bworf,binary,3600,400,2,0.9525,0.705050885789672,0.4864864864864865,0.5625,0.4285714285714285,0.466761787372881,0.8600326674205303,0.4917958080433716,0.1700206501100256,0.045533771240006,982.8156280964612,0.74353102222085,"{""n_estimators"":100,""max_depth"":5,""l1_strength"":1.0,""weighted_bootstrap"":true,""bootstrap_temperature"":0.5,""n_tries"":2,""random_state"":42}",pred_mismatch_rate=0.007,0.5
heart_attack_2022_brfss,42,2,bworf,binary,3600,400,2,0.945,0.6712361712361712,0.4210526315789473,0.5,0.3636363636363636,0.3984346877681047,0.9065656565656566,0.3908588071874405,0.1692029847232852,0.0472336779238344,897.9778218977153,0.7982201706618071,"{""n_estimators"":100,""max_depth"":5,""l1_strength"":1.0,""weighted_bootstrap"":true,""bootstrap_temperature"":0.5,""n_tries"":2,""random_state"":42}",pred_mismatch_rate=0.003,0.5
heart_attack_2022_brfss,42,3,bworf,binary,3600,400,2,0.9275,0.661976911976912,0.3555555555555555,0.3478260869565217,0.3636363636363636,0.3172530148983129,0.8695286195286195,0.2715951716873595,0.1904904640360605,0.057521532242164,878.8951856456697,0.7360648326575756,"{""n_estimators"":100,""max_depth"":5,""l1_strength"":1.0,""weighted_bootstrap"":true,""bootstrap_temperature"":0.5,""n_tries"":2,""random_state"":42}",pred_mismatch_rate=0.007,0.5
heart_attack_2022_brfss,42,4,bworf,binary,3600,400,2,0.945,0.607022607022607,0.3125,0.5,0.2272727272727272,0.3125578842802791,0.9068061568061568,0.4208409363867342,0.1544610602554128,0.0446400994068021,985.6911214478314,0.7719401307404041,"{""n_estimators"":100,""max_depth"":5,""l1_strength"":1.0,""weighted_bootstrap"":true,""bootstrap_temperature"":0.5,""n_tries"":2,""random_state"":42}",,0.5
heart_attack_2022_brfss,42,5,bworf,binary,3600,400,2,0.9325,0.6646224146224147,0.3720930232558139,0.3809523809523809,0.3636363636363636,0.3365479512520303,0.8169793169793169,0.2960175076704711,0.2061479490604159,0.0576852216800531,948.8500145748258,0.714475616812706,"{""n_estimators"":100,""max_depth"":5,""l1_strength"":1.0,""weighted_bootstrap"":true,""bootstrap_temperature"":0.5,""n_tries"":2,""random_state"":42}",pred_mismatch_rate=0.005,0.5
heart_attack_2022_brfss,42,6,bworf,binary,3600,400,2,0.925,0.6178451178451179,0.2857142857142857,0.3,0.2727272727272727,0.2465426358859398,0.8137325637325638,0.2391747866114662,0.2237880008949371,0.0599636914041833,980.1687505189328,0.702021412551403,"{""n_estimators"":100,""max_depth"":5,""l1_strength"":1.0,""weighted_bootstrap"":true,""bootstrap_temperature"":0.5,""n_tries"":2,""random_state"":42}",pred_mismatch_rate=0.003,0.5
heart_attack_2022_brfss,42,7,bworf,binary,3600,400,2,0.9475,0.693963443963444,0.4615384615384615,0.5294117647058824,0.4090909090909091,0.4384128500983266,0.816017316017316,0.3745050136471023,0.2103467440538448,0.0499547975056866,1071.703174015507,0.6966155283153057,"{""n_estimators"":100,""max_depth"":5,""l1_strength"":1.0,""weighted_bootstrap"":true,""bootstrap_temperature"":0.5,""n_tries"":2,""random_state"":42}",pred_mismatch_rate=0.005,0.5
heart_attack_2022_brfss,42,8,bworf,binary,3600,400,2,0.9425,0.7555315055315055,0.5106382978723404,0.48,0.5454545454545454,0.4813334585799796,0.8950216450216449,0.5795591555920533,0.1625577448786658,0.0448322440900588,888.1264721415937,0.766881063580513,"{""n_estimators"":100,""max_depth"":5,""l1_strength"":1.0,""weighted_bootstrap"":true,""bootstrap_temperature"":0.5,""n_tries"":2,""random_state"":42}",pred_mismatch_rate=0.003,0.5
heart_attack_2022_brfss,42,9,bworf,binary,3600,400,2,0.9225,0.6379268879268879,0.3111111111111111,0.3043478260869565,0.3181818181818182,0.2701478901918076,0.8567821067821069,0.3113214875096722,0.1969963576662713,0.0572641902719118,832.0668436251581,0.7391042225062847,"{""n_estimators"":100,""max_depth"":5,""l1_strength"":1.0,""weighted_bootstrap"":true,""bootstrap_temperature"":0.5,""n_tries"":2,""random_state"":42}",pred_mismatch_rate=0.005,0.5
heart_attack_2022_brfss,77,0,bworf,binary,3600,400,2,0.9325,0.6495162708883025,0.3414634146341463,0.35,0.3333333333333333,0.3060137272093662,0.8193240356828747,0.2649905458668193,0.1957451587893932,0.055387061774153,864.8623254708946,0.7484514117240906,"{""n_estimators"":100,""max_depth"":5,""l1_strength"":1.0,""weighted_bootstrap"":true,""bootstrap_temperature"":0.5,""n_tries"":2,""random_state"":77}",pred_mismatch_rate=0.005,0.5
heart_attack_2022_brfss,77,1,bworf,binary,3600,400,2,0.9475,0.7249026259580349,0.4878048780487805,0.5,0.4761904761904761,0.4603063627771139,0.8484734263098379,0.3732517896507797,0.1874386659077362,0.049922068214552,1068.1551077105105,0.7409944217652082,"{""n_estimators"":100,""max_depth"":5,""l1_strength"":1.0,""weighted_bootstrap"":true,""bootstrap_temperature"":0.5,""n_tries"":2,""random_state"":77}",pred_mismatch_rate=0.003,0.5
heart_attack_2022_brfss,77,2,bworf,binary,3600,400,2,0.93,0.5990860990860991,0.2631578947368421,0.3125,0.2272727272727272,0.2305549035961505,0.8619528619528619,0.3139386328690169,0.182264270259353,0.0534620385617265,1512.0987333282828,0.806250037625432,"{""n_estimators"":100,""max_depth"":5,""l1_strength"":1.0,""weighted_bootstrap"":true,""bootstrap_temperature"":0.5,""n_tries"":2,""random_state"":77}",pred_mismatch_rate=0.003,0.5
heart_attack_2022_brfss,77,3,bworf,binary,3600,400,2,0.94,0.6471861471861472,0.3684210526315789,0.4375,0.3181818181818182,0.3424747597107866,0.8767436267436268,0.4115140044143586,0.1699177296897543,0.048049363594747,832.6746244244277,0.739124296233058,"{""n_estimators"":100,""max_depth"":5,""l1_strength"":1.0,""weighted_bootstrap"":true,""bootstrap_temperature"":0.5,""n_tries"":2,""random_state"":77}",pred_mismatch_rate=0.007,0.5
heart_attack_2022_brfss,77,4,bworf,binary,3600,400,2,0.93,0.6204906204906204,0.3,0.3333333333333333,0.2727272727272727,0.2650162734766437,0.803030303030303,0.3125804436118518,0.2173510112102465,0.0580246108990331,907.6637983210384,0.7516133338212967,"{""n_estimators"":100,""max_depth"":5,""l1_strength"":1.0,""weighted_bootstrap"":true,""bootstrap_temperature"":0.5,""n_tries"":2,""random_state"":77}",pred_mismatch_rate=0.005,0.5
heart_attack_2022_brfss,77,5,bworf,binary,3600,400,2,0.935,0.7087542087542087,0.4347826086956521,0.4166666666666667,0.4545454545454545,0.4007955886727238,0.8318302068302069,0.3486884613781381,0.2069439283363607,0.0544471322291498,992.294933406636,0.7423258144408464,"{""n_estimators"":100,""max_depth"":5,""l1_strength"":1.0,""weighted_bootstrap"":true,""bootstrap_temperature"":0.5,""n_tries"":2,""random_state"":77}",pred_mismatch_rate=0.005,0.5
heart_attack_2022_brfss,77,6,bworf,binary,3600,400,2,0.93,0.5990860990860991,0.2631578947368421,0.3125,0.2272727272727272,0.2305549035961505,0.7799422799422799,0.2152839184569763,0.2210552707996836,0.058700594657213,1098.040080651641,0.7127095237374306,"{""n_estimators"":100,""max_depth"":5,""l1_strength"":1.0,""weighted_bootstrap"":true,""bootstrap_temperature"":0.5,""n_tries"":2,""random_state"":77}",pred_mismatch_rate=0.003,0.5
heart_attack_2022_brfss,77,7,bworf,binary,3600,400,2,0.94,0.6257816257816258,0.3333333333333333,0.4285714285714285,0.2727272727272727,0.3120662266342821,0.8368205868205868,0.3558094135229427,0.1917072637395308,0.0498893327875456,1056.864179218188,0.7134513705968857,"{""n_estimators"":100,""max_depth"":5,""l1_strength"":1.0,""weighted_bootstrap"":true,""bootstrap_temperature"":0.5,""n_tries"":2,""random_state"":77}",pred_mismatch_rate=0.003,0.5
heart_attack_2022_brfss,77,8,bworf,binary,3600,400,2,0.95,0.7380952380952381,0.5238095238095238,0.55,0.5,0.4981167541368988,0.8782467532467532,0.4380904095016774,0.173757773838334,0.0457224109359576,1016.400457266718,0.7536242567002773,"{""n_estimators"":100,""max_depth"":5,""l1_strength"":1.0,""weighted_bootstrap"":true,""bootstrap_temperature"":0.5,""n_tries"":2,""random_state"":77}",pred_mismatch_rate=0.007,0.5
heart_attack_2022_brfss,77,9,bworf,binary,3600,400,2,0.95,0.8023088023088023,0.5833333333333334,0.5384615384615384,0.6363636363636364,0.5591335517325977,0.941919191919192,0.5963488579844003,0.1538462663461713,0.0420671486786895,912.3339407928288,0.7169801220297813,"{""n_estimators"":100,""max_depth"":5,""l1_strength"":1.0,""weighted_bootstrap"":true,""bootstrap_temperature"":0.5,""n_tries"":2,""random_state"":77}",pred_mismatch_rate=0.003,0.5
heart_attack_2022_brfss,123,0,bworf,binary,3600,400,2,0.86,0.7911797964568413,0.3488372093023256,0.2307692307692307,0.7142857142857143,0.3520800395090045,0.9042593290614398,0.3458453352587624,0.300838876629642,0.0946987626118724,1173.6749573014677,0.7096471767872572,"{""n_estimators"":100,""max_depth"":5,""l1_strength"":1.0,""weighted_bootstrap"":true,""bootstrap_temperature"":1.5,""n_tries"":2,""random_state"":123}",pred_mismatch_rate=0.005,1.5
heart_attack_2022_brfss,123,1,bworf,binary,3600,400,2,0.8725,0.7977761025254428,0.3703703703703703,0.25,0.7142857142857143,0.371992347324116,0.8699585375047116,0.5138358061243208,0.2678424070708929,0.0842629032623891,1205.9882177878171,0.6892180554568768,"{""n_estimators"":100,""max_depth"":5,""l1_strength"":1.0,""weighted_bootstrap"":true,""bootstrap_temperature"":1.5,""n_tries"":2,""random_state"":123}",pred_mismatch_rate=0.005,1.5
heart_attack_2022_brfss,123,2,bworf,binary,3600,400,2,0.895,0.7089947089947091,0.34375,0.2619047619047619,0.5,0.3108539347085873,0.8240740740740741,0.3207902470861706,0.3637218453526046,0.089875529554892,1115.3722325488925,0.7264404557645321,"{""n_estimators"":100,""max_depth"":5,""l1_strength"":1.0,""weighted_bootstrap"":true,""bootstrap_temperature"":1.5,""n_tries"":2,""random_state"":123}",pred_mismatch_rate=0.010,1.5
heart_attack_2022_brfss,123,3,bworf,binary,3600,400,2,0.8775,0.6783309283309283,0.2898550724637681,0.2127659574468085,0.4545454545454545,0.2525094434629652,0.8593073593073594,0.2813026382147538,0.2716042458227546,0.0859673051089314,1065.9145028963685,0.6929002553224564,"{""n_estimators"":100,""max_depth"":5,""l1_strength"":1.0,""weighted_bootstrap"":true,""bootstrap_temperature"":1.5,""n_tries"":2,""random_state"":123}",pred_mismatch_rate=0.005,1.5
heart_attack_2022_brfss,123,4,bworf,binary,3600,400,2,0.86,0.7332852332852333,0.3170731707317073,0.2166666666666666,0.5909090909090909,0.2978923850211659,0.8487253487253488,0.3035783735838407,0.3100059312414456,0.0974230855708665,1096.8121020533144,0.7029769495129585,"{""n_estimators"":100,""max_depth"":5,""l1_strength"":1.0,""weighted_bootstrap"":true,""bootstrap_temperature"":1.5,""n_tries"":2,""random_state"":123}",pred_mismatch_rate=0.005,1.5
heart_attack_2022_brfss,123,5,bworf,binary,3600,400,2,0.8275,0.7374939874939874,0.2886597938144329,0.1866666666666666,0.6363636363636364,0.2774390208780006,0.8482443482443482,0.2919400025518366,0.3949396157757857,0.1045253012937134,991.4215575419366,0.6902820244431496,"{""n_estimators"":100,""max_depth"":5,""l1_strength"":1.0,""weighted_bootstrap"":true,""bootstrap_temperature"":1.5,""n_tries"":2,""random_state"":123}",pred_mismatch_rate=0.003,1.5
heart_attack_2022_brfss,123,6,bworf,binary,3600,400,2,0.885,0.8535353535353536,0.4390243902439024,0.3,0.8181818181818182,0.451445160805272,0.9485329485329486,0.6229434073436672,0.229593387535048,0.0717346524593332,1342.4881249181926,0.7410781048238277,"{""n_estimators"":100,""max_depth"":5,""l1_strength"":1.0,""weighted_bootstrap"":true,""bootstrap_temperature"":1.5,""n_tries"":2,""random_state"":123}",pred_mismatch_rate=0.007,1.5
heart_attack_2022_brfss,123,7,bworf,binary,3600,400,2,0.8725,0.6756854256854257,0.2816901408450704,0.2040816326530612,0.4545454545454545,0.2443269496701379,0.8292448292448292,0.3373922685199066,0.3046429422645603,0.0921545377340064,1050.7389142252505,0.6882601678371429,"{""n_estimators"":100,""max_depth"":5,""l1_strength"":1.0,""weighted_bootstrap"":true,""bootstrap_temperature"":1.5,""n_tries"":2,""random_state"":123}",pred_mismatch_rate=0.013,1.5
heart_attack_2022_brfss,123,8,bworf,binary,3600,400,2,0.86,0.7974987974987975,0.3636363636363636,0.2424242424242424,0.7272727272727273,0.3654493968536317,0.875901875901876,0.3140813755969018,0.3771333858500507,0.0963281511477868,1114.282263252884,0.6775591224431992,"{""n_estimators"":100,""max_depth"":5,""l1_strength"":1.0,""weighted_bootstrap"":true,""bootstrap_temperature"":1.5,""n_tries"":2,""random_state"":123}",pred_mismatch_rate=0.007,1.5
heart_attack_2022_brfss,123,9,bworf,binary,3600,400,2,0.885,0.7465127465127466,0.3611111111111111,0.26,0.5909090909090909,0.3398658997230291,0.8107263107263107,0.3671095469083179,0.4331779322944288,0.0877106351977268,1207.5844155848026,0.710568793118,"{""n_estimators"":100,""max_depth"":5,""l1_strength"":1.0,""weighted_bootstrap"":true,""bootstrap_temperature"":1.5,""n_tries"":2,""random_state"":123}",,1.5
heart_attack_2022_brfss,13,0,bworf,binary,3600,400,2,0.88,0.6892825731875863,0.2941176470588235,0.2127659574468085,0.4761904761904761,0.2622005495870456,0.8389873099635632,0.3452588445850781,0.3367103598075852,0.0821614305524281,1148.5885233897716,0.7391539812088013,"{""n_estimators"":100,""max_depth"":5,""l1_strength"":1.0,""weighted_bootstrap"":true,""bootstrap_temperature"":1.5,""n_tries"":2,""random_state"":13}",,1.5
heart_attack_2022_brfss,13,1,bworf,binary,3600,400,2,0.8725,0.7752858399296394,0.3544303797468354,0.2413793103448276,0.6666666666666666,0.3487514894427752,0.8795074758135443,0.3315795622746746,0.3700041089641045,0.0928559822773294,999.9690394569188,0.7276093270629644,"{""n_estimators"":100,""max_depth"":5,""l1_strength"":1.0,""weighted_bootstrap"":true,""bootstrap_temperature"":1.5,""n_tries"":2,""random_state"":13}",pred_mismatch_rate=0.007,1.5
heart_attack_2022_brfss,13,2,bworf,binary,3600,400,2,0.83,0.7816257816257817,0.32,0.2051282051282051,0.7272727272727273,0.3241040133377415,0.8689273689273689,0.4663961951645384,0.3833462996290246,0.1016333382862341,1118.563563287258,0.7306847963482141,"{""n_estimators"":100,""max_depth"":5,""l1_strength"":1.0,""weighted_bootstrap"":true,""bootstrap_temperature"":1.5,""n_tries"":2,""random_state"":13}",pred_mismatch_rate=0.010,1.5
heart_attack_2022_brfss,13,3,bworf,binary,3600,400,2,0.8575,0.7319624819624819,0.3132530120481928,0.2131147540983606,0.5909090909090909,0.2941983389557967,0.809042809042809,0.3126790459163284,0.4567774684231034,0.0963695806950813,899.9192079547793,0.7546048015356064,"{""n_estimators"":100,""max_depth"":5,""l1_strength"":1.0,""weighted_bootstrap"":true,""bootstrap_temperature"":1.5,""n_tries"":2,""random_state"":13}",,1.5
heart_attack_2022_brfss,13,4,bworf,binary,3600,400,2,0.8825,0.8094035594035593,0.4050632911392405,0.2807017543859649,0.7272727272727273,0.4035785295980522,0.874098124098124,0.3557959138063801,0.2816074648942275,0.0869683151283323,860.2566754687577,0.709982767701149,"{""n_estimators"":100,""max_depth"":5,""l1_strength"":1.0,""weighted_bootstrap"":true,""bootstrap_temperature"":1.5,""n_tries"":2,""random_state"":13}",pred_mismatch_rate=0.015,1.5
heart_attack_2022_brfss,13,5,bworf,binary,3600,400,2,0.8675,0.673039923039923,0.273972602739726,0.196078431372549,0.4545454545454545,0.2365569694333793,0.8673641173641174,0.2719638674421545,0.2947380226638442,0.093215411207284,1002.26054389216,0.7667430602014065,"{""n_estimators"":100,""max_depth"":5,""l1_strength"":1.0,""weighted_bootstrap"":true,""bootstrap_temperature"":1.5,""n_tries"":2,""random_state"":13}",pred_mismatch_rate=0.013,1.5
heart_attack_2022_brfss,13,6,bworf,binary,3600,400,2,0.885,0.7679172679172679,0.3783783783783784,0.2692307692307692,0.6363636363636364,0.3632424933245052,0.8436748436748437,0.3410650538144865,0.3371570651580468,0.0831805869523017,1177.3264336492866,0.7431572768837214,"{""n_estimators"":100,""max_depth"":5,""l1_strength"":1.0,""weighted_bootstrap"":true,""bootstrap_temperature"":1.5,""n_tries"":2,""random_state"":13}",pred_mismatch_rate=0.010,1.5
heart_attack_2022_brfss,13,7,bworf,binary,3600,400,2,0.8875,0.7906445406445406,0.4,0.2830188679245283,0.6818181818181818,0.3908829556493927,0.901996151996152,0.5229608657680582,0.2660017458689201,0.081902640854312,1300.254736771807,0.773727610707283,"{""n_estimators"":100,""max_depth"":5,""l1_strength"":1.0,""weighted_bootstrap"":true,""bootstrap_temperature"":1.5,""n_tries"":2,""random_state"":13}",pred_mismatch_rate=0.007,1.5
heart_attack_2022_brfss,13,8,bworf,binary,3600,400,2,0.8575,0.7319624819624819,0.3132530120481928,0.2131147540983606,0.5909090909090909,0.2941983389557967,0.8653198653198654,0.332858605579878,0.2981946615615994,0.0952635704194714,1057.7146429754794,0.7375163957476616,"{""n_estimators"":100,""max_depth"":5,""l1_strength"":1.0,""weighted_bootstrap"":true,""bootstrap_temperature"":1.5,""n_tries"":2,""random_state"":13}",,1.5
heart_attack_2022_brfss,13,9,bworf,binary,3600,400,2,0.8325,0.7401394901394902,0.2947368421052631,0.1917808219178082,0.6363636363636364,0.2834754894450182,0.8278619528619529,0.2907239806253333,0.4095635026697045,0.1077904545733156,1307.3973198793828,0.7427609041333199,"{""n_estimators"":100,""max_depth"":5,""l1_strength"":1.0,""weighted_bootstrap"":true,""bootstrap_temperature"":1.5,""n_tries"":2,""random_state"":13}",pred_mismatch_rate=0.013,1.5
heart_attack_2022_brfss,2025,0,bworf,binary,3600,400,2,0.8725,0.7752858399296394,0.3544303797468354,0.2413793103448276,0.6666666666666666,0.3487514894427752,0.8909410729991205,0.4053092933684904,0.2938301028621861,0.093078828957849,1005.6070754528046,0.7219229694455862,"{""n_estimators"":100,""max_depth"":5,""l1_strength"":1.0,""weighted_bootstrap"":true,""bootstrap_temperature"":1.5,""n_tries"":2,""random_state"":2025}",pred_mismatch_rate=0.005,1.5
heart_attack_2022_brfss,2025,1,bworf,binary,3600,400,2,0.9,0.8797587636637768,0.4736842105263157,0.3272727272727272,0.8571428571428571,0.4918992501948908,0.9474808393014196,0.5365897081851161,0.2556663018339913,0.077974567730563,1188.720808185637,0.7204763144254684,"{""n_estimators"":100,""max_depth"":5,""l1_strength"":1.0,""weighted_bootstrap"":true,""bootstrap_temperature"":1.5,""n_tries"":2,""random_state"":2025}",pred_mismatch_rate=0.020,1.5
heart_attack_2022_brfss,2025,2,bworf,binary,3600,400,2,0.8825,0.7665945165945166,0.3733333333333333,0.2641509433962264,0.6363636363636364,0.3585384826953676,0.8511904761904763,0.4060088200107002,0.3484702923222982,0.0855972473364392,964.9083587359636,0.6900878213346004,"{""n_estimators"":100,""max_depth"":5,""l1_strength"":1.0,""weighted_bootstrap"":true,""bootstrap_temperature"":1.5,""n_tries"":2,""random_state"":2025}",pred_mismatch_rate=0.007,1.5
heart_attack_2022_brfss,2025,3,bworf,binary,3600,400,2,0.87,0.8027898027898028,0.3809523809523809,0.2580645161290322,0.7272727272727273,0.3814822067471223,0.8893097643097644,0.4637849934436628,0.3467217080693629,0.0852280914607264,1034.1243078783154,0.6938458569347858,"{""n_estimators"":100,""max_depth"":5,""l1_strength"":1.0,""weighted_bootstrap"":true,""bootstrap_temperature"":1.5,""n_tries"":2,""random_state"":2025}",pred_mismatch_rate=0.013,1.5
heart_attack_2022_brfss,2025,4,bworf,binary,3600,400,2,0.8625,0.648989898989899,0.2465753424657534,0.1764705882352941,0.4090909090909091,0.2036790028686289,0.7677970177970179,0.2527654009966133,0.3351712976274538,0.0991945263433835,1027.877155676484,0.6902916952967644,"{""n_estimators"":100,""max_depth"":5,""l1_strength"":1.0,""weighted_bootstrap"":true,""bootstrap_temperature"":1.5,""n_tries"":2,""random_state"":2025}",pred_mismatch_rate=0.010,1.5
heart_attack_2022_brfss,2025,5,bworf,binary,3600,400,2,0.8575,0.7747715247715248,0.3448275862068966,0.2307692307692307,0.6818181818181818,0.3396095371492052,0.8690476190476191,0.4105700113207321,0.3018284378884226,0.0922741566264497,967.4477910511196,0.7769981436431408,"{""n_estimators"":100,""max_depth"":5,""l1_strength"":1.0,""weighted_bootstrap"":true,""bootstrap_temperature"":1.5,""n_tries"":2,""random_state"":2025}",pred_mismatch_rate=0.010,1.5
heart_attack_2022_brfss,2025,6,bworf,binary,3600,400,2,0.88,0.7866762866762866,0.3846153846153846,0.2678571428571428,0.6818181818181818,0.3767088052718235,0.9072871572871574,0.4630805363161324,0.2631708311376405,0.0829044467106675,1104.71313502267,0.6979241631925106,"{""n_estimators"":100,""max_depth"":5,""l1_strength"":1.0,""weighted_bootstrap"":true,""bootstrap_temperature"":1.5,""n_tries"":2,""random_state"":2025}",pred_mismatch_rate=0.005,1.5
heart_attack_2022_brfss,2025,7,bworf,binary,3600,400,2,0.86,0.7546897546897546,0.3333333333333333,0.2258064516129032,0.6363636363636364,0.3208813796228773,0.8360990860990862,0.3666084701923507,0.373575750962709,0.0935310961414687,1217.483303215355,0.7055523991584778,"{""n_estimators"":100,""max_depth"":5,""l1_strength"":1.0,""weighted_bootstrap"":true,""bootstrap_temperature"":1.5,""n_tries"":2,""random_state"":2025}",pred_mismatch_rate=0.005,1.5
heart_attack_2022_brfss,2025,8,bworf,binary,3600,400,2,0.845,0.7467532467532467,0.3111111111111111,0.2058823529411764,0.6363636363636364,0.299520542433687,0.8287037037037038,0.2954546669322657,0.3323440827717713,0.1036545291529605,1152.3891076520083,0.7100321725010872,"{""n_estimators"":100,""max_depth"":5,""l1_strength"":1.0,""weighted_bootstrap"":true,""bootstrap_temperature"":1.5,""n_tries"":2,""random_state"":2025}",pred_mismatch_rate=0.010,1.5
heart_attack_2022_brfss,2025,9,bworf,binary,3600,400,2,0.8575,0.6891534391534391,0.2784810126582278,0.1929824561403508,0.5,0.2467271772474683,0.8270803270803271,0.2726251883826691,0.3085465171435699,0.102231117056193,1048.777829386294,0.7297827079892159,"{""n_estimators"":100,""max_depth"":5,""l1_strength"":1.0,""weighted_bootstrap"":true,""bootstrap_temperature"":1.5,""n_tries"":2,""random_state"":2025}",,1.5
heart_attack_2022_brfss,42,0,bworf,binary,3600,400,2,0.8675,0.7726473175021987,0.345679012345679,0.2333333333333333,0.6666666666666666,0.3406005880562582,0.8685764543284332,0.389861607677283,0.2978576662786851,0.0910569029768359,1103.1948085017502,0.7216482516378164,"{""n_estimators"":100,""max_depth"":5,""l1_strength"":1.0,""weighted_bootstrap"":true,""bootstrap_temperature"":1.5,""n_tries"":2,""random_state"":42}",pred_mismatch_rate=0.003,1.5
heart_attack_2022_brfss,42,1,bworf,binary,3600,400,2,0.8725,0.7752858399296394,0.3544303797468354,0.2413793103448276,0.6666666666666666,0.3487514894427752,0.8697072496544792,0.483842760114523,0.2748307666450924,0.087291048332516,1143.2818014882505,0.6635431814938784,"{""n_estimators"":100,""max_depth"":5,""l1_strength"":1.0,""weighted_bootstrap"":true,""bootstrap_temperature"":1.5,""n_tries"":2,""random_state"":42}",pred_mismatch_rate=0.007,1.5
heart_attack_2022_brfss,42,2,bworf,binary,3600,400,2,0.8725,0.8041125541125541,0.3855421686746988,0.2622950819672131,0.7272727272727273,0.3857063759560445,0.9082491582491582,0.4021499143841645,0.2834483754229017,0.0877460302974181,1066.8796256761998,0.7334577888250351,"{""n_estimators"":100,""max_depth"":5,""l1_strength"":1.0,""weighted_bootstrap"":true,""bootstrap_temperature"":1.5,""n_tries"":2,""random_state"":42}",pred_mismatch_rate=0.010,1.5
heart_attack_2022_brfss,42,3,bworf,binary,3600,400,2,0.86,0.7546897546897546,0.3333333333333333,0.2258064516129032,0.6363636363636364,0.3208813796228773,0.8750601250601251,0.3108318782975539,0.3096514521584808,0.100632155824957,996.3082800097764,0.7213608287274837,"{""n_estimators"":100,""max_depth"":5,""l1_strength"":1.0,""weighted_bootstrap"":true,""bootstrap_temperature"":1.5,""n_tries"":2,""random_state"":42}",pred_mismatch_rate=0.010,1.5
heart_attack_2022_brfss,42,4,bworf,binary,3600,400,2,0.8925,0.7504810004810005,0.3768115942028985,0.2765957446808511,0.5909090909090909,0.354671052416289,0.9012746512746512,0.429038192236046,0.2547151527814216,0.0785282220655568,1020.615899220109,0.7607674226164818,"{""n_estimators"":100,""max_depth"":5,""l1_strength"":1.0,""weighted_bootstrap"":true,""bootstrap_temperature"":1.5,""n_tries"":2,""random_state"":42}",pred_mismatch_rate=0.025,1.5
heart_attack_2022_brfss,42,5,bworf,binary,3600,400,2,0.875,0.7412217412217412,0.3421052631578947,0.2407407407407407,0.5909090909090909,0.3218612952875136,0.815957190957191,0.2922514051623071,0.3824041353435402,0.0971203108834041,1209.8094123452902,0.7108142673969269,"{""n_estimators"":100,""max_depth"":5,""l1_strength"":1.0,""weighted_bootstrap"":true,""bootstrap_temperature"":1.5,""n_tries"":2,""random_state"":42}",pred_mismatch_rate=0.010,1.5
heart_attack_2022_brfss,42,6,bworf,binary,3600,400,2,0.855,0.7306397306397306,0.3095238095238095,0.2096774193548387,0.5909090909090909,0.2905809660607548,0.8215488215488216,0.253354963557466,0.3339386725654252,0.0988648852698254,1248.0639346837995,0.6984612457454205,"{""n_estimators"":100,""max_depth"":5,""l1_strength"":1.0,""weighted_bootstrap"":true,""bootstrap_temperature"":1.5,""n_tries"":2,""random_state"":42}",pred_mismatch_rate=0.007,1.5
heart_attack_2022_brfss,42,7,bworf,binary,3600,400,2,0.8725,0.7827080327080327,0.3703703703703703,0.2542372881355932,0.6818181818181818,0.3635148769145148,0.8120490620490621,0.3653164262303232,0.3246035374369509,0.0919390211951292,1140.889015305787,0.7041373327374458,"{""n_estimators"":100,""max_depth"":5,""l1_strength"":1.0,""weighted_bootstrap"":true,""bootstrap_temperature"":1.5,""n_tries"":2,""random_state"":42}",pred_mismatch_rate=0.013,1.5
heart_attack_2022_brfss,42,8,bworf,binary,3600,400,2,0.8725,0.7827080327080327,0.3703703703703703,0.2542372881355932,0.6818181818181818,0.3635148769145148,0.88510101010101,0.5660590699023209,0.3456509911084111,0.0851459068184544,1012.572219118476,0.7008545324206352,"{""n_estimators"":100,""max_depth"":5,""l1_strength"":1.0,""weighted_bootstrap"":true,""bootstrap_temperature"":1.5,""n_tries"":2,""random_state"":42}",pred_mismatch_rate=0.010,1.5
heart_attack_2022_brfss,42,9,bworf,binary,3600,400,2,0.865,0.7573352573352573,0.3414634146341463,0.2333333333333333,0.6363636363636364,0.3286029401779871,0.8541366041366042,0.3218938182890394,0.3044022807785682,0.0978919406872946,1197.721525363624,0.6734097301959991,"{""n_estimators"":100,""max_depth"":5,""l1_strength"":1.0,""weighted_bootstrap"":true,""bootstrap_temperature"":1.5,""n_tries"":2,""random_state"":42}",pred_mismatch_rate=0.007,1.5
heart_attack_2022_brfss,77,0,bworf,binary,3600,400,2,0.8625,0.7250282698831512,0.3037974683544304,0.2068965517241379,0.5714285714285714,0.2850816602428162,0.817188088955899,0.2572136214550868,0.3013488694746443,0.0962552282219733,1260.4179800599811,0.7341480683535337,"{""n_estimators"":100,""max_depth"":5,""l1_strength"":1.0,""weighted_bootstrap"":true,""bootstrap_temperature"":1.5,""n_tries"":2,""random_state"":77}",pred_mismatch_rate=0.007,1.5
heart_attack_2022_brfss,77,1,bworf,binary,3600,400,2,0.8375,0.7568161829375549,0.3010752688172043,0.1944444444444444,0.6666666666666666,0.2981799686202541,0.8191355697952004,0.3009493713769052,0.3934465256842883,0.1002022533449612,1310.0227470006794,0.6943130679428577,"{""n_estimators"":100,""max_depth"":5,""l1_strength"":1.0,""weighted_bootstrap"":true,""bootstrap_temperature"":1.5,""n_tries"":2,""random_state"":77}",pred_mismatch_rate=0.003,1.5
heart_attack_2022_brfss,77,2,bworf,binary,3600,400,2,0.87,0.7385762385762387,0.3333333333333333,0.2321428571428571,0.5909090909090909,0.313502629890645,0.8691678691678691,0.3456357828839685,0.2936255745867404,0.09455163409571,1061.378105532378,0.7438038177788258,"{""n_estimators"":100,""max_depth"":5,""l1_strength"":1.0,""weighted_bootstrap"":true,""bootstrap_temperature"":1.5,""n_tries"":2,""random_state"":77}",pred_mismatch_rate=0.010,1.5
heart_attack_2022_brfss,77,3,bworf,binary,3600,400,2,0.8975,0.7745310245310245,0.4057971014492754,0.2978723404255319,0.6363636363636364,0.3887249220673969,0.876022126022126,0.3906697962870659,0.2738318598087261,0.0855545001105558,1158.09542536363,0.72437584400177,"{""n_estimators"":100,""max_depth"":5,""l1_strength"":1.0,""weighted_bootstrap"":true,""bootstrap_temperature"":1.5,""n_tries"":2,""random_state"":77}",pred_mismatch_rate=0.010,1.5
heart_attack_2022_brfss,77,4,bworf,binary,3600,400,2,0.83,0.696007696007696,0.2608695652173913,0.1714285714285714,0.5454545454545454,0.2352092352092352,0.8149951899951899,0.245486583900046,0.4006507600319505,0.107456756644794,1194.515504051,0.7290775999426842,"{""n_estimators"":100,""max_depth"":5,""l1_strength"":1.0,""weighted_bootstrap"":true,""bootstrap_temperature"":1.5,""n_tries"":2,""random_state"":77}",pred_mismatch_rate=0.015,1.5
heart_attack_2022_brfss,77,5,bworf,binary,3600,400,2,0.8725,0.7827080327080327,0.3703703703703703,0.2542372881355932,0.6818181818181818,0.3635148769145148,0.8379028379028379,0.3667246261403709,0.3956304466608129,0.1019956886676501,1271.1833879053593,0.7262814044952393,"{""n_estimators"":100,""max_depth"":5,""l1_strength"":1.0,""weighted_bootstrap"":true,""bootstrap_temperature"":1.5,""n_tries"":2,""random_state"":77}",pred_mismatch_rate=0.003,1.5
heart_attack_2022_brfss,77,6,bworf,binary,3600,400,2,0.88,0.6582491582491583,0.2727272727272727,0.2045454545454545,0.4090909090909091,0.2306095601174015,0.772005772005772,0.2247265678459129,0.3157519173234672,0.0920855768354641,1002.272441189736,0.6991731002926826,"{""n_estimators"":100,""max_depth"":5,""l1_strength"":1.0,""weighted_bootstrap"":true,""bootstrap_temperature"":1.5,""n_tries"":2,""random_state"":77}",pred_mismatch_rate=0.010,1.5
heart_attack_2022_brfss,77,7,bworf,binary,3600,400,2,0.8775,0.7425444925444926,0.3466666666666667,0.2452830188679245,0.5909090909090909,0.3261940097413426,0.8529341029341029,0.4218643956256723,0.3417827749402182,0.082881012227364,973.4061882719398,0.6883747652173042,"{""n_estimators"":100,""max_depth"":5,""l1_strength"":1.0,""weighted_bootstrap"":true,""bootstrap_temperature"":1.5,""n_tries"":2,""random_state"":77}",pred_mismatch_rate=0.013,1.5
heart_attack_2022_brfss,77,8,bworf,binary,3600,400,2,0.8775,0.7853535353535352,0.379746835443038,0.2631578947368421,0.6818181818181818,0.3722082591279354,0.88498075998076,0.4192461025638485,0.2710579369010647,0.0844528180573987,1254.1911146342754,0.698757816106081,"{""n_estimators"":100,""max_depth"":5,""l1_strength"":1.0,""weighted_bootstrap"":true,""bootstrap_temperature"":1.5,""n_tries"":2,""random_state"":77}",pred_mismatch_rate=0.013,1.5
heart_attack_2022_brfss,77,9,bworf,binary,3600,400,2,0.855,0.8590668590668591,0.3958333333333333,0.2567567567567567,0.8636363636363636,0.4216362079892112,0.9221981721981722,0.5658202441401116,0.3638558723898289,0.0922473478713598,1132.2000882774591,0.7160221263766289,"{""n_estimators"":100,""max_depth"":5,""l1_strength"":1.0,""weighted_bootstrap"":true,""bootstrap_temperature"":1.5,""n_tries"":2,""random_state"":77}",pred_mismatch_rate=0.005,1.5
heart_attack_2022_brfss,123,0,bworf,binary,3600,400,2,0.765,0.8534991833144867,0.2985074626865671,0.1769911504424778,0.9523809523809524,0.3502414100697641,0.8970976253298153,0.3157247931108997,0.5051426093087461,0.1641521290055591,1830.0010545421392,0.668132122606039,"{""n_estimators"":100,""max_depth"":5,""l1_strength"":1.0,""weighted_bootstrap"":true,""bootstrap_temperature"":2.0,""n_tries"":2,""random_state"":123}",,2.0
heart_attack_2022_brfss,123,1,bworf,binary,3600,400,2,0.77,0.7886669179545169,0.2698412698412698,0.1619047619047619,0.8095238095238095,0.2926513998604118,0.8635506973237844,0.4860933285278894,0.4639712427774479,0.156159304527532,2001.869274068624,0.6404673680663109,"{""n_estimators"":100,""max_depth"":5,""l1_strength"":1.0,""weighted_bootstrap"":true,""bootstrap_temperature"":2.0,""n_tries"":2,""random_state"":123}",pred_mismatch_rate=0.007,2.0
heart_attack_2022_brfss,123,2,bworf,binary,3600,400,2,0.77,0.7926887926887927,0.28125,0.1698113207547169,0.8181818181818182,0.3023895170532271,0.8464405964405965,0.3412757028646418,0.4795425852727429,0.1571418988673451,1441.9136900231242,0.6426004096865654,"{""n_estimators"":100,""max_depth"":5,""l1_strength"":1.0,""weighted_bootstrap"":true,""bootstrap_temperature"":2.0,""n_tries"":2,""random_state"":123}",pred_mismatch_rate=0.007,2.0
heart_attack_2022_brfss,123,3,bworf,binary,3600,400,2,0.7725,0.7297979797979798,0.2479338842975206,0.1515151515151515,0.6818181818181818,0.2427910075019144,0.8593073593073594,0.3410551692294664,0.4395379741587319,0.1458451565194732,1431.256808951497,0.6462920531630516,"{""n_estimators"":100,""max_depth"":5,""l1_strength"":1.0,""weighted_bootstrap"":true,""bootstrap_temperature"":2.0,""n_tries"":2,""random_state"":123}",pred_mismatch_rate=0.003,2.0
heart_attack_2022_brfss,123,4,bworf,binary,3600,400,2,0.7375,0.7754930254930255,0.2553191489361702,0.1512605042016806,0.8181818181818182,0.2747711958568663,0.8654401154401155,0.2960393537835488,0.5074608077681083,0.1697428589021561,1548.306546844542,0.6806781552731991,"{""n_estimators"":100,""max_depth"":5,""l1_strength"":1.0,""weighted_bootstrap"":true,""bootstrap_temperature"":2.0,""n_tries"":2,""random_state"":123}",pred_mismatch_rate=0.005,2.0
heart_attack_2022_brfss,123,5,bworf,binary,3600,400,2,0.7175,0.7863155363155363,0.2516556291390728,0.1472868217054263,0.8636363636363636,0.2792882405914725,0.8501683501683502,0.3111193065842593,0.6311348577586794,0.1854511688189529,1796.1707013770938,0.6570682525634766,"{""n_estimators"":100,""max_depth"":5,""l1_strength"":1.0,""weighted_bootstrap"":true,""bootstrap_temperature"":2.0,""n_tries"":2,""random_state"":123}",pred_mismatch_rate=0.005,2.0
heart_attack_2022_brfss,123,6,bworf,binary,3600,400,2,0.7775,0.818061568061568,0.2992125984251969,0.1809523809523809,0.8636363636363636,0.3296042281562037,0.9371091871091872,0.6144272364389733,0.4293191379249527,0.1447114045695175,2158.200104404241,0.6356539316475391,"{""n_estimators"":100,""max_depth"":5,""l1_strength"":1.0,""weighted_bootstrap"":true,""bootstrap_temperature"":2.0,""n_tries"":2,""random_state"":123}",,2.0
heart_attack_2022_brfss,123,7,bworf,binary,3600,400,2,0.7675,0.7485569985569986,0.256,0.1553398058252427,0.7272727272727273,0.2591888978569387,0.8319504569504569,0.3125171447913158,0.5512575836063648,0.1568828336773018,1467.0186477266252,0.6237763315439224,"{""n_estimators"":100,""max_depth"":5,""l1_strength"":1.0,""weighted_bootstrap"":true,""bootstrap_temperature"":2.0,""n_tries"":2,""random_state"":123}",pred_mismatch_rate=0.005,2.0
heart_attack_2022_brfss,123,8,bworf,binary,3600,400,2,0.745,0.800865800865801,0.2714285714285714,0.1610169491525423,0.8636363636363636,0.3008115468213843,0.8748196248196248,0.402797711984746,0.584598642766806,0.1694766039304072,1434.697717662901,0.6451709643006325,"{""n_estimators"":100,""max_depth"":5,""l1_strength"":1.0,""weighted_bootstrap"":true,""bootstrap_temperature"":2.0,""n_tries"":2,""random_state"":123}",pred_mismatch_rate=0.003,2.0
heart_attack_2022_brfss,123,9,bworf,binary,3600,400,2,0.7725,0.7512025012025012,0.2601626016260163,0.1584158415841584,0.7272727272727273,0.2636421922572333,0.8115079365079364,0.3207481847701787,0.555399872087517,0.1541715704621318,2077.7077717743814,0.7084122337400913,"{""n_estimators"":100,""max_depth"":5,""l1_strength"":1.0,""weighted_bootstrap"":true,""bootstrap_temperature"":2.0,""n_tries"":2,""random_state"":123}",pred_mismatch_rate=0.005,2.0
heart_attack_2022_brfss,13,0,bworf,binary,3600,400,2,0.77,0.7211961301671064,0.2333333333333333,0.1414141414141414,0.6666666666666666,0.2286314273292899,0.8567659253675085,0.3984915881929395,0.4410936268330183,0.1468920322842709,1740.978281583637,0.6619390547275543,"{""n_estimators"":100,""max_depth"":5,""l1_strength"":1.0,""weighted_bootstrap"":true,""bootstrap_temperature"":2.0,""n_tries"":2,""random_state"":13}",pred_mismatch_rate=0.005,2.0
heart_attack_2022_brfss,13,1,bworf,binary,3600,400,2,0.7275,0.8112200025128785,0.2585034013605442,0.1507936507936507,0.9047619047619048,0.2988589015855715,0.9014951627088832,0.3379674372408316,0.5104809395119039,0.1671904241730915,2084.2338726688176,0.6736446544528008,"{""n_estimators"":100,""max_depth"":5,""l1_strength"":1.0,""weighted_bootstrap"":true,""bootstrap_temperature"":2.0,""n_tries"":2,""random_state"":13}",,2.0
heart_attack_2022_brfss,13,2,bworf,binary,3600,400,2,0.75,0.8035113035113035,0.2753623188405797,0.1637931034482758,0.8636363636363636,0.3049818126215615,0.8591871091871092,0.493079633511927,0.5734844595268561,0.1691722501958444,1961.260350827128,0.6186672449111938,"{""n_estimators"":100,""max_depth"":5,""l1_strength"":1.0,""weighted_bootstrap"":true,""bootstrap_temperature"":2.0,""n_tries"":2,""random_state"":13}",,2.0
heart_attack_2022_brfss,13,3,bworf,binary,3600,400,2,0.7375,0.7326839826839827,0.2335766423357664,0.1391304347826087,0.7272727272727273,0.2344133678611501,0.8304473304473304,0.3893135567623588,0.5009022992548822,0.1694559471823075,1975.3301566801963,0.6413101367652416,"{""n_estimators"":100,""max_depth"":5,""l1_strength"":1.0,""weighted_bootstrap"":true,""bootstrap_temperature"":2.0,""n_tries"":2,""random_state"":13}",pred_mismatch_rate=0.007,2.0
heart_attack_2022_brfss,13,4,bworf,binary,3600,400,2,0.755,0.8061568061568062,0.2794117647058823,0.1666666666666666,0.8636363636363636,0.3092400340507381,0.8763828763828765,0.3083274173624444,0.4738977155207021,0.1551153765065753,2135.7487157024443,0.6770210713148117,"{""n_estimators"":100,""max_depth"":5,""l1_strength"":1.0,""weighted_bootstrap"":true,""bootstrap_temperature"":2.0,""n_tries"":2,""random_state"":13}",pred_mismatch_rate=0.005,2.0
heart_attack_2022_brfss,13,5,bworf,binary,3600,400,2,0.78,0.8407888407888408,0.3125,0.1886792452830188,0.9090909090909092,0.352083768006921,0.8868446368446369,0.2993247419022435,0.4813221650121314,0.1583529403432107,1809.4563746750357,0.6713214740157127,"{""n_estimators"":100,""max_depth"":5,""l1_strength"":1.0,""weighted_bootstrap"":true,""bootstrap_temperature"":2.0,""n_tries"":2,""random_state"":13}",pred_mismatch_rate=0.013,2.0
heart_attack_2022_brfss,13,6,bworf,binary,3600,400,2,0.77,0.7498797498797498,0.2580645161290322,0.1568627450980392,0.7272727272727273,0.2614027069750039,0.8371813371813371,0.3173418132313479,0.4632795422195546,0.1541116750272648,1666.9346475712955,0.6114695779979229,"{""n_estimators"":100,""max_depth"":5,""l1_strength"":1.0,""weighted_bootstrap"":true,""bootstrap_temperature"":2.0,""n_tries"":2,""random_state"":13}",pred_mismatch_rate=0.003,2.0
heart_attack_2022_brfss,13,7,bworf,binary,3600,400,2,0.77,0.7712842712842713,0.2698412698412698,0.1634615384615384,0.7727272727272727,0.2820001410001058,0.9036796536796536,0.4342333097630395,0.4839460729198313,0.1534019326891574,1846.257322102785,0.639607097953558,"{""n_estimators"":100,""max_depth"":5,""l1_strength"":1.0,""weighted_bootstrap"":true,""bootstrap_temperature"":2.0,""n_tries"":2,""random_state"":13}",,2.0
heart_attack_2022_brfss,13,8,bworf,binary,3600,400,2,0.7675,0.8127705627705628,0.2900763358778626,0.1743119266055046,0.8636363636363636,0.3202973636812379,0.8884078884078884,0.3177301440375092,0.4873552531591024,0.1603195062707293,2021.6504609286785,1.390223190188408,"{""n_estimators"":100,""max_depth"":5,""l1_strength"":1.0,""weighted_bootstrap"":true,""bootstrap_temperature"":2.0,""n_tries"":2,""random_state"":13}",pred_mismatch_rate=0.005,2.0
heart_attack_2022_brfss,13,9,bworf,binary,3600,400,2,0.74,0.7554112554112554,0.2463768115942029,0.146551724137931,0.7727272727272727,0.2566487202885089,0.8287638287638288,0.3609787942881815,0.5214773320835538,0.1748619730906362,2555.7516949027777,1.154422465711832,"{""n_estimators"":100,""max_depth"":5,""l1_strength"":1.0,""weighted_bootstrap"":true,""bootstrap_temperature"":2.0,""n_tries"":2,""random_state"":13}",,2.0
heart_attack_2022_brfss,2025,0,bworf,binary,3600,400,2,0.7675,0.7873476567407967,0.2677165354330709,0.160377358490566,0.8095238095238095,0.2904292210783779,0.8955898982284206,0.3501261679925758,0.5107397643339472,0.1630880385209732,1088.583032168448,0.6447921991348267,"{""n_estimators"":100,""max_depth"":5,""l1_strength"":1.0,""weighted_bootstrap"":true,""bootstrap_temperature"":2.0,""n_tries"":2,""random_state"":2025}",pred_mismatch_rate=0.003,2.0
heart_attack_2022_brfss,2025,1,bworf,binary,3600,400,2,0.7525,0.8469028772458851,0.2877697841726618,0.1694915254237288,0.9523809523809524,0.3393138540976905,0.9638145495665283,0.6702128583205038,0.4497275188259825,0.1506401218522769,1526.2523563895377,0.6346107088029385,"{""n_estimators"":100,""max_depth"":5,""l1_strength"":1.0,""weighted_bootstrap"":true,""bootstrap_temperature"":2.0,""n_tries"":2,""random_state"":2025}",pred_mismatch_rate=0.003,2.0
heart_attack_2022_brfss,2025,2,bworf,binary,3600,400,2,0.75,0.7821067821067822,0.2647058823529412,0.1578947368421052,0.8181818181818182,0.2849478082808451,0.851010101010101,0.3956063531711413,0.4587813672087817,0.1553660413643929,1398.965808134526,0.6533872522413731,"{""n_estimators"":100,""max_depth"":5,""l1_strength"":1.0,""weighted_bootstrap"":true,""bootstrap_temperature"":2.0,""n_tries"":2,""random_state"":2025}",pred_mismatch_rate=0.007,2.0
heart_attack_2022_brfss,2025,3,bworf,binary,3600,400,2,0.765,0.7900432900432901,0.2769230769230769,0.1666666666666666,0.8181818181818182,0.2978837108219604,0.867905242905243,0.4508052885265317,0.4803378692222195,0.1581554341112471,2354.657543871552,0.6927961483597755,"{""n_estimators"":100,""max_depth"":5,""l1_strength"":1.0,""weighted_bootstrap"":true,""bootstrap_temperature"":2.0,""n_tries"":2,""random_state"":2025}",pred_mismatch_rate=0.005,2.0
heart_attack_2022_brfss,2025,4,bworf,binary,3600,400,2,0.7475,0.737974987974988,0.2406015037593984,0.1441441441441441,0.7272727272727273,0.242330533691384,0.7875781625781626,0.2497198119752567,0.520655044899978,0.1686158506415377,1784.7770203351974,0.6702729053795338,"{""n_estimators"":100,""max_depth"":5,""l1_strength"":1.0,""weighted_bootstrap"":true,""bootstrap_temperature"":2.0,""n_tries"":2,""random_state"":2025}",pred_mismatch_rate=0.003,2.0
heart_attack_2022_brfss,2025,5,bworf,binary,3600,400,2,0.745,0.7580567580567581,0.25,0.1491228070175438,0.7727272727272727,0.2606555825109521,0.8733766233766234,0.3999008203208669,0.4949305905421667,0.1665780523161152,1585.0572410449386,0.6597774848341942,"{""n_estimators"":100,""max_depth"":5,""l1_strength"":1.0,""weighted_bootstrap"":true,""bootstrap_temperature"":2.0,""n_tries"":2,""random_state"":2025}",pred_mismatch_rate=0.005,2.0
heart_attack_2022_brfss,2025,6,bworf,binary,3600,400,2,0.7775,0.818061568061568,0.2992125984251969,0.1809523809523809,0.8636363636363636,0.3296042281562037,0.9154641654641654,0.5616263518403499,0.448409590856124,0.1512708648197604,1758.9779160134494,0.670890998095274,"{""n_estimators"":100,""max_depth"":5,""l1_strength"":1.0,""weighted_bootstrap"":true,""bootstrap_temperature"":2.0,""n_tries"":2,""random_state"":2025}",pred_mismatch_rate=0.005,2.0
heart_attack_2022_brfss,2025,7,bworf,binary,3600,400,2,0.745,0.7580567580567581,0.25,0.1491228070175438,0.7727272727272727,0.2606555825109521,0.8425925925925926,0.3387628483958093,0.4776109017465933,0.1592674031824416,2032.3277814760804,0.6439450569450855,"{""n_estimators"":100,""max_depth"":5,""l1_strength"":1.0,""weighted_bootstrap"":true,""bootstrap_temperature"":2.0,""n_tries"":2,""random_state"":2025}",pred_mismatch_rate=0.005,2.0
heart_attack_2022_brfss,2025,8,bworf,binary,3600,400,2,0.7375,0.7754930254930255,0.2553191489361702,0.1512605042016806,0.8181818181818182,0.2747711958568663,0.8514911014911015,0.372827110523535,0.5304556400687409,0.1779396560445162,2024.902711916715,0.6334534622728825,"{""n_estimators"":100,""max_depth"":5,""l1_strength"":1.0,""weighted_bootstrap"":true,""bootstrap_temperature"":2.0,""n_tries"":2,""random_state"":2025}",,2.0
heart_attack_2022_brfss,2025,9,bworf,binary,3600,400,2,0.74,0.734006734006734,0.2352941176470588,0.1403508771929824,0.7272727272727273,0.2363633567410591,0.8397065897065897,0.2097405687239365,0.5138459864801387,0.1712209493533765,1698.36909924075,0.645121019333601,"{""n_estimators"":100,""max_depth"":5,""l1_strength"":1.0,""weighted_bootstrap"":true,""bootstrap_temperature"":2.0,""n_tries"":2,""random_state"":2025}",pred_mismatch_rate=0.003,2.0
heart_attack_2022_brfss,42,0,bworf,binary,3600,400,2,0.75,0.7781128282447544,0.2537313432835821,0.1504424778761062,0.8095238095238095,0.2755497996052685,0.8595929136826235,0.3644731774801409,0.5700635003164066,0.1652436602819273,1540.0622723922131,0.6370116788893938,"{""n_estimators"":100,""max_depth"":5,""l1_strength"":1.0,""weighted_bootstrap"":true,""bootstrap_temperature"":2.0,""n_tries"":2,""random_state"":42}",pred_mismatch_rate=0.003,2.0
heart_attack_2022_brfss,42,1,bworf,binary,3600,400,2,0.7525,0.7569418268626711,0.2442748091603053,0.1454545454545454,0.7619047619047619,0.2566839501680543,0.8763663776856389,0.4169046815774433,0.4795164737149326,0.1601031976137464,1850.6913273707032,0.6796020083129406,"{""n_estimators"":100,""max_depth"":5,""l1_strength"":1.0,""weighted_bootstrap"":true,""bootstrap_temperature"":2.0,""n_tries"":2,""random_state"":42}",pred_mismatch_rate=0.005,2.0
heart_attack_2022_brfss,42,2,bworf,binary,3600,400,2,0.7375,0.8397065897065897,0.2857142857142857,0.168,0.9545454545454546,0.3341718431611644,0.9378306878306878,0.4629498033737274,0.4962889320820297,0.1661618882045466,1567.0063030645251,0.6234497576951981,"{""n_estimators"":100,""max_depth"":5,""l1_strength"":1.0,""weighted_bootstrap"":true,""bootstrap_temperature"":2.0,""n_tries"":2,""random_state"":42}",pred_mismatch_rate=0.007,2.0
heart_attack_2022_brfss,42,3,bworf,binary,3600,400,2,0.7375,0.7540885040885041,0.2446043165467626,0.1452991452991453,0.7727272727272727,0.2546748762209919,0.8654401154401155,0.3000005389068952,0.5175355343562057,0.1722840767375556,1390.5509471856058,0.6402549892663956,"{""n_estimators"":100,""max_depth"":5,""l1_strength"":1.0,""weighted_bootstrap"":true,""bootstrap_temperature"":2.0,""n_tries"":2,""random_state"":42}",pred_mismatch_rate=0.005,2.0
heart_attack_2022_brfss,42,4,bworf,binary,3600,400,2,0.79,0.8674843674843675,0.3333333333333333,0.2019230769230769,0.9545454545454546,0.3820001910001432,0.9166666666666666,0.4451650038346713,0.4410079088276932,0.1428037129839737,1694.2748494893312,0.6803676187992096,"{""n_estimators"":100,""max_depth"":5,""l1_strength"":1.0,""weighted_bootstrap"":true,""bootstrap_temperature"":2.0,""n_tries"":2,""random_state"":42}",pred_mismatch_rate=0.005,2.0
heart_attack_2022_brfss,42,5,bworf,binary,3600,400,2,0.76,0.7445887445887446,0.25,0.1509433962264151,0.7272727272727273,0.2526952660995332,0.8374218374218374,0.3184422677405982,0.5074666129910327,0.1676583980802075,1696.8375345878303,0.6400416791439056,"{""n_estimators"":100,""max_depth"":5,""l1_strength"":1.0,""weighted_bootstrap"":true,""bootstrap_temperature"":2.0,""n_tries"":2,""random_state"":42}",pred_mismatch_rate=0.010,2.0
heart_attack_2022_brfss,42,6,bworf,binary,3600,400,2,0.735,0.7741702741702742,0.2535211267605634,0.15,0.8181818181818182,0.2727959784275004,0.8086820586820587,0.2760897181711357,0.6454944365516664,0.162964380060112,1363.1741172224283,0.6151247657835484,"{""n_estimators"":100,""max_depth"":5,""l1_strength"":1.0,""weighted_bootstrap"":true,""bootstrap_temperature"":2.0,""n_tries"":2,""random_state"":42}",pred_mismatch_rate=0.003,2.0
heart_attack_2022_brfss,42,7,bworf,binary,3600,400,2,0.75,0.7607022607022607,0.2537313432835821,0.1517857142857142,0.7727272727272727,0.2647443972650727,0.8238335738335737,0.4094692243046527,0.5490758356415475,0.160146336607324,2216.523121047765,0.6278339922428131,"{""n_estimators"":100,""max_depth"":5,""l1_strength"":1.0,""weighted_bootstrap"":true,""bootstrap_temperature"":2.0,""n_tries"":2,""random_state"":42}",,2.0
heart_attack_2022_brfss,42,8,bworf,binary,3600,400,2,0.7825,0.8207070707070707,0.304,0.1844660194174757,0.8636363636363636,0.3344251526775305,0.8914141414141414,0.5188326685078406,0.4726603028731609,0.1579457234771005,1701.202818468213,0.627191249281168,"{""n_estimators"":100,""max_depth"":5,""l1_strength"":1.0,""weighted_bootstrap"":true,""bootstrap_temperature"":2.0,""n_tries"":2,""random_state"":42}",,2.0
heart_attack_2022_brfss,42,9,bworf,binary,3600,400,2,0.76,0.7873977873977874,0.2727272727272727,0.1636363636363636,0.8181818181818182,0.293477840507686,0.8669432419432419,0.3444380258070312,0.4906756468370752,0.1635144384359753,1368.144934605807,0.6671657711267471,"{""n_estimators"":100,""max_depth"":5,""l1_strength"":1.0,""weighted_bootstrap"":true,""bootstrap_temperature"":2.0,""n_tries"":2,""random_state"":42}",pred_mismatch_rate=0.007,2.0
heart_attack_2022_brfss,77,0,bworf,binary,3600,400,2,0.7725,0.6775348661892198,0.208695652173913,0.1276595744680851,0.5714285714285714,0.1867747935858401,0.8344013066968212,0.3115143967038374,0.4833259179222542,0.1581687711351524,1766.279402540997,0.6136594619601965,"{""n_estimators"":100,""max_depth"":5,""l1_strength"":1.0,""weighted_bootstrap"":true,""bootstrap_temperature"":2.0,""n_tries"":2,""random_state"":77}",pred_mismatch_rate=0.007,2.0
heart_attack_2022_brfss,77,1,bworf,binary,3600,400,2,0.7475,0.7767935670310341,0.2518518518518518,0.1491228070175438,0.8095238095238095,0.273514149470669,0.8335217992210076,0.3783406746697351,0.5219321107775902,0.1718104230798522,1586.8428235724568,0.6263083256781101,"{""n_estimators"":100,""max_depth"":5,""l1_strength"":1.0,""weighted_bootstrap"":true,""bootstrap_temperature"":2.0,""n_tries"":2,""random_state"":77}",,2.0
heart_attack_2022_brfss,77,2,bworf,binary,3600,400,2,0.7625,0.8101250601250601,0.2857142857142857,0.1711711711711711,0.8636363636363636,0.3158011351137338,0.8704906204906204,0.3750591506388191,0.4936864986857745,0.1638713204934388,2336.2691879048944,0.6185271292924881,"{""n_estimators"":100,""max_depth"":5,""l1_strength"":1.0,""weighted_bootstrap"":true,""bootstrap_temperature"":2.0,""n_tries"":2,""random_state"":77}",,2.0
heart_attack_2022_brfss,77,3,bworf,binary,3600,400,2,0.77,0.7498797498797498,0.2580645161290322,0.1568627450980392,0.7272727272727273,0.2614027069750039,0.8896705146705147,0.4108729514245979,0.4713209557464134,0.1516704843251255,1585.5253031998873,0.6802234277129173,"{""n_estimators"":100,""max_depth"":5,""l1_strength"":1.0,""weighted_bootstrap"":true,""bootstrap_temperature"":2.0,""n_tries"":2,""random_state"":77}",pred_mismatch_rate=0.005,2.0
heart_attack_2022_brfss,77,4,bworf,binary,3600,400,2,0.71,0.7823472823472823,0.2467532467532467,0.1439393939393939,0.8636363636363636,0.2737893087563143,0.8264790764790765,0.2444499972556756,0.6217973346457897,0.1879630779439588,1805.6506040878596,0.6385466791689396,"{""n_estimators"":100,""max_depth"":5,""l1_strength"":1.0,""weighted_bootstrap"":true,""bootstrap_temperature"":2.0,""n_tries"":2,""random_state"":77}",pred_mismatch_rate=0.003,2.0
heart_attack_2022_brfss,77,5,bworf,binary,3600,400,2,0.7225,0.7675565175565175,0.2448979591836734,0.144,0.8181818181818182,0.263197292401271,0.8683261183261183,0.4634581531867267,0.5188108749113439,0.1754892946341468,2017.7915831431744,0.6345684193074703,"{""n_estimators"":100,""max_depth"":5,""l1_strength"":1.0,""weighted_bootstrap"":true,""bootstrap_temperature"":2.0,""n_tries"":2,""random_state"":77}",,2.0
heart_attack_2022_brfss,77,6,bworf,binary,3600,400,2,0.78,0.690957190957191,0.2280701754385964,0.1413043478260869,0.5909090909090909,0.2068968990261921,0.7882395382395382,0.2468431350562057,0.4648225777356739,0.1478929223782329,1800.7897262461483,0.5961314812302589,"{""n_estimators"":100,""max_depth"":5,""l1_strength"":1.0,""weighted_bootstrap"":true,""bootstrap_temperature"":2.0,""n_tries"":2,""random_state"":77}",pred_mismatch_rate=0.005,2.0
heart_attack_2022_brfss,77,7,bworf,binary,3600,400,2,0.78,0.797979797979798,0.2903225806451613,0.1764705882352941,0.8181818181818182,0.3117208411376611,0.8551587301587301,0.4021059945631108,0.4427513606653517,0.1476342407732887,2269.4918675869703,0.6533951014280319,"{""n_estimators"":100,""max_depth"":5,""l1_strength"":1.0,""weighted_bootstrap"":true,""bootstrap_temperature"":2.0,""n_tries"":2,""random_state"":77}",pred_mismatch_rate=0.005,2.0
heart_attack_2022_brfss,77,8,bworf,binary,3600,400,2,0.77,0.8140933140933141,0.2923076923076923,0.1759259259259259,0.8636363636363636,0.3225838526811611,0.8961038961038961,0.4824382467407481,0.452827269919787,0.1511252074532574,1608.1205188483,0.7403055354952812,"{""n_estimators"":100,""max_depth"":5,""l1_strength"":1.0,""weighted_bootstrap"":true,""bootstrap_temperature"":2.0,""n_tries"":2,""random_state"":77}",,2.0
heart_attack_2022_brfss,77,9,bworf,binary,3600,400,2,0.7425,0.8423520923520924,0.2896551724137931,0.1707317073170731,0.9545454545454546,0.3382733483430524,0.94011544011544,0.5444666700536162,0.5069411125064938,0.1667381789551322,3049.6902387030423,1.372608721256256,"{""n_estimators"":100,""max_depth"":5,""l1_strength"":1.0,""weighted_bootstrap"":true,""bootstrap_temperature"":2.0,""n_tries"":2,""random_state"":77}",pred_mismatch_rate=0.005,2.0
heart_attack_2022_brfss,123,0,bworf,binary,3600,400,2,0.2125,0.5844327176781002,0.1176470588235294,0.0625,1.0,0.1027330993875028,0.8906897851488881,0.2707318026770514,2.2817867649612675,0.538302,378.5871399305761,0.4055551309138536,"{""n_estimators"":100,""max_depth"":5,""l1_strength"":1.0,""weighted_bootstrap"":true,""bootstrap_temperature"":3.0,""n_tries"":2,""random_state"":123}",,3.0
heart_attack_2022_brfss,123,1,bworf,binary,3600,400,2,0.2425,0.600263852242744,0.1217391304347826,0.0648148148148148,1.0,0.1140051140583913,0.8386103781882146,0.2152552655533356,1.780175532226539,0.530634502345679,441.1729870699346,0.4104472734034061,"{""n_estimators"":100,""max_depth"":5,""l1_strength"":1.0,""weighted_bootstrap"":true,""bootstrap_temperature"":3.0,""n_tries"":2,""random_state"":123}",pred_mismatch_rate=0.005,3.0
heart_attack_2022_brfss,123,2,bworf,binary,3600,400,2,0.2,0.5767195767195767,0.1208791208791208,0.0643274853801169,1.0,0.0993496597860036,0.8413900913900915,0.2162645077831322,1.795406822570776,0.5453607506558642,391.30962436273694,0.4037365764379501,"{""n_estimators"":100,""max_depth"":5,""l1_strength"":1.0,""weighted_bootstrap"":true,""bootstrap_temperature"":3.0,""n_tries"":2,""random_state"":123}",pred_mismatch_rate=0.005,3.0
heart_attack_2022_brfss,123,3,bworf,binary,3600,400,2,0.1875,0.5701058201058201,0.1192411924119241,0.063400576368876,1.0,0.094284138660983,0.8321308321308322,0.1936141050458766,1.8129976282369995,0.5494009584027778,402.7750998046249,0.391442509368062,"{""n_estimators"":100,""max_depth"":5,""l1_strength"":1.0,""weighted_bootstrap"":true,""bootstrap_temperature"":3.0,""n_tries"":2,""random_state"":123}",pred_mismatch_rate=0.007,3.0
heart_attack_2022_brfss,123,4,bworf,binary,3600,400,2,0.195,0.5740740740740741,0.1202185792349726,0.063953488372093,1.0,0.0973375100870147,0.8574434824434825,0.2100235442279996,1.943008318278144,0.5711438379012346,369.8576034773141,0.4014405943453312,"{""n_estimators"":100,""max_depth"":5,""l1_strength"":1.0,""weighted_bootstrap"":true,""bootstrap_temperature"":3.0,""n_tries"":2,""random_state"":123}",pred_mismatch_rate=0.003,3.0
heart_attack_2022_brfss,123,5,bworf,binary,3600,400,2,0.2325,0.5725108225108225,0.1203438395415472,0.0642201834862385,0.9545454545454546,0.085596254449347,0.8436147186147186,0.21778824395461,1.8994945273096957,0.5546212471527778,539.1940496060997,0.4008474349975586,"{""n_estimators"":100,""max_depth"":5,""l1_strength"":1.0,""weighted_bootstrap"":true,""bootstrap_temperature"":3.0,""n_tries"":2,""random_state"":123}",pred_mismatch_rate=0.010,3.0
heart_attack_2022_brfss,123,6,bworf,binary,3600,400,2,0.2475,0.5804473304473304,0.1224489795918367,0.0654205607476635,0.9545454545454546,0.0921367334991114,0.8506493506493507,0.2721821254518279,2.5684215597768616,0.5361625,455.1581225208938,0.4023989289999008,"{""n_estimators"":100,""max_depth"":5,""l1_strength"":1.0,""weighted_bootstrap"":true,""bootstrap_temperature"":3.0,""n_tries"":2,""random_state"":123}",pred_mismatch_rate=0.007,3.0
heart_attack_2022_brfss,123,7,bworf,binary,3600,400,2,0.22,0.5873015873015873,0.1235955056179775,0.0658682634730539,1.0,0.1072418197719226,0.8348364598364598,0.2643746410625829,2.315346558786303,0.5385647499999999,361.4936099089682,0.3965272046625614,"{""n_estimators"":100,""max_depth"":5,""l1_strength"":1.0,""weighted_bootstrap"":true,""bootstrap_temperature"":3.0,""n_tries"":2,""random_state"":123}",pred_mismatch_rate=0.007,3.0
heart_attack_2022_brfss,123,8,bworf,binary,3600,400,2,0.195,0.5740740740740741,0.1202185792349726,0.063953488372093,1.0,0.0973375100870147,0.8258177008177008,0.1909411319764659,2.079042136772046,0.5733831984027778,341.9167511612177,0.4040697999298572,"{""n_estimators"":100,""max_depth"":5,""l1_strength"":1.0,""weighted_bootstrap"":true,""bootstrap_temperature"":3.0,""n_tries"":2,""random_state"":123}",pred_mismatch_rate=0.003,3.0
heart_attack_2022_brfss,123,9,bworf,binary,3600,400,2,0.3025,0.6095478595478596,0.1308411214953271,0.0702341137123745,0.9545454545454546,0.1149727319992051,0.788961038961039,0.1854269404193783,2.5449744435575288,0.4998665,383.7330874167383,0.4161090515553951,"{""n_estimators"":100,""max_depth"":5,""l1_strength"":1.0,""weighted_bootstrap"":true,""bootstrap_temperature"":3.0,""n_tries"":2,""random_state"":123}",pred_mismatch_rate=0.005,3.0
heart_attack_2022_brfss,13,0,bworf,binary,3600,400,2,0.175,0.5646437994722955,0.1129032258064516,0.0598290598290598,1.0,0.0879497327591814,0.8714034426435482,0.2339748583715977,1.6934927155677244,0.5375984530169753,399.86381053365767,0.4010771978646517,"{""n_estimators"":100,""max_depth"":5,""l1_strength"":1.0,""weighted_bootstrap"":true,""bootstrap_temperature"":3.0,""n_tries"":2,""random_state"":13}",pred_mismatch_rate=0.005,3.0
heart_attack_2022_brfss,13,1,bworf,binary,3600,400,2,0.2375,0.5976253298153035,0.1210374639769452,0.0644171779141104,1.0,0.1121494381585223,0.8247895464254303,0.2083894698060669,1.911361013490973,0.5503227290123458,438.4716401677578,0.3932035434991121,"{""n_estimators"":100,""max_depth"":5,""l1_strength"":1.0,""weighted_bootstrap"":true,""bootstrap_temperature"":3.0,""n_tries"":2,""random_state"":13}",pred_mismatch_rate=0.003,3.0
heart_attack_2022_brfss,13,2,bworf,binary,3600,400,2,0.25,0.5817700817700818,0.1228070175438596,0.065625,0.9545454545454546,0.0932098234526339,0.8431337181337181,0.3005286935863371,1.7541248506062692,0.524968602322531,336.25934558175504,0.4126796964555979,"{""n_estimators"":100,""max_depth"":5,""l1_strength"":1.0,""weighted_bootstrap"":true,""bootstrap_temperature"":3.0,""n_tries"":2,""random_state"":13}",pred_mismatch_rate=0.005,3.0
heart_attack_2022_brfss,13,3,bworf,binary,3600,400,2,0.1975,0.5753968253968254,0.1205479452054794,0.0641399416909621,1.0,0.098345797923816,0.8262385762385762,0.1898576489101945,1.8042795991802996,0.5413700959027777,524.6061771083623,0.404836468398571,"{""n_estimators"":100,""max_depth"":5,""l1_strength"":1.0,""weighted_bootstrap"":true,""bootstrap_temperature"":3.0,""n_tries"":2,""random_state"":13}",pred_mismatch_rate=0.003,3.0
heart_attack_2022_brfss,13,4,bworf,binary,3600,400,2,0.1975,0.5753968253968254,0.1205479452054794,0.0641399416909621,1.0,0.098345797923816,0.8595478595478595,0.2552104729300911,1.928026058806073,0.5403884999999999,454.9599378798157,0.4269601702690124,"{""n_estimators"":100,""max_depth"":5,""l1_strength"":1.0,""weighted_bootstrap"":true,""bootstrap_temperature"":3.0,""n_tries"":2,""random_state"":13}",pred_mismatch_rate=0.003,3.0
heart_attack_2022_brfss,13,5,bworf,binary,3600,400,2,0.215,0.5846560846560847,0.1229050279329608,0.0654761904761904,1.0,0.1052896758842984,0.8531746031746031,0.2149623336148756,2.1427014529849395,0.53523725,564.8988681752235,0.4065948650240898,"{""n_estimators"":100,""max_depth"":5,""l1_strength"":1.0,""weighted_bootstrap"":true,""bootstrap_temperature"":3.0,""n_tries"":2,""random_state"":13}",,3.0
heart_attack_2022_brfss,13,6,bworf,binary,3600,400,2,0.2675,0.591029341029341,0.1253731343283582,0.0670926517571885,0.9545454545454546,0.1006090017112073,0.8247955747955747,0.2190781725096358,2.380910925681196,0.527727,344.5081429332495,0.4038619175553322,"{""n_estimators"":100,""max_depth"":5,""l1_strength"":1.0,""weighted_bootstrap"":true,""bootstrap_temperature"":3.0,""n_tries"":2,""random_state"":13}",pred_mismatch_rate=0.007,3.0
heart_attack_2022_brfss,13,7,bworf,binary,3600,400,2,0.175,0.5634920634920635,0.1176470588235294,0.0625,1.0,0.0890870806374748,0.8570827320827321,0.2980707562391297,1.8052194406695588,0.551722568500727,417.2626564204693,0.414024505764246,"{""n_estimators"":100,""max_depth"":5,""l1_strength"":1.0,""weighted_bootstrap"":true,""bootstrap_temperature"":3.0,""n_tries"":2,""random_state"":13}",pred_mismatch_rate=0.003,3.0
heart_attack_2022_brfss,13,8,bworf,binary,3600,400,2,0.2025,0.578042328042328,0.1212121212121212,0.064516129032258,1.0,0.1003492790801872,0.8537758537758537,0.2089824965630726,1.88194102434892,0.5527157484340036,374.4713650271297,0.4161264710128307,"{""n_estimators"":100,""max_depth"":5,""l1_strength"":1.0,""weighted_bootstrap"":true,""bootstrap_temperature"":3.0,""n_tries"":2,""random_state"":13}",,3.0
heart_attack_2022_brfss,13,9,bworf,binary,3600,400,2,0.2725,0.5936748436748437,0.1261261261261261,0.067524115755627,0.9545454545454546,0.1026916223872736,0.798941798941799,0.2417140645490897,1.961602667118682,0.5330788691975309,407.0606158263981,0.4035575687885284,"{""n_estimators"":100,""max_depth"":5,""l1_strength"":1.0,""weighted_bootstrap"":true,""bootstrap_temperature"":3.0,""n_tries"":2,""random_state"":13}",,3.0
heart_attack_2022_brfss,2025,0,bworf,binary,3600,400,2,0.195,0.575197889182058,0.1153846153846153,0.0612244897959183,1.0,0.0959578282257525,0.908342756627717,0.3380291926642397,1.8522616295257583,0.5422122929861112,382.2999212574214,0.4068122263997793,"{""n_estimators"":100,""max_depth"":5,""l1_strength"":1.0,""weighted_bootstrap"":true,""bootstrap_temperature"":3.0,""n_tries"":2,""random_state"":2025}",pred_mismatch_rate=0.005,3.0
heart_attack_2022_brfss,2025,1,bworf,binary,3600,400,2,0.205,0.5804749340369393,0.1166666666666666,0.0619469026548672,1.0,0.0998516189647733,0.9322151023997988,0.4501539066049302,1.8165233741213072,0.5533712640123457,454.9870956502855,0.3951346389949322,"{""n_estimators"":100,""max_depth"":5,""l1_strength"":1.0,""weighted_bootstrap"":true,""bootstrap_temperature"":3.0,""n_tries"":2,""random_state"":2025}",pred_mismatch_rate=0.003,3.0
heart_attack_2022_brfss,2025,2,bworf,binary,3600,400,2,0.2175,0.5645743145743146,0.1183098591549295,0.063063063063063,0.9545454545454546,0.07884742649369,0.8226310726310727,0.2392966056770672,1.9739930226279376,0.51320425,548.4960587732494,0.4314548429101705,"{""n_estimators"":100,""max_depth"":5,""l1_strength"":1.0,""weighted_bootstrap"":true,""bootstrap_temperature"":3.0,""n_tries"":2,""random_state"":2025}",pred_mismatch_rate=0.005,3.0
heart_attack_2022_brfss,2025,3,bworf,binary,3600,400,2,0.215,0.5846560846560847,0.1229050279329608,0.0654761904761904,1.0,0.1052896758842984,0.8540764790764791,0.2644674322109997,2.133399207747196,0.5362739999999999,529.9239528607577,0.3904630057513714,"{""n_estimators"":100,""max_depth"":5,""l1_strength"":1.0,""weighted_bootstrap"":true,""bootstrap_temperature"":3.0,""n_tries"":2,""random_state"":2025}",pred_mismatch_rate=0.005,3.0
heart_attack_2022_brfss,2025,4,bworf,binary,3600,400,2,0.2575,0.6071428571428571,0.1290322580645161,0.0689655172413793,1.0,0.1215661347709661,0.7647306397306397,0.1536103540882928,2.5394956835354274,0.5294095,391.73604756966233,0.4205881729722023,"{""n_estimators"":100,""max_depth"":5,""l1_strength"":1.0,""weighted_bootstrap"":true,""bootstrap_temperature"":3.0,""n_tries"":2,""random_state"":2025}",pred_mismatch_rate=0.007,3.0
heart_attack_2022_brfss,2025,5,bworf,binary,3600,400,2,0.205,0.5793650793650793,0.1215469613259668,0.0647058823529411,1.0,0.10134483201751,0.8460798460798461,0.2362879538123976,1.8505800094104117,0.5507315185725309,422.3980092965066,0.4246337004005909,"{""n_estimators"":100,""max_depth"":5,""l1_strength"":1.0,""weighted_bootstrap"":true,""bootstrap_temperature"":3.0,""n_tries"":2,""random_state"":2025}",pred_mismatch_rate=0.003,3.0
heart_attack_2022_brfss,2025,6,bworf,binary,3600,400,2,0.205,0.5793650793650793,0.1215469613259668,0.0647058823529411,1.0,0.10134483201751,0.8762025012025012,0.2391269473920824,2.252313558133115,0.5483080414201182,467.6017335765064,0.3932957984507084,"{""n_estimators"":100,""max_depth"":5,""l1_strength"":1.0,""weighted_bootstrap"":true,""bootstrap_temperature"":3.0,""n_tries"":2,""random_state"":2025}",pred_mismatch_rate=0.007,3.0
heart_attack_2022_brfss,2025,7,bworf,binary,3600,400,2,0.2775,0.5749158249158249,0.121580547112462,0.0651465798045602,0.9090909090909092,0.080863054079855,0.8214285714285714,0.2265592859666113,2.0272986380746216,0.4974315,419.6800078302622,0.4082467071712017,"{""n_estimators"":100,""max_depth"":5,""l1_strength"":1.0,""weighted_bootstrap"":true,""bootstrap_temperature"":3.0,""n_tries"":2,""random_state"":2025}",pred_mismatch_rate=0.005,3.0
heart_attack_2022_brfss,2025,8,bworf,binary,3600,400,2,0.195,0.5740740740740741,0.1202185792349726,0.063953488372093,1.0,0.0973375100870147,0.8086219336219336,0.1794881703602532,2.6817205931501964,0.5557634999999999,411.64370368793607,0.4108909480273723,"{""n_estimators"":100,""max_depth"":5,""l1_strength"":1.0,""weighted_bootstrap"":true,""bootstrap_temperature"":3.0,""n_tries"":2,""random_state"":2025}",pred_mismatch_rate=0.003,3.0
heart_attack_2022_brfss,2025,9,bworf,binary,3600,400,2,0.25,0.6031746031746031,0.127906976744186,0.0683229813664596,1.0,0.1187366539042622,0.7494588744588745,0.1170414248023797,1.9128236888012375,0.5426689271604939,409.0544768758118,0.4316996335983276,"{""n_estimators"":100,""max_depth"":5,""l1_strength"":1.0,""weighted_bootstrap"":true,""bootstrap_temperature"":3.0,""n_tries"":2,""random_state"":2025}",pred_mismatch_rate=0.005,3.0
heart_attack_2022_brfss,42,0,bworf,binary,3600,400,2,0.2575,0.5856891569292625,0.1186943620178041,0.0632911392405063,0.9523809523809524,0.0938430109443308,0.7857771076768438,0.186987749195294,1.7032177391245429,0.526611808611111,366.75306787341833,0.3932150080800056,"{""n_estimators"":100,""max_depth"":5,""l1_strength"":1.0,""weighted_bootstrap"":true,""bootstrap_temperature"":3.0,""n_tries"":2,""random_state"":42}",pred_mismatch_rate=0.003,3.0
heart_attack_2022_brfss,42,1,bworf,binary,3600,400,2,0.1825,0.5686015831134564,0.1138211382113821,0.0603448275862069,1.0,0.0909917656178005,0.8647443146123884,0.2118305341430332,1.859101433127724,0.5539461274928236,438.9570999201387,0.4077677447348833,"{""n_estimators"":100,""max_depth"":5,""l1_strength"":1.0,""weighted_bootstrap"":true,""bootstrap_temperature"":3.0,""n_tries"":2,""random_state"":42}",pred_mismatch_rate=0.003,3.0
heart_attack_2022_brfss,42,2,bworf,binary,3600,400,2,0.1925,0.5727513227513228,0.1198910081743869,0.0637681159420289,1.0,0.0963246052070011,0.9051226551226552,0.2932060528684113,1.8941824372607892,0.5696734044739564,392.74090771749616,0.3962534144520759,"{""n_estimators"":100,""max_depth"":5,""l1_strength"":1.0,""weighted_bootstrap"":true,""bootstrap_temperature"":3.0,""n_tries"":2,""random_state"":42}",pred_mismatch_rate=0.005,3.0
heart_attack_2022_brfss,42,3,bworf,binary,3600,400,2,0.26,0.6084656084656085,0.1294117647058823,0.0691823899371069,1.0,0.122506408155927,0.8555796055796057,0.2332965462898739,2.549424078710417,0.5271012499999999,398.6633481513709,0.3949109297245741,"{""n_estimators"":100,""max_depth"":5,""l1_strength"":1.0,""weighted_bootstrap"":true,""bootstrap_temperature"":3.0,""n_tries"":2,""random_state"":42}",pred_mismatch_rate=0.007,3.0
heart_attack_2022_brfss,42,4,bworf,binary,3600,400,2,0.24,0.5978835978835979,0.1264367816091954,0.0674846625766871,1.0,0.1149403460493027,0.9023569023569024,0.385921791275385,1.578616453767687,0.5266288364891974,440.0053147524595,0.4031372275203466,"{""n_estimators"":100,""max_depth"":5,""l1_strength"":1.0,""weighted_bootstrap"":true,""bootstrap_temperature"":3.0,""n_tries"":2,""random_state"":42}",pred_mismatch_rate=0.005,3.0
heart_attack_2022_brfss,42,5,bworf,binary,3600,400,2,0.2325,0.593915343915344,0.1253561253561253,0.0668693009118541,1.0,0.1120718822231107,0.8034511784511785,0.1742822410123928,2.6256836311246587,0.55138475,366.1678490266204,0.4048569053411484,"{""n_estimators"":100,""max_depth"":5,""l1_strength"":1.0,""weighted_bootstrap"":true,""bootstrap_temperature"":3.0,""n_tries"":2,""random_state"":42}",,3.0
heart_attack_2022_brfss,42,6,bworf,binary,3600,400,2,0.2875,0.5802068302068302,0.123076923076923,0.066006600660066,0.9090909090909092,0.085327968864171,0.7963564213564213,0.1983818289656584,1.8993660454846548,0.5142856444410269,359.00573382154107,0.392317458987236,"{""n_estimators"":100,""max_depth"":5,""l1_strength"":1.0,""weighted_bootstrap"":true,""bootstrap_temperature"":3.0,""n_tries"":2,""random_state"":42}",pred_mismatch_rate=0.005,3.0
heart_attack_2022_brfss,42,7,bworf,binary,3600,400,2,0.245,0.6005291005291005,0.1271676300578034,0.0679012345679012,1.0,0.1168422015876676,0.8166786916786917,0.2067201944725548,1.7763470503912329,0.5140305795679012,508.5762411616743,0.3973421342670917,"{""n_estimators"":100,""max_depth"":5,""l1_strength"":1.0,""weighted_bootstrap"":true,""bootstrap_temperature"":3.0,""n_tries"":2,""random_state"":42}",pred_mismatch_rate=0.005,3.0
heart_attack_2022_brfss,42,8,bworf,binary,3600,400,2,0.2275,0.5912698412698413,0.1246458923512747,0.066465256797583,1.0,0.1101478409944983,0.8749398749398749,0.2679329824423638,1.916976293749819,0.5373148145679013,378.70061127468944,0.4109792821109295,"{""n_estimators"":100,""max_depth"":5,""l1_strength"":1.0,""weighted_bootstrap"":true,""bootstrap_temperature"":3.0,""n_tries"":2,""random_state"":42}",pred_mismatch_rate=0.005,3.0
heart_attack_2022_brfss,42,9,bworf,binary,3600,400,2,0.2025,0.578042328042328,0.1212121212121212,0.064516129032258,1.0,0.1003492790801872,0.8588263588263588,0.2792516806024636,2.371783856900555,0.5372931943672943,556.980729162693,0.406430184841156,"{""n_estimators"":100,""max_depth"":5,""l1_strength"":1.0,""weighted_bootstrap"":true,""bootstrap_temperature"":3.0,""n_tries"":2,""random_state"":42}",pred_mismatch_rate=0.007,3.0
heart_attack_2022_brfss,77,0,bworf,binary,3600,400,2,0.2275,0.5923482849604221,0.1196581196581196,0.0636363636363636,1.0,0.1084131822513845,0.8007287347656741,0.1910309611038648,2.195131085750466,0.5254067499999999,353.2319845352322,0.3926187418401241,"{""n_estimators"":100,""max_depth"":5,""l1_strength"":1.0,""weighted_bootstrap"":true,""bootstrap_temperature"":3.0,""n_tries"":2,""random_state"":77}",pred_mismatch_rate=0.007,3.0
heart_attack_2022_brfss,77,1,bworf,binary,3600,400,2,0.2575,0.6081794195250659,0.1238938053097345,0.0660377358490566,1.0,0.1195317859893391,0.8133559492398542,0.214557619741043,1.8125384336776664,0.5359662684567901,457.8214428592473,0.4183219689875841,"{""n_estimators"":100,""max_depth"":5,""l1_strength"":1.0,""weighted_bootstrap"":true,""bootstrap_temperature"":3.0,""n_tries"":2,""random_state"":77}",pred_mismatch_rate=0.010,3.0
heart_attack_2022_brfss,77,2,bworf,binary,3600,400,2,0.2025,0.578042328042328,0.1212121212121212,0.064516129032258,1.0,0.1003492790801872,0.8614117364117364,0.2537857120491171,2.2712747877641286,0.5512085,449.6049445718527,0.4125995133072138,"{""n_estimators"":100,""max_depth"":5,""l1_strength"":1.0,""weighted_bootstrap"":true,""bootstrap_temperature"":3.0,""n_tries"":2,""random_state"":77}",pred_mismatch_rate=0.005,3.0
heart_attack_2022_brfss,77,3,bworf,binary,3600,400,2,0.2125,0.5833333333333334,0.1225626740947075,0.0652818991097922,1.0,0.1043087557125417,0.9036195286195288,0.3262175217918722,1.829886713202217,0.5430842485057723,377.7130371686071,0.4129649605602026,"{""n_estimators"":100,""max_depth"":5,""l1_strength"":1.0,""weighted_bootstrap"":true,""bootstrap_temperature"":3.0,""n_tries"":2,""random_state"":77}",pred_mismatch_rate=0.003,3.0
heart_attack_2022_brfss,77,4,bworf,binary,3600,400,2,0.265,0.5683020683020683,0.1197604790419161,0.0641025641025641,0.9090909090909092,0.0751800236436931,0.7742303992303993,0.1692241636583186,1.880033637892932,0.537408800308642,395.4735300242901,0.4065002184361219,"{""n_estimators"":100,""max_depth"":5,""l1_strength"":1.0,""weighted_bootstrap"":true,""bootstrap_temperature"":3.0,""n_tries"":2,""random_state"":77}",pred_mismatch_rate=0.003,3.0
heart_attack_2022_brfss,77,5,bworf,binary,3600,400,2,0.23,0.5925925925925926,0.125,0.0666666666666666,1.0,0.1111111111111111,0.8548581048581049,0.3252067157654034,2.1259138086727605,0.55347525,430.09072139672935,0.409067090600729,"{""n_estimators"":100,""max_depth"":5,""l1_strength"":1.0,""weighted_bootstrap"":true,""bootstrap_temperature"":3.0,""n_tries"":2,""random_state"":77}",,3.0
heart_attack_2022_brfss,77,6,bworf,binary,3600,400,2,0.325,0.6000481000481,0.1290322580645161,0.0694444444444444,0.9090909090909092,0.1015993258877032,0.822931697931698,0.2443025225037635,1.6942979490934371,0.484369053919753,339.8387588709593,0.3886088915169239,"{""n_estimators"":100,""max_depth"":5,""l1_strength"":1.0,""weighted_bootstrap"":true,""bootstrap_temperature"":3.0,""n_tries"":2,""random_state"":77}",pred_mismatch_rate=0.003,3.0
heart_attack_2022_brfss,77,7,bworf,binary,3600,400,2,0.235,0.5952380952380952,0.1257142857142857,0.0670731707317073,1.0,0.1130302704771369,0.8655002405002404,0.2362689655648036,1.7837644627424396,0.5338155827160495,400.5391547828913,0.4080545864999294,"{""n_estimators"":100,""max_depth"":5,""l1_strength"":1.0,""weighted_bootstrap"":true,""bootstrap_temperature"":3.0,""n_tries"":2,""random_state"":77}",pred_mismatch_rate=0.007,3.0
heart_attack_2022_brfss,77,8,bworf,binary,3600,400,2,0.2125,0.5833333333333334,0.1225626740947075,0.0652818991097922,1.0,0.1043087557125417,0.8487253487253487,0.2256371847926253,2.319145759578292,0.5414332500000001,534.8610467538238,0.402670007199049,"{""n_estimators"":100,""max_depth"":5,""l1_strength"":1.0,""weighted_bootstrap"":true,""bootstrap_temperature"":3.0,""n_tries"":2,""random_state"":77}",pred_mismatch_rate=0.003,3.0
heart_attack_2022_brfss,77,9,bworf,binary,3600,400,2,0.185,0.5687830687830688,0.1189189189189189,0.0632183908045977,1.0,0.0932561517870812,0.9265271765271764,0.3604864403888794,1.8959085260148307,0.5649100004861112,462.5574751384556,0.4018168114125728,"{""n_estimators"":100,""max_depth"":5,""l1_strength"":1.0,""weighted_bootstrap"":true,""bootstrap_temperature"":3.0,""n_tries"":2,""random_state"":77}",,3.0
heart_attack_2022_brfss,123,0,bworf,binary,3600,400,2,0.9025,0.6786656615152658,0.3157894736842105,0.25,0.4285714285714285,0.2784828132060071,0.8943334589772585,0.3460944668233875,0.2233332407523265,0.0689226374048005,760.0413183029741,0.6761584114283323,"{""n_estimators"":100,""max_depth"":5,""l1_strength"":1.0,""weighted_bootstrap"":true,""bootstrap_temperature"":1.0,""n_tries"":2,""random_state"":123}",pred_mismatch_rate=0.007,1.0
heart_attack_2022_brfss,123,1,bworf,binary,3600,400,2,0.91,0.7276039703480337,0.3793103448275862,0.2972972972972973,0.5238095238095238,0.3504167901537684,0.8659379319009927,0.4366577556970777,0.2110962658668472,0.0609781053267848,719.5063354894519,0.6912814639508724,"{""n_estimators"":100,""max_depth"":5,""l1_strength"":1.0,""weighted_bootstrap"":true,""bootstrap_temperature"":1.0,""n_tries"":2,""random_state"":123}",pred_mismatch_rate=0.007,1.0
heart_attack_2022_brfss,123,2,bworf,binary,3600,400,2,0.9125,0.654040404040404,0.3137254901960784,0.2758620689655172,0.3636363636363636,0.2708544226236047,0.7964165464165465,0.3149114028535349,0.2650994496193034,0.0705596222119421,669.6864700987935,0.6648553665727377,"{""n_estimators"":100,""max_depth"":5,""l1_strength"":1.0,""weighted_bootstrap"":true,""bootstrap_temperature"":1.0,""n_tries"":2,""random_state"":123}",pred_mismatch_rate=0.007,1.0
heart_attack_2022_brfss,123,3,bworf,binary,3600,400,2,0.92,0.6580086580086579,0.3333333333333333,0.3076923076923077,0.3636363636363636,0.292244028232551,0.8285233285233284,0.2714576441082976,0.2209945964341153,0.0655936398954439,667.5609337985516,0.6933650691062212,"{""n_estimators"":100,""max_depth"":5,""l1_strength"":1.0,""weighted_bootstrap"":true,""bootstrap_temperature"":1.0,""n_tries"":2,""random_state"":123}",pred_mismatch_rate=0.018,1.0
heart_attack_2022_brfss,123,4,bworf,binary,3600,400,2,0.9075,0.6942039442039442,0.3508771929824561,0.2857142857142857,0.4545454545454545,0.3133753468108871,0.8377825877825879,0.2438522660931385,0.2401067653985121,0.073639857932635,687.164551332593,0.698073485866189,"{""n_estimators"":100,""max_depth"":5,""l1_strength"":1.0,""weighted_bootstrap"":true,""bootstrap_temperature"":1.0,""n_tries"":2,""random_state"":123}",pred_mismatch_rate=0.013,1.0
heart_attack_2022_brfss,123,5,bworf,binary,3600,400,2,0.885,0.7465127465127466,0.3611111111111111,0.26,0.5909090909090909,0.3398658997230291,0.8382635882635883,0.303947706830055,0.269368130318216,0.0813613009703099,603.8102627713233,0.7184156700968742,"{""n_estimators"":100,""max_depth"":5,""l1_strength"":1.0,""weighted_bootstrap"":true,""bootstrap_temperature"":1.0,""n_tries"":2,""random_state"":123}",pred_mismatch_rate=0.025,1.0
heart_attack_2022_brfss,123,6,bworf,binary,3600,400,2,0.945,0.8638768638768639,0.6071428571428571,0.5,0.7727272727272727,0.5949242582552473,0.9304954304954304,0.604065280665269,0.1811784417635182,0.0538921375354264,762.5195625331253,0.7075179107487202,"{""n_estimators"":100,""max_depth"":5,""l1_strength"":1.0,""weighted_bootstrap"":true,""bootstrap_temperature"":1.0,""n_tries"":2,""random_state"":123}",pred_mismatch_rate=0.022,1.0
heart_attack_2022_brfss,123,7,bworf,binary,3600,400,2,0.9,0.6688311688311689,0.3103448275862069,0.25,0.4090909090909091,0.2689911061975062,0.8272005772005773,0.2935000435239454,0.2451273279375502,0.0724081486548972,710.2756481785327,0.6904959995299578,"{""n_estimators"":100,""max_depth"":5,""l1_strength"":1.0,""weighted_bootstrap"":true,""bootstrap_temperature"":1.0,""n_tries"":2,""random_state"":123}",pred_mismatch_rate=0.015,1.0
heart_attack_2022_brfss,123,8,bworf,binary,3600,400,2,0.8875,0.7478354978354979,0.3661971830985915,0.2653061224489796,0.5909090909090909,0.3446665593909338,0.8709114959114959,0.3307082788846258,0.2405473935530103,0.0700623861334576,724.550379903987,0.6979713011533022,"{""n_estimators"":100,""max_depth"":5,""l1_strength"":1.0,""weighted_bootstrap"":true,""bootstrap_temperature"":1.0,""n_tries"":2,""random_state"":123}",pred_mismatch_rate=0.013,1.0
heart_attack_2022_brfss,123,9,bworf,binary,3600,400,2,0.9125,0.7182539682539683,0.3859649122807017,0.3142857142857143,0.5,0.3521834392952075,0.8094035594035593,0.4014823152342294,0.2521939245291894,0.0668262760687227,800.6258382350206,0.6718683987855911,"{""n_estimators"":100,""max_depth"":5,""l1_strength"":1.0,""weighted_bootstrap"":true,""bootstrap_temperature"":1.0,""n_tries"":2,""random_state"":123}",pred_mismatch_rate=0.015,1.0
heart_attack_2022_brfss,13,0,bworf,binary,3600,400,2,0.925,0.713029275034552,0.4,0.3448275862068966,0.4761904761904761,0.3664481923198144,0.8191355697952004,0.2832930151793841,0.2216289691025957,0.0626734361497285,1599.5431178547442,1.105201778933406,"{""n_estimators"":100,""max_depth"":5,""l1_strength"":1.0,""weighted_bootstrap"":true,""bootstrap_temperature"":1.0,""n_tries"":2,""random_state"":13}",pred_mismatch_rate=0.013,1.0
heart_attack_2022_brfss,13,1,bworf,binary,3600,400,2,0.9125,0.7064329689659505,0.3636363636363636,0.2941176470588235,0.4761904761904761,0.330185734242249,0.879821585626335,0.403352117717987,0.230618292854909,0.0655274443415243,1356.7546169124544,0.8814156875014305,"{""n_estimators"":100,""max_depth"":5,""l1_strength"":1.0,""weighted_bootstrap"":true,""bootstrap_temperature"":1.0,""n_tries"":2,""random_state"":13}",pred_mismatch_rate=0.020,1.0
heart_attack_2022_brfss,13,2,bworf,binary,3600,400,2,0.8925,0.7718855218855218,0.3943661971830985,0.2857142857142857,0.6363636363636364,0.3781130959645324,0.8556998556998557,0.4895495792456477,0.2512363848849778,0.0711033430195616,1434.6121668759731,0.700593639165163,"{""n_estimators"":100,""max_depth"":5,""l1_strength"":1.0,""weighted_bootstrap"":true,""bootstrap_temperature"":1.0,""n_tries"":2,""random_state"":13}",pred_mismatch_rate=0.010,1.0
heart_attack_2022_brfss,13,3,bworf,binary,3600,400,2,0.9125,0.7182539682539683,0.3859649122807017,0.3142857142857143,0.5,0.3521834392952075,0.8115079365079365,0.3034225324357765,0.249748389924874,0.0694070909491945,1179.0268859807402,1.4266951717436314,"{""n_estimators"":100,""max_depth"":5,""l1_strength"":1.0,""weighted_bootstrap"":true,""bootstrap_temperature"":1.0,""n_tries"":2,""random_state"":13}",pred_mismatch_rate=0.020,1.0
heart_attack_2022_brfss,13,4,bworf,binary,3600,400,2,0.91,0.6955266955266955,0.3571428571428571,0.2941176470588235,0.4545454545454545,0.3196784018251923,0.8677248677248677,0.3457148314024082,0.2276376694192785,0.0672033291519112,1602.389528285712,1.466668963432312,"{""n_estimators"":100,""max_depth"":5,""l1_strength"":1.0,""weighted_bootstrap"":true,""bootstrap_temperature"":1.0,""n_tries"":2,""random_state"":13}",pred_mismatch_rate=0.025,1.0
heart_attack_2022_brfss,13,5,bworf,binary,3600,400,2,0.8975,0.6246993746993746,0.2545454545454545,0.2121212121212121,0.3181818181818182,0.2066624195348696,0.8632756132756132,0.2558478753430503,0.2284929142908431,0.0699359066362212,1661.5062573384494,1.4818101972341535,"{""n_estimators"":100,""max_depth"":5,""l1_strength"":1.0,""weighted_bootstrap"":true,""bootstrap_temperature"":1.0,""n_tries"":2,""random_state"":13}",pred_mismatch_rate=0.010,1.0
heart_attack_2022_brfss,13,6,bworf,binary,3600,400,2,0.9175,0.7208994708994709,0.4,0.3333333333333333,0.5,0.3660934085685202,0.8406084656084657,0.4130891683769564,0.2258589473675104,0.0640503548584346,1748.503019027412,0.7179006393998861,"{""n_estimators"":100,""max_depth"":5,""l1_strength"":1.0,""weighted_bootstrap"":true,""bootstrap_temperature"":1.0,""n_tries"":2,""random_state"":13}",pred_mismatch_rate=0.007,1.0
heart_attack_2022_brfss,13,7,bworf,binary,3600,400,2,0.925,0.7676767676767677,0.4642857142857143,0.3823529411764705,0.5909090909090909,0.4376409117237873,0.8928571428571429,0.4940262774122135,0.2058388532529557,0.060907037797842,1330.1601822674274,0.7907611727714539,"{""n_estimators"":100,""max_depth"":5,""l1_strength"":1.0,""weighted_bootstrap"":true,""bootstrap_temperature"":1.0,""n_tries"":2,""random_state"":13}",pred_mismatch_rate=0.018,1.0
heart_attack_2022_brfss,13,8,bworf,binary,3600,400,2,0.9025,0.712962962962963,0.360655737704918,0.282051282051282,0.5,0.3273447741338701,0.8570226070226071,0.3032873056025656,0.2340060597523514,0.0730828585170859,1492.4435358457267,1.2730886116623878,"{""n_estimators"":100,""max_depth"":5,""l1_strength"":1.0,""weighted_bootstrap"":true,""bootstrap_temperature"":1.0,""n_tries"":2,""random_state"":13}",pred_mismatch_rate=0.007,1.0
heart_attack_2022_brfss,13,9,bworf,binary,3600,400,2,0.89,0.7491582491582491,0.3714285714285714,0.2708333333333333,0.5909090909090909,0.3495993012894844,0.8184223184223185,0.2928867781584625,0.2735624026559194,0.0774459199255605,1699.372192554176,1.4600517265498638,"{""n_estimators"":100,""max_depth"":5,""l1_strength"":1.0,""weighted_bootstrap"":true,""bootstrap_temperature"":1.0,""n_tries"":2,""random_state"":13}",pred_mismatch_rate=0.010,1.0
heart_attack_2022_brfss,2025,0,bworf,binary,3600,400,2,0.915,0.7527327553712777,0.4137931034482758,0.3243243243243243,0.5714285714285714,0.3891048155640658,0.8834024374921472,0.3830097925368225,0.2235129633443848,0.0669174257245888,713.4645399004221,0.721885958686471,"{""n_estimators"":100,""max_depth"":5,""l1_strength"":1.0,""weighted_bootstrap"":true,""bootstrap_temperature"":1.0,""n_tries"":2,""random_state"":2025}",pred_mismatch_rate=0.015,1.0
heart_attack_2022_brfss,2025,1,bworf,binary,3600,400,2,0.925,0.847970850609373,0.5161290322580645,0.3902439024390244,0.7619047619047619,0.5117560199935468,0.9359215981907276,0.5072847348760516,0.1971723624221547,0.057311301859079,738.2733735330403,0.7251576073467731,"{""n_estimators"":100,""max_depth"":5,""l1_strength"":1.0,""weighted_bootstrap"":true,""bootstrap_temperature"":1.0,""n_tries"":2,""random_state"":2025}",pred_mismatch_rate=0.015,1.0
heart_attack_2022_brfss,2025,2,bworf,binary,3600,400,2,0.9125,0.6968494468494468,0.3636363636363636,0.303030303030303,0.4545454545454545,0.3262356613101075,0.8297258297258298,0.4003468798009577,0.2340642904585038,0.0636498908800763,773.0943534839898,0.693793686106801,"{""n_estimators"":100,""max_depth"":5,""l1_strength"":1.0,""weighted_bootstrap"":true,""bootstrap_temperature"":1.0,""n_tries"":2,""random_state"":2025}",pred_mismatch_rate=0.018,1.0
heart_attack_2022_brfss,2025,3,bworf,binary,3600,400,2,0.9175,0.7208994708994709,0.4,0.3333333333333333,0.5,0.3660934085685202,0.8827561327561327,0.4150328864413562,0.2141415237647059,0.0608442121718747,633.3966813571751,0.6696348842233419,"{""n_estimators"":100,""max_depth"":5,""l1_strength"":1.0,""weighted_bootstrap"":true,""bootstrap_temperature"":1.0,""n_tries"":2,""random_state"":2025}",pred_mismatch_rate=0.007,1.0
heart_attack_2022_brfss,2025,4,bworf,binary,3600,400,2,0.8975,0.6675084175084175,0.3050847457627119,0.2432432432432432,0.4090909090909091,0.2636147442852526,0.7902837902837904,0.2348160571396989,0.2705156540140454,0.0777207197052914,721.8745332602412,0.6885982155799866,"{""n_estimators"":100,""max_depth"":5,""l1_strength"":1.0,""weighted_bootstrap"":true,""bootstrap_temperature"":1.0,""n_tries"":2,""random_state"":2025}",pred_mismatch_rate=0.007,1.0
heart_attack_2022_brfss,2025,5,bworf,binary,3600,400,2,0.905,0.7142857142857143,0.3666666666666666,0.2894736842105263,0.5,0.3332225407478363,0.8635161135161136,0.404107586581824,0.2302831128484507,0.0712382807758447,739.4488368798047,0.6901382394134998,"{""n_estimators"":100,""max_depth"":5,""l1_strength"":1.0,""weighted_bootstrap"":true,""bootstrap_temperature"":1.0,""n_tries"":2,""random_state"":2025}",pred_mismatch_rate=0.025,1.0
heart_attack_2022_brfss,2025,6,bworf,binary,3600,400,2,0.9225,0.7449494949494949,0.4363636363636363,0.3636363636363636,0.5454545454545454,0.4059511558269328,0.9033189033189034,0.4845742017323662,0.1984807154709407,0.0594162351254259,763.6492056101561,0.6755689550191164,"{""n_estimators"":100,""max_depth"":5,""l1_strength"":1.0,""weighted_bootstrap"":true,""bootstrap_temperature"":1.0,""n_tries"":2,""random_state"":2025}",pred_mismatch_rate=0.020,1.0
heart_attack_2022_brfss,2025,7,bworf,binary,3600,400,2,0.905,0.7142857142857143,0.3666666666666666,0.2894736842105263,0.5,0.3332225407478363,0.8208273208273209,0.2890027772935855,0.2542254450139963,0.0704047916685989,875.6967400442809,0.6927652768790722,"{""n_estimators"":100,""max_depth"":5,""l1_strength"":1.0,""weighted_bootstrap"":true,""bootstrap_temperature"":1.0,""n_tries"":2,""random_state"":2025}",pred_mismatch_rate=0.010,1.0
heart_attack_2022_brfss,2025,8,bworf,binary,3600,400,2,0.8975,0.7317219817219818,0.3692307692307692,0.2790697674418604,0.5454545454545454,0.3411034674036012,0.8196248196248196,0.2984685649151085,0.2657884270183096,0.0763671665152106,663.4665115363896,0.6618518941104412,"{""n_estimators"":100,""max_depth"":5,""l1_strength"":1.0,""weighted_bootstrap"":true,""bootstrap_temperature"":1.0,""n_tries"":2,""random_state"":2025}",pred_mismatch_rate=0.018,1.0
heart_attack_2022_brfss,2025,9,bworf,binary,3600,400,2,0.885,0.6608946608946609,0.28125,0.2142857142857142,0.4090909090909091,0.2393110268354947,0.823953823953824,0.283388944842031,0.2485224344668494,0.0777983569207103,926.9184736851604,0.6883488390594721,"{""n_estimators"":100,""max_depth"":5,""l1_strength"":1.0,""weighted_bootstrap"":true,""bootstrap_temperature"":1.0,""n_tries"":2,""random_state"":2025}",pred_mismatch_rate=0.015,1.0
heart_attack_2022_brfss,42,0,bworf,binary,3600,400,2,0.9225,0.7566905390124388,0.4363636363636363,0.3529411764705882,0.5714285714285714,0.4105717924874709,0.8680738786279684,0.3553304197674728,0.2289318762539945,0.0655246656048591,800.8522155955434,0.8048989698290825,"{""n_estimators"":100,""max_depth"":5,""l1_strength"":1.0,""weighted_bootstrap"":true,""bootstrap_temperature"":1.0,""n_tries"":2,""random_state"":42}",pred_mismatch_rate=0.013,1.0
heart_attack_2022_brfss,42,1,bworf,binary,3600,400,2,0.9075,0.7262847091343134,0.3728813559322034,0.2894736842105263,0.5238095238095238,0.3442455798343735,0.8592788038698329,0.4561371006459953,0.2177814576568619,0.0650570126845174,800.6515533458441,0.8195979725569487,"{""n_estimators"":100,""max_depth"":5,""l1_strength"":1.0,""weighted_bootstrap"":true,""bootstrap_temperature"":1.0,""n_tries"":2,""random_state"":42}",pred_mismatch_rate=0.028,1.0
heart_attack_2022_brfss,42,2,bworf,binary,3600,400,2,0.935,0.772967772967773,0.5,0.4333333333333333,0.5909090909090909,0.4725384181480803,0.8973063973063973,0.3771217852125671,0.2237216131641353,0.0646538819648106,748.8419875279069,0.8010615892708302,"{""n_estimators"":100,""max_depth"":5,""l1_strength"":1.0,""weighted_bootstrap"":true,""bootstrap_temperature"":1.0,""n_tries"":2,""random_state"":42}",pred_mismatch_rate=0.022,1.0
heart_attack_2022_brfss,42,3,bworf,binary,3600,400,2,0.89,0.7277537277537277,0.3529411764705882,0.2608695652173913,0.5454545454545454,0.3255158822938395,0.861952861952862,0.2986798874567597,0.2390540435204874,0.0761993023470617,832.9686811361462,0.7497068177908659,"{""n_estimators"":100,""max_depth"":5,""l1_strength"":1.0,""weighted_bootstrap"":true,""bootstrap_temperature"":1.0,""n_tries"":2,""random_state"":42}",pred_mismatch_rate=0.005,1.0
heart_attack_2022_brfss,42,4,bworf,binary,3600,400,2,0.9275,0.6405723905723906,0.3255813953488372,0.3333333333333333,0.3181818181818182,0.2873809751743049,0.905964405964406,0.3846548247654029,0.1948709765359353,0.0575592028347723,778.2744207326323,0.8163249250501394,"{""n_estimators"":100,""max_depth"":5,""l1_strength"":1.0,""weighted_bootstrap"":true,""bootstrap_temperature"":1.0,""n_tries"":2,""random_state"":42}",pred_mismatch_rate=0.028,1.0
heart_attack_2022_brfss,42,5,bworf,binary,3600,400,2,0.9025,0.7343674843674843,0.3809523809523809,0.2926829268292683,0.5454545454545454,0.3523266072704411,0.8131313131313131,0.2676867490656643,0.2545390772706951,0.074069483875216,800.4531151670963,0.7360237743705511,"{""n_estimators"":100,""max_depth"":5,""l1_strength"":1.0,""weighted_bootstrap"":true,""bootstrap_temperature"":1.0,""n_tries"":2,""random_state"":42}",pred_mismatch_rate=0.013,1.0
heart_attack_2022_brfss,42,6,bworf,binary,3600,400,2,0.885,0.6822991822991823,0.303030303030303,0.2272727272727272,0.4545454545454545,0.2656566057279488,0.8228715728715729,0.2316106456542233,0.2674279220114585,0.0762518514340776,751.6017445996404,0.6674074288457632,"{""n_estimators"":100,""max_depth"":5,""l1_strength"":1.0,""weighted_bootstrap"":true,""bootstrap_temperature"":1.0,""n_tries"":2,""random_state"":42}",pred_mismatch_rate=0.018,1.0
heart_attack_2022_brfss,42,7,bworf,binary,3600,400,2,0.92,0.7222222222222222,0.4074074074074074,0.34375,0.5,0.3734872870971493,0.8115680615680616,0.3099644463148561,0.2587446782557432,0.0668199432636062,819.6179993692786,0.8232300318777561,"{""n_estimators"":100,""max_depth"":5,""l1_strength"":1.0,""weighted_bootstrap"":true,""bootstrap_temperature"":1.0,""n_tries"":2,""random_state"":42}",pred_mismatch_rate=0.015,1.0
heart_attack_2022_brfss,42,8,bworf,binary,3600,400,2,0.9175,0.7851130351130351,0.4590163934426229,0.358974358974359,0.6363636363636364,0.4382464480358023,0.8906926406926408,0.5590084379655584,0.2127389889083063,0.0608246459259489,804.1056136079133,0.816485732793808,"{""n_estimators"":100,""max_depth"":5,""l1_strength"":1.0,""weighted_bootstrap"":true,""bootstrap_temperature"":1.0,""n_tries"":2,""random_state"":42}",pred_mismatch_rate=0.020,1.0
heart_attack_2022_brfss,42,9,bworf,binary,3600,400,2,0.895,0.6661856661856662,0.3,0.2368421052631578,0.4090909090909091,0.2584251129705442,0.8530543530543531,0.3098364176941037,0.2360910330538945,0.0732193488484018,779.093306902796,0.8113343138247728,"{""n_estimators"":100,""max_depth"":5,""l1_strength"":1.0,""weighted_bootstrap"":true,""bootstrap_temperature"":1.0,""n_tries"":2,""random_state"":42}",pred_mismatch_rate=0.013,1.0
heart_attack_2022_brfss,77,0,bworf,binary,3600,400,2,0.8975,0.6760271390878251,0.3050847457627119,0.2368421052631578,0.4285714285714285,0.267789037950004,0.8237215730619425,0.2541255659399675,0.2470149730119725,0.0730958003776002,723.4020576551557,0.7733059842139482,"{""n_estimators"":100,""max_depth"":5,""l1_strength"":1.0,""weighted_bootstrap"":true,""bootstrap_temperature"":1.0,""n_tries"":2,""random_state"":77}",pred_mismatch_rate=0.015,1.0
heart_attack_2022_brfss,77,1,bworf,binary,3600,400,2,0.9075,0.7487749717301169,0.3934426229508196,0.3,0.5714285714285714,0.3699003033947989,0.813795702977761,0.34777408064719,0.2604259873415885,0.0724881381786987,889.4471663013101,0.6541307438164949,"{""n_estimators"":100,""max_depth"":5,""l1_strength"":1.0,""weighted_bootstrap"":true,""bootstrap_temperature"":1.0,""n_tries"":2,""random_state"":77}",pred_mismatch_rate=0.033,1.0
heart_attack_2022_brfss,77,2,bworf,binary,3600,400,2,0.905,0.6714766714766714,0.3214285714285714,0.2647058823529412,0.4090909090909091,0.2803575651923273,0.8785473785473785,0.344953791437509,0.2164051711022836,0.066868017011815,755.0799719784409,0.7468384131789207,"{""n_estimators"":100,""max_depth"":5,""l1_strength"":1.0,""weighted_bootstrap"":true,""bootstrap_temperature"":1.0,""n_tries"":2,""random_state"":77}",pred_mismatch_rate=0.010,1.0
heart_attack_2022_brfss,77,3,bworf,binary,3600,400,2,0.9225,0.7663540163540163,0.4561403508771929,0.3714285714285714,0.5909090909090909,0.4297996242638483,0.8775853775853777,0.4377279008684617,0.2049694337362549,0.0599993934655565,766.497341774404,0.7664842829108238,"{""n_estimators"":100,""max_depth"":5,""l1_strength"":1.0,""weighted_bootstrap"":true,""bootstrap_temperature"":1.0,""n_tries"":2,""random_state"":77}",pred_mismatch_rate=0.010,1.0
heart_attack_2022_brfss,77,4,bworf,binary,3600,400,2,0.885,0.6822991822991823,0.303030303030303,0.2272727272727272,0.4545454545454545,0.2656566057279488,0.8142135642135642,0.2774514564021639,0.2716556412788719,0.078471919614333,800.2982965540141,0.791270449757576,"{""n_estimators"":100,""max_depth"":5,""l1_strength"":1.0,""weighted_bootstrap"":true,""bootstrap_temperature"":1.0,""n_tries"":2,""random_state"":77}",pred_mismatch_rate=0.025,1.0
heart_attack_2022_brfss,77,5,bworf,binary,3600,400,2,0.905,0.7142857142857143,0.3666666666666666,0.2894736842105263,0.5,0.3332225407478363,0.8368205868205868,0.3331766233480051,0.2549813166837669,0.0721725210372107,798.66008798033,0.7515117153525352,"{""n_estimators"":100,""max_depth"":5,""l1_strength"":1.0,""weighted_bootstrap"":true,""bootstrap_temperature"":1.0,""n_tries"":2,""random_state"":77}",pred_mismatch_rate=0.020,1.0
heart_attack_2022_brfss,77,6,bworf,binary,3600,400,2,0.9075,0.6513949013949014,0.3018867924528302,0.2580645161290322,0.3636363636363636,0.258169215725482,0.7688792688792689,0.2016712353396647,0.2684198913890066,0.0738367251676232,828.1768649648875,0.7203838676214218,"{""n_estimators"":100,""max_depth"":5,""l1_strength"":1.0,""weighted_bootstrap"":true,""bootstrap_temperature"":1.0,""n_tries"":2,""random_state"":77}",pred_mismatch_rate=0.015,1.0
heart_attack_2022_brfss,77,7,bworf,binary,3600,400,2,0.915,0.6553631553631554,0.32,0.2857142857142857,0.3636363636363636,0.2776417565505778,0.8286435786435786,0.3510077281592928,0.2353192832160829,0.0646342844401593,697.0952168889344,0.6969125121831894,"{""n_estimators"":100,""max_depth"":5,""l1_strength"":1.0,""weighted_bootstrap"":true,""bootstrap_temperature"":1.0,""n_tries"":2,""random_state"":77}",pred_mismatch_rate=0.018,1.0
heart_attack_2022_brfss,77,8,bworf,binary,3600,400,2,0.9325,0.7716450216450217,0.490566037735849,0.4193548387096774,0.5909090909090909,0.4632281638791611,0.8786676286676286,0.4501241334665025,0.2150031300745397,0.0617367142026109,896.5189291555434,0.7076572496443987,"{""n_estimators"":100,""max_depth"":5,""l1_strength"":1.0,""weighted_bootstrap"":true,""bootstrap_temperature"":1.0,""n_tries"":2,""random_state"":77}",pred_mismatch_rate=0.025,1.0
heart_attack_2022_brfss,77,9,bworf,binary,3600,400,2,0.9125,0.8680856180856181,0.5070422535211268,0.3673469387755102,0.8181818181818182,0.5118992422589269,0.9377104377104378,0.5414983387500903,0.2126603115879282,0.063367079242071,712.6938163749874,0.680615421384573,"{""n_estimators"":100,""max_depth"":5,""l1_strength"":1.0,""weighted_bootstrap"":true,""bootstrap_temperature"":1.0,""n_tries"":2,""random_state"":77}",pred_mismatch_rate=0.022,1.0
