dataset,sample_index,USER_ID,seed,fold,model_name,y_true,y_pred,proba_0,proba_1,proba_2
dili_multiclass,5,2478,42,1,orf_style,2,0,0.59,0.12,0.29
dili_multiclass,16,3672,42,1,orf_style,2,0,0.58,0.095,0.325
dili_multiclass,23,5352,42,1,orf_style,2,1,0.335,0.525,0.14
dili_multiclass,30,47576,42,1,orf_style,2,0,0.335,0.24,0.425
dili_multiclass,39,657298,42,1,orf_style,2,0,0.32,0.125,0.555
dili_multiclass,62,1302,42,1,orf_style,2,0,0.375,0.18,0.445
dili_multiclass,71,2907,42,1,orf_style,2,0,0.585,0.08,0.335
dili_multiclass,78,3696,42,1,orf_style,2,0,0.36,0.18,0.46
dili_multiclass,84,4594,42,1,orf_style,2,1,0.175,0.595,0.23
dili_multiclass,85,4763,42,1,orf_style,2,0,0.29,0.135,0.575
dili_multiclass,87,5002,42,1,orf_style,2,1,0.315,0.6,0.085
dili_multiclass,92,5426,42,1,orf_style,2,1,0.205,0.62,0.175
dili_multiclass,124,2733526,42,1,orf_style,2,0,0.665,0.075,0.26
dili_multiclass,127,5281040,42,1,orf_style,2,0,0.33,0.19,0.48
dili_multiclass,144,2092,42,1,orf_style,1,0,0.67,0.024999999999999994,0.305
dili_multiclass,163,3749,42,1,orf_style,1,1,0.295,0.605,0.1
dili_multiclass,164,3825,42,1,orf_style,1,1,0.135,0.625,0.24
dili_multiclass,175,4614,42,1,orf_style,1,1,0.26,0.625,0.115
dili_multiclass,181,5090,42,1,orf_style,1,0,0.265,0.405,0.33
dili_multiclass,198,65404,42,1,orf_style,1,2,0.18,0.295,0.525
dili_multiclass,211,441140,42,1,orf_style,1,0,0.29,0.185,0.525
dili_multiclass,214,464205,42,1,orf_style,1,0,0.575,0.155,0.27
dili_multiclass,216,3034010,42,1,orf_style,1,0,0.325,0.445,0.23
dili_multiclass,223,5362440,42,1,orf_style,1,0,0.5,0.305,0.195
dili_multiclass,241,896,42,1,orf_style,0,0,0.64,0.105,0.255
dili_multiclass,246,2369,42,1,orf_style,0,0,0.67,0.09,0.24
dili_multiclass,259,2973,42,1,orf_style,0,0,0.51,0.315,0.175
dili_multiclass,261,3100,42,1,orf_style,0,0,0.565,0.09,0.345
dili_multiclass,267,3348,42,1,orf_style,0,0,0.3,0.36,0.34
dili_multiclass,273,3911,42,1,orf_style,0,0,0.77,0.0,0.23
dili_multiclass,308,7077,42,1,orf_style,0,0,0.63,0.12,0.25
dili_multiclass,309,8969,42,1,orf_style,0,0,0.71,0.035,0.255
dili_multiclass,312,12035,42,1,orf_style,0,0,0.255,0.375,0.37
dili_multiclass,322,33624,42,1,orf_style,0,0,0.69,0.1,0.21
dili_multiclass,334,60795,42,1,orf_style,0,0,0.405,0.105,0.49
dili_multiclass,345,83898,42,1,orf_style,0,0,0.47,0.115,0.415
dili_multiclass,346,115237,42,1,orf_style,0,0,0.43,0.405,0.165
dili_multiclass,350,152945,42,1,orf_style,0,0,0.75,0.005,0.245
dili_multiclass,366,3052762,42,1,orf_style,0,1,0.265,0.545,0.19
dili_multiclass,369,5282443,42,1,orf_style,0,0,0.745,0.03,0.225
dili_multiclass,372,5284596,42,1,orf_style,0,0,0.6,0.025,0.375
dili_multiclass,378,9865528,42,1,orf_style,0,0,0.55,0.115,0.335
dili_multiclass,381,11658860,42,1,orf_style,0,1,0.085,0.625,0.29
dili_multiclass,382,11953884,42,1,orf_style,0,1,0.245,0.545,0.21
dili_multiclass,386,16132446,42,1,orf_style,0,0,0.715,0.045,0.24
dili_multiclass,397,11561674,42,1,orf_style,0,0,0.385,0.335,0.28
dili_multiclass,399,10071196,42,1,orf_style,0,0,0.7,0.07,0.23
dili_multiclass,429,5280483,42,1,orf_style,0,0,0.69,0.06,0.25
dili_multiclass,441,65305,42,1,orf_style,0,0,0.6,0.145,0.255
dili_multiclass,448,401,42,1,orf_style,0,0,0.4,0.35,0.25
dili_multiclass,467,5556,42,1,orf_style,0,0,0.555,0.115,0.33
dili_multiclass,482,65999,42,1,orf_style,0,0,0.445,0.375,0.18
dili_multiclass,506,6445540,42,1,orf_style,0,2,0.18,0.435,0.385
dili_multiclass,539,10280735,42,1,orf_style,0,0,0.465,0.135,0.4
dili_multiclass,551,25166913,42,1,orf_style,0,0,0.705,0.045,0.25
dili_multiclass,553,487101,42,1,orf_style,0,0,0.47,0.14,0.39
dili_multiclass,566,71496458,42,1,orf_style,0,0,0.43,0.065,0.505
dili_multiclass,571,9829523,42,1,orf_style,0,0,0.54,0.225,0.235
dili_multiclass,5,2478,42,1,bworf_no_mi,2,0,0.49,0.17,0.34
dili_multiclass,16,3672,42,1,bworf_no_mi,2,0,0.45,0.25,0.3
dili_multiclass,23,5352,42,1,bworf_no_mi,2,1,0.21,0.65,0.14
dili_multiclass,30,47576,42,1,bworf_no_mi,2,2,0.18,0.415,0.405
dili_multiclass,39,657298,42,1,bworf_no_mi,2,2,0.295,0.145,0.56
dili_multiclass,62,1302,42,1,bworf_no_mi,2,2,0.295,0.32,0.385
dili_multiclass,71,2907,42,1,bworf_no_mi,2,0,0.615,0.075,0.31
dili_multiclass,78,3696,42,1,bworf_no_mi,2,2,0.345,0.16,0.495
dili_multiclass,84,4594,42,1,bworf_no_mi,2,1,0.11,0.71,0.18
dili_multiclass,85,4763,42,1,bworf_no_mi,2,2,0.175,0.255,0.57
dili_multiclass,87,5002,42,1,bworf_no_mi,2,1,0.11,0.76,0.13
dili_multiclass,92,5426,42,1,bworf_no_mi,2,1,0.15,0.705,0.145
dili_multiclass,124,2733526,42,1,bworf_no_mi,2,0,0.57,0.175,0.255
dili_multiclass,127,5281040,42,1,bworf_no_mi,2,2,0.245,0.23,0.525
dili_multiclass,144,2092,42,1,bworf_no_mi,1,0,0.645,0.03,0.325
dili_multiclass,163,3749,42,1,bworf_no_mi,1,1,0.205,0.685,0.11
dili_multiclass,164,3825,42,1,bworf_no_mi,1,1,0.015,0.755,0.23
dili_multiclass,175,4614,42,1,bworf_no_mi,1,1,0.085,0.73,0.185
dili_multiclass,181,5090,42,1,bworf_no_mi,1,1,0.15,0.475,0.375
dili_multiclass,198,65404,42,1,bworf_no_mi,1,2,0.15,0.305,0.545
dili_multiclass,211,441140,42,1,bworf_no_mi,1,2,0.21,0.28,0.51
dili_multiclass,214,464205,42,1,bworf_no_mi,1,0,0.58,0.17,0.25
dili_multiclass,216,3034010,42,1,bworf_no_mi,1,1,0.35,0.44,0.21
dili_multiclass,223,5362440,42,1,bworf_no_mi,1,1,0.305,0.485,0.21
dili_multiclass,241,896,42,1,bworf_no_mi,0,0,0.565,0.21,0.225
dili_multiclass,246,2369,42,1,bworf_no_mi,0,0,0.59,0.195,0.215
dili_multiclass,259,2973,42,1,bworf_no_mi,0,1,0.355,0.5,0.145
dili_multiclass,261,3100,42,1,bworf_no_mi,0,0,0.55,0.125,0.325
dili_multiclass,267,3348,42,1,bworf_no_mi,0,1,0.16,0.485,0.355
dili_multiclass,273,3911,42,1,bworf_no_mi,0,0,0.815,0.0,0.185
dili_multiclass,308,7077,42,1,bworf_no_mi,0,0,0.73,0.055,0.215
dili_multiclass,309,8969,42,1,bworf_no_mi,0,0,0.56,0.145,0.295
dili_multiclass,312,12035,42,1,bworf_no_mi,0,1,0.165,0.465,0.37
dili_multiclass,322,33624,42,1,bworf_no_mi,0,0,0.53,0.255,0.215
dili_multiclass,334,60795,42,1,bworf_no_mi,0,2,0.265,0.21,0.525
dili_multiclass,345,83898,42,1,bworf_no_mi,0,2,0.41,0.135,0.455
dili_multiclass,346,115237,42,1,bworf_no_mi,0,1,0.21,0.575,0.215
dili_multiclass,350,152945,42,1,bworf_no_mi,0,0,0.735,0.030000000000000006,0.235
dili_multiclass,366,3052762,42,1,bworf_no_mi,0,1,0.24,0.55,0.21
dili_multiclass,369,5282443,42,1,bworf_no_mi,0,0,0.79,0.02,0.19
dili_multiclass,372,5284596,42,1,bworf_no_mi,0,0,0.585,0.025,0.39
dili_multiclass,378,9865528,42,1,bworf_no_mi,0,0,0.525,0.155,0.32
dili_multiclass,381,11658860,42,1,bworf_no_mi,0,1,0.105,0.535,0.36
dili_multiclass,382,11953884,42,1,bworf_no_mi,0,1,0.14,0.65,0.21
dili_multiclass,386,16132446,42,1,bworf_no_mi,0,0,0.72,0.05,0.23
dili_multiclass,397,11561674,42,1,bworf_no_mi,0,2,0.335,0.355,0.31
dili_multiclass,399,10071196,42,1,bworf_no_mi,0,0,0.575,0.26,0.165
dili_multiclass,429,5280483,42,1,bworf_no_mi,0,0,0.66,0.15,0.19
dili_multiclass,441,65305,42,1,bworf_no_mi,0,0,0.555,0.245,0.2
dili_multiclass,448,401,42,1,bworf_no_mi,0,1,0.255,0.54,0.205
dili_multiclass,467,5556,42,1,bworf_no_mi,0,0,0.49,0.175,0.335
dili_multiclass,482,65999,42,1,bworf_no_mi,0,0,0.47,0.33,0.2
dili_multiclass,506,6445540,42,1,bworf_no_mi,0,1,0.07,0.625,0.305
dili_multiclass,539,10280735,42,1,bworf_no_mi,0,0,0.43,0.21,0.36
dili_multiclass,551,25166913,42,1,bworf_no_mi,0,0,0.715,0.055,0.23
dili_multiclass,553,487101,42,1,bworf_no_mi,0,0,0.485,0.11,0.405
dili_multiclass,566,71496458,42,1,bworf_no_mi,0,2,0.385,0.085,0.53
dili_multiclass,571,9829523,42,1,bworf_no_mi,0,0,0.56,0.205,0.235
dili_multiclass,5,2478,42,1,bworf_mi,2,2,0.3583333333333333,0.24333333333333332,0.3983333333333334
dili_multiclass,16,3672,42,1,bworf_mi,2,0,0.44333333333333336,0.32333333333333336,0.2333333333333333
dili_multiclass,23,5352,42,1,bworf_mi,2,1,0.23166666666666663,0.41166666666666674,0.3566666666666667
dili_multiclass,30,47576,42,1,bworf_mi,2,2,0.36333333333333334,0.2383333333333333,0.3983333333333334
dili_multiclass,39,657298,42,1,bworf_mi,2,1,0.28833333333333333,0.39833333333333326,0.31333333333333335
dili_multiclass,62,1302,42,1,bworf_mi,2,0,0.3916666666666667,0.3616666666666667,0.24666666666666665
dili_multiclass,71,2907,42,1,bworf_mi,2,2,0.34,0.315,0.345
dili_multiclass,78,3696,42,1,bworf_mi,2,0,0.42,0.265,0.315
dili_multiclass,84,4594,42,1,bworf_mi,2,1,0.25,0.415,0.335
dili_multiclass,85,4763,42,1,bworf_mi,2,2,0.285,0.265,0.45
dili_multiclass,87,5002,42,1,bworf_mi,2,1,0.3983333333333334,0.4233333333333333,0.17833333333333332
dili_multiclass,92,5426,42,1,bworf_mi,2,2,0.2516666666666667,0.3016666666666667,0.4466666666666667
dili_multiclass,124,2733526,42,1,bworf_mi,2,1,0.38,0.475,0.145
dili_multiclass,127,5281040,42,1,bworf_mi,2,2,0.35833333333333334,0.29333333333333333,0.3483333333333334
dili_multiclass,144,2092,42,1,bworf_mi,1,0,0.5383333333333333,0.2383333333333333,0.22333333333333333
dili_multiclass,163,3749,42,1,bworf_mi,1,1,0.4150000000000001,0.4000000000000001,0.18499999999999997
dili_multiclass,164,3825,42,1,bworf_mi,1,1,0.2733333333333333,0.44833333333333336,0.2783333333333333
dili_multiclass,175,4614,42,1,bworf_mi,1,1,0.38666666666666666,0.47166666666666673,0.1416666666666667
dili_multiclass,181,5090,42,1,bworf_mi,1,1,0.26166666666666666,0.45166666666666666,0.2866666666666667
dili_multiclass,198,65404,42,1,bworf_mi,1,2,0.375,0.24,0.385
dili_multiclass,211,441140,42,1,bworf_mi,1,2,0.295,0.32,0.385
dili_multiclass,214,464205,42,1,bworf_mi,1,0,0.5366666666666667,0.21166666666666664,0.25166666666666665
dili_multiclass,216,3034010,42,1,bworf_mi,1,0,0.4083333333333334,0.36333333333333334,0.22833333333333333
dili_multiclass,223,5362440,42,1,bworf_mi,1,0,0.46,0.285,0.255
dili_multiclass,241,896,42,1,bworf_mi,0,0,0.47833333333333333,0.33333333333333326,0.18833333333333332
dili_multiclass,246,2369,42,1,bworf_mi,0,0,0.6033333333333333,0.22333333333333333,0.17333333333333337
dili_multiclass,259,2973,42,1,bworf_mi,0,0,0.535,0.155,0.31
dili_multiclass,261,3100,42,1,bworf_mi,0,0,0.5916666666666667,0.18666666666666665,0.22166666666666668
dili_multiclass,267,3348,42,1,bworf_mi,0,0,0.38833333333333336,0.3283333333333333,0.2833333333333333
dili_multiclass,273,3911,42,1,bworf_mi,0,0,0.615,0.115,0.27
dili_multiclass,308,7077,42,1,bworf_mi,0,0,0.515,0.3,0.185
dili_multiclass,309,8969,42,1,bworf_mi,0,2,0.35666666666666663,0.26166666666666666,0.38166666666666665
dili_multiclass,312,12035,42,1,bworf_mi,0,2,0.375,0.275,0.35
dili_multiclass,322,33624,42,1,bworf_mi,0,0,0.5133333333333333,0.1733333333333333,0.31333333333333335
dili_multiclass,334,60795,42,1,bworf_mi,0,2,0.2683333333333333,0.3133333333333333,0.4183333333333333
dili_multiclass,345,83898,42,1,bworf_mi,0,1,0.34,0.445,0.215
dili_multiclass,346,115237,42,1,bworf_mi,0,0,0.37000000000000005,0.3500000000000001,0.28
dili_multiclass,350,152945,42,1,bworf_mi,0,0,0.45,0.26,0.29
dili_multiclass,366,3052762,42,1,bworf_mi,0,0,0.4633333333333334,0.17833333333333332,0.35833333333333334
dili_multiclass,369,5282443,42,1,bworf_mi,0,0,0.4533333333333334,0.36333333333333334,0.18333333333333332
dili_multiclass,372,5284596,42,1,bworf_mi,0,0,0.555,0.12,0.325
dili_multiclass,378,9865528,42,1,bworf_mi,0,1,0.3916666666666667,0.4016666666666667,0.20666666666666664
dili_multiclass,381,11658860,42,1,bworf_mi,0,2,0.32666666666666666,0.33666666666666667,0.33666666666666667
dili_multiclass,382,11953884,42,1,bworf_mi,0,1,0.20666666666666667,0.6216666666666667,0.1716666666666667
dili_multiclass,386,16132446,42,1,bworf_mi,0,0,0.645,0.085,0.27
dili_multiclass,397,11561674,42,1,bworf_mi,0,1,0.225,0.58,0.19499999999999995
dili_multiclass,399,10071196,42,1,bworf_mi,0,0,0.5433333333333333,0.12833333333333333,0.32833333333333337
dili_multiclass,429,5280483,42,1,bworf_mi,0,0,0.41833333333333333,0.32833333333333337,0.2533333333333333
dili_multiclass,441,65305,42,1,bworf_mi,0,0,0.41,0.295,0.295
dili_multiclass,448,401,42,1,bworf_mi,0,2,0.4083333333333334,0.21333333333333332,0.37833333333333335
dili_multiclass,467,5556,42,1,bworf_mi,0,2,0.37,0.205,0.425
dili_multiclass,482,65999,42,1,bworf_mi,0,1,0.315,0.43,0.255
dili_multiclass,506,6445540,42,1,bworf_mi,0,1,0.305,0.36,0.335
dili_multiclass,539,10280735,42,1,bworf_mi,0,0,0.485,0.23,0.285
dili_multiclass,551,25166913,42,1,bworf_mi,0,0,0.5383333333333333,0.21333333333333332,0.24833333333333332
dili_multiclass,553,487101,42,1,bworf_mi,0,2,0.3783333333333333,0.1733333333333333,0.44833333333333336
dili_multiclass,566,71496458,42,1,bworf_mi,0,0,0.42,0.295,0.285
dili_multiclass,571,9829523,42,1,bworf_mi,0,0,0.4,0.365,0.235
dili_multiclass,13,3397,42,2,orf_style,2,1,0.25,0.485,0.265
dili_multiclass,17,3767,42,2,orf_style,2,2,0.115,0.395,0.49
dili_multiclass,25,5790,42,2,orf_style,2,0,0.64,0.04,0.32
dili_multiclass,28,18283,42,2,orf_style,2,0,0.645,0.09,0.265
dili_multiclass,29,38853,42,2,orf_style,2,0,0.705,0.01,0.285
dili_multiclass,43,5353830,42,2,orf_style,2,0,0.405,0.105,0.49
dili_multiclass,44,5388906,42,2,orf_style,0,0,0.64,0.055,0.305
dili_multiclass,51,1983,42,2,orf_style,2,0,0.525,0.025,0.45
dili_multiclass,54,5161,42,2,orf_style,2,2,0.205,0.31,0.485
dili_multiclass,65,2333,42,2,orf_style,2,0,0.475,0.235,0.29
dili_multiclass,88,5206,42,2,orf_style,2,0,0.3,0.39,0.31
dili_multiclass,126,3081884,42,2,orf_style,2,0,0.755,0.005,0.24
dili_multiclass,128,5284537,42,2,orf_style,2,0,0.615,0.17,0.215
dili_multiclass,136,54676228,42,2,orf_style,2,1,0.155,0.59,0.255
dili_multiclass,139,4053,42,2,orf_style,2,0,0.375,0.445,0.18
dili_multiclass,145,2162,42,2,orf_style,1,0,0.39,0.22,0.39
dili_multiclass,149,2771,42,2,orf_style,1,0,0.44,0.34,0.22
dili_multiclass,153,3356,42,2,orf_style,1,0,0.66,0.125,0.215
dili_multiclass,157,3446,42,2,orf_style,1,0,0.645,0.115,0.24
dili_multiclass,173,4539,42,2,orf_style,1,2,0.225,0.28,0.495
dili_multiclass,183,5717,42,2,orf_style,1,0,0.615,0.21,0.175
dili_multiclass,190,36462,42,2,orf_style,1,0,0.755,0.005,0.24
dili_multiclass,208,383414,42,2,orf_style,1,0,0.445,0.36,0.195
dili_multiclass,218,5282379,42,2,orf_style,1,0,0.35,0.325,0.325
dili_multiclass,229,10113978,42,2,orf_style,1,0,0.505,0.215,0.28
dili_multiclass,240,247,42,2,orf_style,0,0,0.59,0.085,0.325
dili_multiclass,251,2564,42,2,orf_style,0,0,0.63,0.065,0.305
dili_multiclass,257,2803,42,2,orf_style,0,0,0.42,0.105,0.475
dili_multiclass,274,3958,42,2,orf_style,0,0,0.71,0.025,0.265
dili_multiclass,296,5719,42,2,orf_style,0,0,0.235,0.42,0.345
dili_multiclass,311,9651,42,2,orf_style,0,1,0.365,0.555,0.08
dili_multiclass,315,16362,42,2,orf_style,0,0,0.555,0.16,0.285
dili_multiclass,321,28486,42,2,orf_style,0,0,0.345,0.115,0.54
dili_multiclass,326,41684,42,2,orf_style,0,0,0.36,0.25,0.39
dili_multiclass,336,60855,42,2,orf_style,0,0,0.605,0.085,0.31
dili_multiclass,341,71329,42,2,orf_style,0,0,0.475,0.205,0.32
dili_multiclass,347,115355,42,2,orf_style,0,2,0.18,0.45,0.37
dili_multiclass,368,3086319,42,2,orf_style,0,0,0.3,0.225,0.475
dili_multiclass,370,5284514,42,2,orf_style,0,0,0.565,0.24,0.195
dili_multiclass,371,5284594,42,2,orf_style,0,0,0.685,0.01,0.305
dili_multiclass,374,5742832,42,2,orf_style,0,0,0.47,0.35,0.18
dili_multiclass,383,11963622,42,2,orf_style,0,0,0.515,0.045,0.44
dili_multiclass,431,5460135,42,2,orf_style,0,0,0.47,0.415,0.115
dili_multiclass,433,54732242,42,2,orf_style,0,0,0.755,0.0,0.245
dili_multiclass,437,56959087,42,2,orf_style,0,0,0.675,0.015,0.31
dili_multiclass,452,2972,42,2,orf_style,0,0,0.65,0.075,0.275
dili_multiclass,483,71349,42,2,orf_style,0,0,0.535,0.245,0.22
dili_multiclass,489,107970,42,2,orf_style,0,0,0.715,0.06,0.225
dili_multiclass,496,208902,42,2,orf_style,0,0,0.645,0.115,0.24
dili_multiclass,501,5312125,42,2,orf_style,0,0,0.48,0.35,0.17
dili_multiclass,537,46220502,42,2,orf_style,0,0,0.765,0.0,0.235
dili_multiclass,542,11511120,42,2,orf_style,0,0,0.615,0.035,0.35
dili_multiclass,543,11671467,42,2,orf_style,0,0,0.735,0.035,0.23
dili_multiclass,545,135565082,42,2,orf_style,0,0,0.73,0.07,0.2
dili_multiclass,552,46188928,42,2,orf_style,0,0,0.63,0.155,0.215
dili_multiclass,560,58031952,42,2,orf_style,0,0,0.73,0.01,0.26
dili_multiclass,563,68165256,42,2,orf_style,0,0,0.67,0.02,0.31
dili_multiclass,565,6918606,42,2,orf_style,0,0,0.585,0.03,0.385
dili_multiclass,13,3397,42,2,bworf_no_mi,2,1,0.07,0.63,0.3
dili_multiclass,17,3767,42,2,bworf_no_mi,2,2,0.09,0.365,0.545
dili_multiclass,25,5790,42,2,bworf_no_mi,2,0,0.62,0.05,0.33
dili_multiclass,28,18283,42,2,bworf_no_mi,2,0,0.49,0.195,0.315
dili_multiclass,29,38853,42,2,bworf_no_mi,2,0,0.675,0.055,0.27
dili_multiclass,43,5353830,42,2,bworf_no_mi,2,0,0.39,0.12,0.49
dili_multiclass,44,5388906,42,2,bworf_no_mi,0,0,0.5,0.14,0.36
dili_multiclass,51,1983,42,2,bworf_no_mi,2,0,0.515,0.04,0.445
dili_multiclass,54,5161,42,2,bworf_no_mi,2,2,0.22,0.275,0.505
dili_multiclass,65,2333,42,2,bworf_no_mi,2,0,0.4,0.305,0.295
dili_multiclass,88,5206,42,2,bworf_no_mi,2,2,0.19,0.335,0.475
dili_multiclass,126,3081884,42,2,bworf_no_mi,2,0,0.755,0.07,0.175
dili_multiclass,128,5284537,42,2,bworf_no_mi,2,0,0.5,0.285,0.215
dili_multiclass,136,54676228,42,2,bworf_no_mi,2,1,0.07,0.645,0.285
dili_multiclass,139,4053,42,2,bworf_no_mi,2,1,0.255,0.59,0.155
dili_multiclass,145,2162,42,2,bworf_no_mi,1,2,0.285,0.315,0.4
dili_multiclass,149,2771,42,2,bworf_no_mi,1,0,0.52,0.3,0.18
dili_multiclass,153,3356,42,2,bworf_no_mi,1,0,0.6,0.275,0.125
dili_multiclass,157,3446,42,2,bworf_no_mi,1,0,0.55,0.18,0.27
dili_multiclass,173,4539,42,2,bworf_no_mi,1,2,0.1,0.435,0.465
dili_multiclass,183,5717,42,2,bworf_no_mi,1,0,0.505,0.33,0.165
dili_multiclass,190,36462,42,2,bworf_no_mi,1,0,0.725,0.05,0.225
dili_multiclass,208,383414,42,2,bworf_no_mi,1,1,0.38,0.43,0.19
dili_multiclass,218,5282379,42,2,bworf_no_mi,1,1,0.255,0.44,0.305
dili_multiclass,229,10113978,42,2,bworf_no_mi,1,0,0.42,0.245,0.335
dili_multiclass,240,247,42,2,bworf_no_mi,0,0,0.535,0.095,0.37
dili_multiclass,251,2564,42,2,bworf_no_mi,0,0,0.625,0.11,0.265
dili_multiclass,257,2803,42,2,bworf_no_mi,0,2,0.31,0.195,0.495
dili_multiclass,274,3958,42,2,bworf_no_mi,0,0,0.635,0.1,0.265
dili_multiclass,296,5719,42,2,bworf_no_mi,0,1,0.105,0.535,0.36
dili_multiclass,311,9651,42,2,bworf_no_mi,0,1,0.41,0.5,0.09
dili_multiclass,315,16362,42,2,bworf_no_mi,0,0,0.435,0.255,0.31
dili_multiclass,321,28486,42,2,bworf_no_mi,0,2,0.285,0.16,0.555
dili_multiclass,326,41684,42,2,bworf_no_mi,0,0,0.32,0.28,0.4
dili_multiclass,336,60855,42,2,bworf_no_mi,0,0,0.555,0.1,0.345
dili_multiclass,341,71329,42,2,bworf_no_mi,0,0,0.4,0.245,0.355
dili_multiclass,347,115355,42,2,bworf_no_mi,0,1,0.07,0.58,0.35
dili_multiclass,368,3086319,42,2,bworf_no_mi,0,2,0.205,0.25,0.545
dili_multiclass,370,5284514,42,2,bworf_no_mi,0,1,0.37,0.44,0.19
dili_multiclass,371,5284594,42,2,bworf_no_mi,0,0,0.765,0.015,0.22
dili_multiclass,374,5742832,42,2,bworf_no_mi,0,0,0.405,0.42,0.175
dili_multiclass,383,11963622,42,2,bworf_no_mi,0,0,0.565,0.04,0.395
dili_multiclass,431,5460135,42,2,bworf_no_mi,0,0,0.415,0.44,0.145
dili_multiclass,433,54732242,42,2,bworf_no_mi,0,0,0.755,0.035,0.21
dili_multiclass,437,56959087,42,2,bworf_no_mi,0,0,0.715,0.015,0.27
dili_multiclass,452,2972,42,2,bworf_no_mi,0,0,0.46,0.26,0.28
dili_multiclass,483,71349,42,2,bworf_no_mi,0,0,0.505,0.28,0.215
dili_multiclass,489,107970,42,2,bworf_no_mi,0,0,0.755,0.115,0.13
dili_multiclass,496,208902,42,2,bworf_no_mi,0,0,0.47,0.245,0.285
dili_multiclass,501,5312125,42,2,bworf_no_mi,0,1,0.345,0.495,0.16
dili_multiclass,537,46220502,42,2,bworf_no_mi,0,0,0.83,0.01,0.16
dili_multiclass,542,11511120,42,2,bworf_no_mi,0,0,0.505,0.125,0.37
dili_multiclass,543,11671467,42,2,bworf_no_mi,0,0,0.815,0.01,0.175
dili_multiclass,545,135565082,42,2,bworf_no_mi,0,0,0.735,0.13,0.135
dili_multiclass,552,46188928,42,2,bworf_no_mi,0,0,0.62,0.21,0.17
dili_multiclass,560,58031952,42,2,bworf_no_mi,0,0,0.805,0.005,0.19
dili_multiclass,563,68165256,42,2,bworf_no_mi,0,0,0.7,0.06,0.24
dili_multiclass,565,6918606,42,2,bworf_no_mi,0,0,0.64,0.06,0.3
dili_multiclass,13,3397,42,2,bworf_mi,2,2,0.175,0.4,0.425
dili_multiclass,17,3767,42,2,bworf_mi,2,2,0.42333333333333334,0.12333333333333334,0.45333333333333337
dili_multiclass,25,5790,42,2,bworf_mi,2,2,0.38833333333333336,0.30833333333333335,0.30333333333333334
dili_multiclass,28,18283,42,2,bworf_mi,2,2,0.295,0.305,0.4000000000000001
dili_multiclass,29,38853,42,2,bworf_mi,2,0,0.5516666666666667,0.26666666666666666,0.18166666666666667
dili_multiclass,43,5353830,42,2,bworf_mi,2,2,0.3066666666666667,0.22666666666666668,0.46666666666666673
dili_multiclass,44,5388906,42,2,bworf_mi,0,2,0.26,0.335,0.405
dili_multiclass,51,1983,42,2,bworf_mi,2,1,0.22666666666666666,0.41666666666666674,0.35666666666666663
dili_multiclass,54,5161,42,2,bworf_mi,2,1,0.12,0.4600000000000001,0.42
dili_multiclass,65,2333,42,2,bworf_mi,2,2,0.35833333333333334,0.23333333333333336,0.4083333333333334
dili_multiclass,88,5206,42,2,bworf_mi,2,2,0.175,0.375,0.45
dili_multiclass,126,3081884,42,2,bworf_mi,2,1,0.38,0.355,0.265
dili_multiclass,128,5284537,42,2,bworf_mi,2,0,0.3916666666666667,0.2366666666666667,0.3716666666666667
dili_multiclass,136,54676228,42,2,bworf_mi,2,1,0.08166666666666667,0.48666666666666664,0.43166666666666664
dili_multiclass,139,4053,42,2,bworf_mi,2,1,0.32,0.37500000000000006,0.305
dili_multiclass,145,2162,42,2,bworf_mi,1,0,0.4850000000000001,0.21,0.305
dili_multiclass,149,2771,42,2,bworf_mi,1,0,0.4866666666666667,0.18666666666666665,0.32666666666666666
dili_multiclass,153,3356,42,2,bworf_mi,1,0,0.5466666666666667,0.21666666666666665,0.2366666666666667
dili_multiclass,157,3446,42,2,bworf_mi,1,1,0.31,0.515,0.175
dili_multiclass,173,4539,42,2,bworf_mi,1,2,0.27166666666666667,0.29166666666666663,0.4366666666666667
dili_multiclass,183,5717,42,2,bworf_mi,1,0,0.41666666666666663,0.2516666666666667,0.33166666666666667
dili_multiclass,190,36462,42,2,bworf_mi,1,0,0.5183333333333333,0.13333333333333333,0.3483333333333334
dili_multiclass,208,383414,42,2,bworf_mi,1,1,0.2683333333333333,0.5983333333333333,0.13333333333333333
dili_multiclass,218,5282379,42,2,bworf_mi,1,1,0.29,0.425,0.285
dili_multiclass,229,10113978,42,2,bworf_mi,1,1,0.33333333333333337,0.44333333333333336,0.22333333333333333
dili_multiclass,240,247,42,2,bworf_mi,0,2,0.36333333333333334,0.17333333333333337,0.4633333333333334
dili_multiclass,251,2564,42,2,bworf_mi,0,0,0.455,0.19500000000000003,0.35
dili_multiclass,257,2803,42,2,bworf_mi,0,2,0.3616666666666667,0.16166666666666668,0.4766666666666666
dili_multiclass,274,3958,42,2,bworf_mi,0,2,0.4850000000000001,0.10000000000000002,0.4150000000000001
dili_multiclass,296,5719,42,2,bworf_mi,0,0,0.415,0.275,0.31
dili_multiclass,311,9651,42,2,bworf_mi,0,0,0.4600000000000001,0.23499999999999996,0.30499999999999994
dili_multiclass,315,16362,42,2,bworf_mi,0,0,0.4433333333333333,0.3983333333333334,0.15833333333333333
dili_multiclass,321,28486,42,2,bworf_mi,0,2,0.31,0.265,0.425
dili_multiclass,326,41684,42,2,bworf_mi,0,2,0.2366666666666667,0.31666666666666665,0.44666666666666666
dili_multiclass,336,60855,42,2,bworf_mi,0,0,0.52,0.135,0.345
dili_multiclass,341,71329,42,2,bworf_mi,0,1,0.285,0.43000000000000005,0.285
dili_multiclass,347,115355,42,2,bworf_mi,0,2,0.35666666666666663,0.21166666666666664,0.43166666666666664
dili_multiclass,368,3086319,42,2,bworf_mi,0,2,0.3450000000000001,0.24499999999999997,0.4100000000000001
dili_multiclass,370,5284514,42,2,bworf_mi,0,2,0.4083333333333334,0.2333333333333333,0.3583333333333333
dili_multiclass,371,5284594,42,2,bworf_mi,0,0,0.63,0.085,0.285
dili_multiclass,374,5742832,42,2,bworf_mi,0,1,0.33333333333333326,0.35833333333333334,0.30833333333333335
dili_multiclass,383,11963622,42,2,bworf_mi,0,2,0.335,0.255,0.41
dili_multiclass,431,5460135,42,2,bworf_mi,0,0,0.56,0.205,0.235
dili_multiclass,433,54732242,42,2,bworf_mi,0,0,0.615,0.08,0.305
dili_multiclass,437,56959087,42,2,bworf_mi,0,0,0.49,0.22,0.29
dili_multiclass,452,2972,42,2,bworf_mi,0,0,0.43833333333333335,0.21333333333333335,0.3483333333333334
dili_multiclass,483,71349,42,2,bworf_mi,0,1,0.35333333333333333,0.4933333333333333,0.15333333333333335
dili_multiclass,489,107970,42,2,bworf_mi,0,0,0.605,0.245,0.15
dili_multiclass,496,208902,42,2,bworf_mi,0,0,0.4733333333333333,0.3833333333333333,0.1433333333333333
dili_multiclass,501,5312125,42,2,bworf_mi,0,0,0.58,0.295,0.125
dili_multiclass,537,46220502,42,2,bworf_mi,0,0,0.615,0.23,0.155
dili_multiclass,542,11511120,42,2,bworf_mi,0,0,0.45833333333333337,0.2783333333333333,0.2633333333333333
dili_multiclass,543,11671467,42,2,bworf_mi,0,0,0.5016666666666666,0.09166666666666667,0.40666666666666673
dili_multiclass,545,135565082,42,2,bworf_mi,0,2,0.325,0.265,0.41
dili_multiclass,552,46188928,42,2,bworf_mi,0,0,0.45333333333333337,0.30333333333333334,0.24333333333333332
dili_multiclass,560,58031952,42,2,bworf_mi,0,0,0.52,0.24,0.24
dili_multiclass,563,68165256,42,2,bworf_mi,0,1,0.42333333333333334,0.42333333333333334,0.15333333333333335
dili_multiclass,565,6918606,42,2,bworf_mi,0,0,0.5166666666666667,0.19166666666666668,0.2916666666666667
dili_multiclass,2,2157,42,3,orf_style,2,0,0.44,0.235,0.325
dili_multiclass,20,4463,42,3,orf_style,2,1,0.295,0.555,0.15
dili_multiclass,41,1349907,42,3,orf_style,2,0,0.585,0.055,0.36
dili_multiclass,42,2723601,42,3,orf_style,2,0,0.46,0.16,0.38
dili_multiclass,53,3007,42,3,orf_style,2,0,0.48,0.22,0.3
dili_multiclass,59,518740,42,3,orf_style,2,0,0.325,0.27,0.405
dili_multiclass,63,2082,42,3,orf_style,2,0,0.665,0.13,0.205
dili_multiclass,75,3339,42,3,orf_style,2,0,0.355,0.235,0.41
dili_multiclass,76,3365,42,3,orf_style,2,0,0.375,0.29,0.335
dili_multiclass,89,5291,42,3,orf_style,2,0,0.53,0.285,0.185
dili_multiclass,106,53232,42,3,orf_style,2,2,0.215,0.23,0.555
dili_multiclass,115,84029,42,3,orf_style,2,2,0.2,0.14,0.66
dili_multiclass,120,216239,42,3,orf_style,2,0,0.675,0.01,0.315
dili_multiclass,121,441141,42,3,orf_style,2,0,0.71,0.135,0.155
dili_multiclass,152,3325,42,3,orf_style,1,0,0.445,0.305,0.25
dili_multiclass,156,3394,42,3,orf_style,1,2,0.225,0.435,0.34
dili_multiclass,158,3463,42,3,orf_style,1,0,0.455,0.21,0.335
dili_multiclass,167,3961,42,3,orf_style,1,0,0.475,0.355,0.17
dili_multiclass,168,4168,42,3,orf_style,1,0,0.31,0.42,0.27
dili_multiclass,169,4173,42,3,orf_style,1,0,0.675,0.03,0.295
dili_multiclass,182,5487,42,3,orf_style,1,2,0.27,0.175,0.555
dili_multiclass,212,441203,42,3,orf_style,1,0,0.56,0.225,0.215
dili_multiclass,224,5493444,42,3,orf_style,1,0,0.665,0.125,0.21
dili_multiclass,238,6468,42,3,orf_style,1,0,0.52,0.11,0.37
dili_multiclass,243,2130,42,3,orf_style,0,2,0.285,0.1,0.615
dili_multiclass,249,2405,42,3,orf_style,0,0,0.565,0.2,0.235
dili_multiclass,250,2477,42,3,orf_style,0,0,0.695,0.18,0.125
dili_multiclass,252,2576,42,3,orf_style,0,0,0.745,0.08,0.175
dili_multiclass,258,2812,42,3,orf_style,0,2,0.295,0.16,0.545
dili_multiclass,260,3080,42,3,orf_style,0,0,0.54,0.26,0.2
dili_multiclass,262,3162,42,3,orf_style,0,0,0.555,0.115,0.33
dili_multiclass,263,3261,42,3,orf_style,0,0,0.605,0.045,0.35
dili_multiclass,272,3784,42,3,orf_style,0,1,0.29,0.47,0.24
dili_multiclass,275,4033,42,3,orf_style,0,0,0.56,0.22,0.22
dili_multiclass,276,4034,42,3,orf_style,0,0,0.605,0.195,0.2
dili_multiclass,279,4201,42,3,orf_style,0,0,0.705,0.125,0.17
dili_multiclass,286,4828,42,3,orf_style,0,0,0.775,0.045,0.18
dili_multiclass,287,4908,42,3,orf_style,0,0,0.315,0.405,0.28
dili_multiclass,289,4946,42,3,orf_style,0,0,0.59,0.275,0.135
dili_multiclass,295,5401,42,3,orf_style,0,0,0.41,0.36,0.23
dili_multiclass,319,26757,42,3,orf_style,0,0,0.645,0.095,0.26
dili_multiclass,349,132999,42,3,orf_style,0,1,0.295,0.54,0.165
dili_multiclass,351,159269,42,3,orf_style,0,2,0.205,0.13,0.665
dili_multiclass,356,441281,42,3,orf_style,0,0,0.71,0.06,0.23
dili_multiclass,412,154234,42,3,orf_style,0,0,0.61,0.195,0.195
dili_multiclass,417,176077,42,3,orf_style,0,0,0.685,0.095,0.22
dili_multiclass,442,70693500,42,3,orf_style,0,1,0.155,0.59,0.255
dili_multiclass,451,2895,42,3,orf_style,0,0,0.405,0.165,0.43
dili_multiclass,462,4893,42,3,orf_style,0,0,0.5,0.255,0.245
dili_multiclass,468,5572,42,3,orf_style,0,0,0.76,0.04,0.2
dili_multiclass,470,5625,42,3,orf_style,0,0,0.61,0.25,0.14
dili_multiclass,474,30323,42,3,orf_style,0,0,0.415,0.07,0.515
dili_multiclass,479,60026,42,3,orf_style,0,0,0.415,0.095,0.49
dili_multiclass,481,60953,42,3,orf_style,0,0,0.695,0.035,0.27
dili_multiclass,509,9854073,42,3,orf_style,0,1,0.015,0.76,0.225
dili_multiclass,511,9915743,42,3,orf_style,0,0,0.625,0.07,0.305
dili_multiclass,547,1727,42,3,orf_style,0,0,0.745,0.055,0.2
dili_multiclass,559,54726192,42,3,orf_style,0,0,0.755,0.01,0.235
dili_multiclass,2,2157,42,3,bworf_no_mi,2,2,0.28,0.41,0.31
dili_multiclass,20,4463,42,3,bworf_no_mi,2,1,0.185,0.645,0.17
dili_multiclass,41,1349907,42,3,bworf_no_mi,2,0,0.54,0.1,0.36
dili_multiclass,42,2723601,42,3,bworf_no_mi,2,2,0.36,0.235,0.405
dili_multiclass,53,3007,42,3,bworf_no_mi,2,2,0.34,0.285,0.375
dili_multiclass,59,518740,42,3,bworf_no_mi,2,2,0.33,0.33,0.34
dili_multiclass,63,2082,42,3,bworf_no_mi,2,0,0.585,0.235,0.18
dili_multiclass,75,3339,42,3,bworf_no_mi,2,2,0.205,0.36,0.435
dili_multiclass,76,3365,42,3,bworf_no_mi,2,2,0.275,0.23,0.495
dili_multiclass,89,5291,42,3,bworf_no_mi,2,0,0.475,0.335,0.19
dili_multiclass,106,53232,42,3,bworf_no_mi,2,2,0.15,0.275,0.575
dili_multiclass,115,84029,42,3,bworf_no_mi,2,2,0.195,0.19,0.615
dili_multiclass,120,216239,42,3,bworf_no_mi,2,0,0.605,0.03,0.365
dili_multiclass,121,441141,42,3,bworf_no_mi,2,0,0.66,0.17,0.17
dili_multiclass,152,3325,42,3,bworf_no_mi,1,1,0.245,0.51,0.245
dili_multiclass,156,3394,42,3,bworf_no_mi,1,1,0.17,0.51,0.32
dili_multiclass,158,3463,42,3,bworf_no_mi,1,2,0.34,0.31,0.35
dili_multiclass,167,3961,42,3,bworf_no_mi,1,1,0.37,0.485,0.145
dili_multiclass,168,4168,42,3,bworf_no_mi,1,1,0.105,0.59,0.305
dili_multiclass,169,4173,42,3,bworf_no_mi,1,2,0.415,0.135,0.45
dili_multiclass,182,5487,42,3,bworf_no_mi,1,2,0.185,0.3,0.515
dili_multiclass,212,441203,42,3,bworf_no_mi,1,0,0.575,0.255,0.17
dili_multiclass,224,5493444,42,3,bworf_no_mi,1,0,0.615,0.15,0.235
dili_multiclass,238,6468,42,3,bworf_no_mi,1,2,0.405,0.2,0.395
dili_multiclass,243,2130,42,3,bworf_no_mi,0,2,0.215,0.18,0.605
dili_multiclass,249,2405,42,3,bworf_no_mi,0,0,0.44,0.405,0.155
dili_multiclass,250,2477,42,3,bworf_no_mi,0,0,0.655,0.235,0.11
dili_multiclass,252,2576,42,3,bworf_no_mi,0,0,0.665,0.175,0.16
dili_multiclass,258,2812,42,3,bworf_no_mi,0,2,0.205,0.24,0.555
dili_multiclass,260,3080,42,3,bworf_no_mi,0,0,0.435,0.37,0.195
dili_multiclass,262,3162,42,3,bworf_no_mi,0,0,0.465,0.21,0.325
dili_multiclass,263,3261,42,3,bworf_no_mi,0,2,0.36,0.15,0.49
dili_multiclass,272,3784,42,3,bworf_no_mi,0,1,0.1,0.635,0.265
dili_multiclass,275,4033,42,3,bworf_no_mi,0,0,0.565,0.275,0.16
dili_multiclass,276,4034,42,3,bworf_no_mi,0,0,0.425,0.26,0.315
dili_multiclass,279,4201,42,3,bworf_no_mi,0,0,0.47,0.325,0.205
dili_multiclass,286,4828,42,3,bworf_no_mi,0,0,0.745,0.105,0.15
dili_multiclass,287,4908,42,3,bworf_no_mi,0,1,0.18,0.56,0.26
dili_multiclass,289,4946,42,3,bworf_no_mi,0,0,0.455,0.385,0.16
dili_multiclass,295,5401,42,3,bworf_no_mi,0,1,0.17,0.61,0.22
dili_multiclass,319,26757,42,3,bworf_no_mi,0,0,0.475,0.17,0.355
dili_multiclass,349,132999,42,3,bworf_no_mi,0,1,0.135,0.685,0.18
dili_multiclass,351,159269,42,3,bworf_no_mi,0,2,0.195,0.185,0.62
dili_multiclass,356,441281,42,3,bworf_no_mi,0,0,0.56,0.19,0.25
dili_multiclass,412,154234,42,3,bworf_no_mi,0,0,0.43,0.32,0.25
dili_multiclass,417,176077,42,3,bworf_no_mi,0,0,0.635,0.13,0.235
dili_multiclass,442,70693500,42,3,bworf_no_mi,0,1,0.145,0.615,0.24
dili_multiclass,451,2895,42,3,bworf_no_mi,0,2,0.275,0.215,0.51
dili_multiclass,462,4893,42,3,bworf_no_mi,0,1,0.26,0.43,0.31
dili_multiclass,468,5572,42,3,bworf_no_mi,0,0,0.615,0.12,0.265
dili_multiclass,470,5625,42,3,bworf_no_mi,0,0,0.53,0.35,0.12
dili_multiclass,474,30323,42,3,bworf_no_mi,0,2,0.36,0.11,0.53
dili_multiclass,479,60026,42,3,bworf_no_mi,0,2,0.295,0.195,0.51
dili_multiclass,481,60953,42,3,bworf_no_mi,0,0,0.56,0.135,0.305
dili_multiclass,509,9854073,42,3,bworf_no_mi,0,1,0.0,0.79,0.21
dili_multiclass,511,9915743,42,3,bworf_no_mi,0,0,0.585,0.095,0.32
dili_multiclass,547,1727,42,3,bworf_no_mi,0,0,0.625,0.145,0.23
dili_multiclass,559,54726192,42,3,bworf_no_mi,0,0,0.705,0.03,0.265
dili_multiclass,2,2157,42,3,bworf_mi,2,0,0.3983333333333334,0.32833333333333337,0.2733333333333333
dili_multiclass,20,4463,42,3,bworf_mi,2,2,0.36166666666666664,0.24666666666666665,0.39166666666666666
dili_multiclass,41,1349907,42,3,bworf_mi,2,0,0.5733333333333334,0.10833333333333334,0.31833333333333336
dili_multiclass,42,2723601,42,3,bworf_mi,2,2,0.4483333333333333,0.11833333333333335,0.4333333333333333
dili_multiclass,53,3007,42,3,bworf_mi,2,0,0.43666666666666665,0.37166666666666665,0.19166666666666668
dili_multiclass,59,518740,42,3,bworf_mi,2,2,0.38,0.285,0.335
dili_multiclass,63,2082,42,3,bworf_mi,2,2,0.45333333333333337,0.23333333333333336,0.31333333333333335
dili_multiclass,75,3339,42,3,bworf_mi,2,1,0.38499999999999995,0.285,0.33
dili_multiclass,76,3365,42,3,bworf_mi,2,2,0.35666666666666663,0.17666666666666667,0.4666666666666666
dili_multiclass,89,5291,42,3,bworf_mi,2,0,0.5750000000000001,0.18,0.24499999999999997
dili_multiclass,106,53232,42,3,bworf_mi,2,2,0.38166666666666665,0.19166666666666665,0.4266666666666667
dili_multiclass,115,84029,42,3,bworf_mi,2,2,0.2383333333333333,0.29833333333333334,0.46333333333333326
dili_multiclass,120,216239,42,3,bworf_mi,2,0,0.5316666666666666,0.10166666666666666,0.36666666666666664
dili_multiclass,121,441141,42,3,bworf_mi,2,1,0.38,0.44,0.18
dili_multiclass,152,3325,42,3,bworf_mi,1,0,0.455,0.26,0.285
dili_multiclass,156,3394,42,3,bworf_mi,1,1,0.125,0.51,0.365
dili_multiclass,158,3463,42,3,bworf_mi,1,0,0.48333333333333334,0.2733333333333333,0.24333333333333332
dili_multiclass,167,3961,42,3,bworf_mi,1,1,0.4083333333333334,0.3683333333333333,0.22333333333333333
dili_multiclass,168,4168,42,3,bworf_mi,1,2,0.32666666666666666,0.26166666666666666,0.4116666666666666
dili_multiclass,169,4173,42,3,bworf_mi,1,2,0.435,0.175,0.39
dili_multiclass,182,5487,42,3,bworf_mi,1,2,0.44833333333333336,0.13333333333333333,0.41833333333333333
dili_multiclass,212,441203,42,3,bworf_mi,1,0,0.485,0.13,0.385
dili_multiclass,224,5493444,42,3,bworf_mi,1,0,0.49833333333333335,0.21333333333333332,0.28833333333333333
dili_multiclass,238,6468,42,3,bworf_mi,1,0,0.41,0.34,0.24999999999999997
dili_multiclass,243,2130,42,3,bworf_mi,0,0,0.455,0.275,0.27
dili_multiclass,249,2405,42,3,bworf_mi,0,0,0.42833333333333334,0.24833333333333332,0.32333333333333336
dili_multiclass,250,2477,42,3,bworf_mi,0,0,0.555,0.255,0.19
dili_multiclass,252,2576,42,3,bworf_mi,0,0,0.5300000000000001,0.21,0.25999999999999995
dili_multiclass,258,2812,42,3,bworf_mi,0,2,0.385,0.245,0.37
dili_multiclass,260,3080,42,3,bworf_mi,0,0,0.5633333333333332,0.1383333333333333,0.29833333333333334
dili_multiclass,262,3162,42,3,bworf_mi,0,2,0.385,0.295,0.32
dili_multiclass,263,3261,42,3,bworf_mi,0,2,0.3583333333333333,0.30833333333333335,0.33333333333333326
dili_multiclass,272,3784,42,3,bworf_mi,0,2,0.36,0.3,0.34
dili_multiclass,275,4033,42,3,bworf_mi,0,2,0.5033333333333334,0.08333333333333334,0.41333333333333333
dili_multiclass,276,4034,42,3,bworf_mi,0,2,0.37666666666666665,0.27166666666666667,0.3516666666666666
dili_multiclass,279,4201,42,3,bworf_mi,0,2,0.40833333333333327,0.21333333333333332,0.3783333333333333
dili_multiclass,286,4828,42,3,bworf_mi,0,0,0.545,0.17000000000000004,0.285
dili_multiclass,287,4908,42,3,bworf_mi,0,0,0.5466666666666666,0.23666666666666664,0.21666666666666665
dili_multiclass,289,4946,42,3,bworf_mi,0,1,0.3783333333333333,0.33333333333333326,0.28833333333333333
dili_multiclass,295,5401,42,3,bworf_mi,0,0,0.5766666666666667,0.19666666666666668,0.22666666666666666
dili_multiclass,319,26757,42,3,bworf_mi,0,1,0.33666666666666667,0.43666666666666676,0.22666666666666666
dili_multiclass,349,132999,42,3,bworf_mi,0,0,0.5316666666666666,0.16666666666666663,0.30166666666666664
dili_multiclass,351,159269,42,3,bworf_mi,0,2,0.37500000000000006,0.15500000000000003,0.4700000000000001
dili_multiclass,356,441281,42,3,bworf_mi,0,0,0.44,0.29,0.26999999999999996
dili_multiclass,412,154234,42,3,bworf_mi,0,0,0.4333333333333333,0.20833333333333331,0.35833333333333334
dili_multiclass,417,176077,42,3,bworf_mi,0,2,0.39,0.19,0.42
dili_multiclass,442,70693500,42,3,bworf_mi,0,1,0.285,0.62,0.095
dili_multiclass,451,2895,42,3,bworf_mi,0,1,0.2533333333333333,0.4083333333333334,0.33833333333333326
dili_multiclass,462,4893,42,3,bworf_mi,0,0,0.5366666666666667,0.19666666666666668,0.26666666666666666
dili_multiclass,468,5572,42,3,bworf_mi,0,0,0.45000000000000007,0.30999999999999994,0.23999999999999996
dili_multiclass,470,5625,42,3,bworf_mi,0,0,0.4750000000000001,0.20499999999999996,0.31999999999999995
dili_multiclass,474,30323,42,3,bworf_mi,0,0,0.46,0.22,0.32
dili_multiclass,479,60026,42,3,bworf_mi,0,0,0.4450000000000001,0.30499999999999994,0.2499999999999999
dili_multiclass,481,60953,42,3,bworf_mi,0,0,0.42333333333333334,0.28333333333333327,0.29333333333333333
dili_multiclass,509,9854073,42,3,bworf_mi,0,1,0.28,0.475,0.245
dili_multiclass,511,9915743,42,3,bworf_mi,0,0,0.635,0.1,0.265
dili_multiclass,547,1727,42,3,bworf_mi,0,0,0.54,0.11,0.35
dili_multiclass,559,54726192,42,3,bworf_mi,0,0,0.5583333333333332,0.13833333333333334,0.30333333333333334
dili_multiclass,4,2265,42,4,orf_style,2,0,0.315,0.325,0.36
dili_multiclass,34,64139,42,4,orf_style,2,0,0.35,0.255,0.395
dili_multiclass,35,126941,42,4,orf_style,2,1,0.305,0.585,0.11
dili_multiclass,40,667490,42,4,orf_style,2,2,0.22,0.17,0.61
dili_multiclass,50,938,42,4,orf_style,2,0,0.715,0.02,0.265
dili_multiclass,58,29051,42,4,orf_style,2,0,0.33,0.35,0.32
dili_multiclass,70,2764,42,4,orf_style,2,0,0.38,0.235,0.385
dili_multiclass,74,3331,42,4,orf_style,2,0,0.745,0.04,0.215
dili_multiclass,79,3763,42,4,orf_style,2,2,0.185,0.375,0.44
dili_multiclass,96,5656,42,4,orf_style,2,0,0.675,0.025,0.3
dili_multiclass,97,6196,42,4,orf_style,2,0,0.275,0.395,0.33
dili_multiclass,99,18381,42,4,orf_style,2,1,0.135,0.58,0.285
dili_multiclass,109,56069,42,4,orf_style,2,0,0.445,0.15,0.405
dili_multiclass,125,3001055,42,4,orf_style,2,0,0.69,0.05,0.26
dili_multiclass,148,2678,42,4,orf_style,1,0,0.715,0.0,0.285
dili_multiclass,155,3386,42,4,orf_style,1,1,0.195,0.625,0.18
dili_multiclass,172,4493,42,4,orf_style,1,0,0.625,0.004999999999999999,0.37
dili_multiclass,188,21844,42,4,orf_style,1,0,0.425,0.1,0.475
dili_multiclass,195,60750,42,4,orf_style,1,0,0.465,0.325,0.21
dili_multiclass,200,77999,42,4,orf_style,1,0,0.59,0.15,0.26
dili_multiclass,206,208898,42,4,orf_style,1,0,0.455,0.395,0.15
dili_multiclass,210,439492,42,4,orf_style,1,0,0.4,0.155,0.445
dili_multiclass,221,5352062,42,4,orf_style,1,0,0.425,0.135,0.44
dili_multiclass,225,6435893,42,4,orf_style,1,0,0.605,0.085,0.31
dili_multiclass,226,6436030,42,4,orf_style,1,0,0.415,0.255,0.33
dili_multiclass,256,2794,42,4,orf_style,0,2,0.265,0.125,0.61
dili_multiclass,277,4107,42,4,orf_style,0,0,0.27,0.18,0.55
dili_multiclass,294,5391,42,4,orf_style,0,0,0.785,0.0,0.215
dili_multiclass,301,6037,42,4,orf_style,0,0,0.375,0.485,0.14
dili_multiclass,304,6256,42,4,orf_style,0,0,0.475,0.1,0.425
dili_multiclass,306,6832,42,4,orf_style,0,0,0.64,0.175,0.185
dili_multiclass,320,26987,42,4,orf_style,0,0,0.62,0.12,0.26
dili_multiclass,343,71433,42,4,orf_style,0,0,0.77,0.01,0.22
dili_multiclass,344,71815,42,4,orf_style,0,1,0.2,0.515,0.285
dili_multiclass,355,213046,42,4,orf_style,0,0,0.61,0.16,0.23
dili_multiclass,363,708857,42,4,orf_style,0,0,0.655,0.04,0.305
dili_multiclass,367,3052776,42,4,orf_style,0,0,0.345,0.115,0.54
dili_multiclass,375,6436173,42,4,orf_style,0,0,0.345,0.475,0.18
dili_multiclass,384,16129703,42,4,orf_style,0,0,0.635,0.155,0.21
dili_multiclass,387,16133850,42,4,orf_style,0,0,0.67,0.065,0.265
dili_multiclass,388,16137828,42,4,orf_style,0,0,0.73,0.025,0.245
dili_multiclass,392,54678501,42,4,orf_style,0,1,0.075,0.71,0.215
dili_multiclass,405,115358,42,4,orf_style,0,0,0.675,0.13,0.195
dili_multiclass,421,24965990,42,4,orf_style,0,0,0.46,0.425,0.115
dili_multiclass,438,6018,42,4,orf_style,0,0,0.76,0.055,0.185
dili_multiclass,449,2123,42,4,orf_style,0,0,0.54,0.24,0.22
dili_multiclass,450,2578,42,4,orf_style,0,2,0.185,0.255,0.56
dili_multiclass,472,9444,42,4,orf_style,0,0,0.465,0.355,0.18
dili_multiclass,485,91270,42,4,orf_style,0,0,0.675,0.085,0.24
dili_multiclass,498,3010818,42,4,orf_style,0,0,0.57,0.255,0.175
dili_multiclass,505,6442177,42,4,orf_style,0,0,0.4,0.26,0.34
dili_multiclass,515,11354606,42,4,orf_style,0,2,0.165,0.405,0.43
dili_multiclass,529,54686904,42,4,orf_style,0,0,0.705,0.005000000000000001,0.29
dili_multiclass,530,90311989,42,4,orf_style,0,0,0.61,0.07,0.32
dili_multiclass,535,135410875,42,4,orf_style,0,1,0.13,0.74,0.13
dili_multiclass,538,10275777,42,4,orf_style,0,1,0.315,0.56,0.125
dili_multiclass,541,11234049,42,4,orf_style,0,0,0.52,0.19,0.29
dili_multiclass,573,9931954,42,4,orf_style,0,1,0.27,0.58,0.15
dili_multiclass,4,2265,42,4,bworf_no_mi,2,1,0.225,0.48,0.295
dili_multiclass,34,64139,42,4,bworf_no_mi,2,2,0.315,0.24,0.445
dili_multiclass,35,126941,42,4,bworf_no_mi,2,1,0.315,0.58,0.105
dili_multiclass,40,667490,42,4,bworf_no_mi,2,2,0.22,0.215,0.565
dili_multiclass,50,938,42,4,bworf_no_mi,2,0,0.54,0.09,0.37
dili_multiclass,58,29051,42,4,bworf_no_mi,2,1,0.215,0.49,0.295
dili_multiclass,70,2764,42,4,bworf_no_mi,2,2,0.365,0.22,0.415
dili_multiclass,74,3331,42,4,bworf_no_mi,2,0,0.675,0.155,0.17
dili_multiclass,79,3763,42,4,bworf_no_mi,2,1,0.085,0.53,0.385
dili_multiclass,96,5656,42,4,bworf_no_mi,2,0,0.655,0.055,0.29
dili_multiclass,97,6196,42,4,bworf_no_mi,2,1,0.18,0.465,0.355
dili_multiclass,99,18381,42,4,bworf_no_mi,2,1,0.09,0.58,0.33
dili_multiclass,109,56069,42,4,bworf_no_mi,2,2,0.375,0.205,0.42
dili_multiclass,125,3001055,42,4,bworf_no_mi,2,0,0.635,0.12,0.245
dili_multiclass,148,2678,42,4,bworf_no_mi,1,0,0.63,0.02,0.35
dili_multiclass,155,3386,42,4,bworf_no_mi,1,1,0.05,0.74,0.21
dili_multiclass,172,4493,42,4,bworf_no_mi,1,0,0.57,0.04,0.39
dili_multiclass,188,21844,42,4,bworf_no_mi,1,2,0.27,0.255,0.475
dili_multiclass,195,60750,42,4,bworf_no_mi,1,0,0.39,0.37,0.24
dili_multiclass,200,77999,42,4,bworf_no_mi,1,0,0.465,0.29,0.245
dili_multiclass,206,208898,42,4,bworf_no_mi,1,1,0.29,0.54,0.17
dili_multiclass,210,439492,42,4,bworf_no_mi,1,2,0.295,0.235,0.47
dili_multiclass,221,5352062,42,4,bworf_no_mi,1,2,0.285,0.195,0.52
dili_multiclass,225,6435893,42,4,bworf_no_mi,1,0,0.485,0.13,0.385
dili_multiclass,226,6436030,42,4,bworf_no_mi,1,2,0.285,0.37,0.345
dili_multiclass,256,2794,42,4,bworf_no_mi,0,2,0.27,0.195,0.535
dili_multiclass,277,4107,42,4,bworf_no_mi,0,2,0.16,0.315,0.525
dili_multiclass,294,5391,42,4,bworf_no_mi,0,0,0.675,0.05,0.275
dili_multiclass,301,6037,42,4,bworf_no_mi,0,1,0.395,0.52,0.085
dili_multiclass,304,6256,42,4,bworf_no_mi,0,2,0.37,0.165,0.465
dili_multiclass,306,6832,42,4,bworf_no_mi,0,0,0.615,0.235,0.15
dili_multiclass,320,26987,42,4,bworf_no_mi,0,0,0.425,0.3,0.275
dili_multiclass,343,71433,42,4,bworf_no_mi,0,0,0.79,0.0,0.21
dili_multiclass,344,71815,42,4,bworf_no_mi,0,1,0.17,0.58,0.25
dili_multiclass,355,213046,42,4,bworf_no_mi,0,0,0.58,0.14,0.28
dili_multiclass,363,708857,42,4,bworf_no_mi,0,0,0.565,0.075,0.36
dili_multiclass,367,3052776,42,4,bworf_no_mi,0,2,0.295,0.18,0.525
dili_multiclass,375,6436173,42,4,bworf_no_mi,0,1,0.235,0.515,0.25
dili_multiclass,384,16129703,42,4,bworf_no_mi,0,0,0.59,0.18,0.23
dili_multiclass,387,16133850,42,4,bworf_no_mi,0,0,0.695,0.075,0.23
dili_multiclass,388,16137828,42,4,bworf_no_mi,0,0,0.745,0.035,0.22
dili_multiclass,392,54678501,42,4,bworf_no_mi,0,1,0.07,0.715,0.215
dili_multiclass,405,115358,42,4,bworf_no_mi,0,0,0.515,0.27,0.215
dili_multiclass,421,24965990,42,4,bworf_no_mi,0,1,0.395,0.48,0.125
dili_multiclass,438,6018,42,4,bworf_no_mi,0,0,0.61,0.185,0.205
dili_multiclass,449,2123,42,4,bworf_no_mi,0,0,0.505,0.265,0.23
dili_multiclass,450,2578,42,4,bworf_no_mi,0,2,0.24,0.215,0.545
dili_multiclass,472,9444,42,4,bworf_no_mi,0,1,0.295,0.415,0.29
dili_multiclass,485,91270,42,4,bworf_no_mi,0,0,0.52,0.155,0.325
dili_multiclass,498,3010818,42,4,bworf_no_mi,0,0,0.475,0.375,0.15
dili_multiclass,505,6442177,42,4,bworf_no_mi,0,0,0.335,0.34,0.325
dili_multiclass,515,11354606,42,4,bworf_no_mi,0,1,0.195,0.465,0.34
dili_multiclass,529,54686904,42,4,bworf_no_mi,0,0,0.67,0.04,0.29
dili_multiclass,530,90311989,42,4,bworf_no_mi,0,0,0.55,0.1,0.35
dili_multiclass,535,135410875,42,4,bworf_no_mi,0,1,0.095,0.705,0.2
dili_multiclass,538,10275777,42,4,bworf_no_mi,0,1,0.245,0.61,0.145
dili_multiclass,541,11234049,42,4,bworf_no_mi,0,0,0.465,0.2,0.335
dili_multiclass,573,9931954,42,4,bworf_no_mi,0,1,0.175,0.675,0.15
dili_multiclass,4,2265,42,4,bworf_mi,2,2,0.29,0.255,0.45500000000000007
dili_multiclass,34,64139,42,4,bworf_mi,2,1,0.2533333333333333,0.3933333333333333,0.3533333333333333
dili_multiclass,35,126941,42,4,bworf_mi,2,0,0.5783333333333334,0.2383333333333333,0.18333333333333332
dili_multiclass,40,667490,42,4,bworf_mi,2,2,0.39,0.115,0.495
dili_multiclass,50,938,42,4,bworf_mi,2,2,0.355,0.18,0.465
dili_multiclass,58,29051,42,4,bworf_mi,2,0,0.45333333333333337,0.16833333333333333,0.37833333333333335
dili_multiclass,70,2764,42,4,bworf_mi,2,1,0.245,0.39,0.365
dili_multiclass,74,3331,42,4,bworf_mi,2,0,0.5883333333333334,0.22333333333333333,0.18833333333333332
dili_multiclass,79,3763,42,4,bworf_mi,2,2,0.2683333333333333,0.2783333333333333,0.45333333333333337
dili_multiclass,96,5656,42,4,bworf_mi,2,2,0.495,0.135,0.37
dili_multiclass,97,6196,42,4,bworf_mi,2,1,0.2883333333333333,0.4383333333333334,0.27333333333333326
dili_multiclass,99,18381,42,4,bworf_mi,2,1,0.28833333333333333,0.36833333333333335,0.3433333333333334
dili_multiclass,109,56069,42,4,bworf_mi,2,1,0.3033333333333333,0.3483333333333333,0.3483333333333333
dili_multiclass,125,3001055,42,4,bworf_mi,2,0,0.45333333333333337,0.2633333333333333,0.2833333333333333
dili_multiclass,148,2678,42,4,bworf_mi,1,0,0.55,0.065,0.385
dili_multiclass,155,3386,42,4,bworf_mi,1,2,0.42500000000000004,0.23,0.345
dili_multiclass,172,4493,42,4,bworf_mi,1,2,0.375,0.17,0.455
dili_multiclass,188,21844,42,4,bworf_mi,1,1,0.38333333333333336,0.38333333333333336,0.23333333333333328
dili_multiclass,195,60750,42,4,bworf_mi,1,2,0.355,0.31499999999999995,0.33
dili_multiclass,200,77999,42,4,bworf_mi,1,0,0.43166666666666664,0.29666666666666663,0.27166666666666667
dili_multiclass,206,208898,42,4,bworf_mi,1,0,0.39666666666666667,0.41666666666666663,0.18666666666666668
dili_multiclass,210,439492,42,4,bworf_mi,1,2,0.41,0.205,0.385
dili_multiclass,221,5352062,42,4,bworf_mi,1,2,0.3916666666666667,0.2816666666666666,0.32666666666666666
dili_multiclass,225,6435893,42,4,bworf_mi,1,2,0.38,0.15,0.47
dili_multiclass,226,6436030,42,4,bworf_mi,1,2,0.385,0.27,0.345
dili_multiclass,256,2794,42,4,bworf_mi,0,2,0.3983333333333334,0.14333333333333334,0.45833333333333337
dili_multiclass,277,4107,42,4,bworf_mi,0,1,0.33666666666666667,0.4366666666666667,0.22666666666666666
dili_multiclass,294,5391,42,4,bworf_mi,0,2,0.525,0.07999999999999999,0.3950000000000001
dili_multiclass,301,6037,42,4,bworf_mi,0,0,0.5483333333333335,0.3033333333333333,0.14833333333333334
dili_multiclass,304,6256,42,4,bworf_mi,0,0,0.40333333333333327,0.2883333333333333,0.3083333333333333
dili_multiclass,306,6832,42,4,bworf_mi,0,0,0.44000000000000006,0.19999999999999996,0.3600000000000001
dili_multiclass,320,26987,42,4,bworf_mi,0,0,0.45,0.22999999999999995,0.31999999999999995
dili_multiclass,343,71433,42,4,bworf_mi,0,0,0.64,0.06,0.3
dili_multiclass,344,71815,42,4,bworf_mi,0,2,0.355,0.27999999999999997,0.36500000000000005
dili_multiclass,355,213046,42,4,bworf_mi,0,0,0.4633333333333334,0.3233333333333333,0.21333333333333332
dili_multiclass,363,708857,42,4,bworf_mi,0,0,0.3549999999999999,0.3349999999999999,0.30999999999999994
dili_multiclass,367,3052776,42,4,bworf_mi,0,0,0.37833333333333335,0.33333333333333326,0.28833333333333333
dili_multiclass,375,6436173,42,4,bworf_mi,0,2,0.41333333333333333,0.28833333333333333,0.29833333333333334
dili_multiclass,384,16129703,42,4,bworf_mi,0,0,0.54,0.22,0.24
dili_multiclass,387,16133850,42,4,bworf_mi,0,0,0.615,0.135,0.25
dili_multiclass,388,16137828,42,4,bworf_mi,0,0,0.615,0.13,0.255
dili_multiclass,392,54678501,42,4,bworf_mi,0,0,0.39333333333333337,0.2633333333333333,0.34333333333333327
dili_multiclass,405,115358,42,4,bworf_mi,0,0,0.4150000000000001,0.235,0.35
dili_multiclass,421,24965990,42,4,bworf_mi,0,0,0.4866666666666667,0.2816666666666666,0.23166666666666663
dili_multiclass,438,6018,42,4,bworf_mi,0,2,0.47666666666666674,0.20166666666666663,0.32166666666666666
dili_multiclass,449,2123,42,4,bworf_mi,0,2,0.475,0.085,0.44
dili_multiclass,450,2578,42,4,bworf_mi,0,2,0.37333333333333335,0.19833333333333333,0.42833333333333334
dili_multiclass,472,9444,42,4,bworf_mi,0,1,0.3766666666666667,0.4516666666666667,0.1716666666666667
dili_multiclass,485,91270,42,4,bworf_mi,0,0,0.48166666666666663,0.32166666666666666,0.19666666666666666
dili_multiclass,498,3010818,42,4,bworf_mi,0,0,0.4200000000000001,0.4000000000000001,0.18
dili_multiclass,505,6442177,42,4,bworf_mi,0,2,0.335,0.32,0.345
dili_multiclass,515,11354606,42,4,bworf_mi,0,1,0.3983333333333334,0.3983333333333334,0.2033333333333333
dili_multiclass,529,54686904,42,4,bworf_mi,0,0,0.48,0.175,0.345
dili_multiclass,530,90311989,42,4,bworf_mi,0,2,0.45500000000000007,0.25499999999999995,0.29
dili_multiclass,535,135410875,42,4,bworf_mi,0,0,0.5766666666666667,0.30666666666666664,0.11666666666666668
dili_multiclass,538,10275777,42,4,bworf_mi,0,0,0.4066666666666668,0.29666666666666663,0.29666666666666663
dili_multiclass,541,11234049,42,4,bworf_mi,0,1,0.26166666666666666,0.38166666666666665,0.35666666666666663
dili_multiclass,573,9931954,42,4,bworf_mi,0,2,0.235,0.36,0.405
dili_multiclass,1,1935,42,5,orf_style,2,0,0.495,0.25,0.255
dili_multiclass,7,2726,42,5,orf_style,2,0,0.355,0.115,0.53
dili_multiclass,11,3117,42,5,orf_style,2,0,0.485,0.19,0.325
dili_multiclass,12,3385,42,5,orf_style,2,1,0.255,0.47,0.275
dili_multiclass,22,4583,42,5,orf_style,2,0,0.26,0.23,0.51
dili_multiclass,38,441401,42,5,orf_style,2,0,0.675,0.04,0.285
dili_multiclass,49,135401907,42,5,orf_style,2,0,0.26,0.27,0.47
dili_multiclass,67,2662,42,5,orf_style,2,0,0.37,0.315,0.315
dili_multiclass,68,2733,42,5,orf_style,2,0,0.465,0.18,0.355
dili_multiclass,101,33613,42,5,orf_style,2,0,0.2,0.405,0.395
dili_multiclass,107,54687,42,5,orf_style,2,0,0.475,0.095,0.43
dili_multiclass,113,68617,42,5,orf_style,2,0,0.625,0.135,0.24
dili_multiclass,117,152946,42,5,orf_style,2,0,0.3,0.36,0.34
dili_multiclass,118,176870,42,5,orf_style,2,0,0.645,0.115,0.24
dili_multiclass,154,3372,42,5,orf_style,1,0,0.39,0.135,0.475
dili_multiclass,160,3657,42,5,orf_style,1,0,0.465,0.12,0.415
dili_multiclass,166,3883,42,5,orf_style,1,0,0.295,0.165,0.54
dili_multiclass,187,14956,42,5,orf_style,1,0,0.505,0.075,0.42
dili_multiclass,192,42113,42,5,orf_style,1,1,0.25,0.49,0.26
dili_multiclass,201,93860,42,5,orf_style,1,1,0.2,0.605,0.195
dili_multiclass,202,104865,42,5,orf_style,1,0,0.645,0.11,0.245
dili_multiclass,207,216237,42,5,orf_style,1,0,0.425,0.275,0.3
dili_multiclass,228,9853053,42,5,orf_style,1,0,0.435,0.375,0.19
dili_multiclass,234,54677470,42,5,orf_style,1,0,0.305,0.305,0.39
dili_multiclass,264,3324,42,5,orf_style,0,0,0.635,0.065,0.3
dili_multiclass,270,3599,42,5,orf_style,0,0,0.465,0.28,0.255
dili_multiclass,280,4236,42,5,orf_style,0,1,0.21,0.5,0.29
dili_multiclass,282,4499,42,5,orf_style,0,0,0.33,0.325,0.345
dili_multiclass,297,5732,42,5,orf_style,0,0,0.535,0.12,0.345
dili_multiclass,298,5770,42,5,orf_style,0,0,0.565,0.055,0.38
dili_multiclass,299,5918,42,5,orf_style,0,0,0.44,0.3,0.26
dili_multiclass,325,39147,42,5,orf_style,0,0,0.63,0.135,0.235
dili_multiclass,328,57363,42,5,orf_style,0,0,0.725,0.03,0.245
dili_multiclass,373,5311454,42,5,orf_style,0,0,0.3,0.44,0.26
dili_multiclass,390,25077179,42,5,orf_style,0,0,0.725,0.015,0.26
dili_multiclass,393,135398740,42,5,orf_style,0,0,0.49,0.125,0.385
dili_multiclass,398,10034073,42,5,orf_style,0,0,0.305,0.165,0.53
dili_multiclass,402,10413,42,5,orf_style,0,0,0.405,0.23,0.365
dili_multiclass,407,11978813,42,5,orf_style,0,0,0.39,0.105,0.505
dili_multiclass,409,124081876,42,5,orf_style,0,0,0.44,0.095,0.465
dili_multiclass,414,15951529,42,5,orf_style,0,0,0.48,0.195,0.325
dili_multiclass,432,5462328,42,5,orf_style,0,0,0.715,0.01,0.275
dili_multiclass,444,92786,42,5,orf_style,0,0,0.63,0.13,0.24
dili_multiclass,445,936,42,5,orf_style,0,0,0.54,0.045,0.415
dili_multiclass,454,3157,42,5,orf_style,0,0,0.54,0.135,0.325
dili_multiclass,455,3291,42,5,orf_style,0,1,0.23,0.6,0.17
dili_multiclass,463,4909,42,5,orf_style,0,0,0.25,0.35,0.4
dili_multiclass,464,4923,42,5,orf_style,0,0,0.64,0.045,0.315
dili_multiclass,466,5479,42,5,orf_style,0,2,0.22,0.31,0.47
dili_multiclass,475,30751,42,5,orf_style,0,0,0.535,0.25,0.215
dili_multiclass,476,37542,42,5,orf_style,0,0,0.515,0.19,0.295
dili_multiclass,484,73303,42,5,orf_style,0,1,0.1,0.745,0.155
dili_multiclass,520,25084151,42,5,orf_style,0,0,0.69,0.055,0.255
dili_multiclass,524,44462760,42,5,orf_style,0,0,0.535,0.1,0.365
dili_multiclass,525,45375808,42,5,orf_style,0,0,0.295,0.13,0.575
dili_multiclass,550,24958200,42,5,orf_style,0,1,0.225,0.58,0.195
dili_multiclass,555,50905713,42,5,orf_style,0,0,0.42,0.125,0.455
dili_multiclass,1,1935,42,5,bworf_no_mi,2,1,0.225,0.57,0.205
dili_multiclass,7,2726,42,5,bworf_no_mi,2,2,0.235,0.11,0.655
dili_multiclass,11,3117,42,5,bworf_no_mi,2,0,0.36,0.22,0.42
dili_multiclass,12,3385,42,5,bworf_no_mi,2,1,0.15,0.545,0.305
dili_multiclass,22,4583,42,5,bworf_no_mi,2,2,0.125,0.31,0.565
dili_multiclass,38,441401,42,5,bworf_no_mi,2,0,0.71,0.09,0.2
dili_multiclass,49,135401907,42,5,bworf_no_mi,2,2,0.165,0.255,0.58
dili_multiclass,67,2662,42,5,bworf_no_mi,2,1,0.2,0.34,0.46
dili_multiclass,68,2733,42,5,bworf_no_mi,2,0,0.45,0.165,0.385
dili_multiclass,101,33613,42,5,bworf_no_mi,2,2,0.11,0.35,0.54
dili_multiclass,107,54687,42,5,bworf_no_mi,2,2,0.385,0.105,0.51
dili_multiclass,113,68617,42,5,bworf_no_mi,2,0,0.65,0.135,0.215
dili_multiclass,117,152946,42,5,bworf_no_mi,2,1,0.18,0.525,0.295
dili_multiclass,118,176870,42,5,bworf_no_mi,2,0,0.595,0.165,0.24
dili_multiclass,154,3372,42,5,bworf_no_mi,1,2,0.27,0.21,0.52
dili_multiclass,160,3657,42,5,bworf_no_mi,1,2,0.39,0.08,0.53
dili_multiclass,166,3883,42,5,bworf_no_mi,1,2,0.19,0.145,0.665
dili_multiclass,187,14956,42,5,bworf_no_mi,1,2,0.375,0.085,0.54
dili_multiclass,192,42113,42,5,bworf_no_mi,1,1,0.215,0.52,0.265
dili_multiclass,201,93860,42,5,bworf_no_mi,1,1,0.1,0.68,0.22
dili_multiclass,202,104865,42,5,bworf_no_mi,1,0,0.605,0.195,0.2
dili_multiclass,207,216237,42,5,bworf_no_mi,1,1,0.385,0.415,0.2
dili_multiclass,228,9853053,42,5,bworf_no_mi,1,1,0.35,0.53,0.12
dili_multiclass,234,54677470,42,5,bworf_no_mi,1,2,0.2,0.3,0.5
dili_multiclass,264,3324,42,5,bworf_no_mi,0,0,0.665,0.15,0.185
dili_multiclass,270,3599,42,5,bworf_no_mi,0,0,0.44,0.345,0.215
dili_multiclass,280,4236,42,5,bworf_no_mi,0,1,0.095,0.455,0.45
dili_multiclass,282,4499,42,5,bworf_no_mi,0,1,0.22,0.505,0.275
dili_multiclass,297,5732,42,5,bworf_no_mi,0,0,0.435,0.215,0.35
dili_multiclass,298,5770,42,5,bworf_no_mi,0,2,0.405,0.11,0.485
dili_multiclass,299,5918,42,5,bworf_no_mi,0,2,0.305,0.27,0.425
dili_multiclass,325,39147,42,5,bworf_no_mi,0,0,0.615,0.225,0.16
dili_multiclass,328,57363,42,5,bworf_no_mi,0,0,0.78,0.075,0.145
dili_multiclass,373,5311454,42,5,bworf_no_mi,0,1,0.15,0.575,0.275
dili_multiclass,390,25077179,42,5,bworf_no_mi,0,0,0.81,0.015,0.175
dili_multiclass,393,135398740,42,5,bworf_no_mi,0,2,0.39,0.15,0.46
dili_multiclass,398,10034073,42,5,bworf_no_mi,0,2,0.24,0.255,0.505
dili_multiclass,402,10413,42,5,bworf_no_mi,0,0,0.355,0.275,0.37
dili_multiclass,407,11978813,42,5,bworf_no_mi,0,2,0.265,0.135,0.6
dili_multiclass,409,124081876,42,5,bworf_no_mi,0,2,0.38,0.08,0.54
dili_multiclass,414,15951529,42,5,bworf_no_mi,0,0,0.39,0.315,0.295
dili_multiclass,432,5462328,42,5,bworf_no_mi,0,0,0.79,0.015,0.195
dili_multiclass,444,92786,42,5,bworf_no_mi,0,0,0.57,0.3,0.13
dili_multiclass,445,936,42,5,bworf_no_mi,0,2,0.365,0.1,0.535
dili_multiclass,454,3157,42,5,bworf_no_mi,0,0,0.435,0.145,0.42
dili_multiclass,455,3291,42,5,bworf_no_mi,0,1,0.07,0.77,0.16
dili_multiclass,463,4909,42,5,bworf_no_mi,0,2,0.065,0.38,0.555
dili_multiclass,464,4923,42,5,bworf_no_mi,0,0,0.635,0.07,0.295
dili_multiclass,466,5479,42,5,bworf_no_mi,0,2,0.17,0.265,0.565
dili_multiclass,475,30751,42,5,bworf_no_mi,0,0,0.56,0.35,0.09
dili_multiclass,476,37542,42,5,bworf_no_mi,0,0,0.395,0.3,0.305
dili_multiclass,484,73303,42,5,bworf_no_mi,0,1,0.065,0.745,0.19
dili_multiclass,520,25084151,42,5,bworf_no_mi,0,0,0.735,0.105,0.16
dili_multiclass,524,44462760,42,5,bworf_no_mi,0,0,0.435,0.26,0.305
dili_multiclass,525,45375808,42,5,bworf_no_mi,0,2,0.215,0.165,0.62
dili_multiclass,550,24958200,42,5,bworf_no_mi,0,1,0.04,0.82,0.14
dili_multiclass,555,50905713,42,5,bworf_no_mi,0,2,0.305,0.145,0.55
dili_multiclass,1,1935,42,5,bworf_mi,2,1,0.4183333333333333,0.4783333333333333,0.10333333333333333
dili_multiclass,7,2726,42,5,bworf_mi,2,2,0.3266666666666667,0.24666666666666667,0.42666666666666664
dili_multiclass,11,3117,42,5,bworf_mi,2,1,0.32166666666666666,0.3416666666666666,0.33666666666666667
dili_multiclass,12,3385,42,5,bworf_mi,2,2,0.32,0.21,0.47
dili_multiclass,22,4583,42,5,bworf_mi,2,2,0.37166666666666665,0.16666666666666669,0.4616666666666667
dili_multiclass,38,441401,42,5,bworf_mi,2,0,0.455,0.26,0.285
dili_multiclass,49,135401907,42,5,bworf_mi,2,2,0.325,0.205,0.47
dili_multiclass,67,2662,42,5,bworf_mi,2,2,0.375,0.24,0.385
dili_multiclass,68,2733,42,5,bworf_mi,2,2,0.26,0.28,0.46
dili_multiclass,101,33613,42,5,bworf_mi,2,1,0.21166666666666667,0.41666666666666663,0.37166666666666665
dili_multiclass,107,54687,42,5,bworf_mi,2,2,0.32,0.31,0.37
dili_multiclass,113,68617,42,5,bworf_mi,2,0,0.39666666666666667,0.2966666666666667,0.3066666666666667
dili_multiclass,117,152946,42,5,bworf_mi,2,0,0.4016666666666666,0.36666666666666664,0.2316666666666667
dili_multiclass,118,176870,42,5,bworf_mi,2,0,0.41666666666666663,0.2916666666666667,0.29166666666666663
dili_multiclass,154,3372,42,5,bworf_mi,1,2,0.4333333333333333,0.12333333333333332,0.4433333333333333
dili_multiclass,160,3657,42,5,bworf_mi,1,2,0.315,0.19,0.495
dili_multiclass,166,3883,42,5,bworf_mi,1,2,0.16833333333333336,0.42833333333333334,0.4033333333333334
dili_multiclass,187,14956,42,5,bworf_mi,1,0,0.44,0.18,0.38
dili_multiclass,192,42113,42,5,bworf_mi,1,2,0.29,0.2,0.51
dili_multiclass,201,93860,42,5,bworf_mi,1,0,0.42833333333333345,0.38833333333333336,0.18333333333333332
dili_multiclass,202,104865,42,5,bworf_mi,1,0,0.475,0.14,0.385
dili_multiclass,207,216237,42,5,bworf_mi,1,1,0.16000000000000003,0.44,0.4
dili_multiclass,228,9853053,42,5,bworf_mi,1,0,0.5633333333333332,0.18333333333333335,0.2533333333333333
dili_multiclass,234,54677470,42,5,bworf_mi,1,2,0.1,0.415,0.485
dili_multiclass,264,3324,42,5,bworf_mi,0,0,0.5533333333333332,0.2783333333333334,0.16833333333333336
dili_multiclass,270,3599,42,5,bworf_mi,0,0,0.48833333333333334,0.2833333333333333,0.22833333333333336
dili_multiclass,280,4236,42,5,bworf_mi,0,2,0.29,0.335,0.375
dili_multiclass,282,4499,42,5,bworf_mi,0,0,0.4183333333333333,0.31333333333333335,0.26833333333333337
dili_multiclass,297,5732,42,5,bworf_mi,0,1,0.2833333333333333,0.3983333333333334,0.3183333333333333
dili_multiclass,298,5770,42,5,bworf_mi,0,0,0.45166666666666666,0.37166666666666665,0.17666666666666667
dili_multiclass,299,5918,42,5,bworf_mi,0,2,0.35,0.165,0.485
dili_multiclass,325,39147,42,5,bworf_mi,0,0,0.5750000000000001,0.195,0.22999999999999995
dili_multiclass,328,57363,42,5,bworf_mi,0,0,0.46333333333333343,0.19833333333333328,0.3383333333333334
dili_multiclass,373,5311454,42,5,bworf_mi,0,2,0.3633333333333333,0.2633333333333333,0.3733333333333333
dili_multiclass,390,25077179,42,5,bworf_mi,0,0,0.6333333333333333,0.2683333333333333,0.09833333333333334
dili_multiclass,393,135398740,42,5,bworf_mi,0,0,0.45,0.285,0.26499999999999996
dili_multiclass,398,10034073,42,5,bworf_mi,0,2,0.25333333333333335,0.3233333333333333,0.42333333333333334
dili_multiclass,402,10413,42,5,bworf_mi,0,0,0.655,0.045,0.3
dili_multiclass,407,11978813,42,5,bworf_mi,0,0,0.48,0.215,0.305
dili_multiclass,409,124081876,42,5,bworf_mi,0,0,0.47833333333333333,0.13833333333333334,0.38333333333333336
dili_multiclass,414,15951529,42,5,bworf_mi,0,2,0.3,0.3,0.4
dili_multiclass,432,5462328,42,5,bworf_mi,0,0,0.5616666666666668,0.09666666666666668,0.3416666666666666
dili_multiclass,444,92786,42,5,bworf_mi,0,0,0.51,0.16,0.33
dili_multiclass,445,936,42,5,bworf_mi,0,2,0.3883333333333333,0.17333333333333337,0.4383333333333333
dili_multiclass,454,3157,42,5,bworf_mi,0,0,0.5233333333333333,0.29333333333333333,0.18333333333333335
dili_multiclass,455,3291,42,5,bworf_mi,0,0,0.625,0.085,0.29
dili_multiclass,463,4909,42,5,bworf_mi,0,2,0.2083333333333333,0.42333333333333345,0.36833333333333335
dili_multiclass,464,4923,42,5,bworf_mi,0,1,0.37833333333333335,0.3833333333333333,0.2383333333333333
dili_multiclass,466,5479,42,5,bworf_mi,0,2,0.14833333333333332,0.4433333333333333,0.40833333333333327
dili_multiclass,475,30751,42,5,bworf_mi,0,1,0.30833333333333335,0.4083333333333334,0.2833333333333333
dili_multiclass,476,37542,42,5,bworf_mi,0,2,0.3733333333333333,0.3183333333333333,0.30833333333333335
dili_multiclass,484,73303,42,5,bworf_mi,0,1,0.33,0.4200000000000001,0.25
dili_multiclass,520,25084151,42,5,bworf_mi,0,0,0.6283333333333333,0.29333333333333333,0.07833333333333332
dili_multiclass,524,44462760,42,5,bworf_mi,0,1,0.32,0.295,0.38500000000000006
dili_multiclass,525,45375808,42,5,bworf_mi,0,1,0.3066666666666667,0.3966666666666667,0.29666666666666663
dili_multiclass,550,24958200,42,5,bworf_mi,0,0,0.4266666666666667,0.32166666666666666,0.25166666666666665
dili_multiclass,555,50905713,42,5,bworf_mi,0,2,0.31166666666666665,0.3216666666666667,0.36666666666666664
dili_multiclass,6,2554,42,6,orf_style,2,0,0.58,0.095,0.325
dili_multiclass,15,3637,42,6,orf_style,2,0,0.305,0.28,0.415
dili_multiclass,36,149096,42,6,orf_style,2,2,0.27,0.11,0.62
dili_multiclass,56,23925,42,6,orf_style,2,0,0.405,0.115,0.48
dili_multiclass,60,54675776,42,6,orf_style,2,0,0.36,0.105,0.535
dili_multiclass,61,298,42,6,orf_style,2,0,0.4,0.175,0.425
dili_multiclass,64,2160,42,6,orf_style,2,0,0.355,0.455,0.19
dili_multiclass,72,3114,42,6,orf_style,2,0,0.655,0.11,0.235
dili_multiclass,80,3821,42,6,orf_style,2,1,0.11,0.565,0.325
dili_multiclass,90,5394,42,6,orf_style,2,0,0.435,0.165,0.4
dili_multiclass,103,43672,42,6,orf_style,2,0,0.375,0.38,0.245
dili_multiclass,114,71616,42,6,orf_style,2,0,0.44,0.23,0.33
dili_multiclass,133,9875401,42,6,orf_style,2,0,0.565,0.115,0.32
dili_multiclass,137,135398737,42,6,orf_style,2,0,0.325,0.175,0.5
dili_multiclass,161,3675,42,6,orf_style,1,0,0.61,0.145,0.245
dili_multiclass,162,3715,42,6,orf_style,1,0,0.325,0.29,0.385
dili_multiclass,177,4829,42,6,orf_style,1,0,0.67,0.11,0.22
dili_multiclass,178,4913,42,6,orf_style,1,0,0.365,0.385,0.25
dili_multiclass,179,5070,42,6,orf_style,1,1,0.18,0.475,0.345
dili_multiclass,189,34312,42,6,orf_style,1,0,0.29,0.39,0.32
dili_multiclass,203,134018,42,6,orf_style,1,0,0.45,0.2,0.35
dili_multiclass,217,4659569,42,6,orf_style,1,0,0.375,0.085,0.54
dili_multiclass,220,5310966,42,6,orf_style,1,0,0.55,0.045,0.405
dili_multiclass,239,108150,42,6,orf_style,1,0,0.635,0.16,0.205
dili_multiclass,247,2381,42,6,orf_style,0,0,0.72,0.01,0.27
dili_multiclass,255,2789,42,6,orf_style,0,0,0.485,0.12,0.395
dili_multiclass,269,3519,42,6,orf_style,0,0,0.545,0.11,0.345
dili_multiclass,278,4192,42,6,orf_style,0,0,0.5,0.065,0.435
dili_multiclass,291,5071,42,6,orf_style,0,0,0.645,0.02,0.335
dili_multiclass,302,6047,42,6,orf_style,0,0,0.34,0.1,0.56
dili_multiclass,305,6726,42,6,orf_style,0,0,0.755,0.025,0.22
dili_multiclass,327,51634,42,6,orf_style,0,0,0.455,0.3,0.245
dili_multiclass,331,59868,42,6,orf_style,0,2,0.2,0.36,0.44
dili_multiclass,332,60613,42,6,orf_style,0,0,0.59,0.235,0.175
dili_multiclass,337,62816,42,6,orf_style,0,0,0.73,0.035,0.235
dili_multiclass,340,71301,42,6,orf_style,0,0,0.645,0.03,0.325
dili_multiclass,362,656719,42,6,orf_style,0,0,0.34,0.43,0.23
dili_multiclass,389,23673837,42,6,orf_style,0,1,0.12,0.69,0.19
dili_multiclass,395,220495,42,6,orf_style,0,0,0.735,0.035,0.23
dili_multiclass,396,2782115,42,6,orf_style,0,0,0.405,0.06,0.535
dili_multiclass,401,10311306,42,6,orf_style,0,1,0.295,0.525,0.18
dili_multiclass,411,131682,42,6,orf_style,0,0,0.46,0.23,0.31
dili_multiclass,446,9837243,42,6,orf_style,0,1,0.275,0.6,0.125
dili_multiclass,447,9913767,42,6,orf_style,0,1,0.26,0.585,0.155
dili_multiclass,457,3826,42,6,orf_style,0,0,0.245,0.405,0.35
dili_multiclass,461,4409,42,6,orf_style,0,0,0.57,0.13,0.3
dili_multiclass,473,10133,42,6,orf_style,0,0,0.545,0.2,0.255
dili_multiclass,486,99428,42,6,orf_style,0,0,0.425,0.06,0.515
dili_multiclass,488,107807,42,6,orf_style,0,0,0.565,0.2,0.235
dili_multiclass,516,11450633,42,6,orf_style,0,0,0.59,0.225,0.185
dili_multiclass,521,25102847,42,6,orf_style,0,0,0.535,0.05,0.415
dili_multiclass,526,49800073,42,6,orf_style,0,0,0.435,0.235,0.33
dili_multiclass,533,135403821,42,6,orf_style,0,0,0.74,0.035,0.225
dili_multiclass,544,135423438,42,6,orf_style,0,0,0.49,0.22,0.29
dili_multiclass,549,24775005,42,6,orf_style,0,0,0.5,0.39,0.11
dili_multiclass,554,49803313,42,6,orf_style,0,0,0.765,0.03,0.205
dili_multiclass,564,6918248,42,6,orf_style,0,0,0.445,0.3,0.255
dili_multiclass,6,2554,42,6,bworf_no_mi,2,0,0.525,0.145,0.33
dili_multiclass,15,3637,42,6,bworf_no_mi,2,2,0.18,0.35,0.47
dili_multiclass,36,149096,42,6,bworf_no_mi,2,2,0.235,0.2,0.565
dili_multiclass,56,23925,42,6,bworf_no_mi,2,2,0.265,0.19,0.545
dili_multiclass,60,54675776,42,6,bworf_no_mi,2,2,0.295,0.105,0.6
dili_multiclass,61,298,42,6,bworf_no_mi,2,2,0.31,0.305,0.385
dili_multiclass,64,2160,42,6,bworf_no_mi,2,1,0.15,0.675,0.175
dili_multiclass,72,3114,42,6,bworf_no_mi,2,0,0.525,0.205,0.27
dili_multiclass,80,3821,42,6,bworf_no_mi,2,1,0.07,0.645,0.285
dili_multiclass,90,5394,42,6,bworf_no_mi,2,2,0.395,0.17,0.435
dili_multiclass,103,43672,42,6,bworf_no_mi,2,1,0.29,0.475,0.235
dili_multiclass,114,71616,42,6,bworf_no_mi,2,2,0.31,0.335,0.355
dili_multiclass,133,9875401,42,6,bworf_no_mi,2,0,0.48,0.25,0.27
dili_multiclass,137,135398737,42,6,bworf_no_mi,2,2,0.225,0.225,0.55
dili_multiclass,161,3675,42,6,bworf_no_mi,1,0,0.53,0.21,0.26
dili_multiclass,162,3715,42,6,bworf_no_mi,1,2,0.27,0.34,0.39
dili_multiclass,177,4829,42,6,bworf_no_mi,1,0,0.605,0.105,0.29
dili_multiclass,178,4913,42,6,bworf_no_mi,1,2,0.215,0.415,0.37
dili_multiclass,179,5070,42,6,bworf_no_mi,1,1,0.115,0.585,0.3
dili_multiclass,189,34312,42,6,bworf_no_mi,1,1,0.245,0.51,0.245
dili_multiclass,203,134018,42,6,bworf_no_mi,1,2,0.295,0.36,0.345
dili_multiclass,217,4659569,42,6,bworf_no_mi,1,2,0.355,0.08,0.565
dili_multiclass,220,5310966,42,6,bworf_no_mi,1,2,0.375,0.08,0.545
dili_multiclass,239,108150,42,6,bworf_no_mi,1,0,0.565,0.285,0.15
dili_multiclass,247,2381,42,6,bworf_no_mi,0,0,0.7,0.05,0.25
dili_multiclass,255,2789,42,6,bworf_no_mi,0,0,0.405,0.205,0.39
dili_multiclass,269,3519,42,6,bworf_no_mi,0,0,0.45,0.17,0.38
dili_multiclass,278,4192,42,6,bworf_no_mi,0,2,0.365,0.145,0.49
dili_multiclass,291,5071,42,6,bworf_no_mi,0,0,0.62,0.04,0.34
dili_multiclass,302,6047,42,6,bworf_no_mi,0,2,0.385,0.095,0.52
dili_multiclass,305,6726,42,6,bworf_no_mi,0,0,0.69,0.035,0.275
dili_multiclass,327,51634,42,6,bworf_no_mi,0,0,0.535,0.195,0.27
dili_multiclass,331,59868,42,6,bworf_no_mi,0,1,0.115,0.465,0.42
dili_multiclass,332,60613,42,6,bworf_no_mi,0,0,0.42,0.41,0.17
dili_multiclass,337,62816,42,6,bworf_no_mi,0,0,0.63,0.065,0.305
dili_multiclass,340,71301,42,6,bworf_no_mi,0,0,0.465,0.08,0.455
dili_multiclass,362,656719,42,6,bworf_no_mi,0,1,0.24,0.495,0.265
dili_multiclass,389,23673837,42,6,bworf_no_mi,0,1,0.175,0.63,0.195
dili_multiclass,395,220495,42,6,bworf_no_mi,0,0,0.645,0.075,0.28
dili_multiclass,396,2782115,42,6,bworf_no_mi,0,2,0.335,0.115,0.55
dili_multiclass,401,10311306,42,6,bworf_no_mi,0,1,0.17,0.655,0.175
dili_multiclass,411,131682,42,6,bworf_no_mi,0,0,0.505,0.27,0.225
dili_multiclass,446,9837243,42,6,bworf_no_mi,0,1,0.105,0.775,0.12
dili_multiclass,447,9913767,42,6,bworf_no_mi,0,1,0.245,0.545,0.21
dili_multiclass,457,3826,42,6,bworf_no_mi,0,1,0.12,0.58,0.3
dili_multiclass,461,4409,42,6,bworf_no_mi,0,0,0.54,0.22,0.24
dili_multiclass,473,10133,42,6,bworf_no_mi,0,1,0.33,0.415,0.255
dili_multiclass,486,99428,42,6,bworf_no_mi,0,2,0.345,0.13,0.525
dili_multiclass,488,107807,42,6,bworf_no_mi,0,0,0.42,0.39,0.19
dili_multiclass,516,11450633,42,6,bworf_no_mi,0,0,0.49,0.395,0.115
dili_multiclass,521,25102847,42,6,bworf_no_mi,0,2,0.39,0.075,0.535
dili_multiclass,526,49800073,42,6,bworf_no_mi,0,0,0.43,0.275,0.295
dili_multiclass,533,135403821,42,6,bworf_no_mi,0,0,0.65,0.155,0.195
dili_multiclass,544,135423438,42,6,bworf_no_mi,0,0,0.415,0.3,0.285
dili_multiclass,549,24775005,42,6,bworf_no_mi,0,1,0.3,0.585,0.115
dili_multiclass,554,49803313,42,6,bworf_no_mi,0,0,0.725,0.085,0.19
dili_multiclass,564,6918248,42,6,bworf_no_mi,0,1,0.325,0.39,0.285
dili_multiclass,6,2554,42,6,bworf_mi,2,0,0.445,0.29,0.26499999999999996
dili_multiclass,15,3637,42,6,bworf_mi,2,2,0.3233333333333333,0.30333333333333334,0.3733333333333333
dili_multiclass,36,149096,42,6,bworf_mi,2,2,0.4049999999999999,0.155,0.44
dili_multiclass,56,23925,42,6,bworf_mi,2,2,0.5,0.04,0.46
dili_multiclass,60,54675776,42,6,bworf_mi,2,2,0.49499999999999994,0.065,0.44
dili_multiclass,61,298,42,6,bworf_mi,2,2,0.36833333333333335,0.2783333333333334,0.3533333333333333
dili_multiclass,64,2160,42,6,bworf_mi,2,1,0.3133333333333333,0.5083333333333333,0.17833333333333332
dili_multiclass,72,3114,42,6,bworf_mi,2,0,0.4766666666666666,0.39666666666666667,0.12666666666666668
dili_multiclass,80,3821,42,6,bworf_mi,2,1,0.17,0.53,0.3
dili_multiclass,90,5394,42,6,bworf_mi,2,2,0.45,0.075,0.475
dili_multiclass,103,43672,42,6,bworf_mi,2,1,0.30333333333333334,0.4283333333333333,0.26833333333333337
dili_multiclass,114,71616,42,6,bworf_mi,2,0,0.3933333333333333,0.3233333333333333,0.2833333333333333
dili_multiclass,133,9875401,42,6,bworf_mi,2,2,0.3483333333333333,0.2833333333333333,0.3683333333333333
dili_multiclass,137,135398737,42,6,bworf_mi,2,0,0.465,0.18,0.3549999999999999
dili_multiclass,161,3675,42,6,bworf_mi,1,2,0.4683333333333334,0.08833333333333332,0.44333333333333336
dili_multiclass,162,3715,42,6,bworf_mi,1,2,0.24666666666666665,0.3416666666666666,0.4116666666666666
dili_multiclass,177,4829,42,6,bworf_mi,1,2,0.3,0.365,0.335
dili_multiclass,178,4913,42,6,bworf_mi,1,0,0.45833333333333337,0.21833333333333332,0.32333333333333336
dili_multiclass,179,5070,42,6,bworf_mi,1,2,0.345,0.165,0.49
dili_multiclass,189,34312,42,6,bworf_mi,1,1,0.385,0.4,0.215
dili_multiclass,203,134018,42,6,bworf_mi,1,2,0.32833333333333337,0.2733333333333333,0.39833333333333326
dili_multiclass,217,4659569,42,6,bworf_mi,1,2,0.375,0.14,0.485
dili_multiclass,220,5310966,42,6,bworf_mi,1,2,0.3933333333333333,0.22333333333333333,0.3833333333333333
dili_multiclass,239,108150,42,6,bworf_mi,1,0,0.62,0.06,0.32
dili_multiclass,247,2381,42,6,bworf_mi,0,0,0.4016666666666666,0.30166666666666664,0.29666666666666663
dili_multiclass,255,2789,42,6,bworf_mi,0,2,0.38666666666666666,0.2016666666666667,0.4116666666666666
dili_multiclass,269,3519,42,6,bworf_mi,0,2,0.3816666666666667,0.23166666666666663,0.38666666666666666
dili_multiclass,278,4192,42,6,bworf_mi,0,2,0.40833333333333327,0.2033333333333333,0.38833333333333336
dili_multiclass,291,5071,42,6,bworf_mi,0,0,0.4733333333333334,0.25833333333333336,0.2683333333333333
dili_multiclass,302,6047,42,6,bworf_mi,0,2,0.46,0.05,0.49
dili_multiclass,305,6726,42,6,bworf_mi,0,0,0.4533333333333334,0.22833333333333333,0.3183333333333333
dili_multiclass,327,51634,42,6,bworf_mi,0,0,0.4366666666666667,0.20166666666666663,0.3616666666666667
dili_multiclass,331,59868,42,6,bworf_mi,0,0,0.45833333333333326,0.29333333333333333,0.24833333333333335
dili_multiclass,332,60613,42,6,bworf_mi,0,0,0.4133333333333333,0.3633333333333333,0.22333333333333336
dili_multiclass,337,62816,42,6,bworf_mi,0,0,0.6116666666666667,0.03666666666666667,0.3516666666666666
dili_multiclass,340,71301,42,6,bworf_mi,0,0,0.42333333333333334,0.22333333333333333,0.3533333333333333
dili_multiclass,362,656719,42,6,bworf_mi,0,1,0.25833333333333336,0.40833333333333327,0.33333333333333337
dili_multiclass,389,23673837,42,6,bworf_mi,0,1,0.35,0.48,0.17
dili_multiclass,395,220495,42,6,bworf_mi,0,0,0.5183333333333333,0.14333333333333334,0.3383333333333334
dili_multiclass,396,2782115,42,6,bworf_mi,0,2,0.4,0.125,0.475
dili_multiclass,401,10311306,42,6,bworf_mi,0,0,0.5383333333333333,0.17333333333333337,0.28833333333333333
dili_multiclass,411,131682,42,6,bworf_mi,0,0,0.45333333333333337,0.2733333333333334,0.2733333333333334
dili_multiclass,446,9837243,42,6,bworf_mi,0,1,0.34166666666666673,0.5116666666666667,0.14666666666666667
dili_multiclass,447,9913767,42,6,bworf_mi,0,1,0.385,0.475,0.14
dili_multiclass,457,3826,42,6,bworf_mi,0,2,0.355,0.16,0.485
dili_multiclass,461,4409,42,6,bworf_mi,0,1,0.285,0.4,0.315
dili_multiclass,473,10133,42,6,bworf_mi,0,0,0.48,0.24,0.28
dili_multiclass,486,99428,42,6,bworf_mi,0,1,0.3516666666666666,0.4466666666666667,0.20166666666666663
dili_multiclass,488,107807,42,6,bworf_mi,0,1,0.19833333333333336,0.5083333333333333,0.29333333333333333
dili_multiclass,516,11450633,42,6,bworf_mi,0,0,0.525,0.325,0.15
dili_multiclass,521,25102847,42,6,bworf_mi,0,0,0.5066666666666667,0.1366666666666667,0.3566666666666667
dili_multiclass,526,49800073,42,6,bworf_mi,0,0,0.48833333333333334,0.17833333333333334,0.33333333333333337
dili_multiclass,533,135403821,42,6,bworf_mi,0,0,0.4983333333333333,0.16833333333333333,0.33333333333333326
dili_multiclass,544,135423438,42,6,bworf_mi,0,0,0.46666666666666673,0.21666666666666665,0.31666666666666665
dili_multiclass,549,24775005,42,6,bworf_mi,0,0,0.4766666666666666,0.30666666666666664,0.21666666666666667
dili_multiclass,554,49803313,42,6,bworf_mi,0,0,0.53,0.345,0.125
dili_multiclass,564,6918248,42,6,bworf_mi,0,0,0.41,0.285,0.305
dili_multiclass,27,12560,42,7,orf_style,2,2,0.215,0.145,0.64
dili_multiclass,33,60823,42,7,orf_style,2,0,0.27,0.325,0.405
dili_multiclass,46,9887054,42,7,orf_style,2,0,0.67,0.075,0.255
dili_multiclass,52,2244,42,7,orf_style,2,0,0.34,0.33,0.33
dili_multiclass,66,2520,42,7,orf_style,2,1,0.33,0.55,0.12
dili_multiclass,73,3226,42,7,orf_style,2,0,0.375,0.265,0.36
dili_multiclass,77,3559,42,7,orf_style,2,0,0.45,0.07,0.48
dili_multiclass,81,3899,42,7,orf_style,2,0,0.545,0.14,0.315
dili_multiclass,93,5452,42,7,orf_style,2,0,0.5,0.115,0.385
dili_multiclass,105,44093,42,7,orf_style,2,0,0.41,0.145,0.445
dili_multiclass,108,55283,42,7,orf_style,2,0,0.325,0.28,0.395
dili_multiclass,110,60606,42,7,orf_style,2,0,0.455,0.25,0.295
dili_multiclass,132,6439133,42,7,orf_style,2,0,0.43,0.34,0.23
dili_multiclass,140,5746,42,7,orf_style,2,1,0.17,0.575,0.255
dili_multiclass,141,444,42,7,orf_style,1,0,0.49,0.18,0.33
dili_multiclass,143,2019,42,7,orf_style,1,0,0.63,0.21,0.16
dili_multiclass,147,2541,42,7,orf_style,1,0,0.645,0.16,0.195
dili_multiclass,151,3308,42,7,orf_style,1,0,0.385,0.28,0.335
dili_multiclass,171,4205,42,7,orf_style,1,0,0.44,0.31,0.25
dili_multiclass,185,6253,42,7,orf_style,1,0,0.77,0.005000000000000001,0.225
dili_multiclass,196,60854,42,7,orf_style,1,0,0.64,0.065,0.295
dili_multiclass,204,148124,42,7,orf_style,1,0,0.495,0.24,0.265
dili_multiclass,232,24776445,42,7,orf_style,1,0,0.57,0.07,0.36
dili_multiclass,235,54678486,42,7,orf_style,1,1,0.135,0.69,0.175
dili_multiclass,244,2153,42,7,orf_style,0,2,0.225,0.24,0.535
dili_multiclass,245,2170,42,7,orf_style,0,0,0.375,0.31,0.315
dili_multiclass,248,2391,42,7,orf_style,0,0,0.415,0.095,0.49
dili_multiclass,310,9354,42,7,orf_style,0,0,0.315,0.21,0.475
dili_multiclass,323,37464,42,7,orf_style,0,0,0.705,0.115,0.18
dili_multiclass,329,59227,42,7,orf_style,0,0,0.58,0.1,0.32
dili_multiclass,354,197712,42,7,orf_style,0,2,0.165,0.295,0.54
dili_multiclass,379,9924495,42,7,orf_style,0,0,0.435,0.27,0.295
dili_multiclass,394,135413536,42,7,orf_style,0,0,0.47,0.3,0.23
dili_multiclass,404,11304743,42,7,orf_style,0,0,0.7,0.08,0.22
dili_multiclass,406,11753673,42,7,orf_style,0,0,0.7,0.07,0.23
dili_multiclass,408,121892,42,7,orf_style,0,0,0.32,0.445,0.235
dili_multiclass,413,1548994,42,7,orf_style,0,0,0.51,0.165,0.325
dili_multiclass,415,16078,42,7,orf_style,0,0,0.305,0.47,0.225
dili_multiclass,419,23652731,42,7,orf_style,0,0,0.475,0.355,0.17
dili_multiclass,420,23725625,42,7,orf_style,0,0,0.68,0.09,0.23
dili_multiclass,424,4021,42,7,orf_style,0,1,0.21,0.51,0.28
dili_multiclass,426,45138674,42,7,orf_style,0,0,0.63,0.075,0.295
dili_multiclass,428,49846579,42,7,orf_style,0,1,0.28,0.51,0.21
dili_multiclass,434,5484725,42,7,orf_style,0,0,0.655,0.155,0.19
dili_multiclass,459,4064,42,7,orf_style,0,0,0.6,0.135,0.265
dili_multiclass,469,5583,42,7,orf_style,0,0,0.325,0.475,0.2
dili_multiclass,477,47811,42,7,orf_style,0,0,0.72,0.019999999999999997,0.26
dili_multiclass,487,104741,42,7,orf_style,0,0,0.56,0.265,0.175
dili_multiclass,500,3081361,42,7,orf_style,0,0,0.56,0.16,0.28
dili_multiclass,502,5360515,42,7,orf_style,0,0,0.785,0.01,0.205
dili_multiclass,522,25154714,42,7,orf_style,0,0,0.76,0.03,0.21
dili_multiclass,528,54680690,42,7,orf_style,0,0,0.46,0.065,0.475
dili_multiclass,532,135400189,42,7,orf_style,0,1,0.3,0.595,0.105
dili_multiclass,558,54697325,42,7,orf_style,0,0,0.61,0.105,0.285
dili_multiclass,562,644019,42,7,orf_style,0,1,0.105,0.57,0.325
dili_multiclass,567,71657455,42,7,orf_style,0,1,0.325,0.575,0.1
dili_multiclass,570,91669168,42,7,orf_style,0,0,0.75,0.045,0.205
dili_multiclass,27,12560,42,7,bworf_no_mi,2,2,0.145,0.155,0.7
dili_multiclass,33,60823,42,7,bworf_no_mi,2,2,0.28,0.3,0.42
dili_multiclass,46,9887054,42,7,bworf_no_mi,2,0,0.52,0.28,0.2
dili_multiclass,52,2244,42,7,bworf_no_mi,2,1,0.285,0.395,0.32
dili_multiclass,66,2520,42,7,bworf_no_mi,2,1,0.225,0.62,0.155
dili_multiclass,73,3226,42,7,bworf_no_mi,2,2,0.255,0.315,0.43
dili_multiclass,77,3559,42,7,bworf_no_mi,2,2,0.285,0.09,0.625
dili_multiclass,81,3899,42,7,bworf_no_mi,2,2,0.385,0.265,0.35
dili_multiclass,93,5452,42,7,bworf_no_mi,2,2,0.42,0.17,0.41
dili_multiclass,105,44093,42,7,bworf_no_mi,2,2,0.395,0.21,0.395
dili_multiclass,108,55283,42,7,bworf_no_mi,2,2,0.33,0.305,0.365
dili_multiclass,110,60606,42,7,bworf_no_mi,2,0,0.435,0.27,0.295
dili_multiclass,132,6439133,42,7,bworf_no_mi,2,1,0.385,0.365,0.25
dili_multiclass,140,5746,42,7,bworf_no_mi,2,1,0.1,0.69,0.21
dili_multiclass,141,444,42,7,bworf_no_mi,1,2,0.41,0.21,0.38
dili_multiclass,143,2019,42,7,bworf_no_mi,1,0,0.66,0.24,0.1
dili_multiclass,147,2541,42,7,bworf_no_mi,1,0,0.625,0.19,0.185
dili_multiclass,151,3308,42,7,bworf_no_mi,1,1,0.305,0.365,0.33
dili_multiclass,171,4205,42,7,bworf_no_mi,1,1,0.165,0.535,0.3
dili_multiclass,185,6253,42,7,bworf_no_mi,1,0,0.685,0.03,0.285
dili_multiclass,196,60854,42,7,bworf_no_mi,1,0,0.6,0.12,0.28
dili_multiclass,204,148124,42,7,bworf_no_mi,1,0,0.45,0.235,0.315
dili_multiclass,232,24776445,42,7,bworf_no_mi,1,2,0.405,0.14,0.455
dili_multiclass,235,54678486,42,7,bworf_no_mi,1,1,0.09,0.74,0.17
dili_multiclass,244,2153,42,7,bworf_no_mi,0,2,0.115,0.265,0.62
dili_multiclass,245,2170,42,7,bworf_no_mi,0,2,0.23,0.345,0.425
dili_multiclass,248,2391,42,7,bworf_no_mi,0,2,0.245,0.165,0.59
dili_multiclass,310,9354,42,7,bworf_no_mi,0,2,0.225,0.23,0.545
dili_multiclass,323,37464,42,7,bworf_no_mi,0,0,0.62,0.28,0.1
dili_multiclass,329,59227,42,7,bworf_no_mi,0,2,0.38,0.175,0.445
dili_multiclass,354,197712,42,7,bworf_no_mi,0,2,0.085,0.36,0.555
dili_multiclass,379,9924495,42,7,bworf_no_mi,0,2,0.315,0.34,0.345
dili_multiclass,394,135413536,42,7,bworf_no_mi,0,0,0.43,0.38,0.19
dili_multiclass,404,11304743,42,7,bworf_no_mi,0,0,0.595,0.135,0.27
dili_multiclass,406,11753673,42,7,bworf_no_mi,0,0,0.605,0.105,0.29
dili_multiclass,408,121892,42,7,bworf_no_mi,0,1,0.175,0.585,0.24
dili_multiclass,413,1548994,42,7,bworf_no_mi,0,2,0.37,0.32,0.31
dili_multiclass,415,16078,42,7,bworf_no_mi,0,1,0.155,0.64,0.205
dili_multiclass,419,23652731,42,7,bworf_no_mi,0,1,0.315,0.57,0.115
dili_multiclass,420,23725625,42,7,bworf_no_mi,0,0,0.645,0.095,0.26
dili_multiclass,424,4021,42,7,bworf_no_mi,0,1,0.115,0.67,0.215
dili_multiclass,426,45138674,42,7,bworf_no_mi,0,0,0.5,0.16,0.34
dili_multiclass,428,49846579,42,7,bworf_no_mi,0,1,0.22,0.615,0.165
dili_multiclass,434,5484725,42,7,bworf_no_mi,0,0,0.53,0.35,0.12
dili_multiclass,459,4064,42,7,bworf_no_mi,0,0,0.5,0.235,0.265
dili_multiclass,469,5583,42,7,bworf_no_mi,0,1,0.21,0.445,0.345
dili_multiclass,477,47811,42,7,bworf_no_mi,0,0,0.665,0.075,0.26
dili_multiclass,487,104741,42,7,bworf_no_mi,0,0,0.525,0.375,0.1
dili_multiclass,500,3081361,42,7,bworf_no_mi,0,0,0.475,0.225,0.3
dili_multiclass,502,5360515,42,7,bworf_no_mi,0,0,0.775,0.0,0.225
dili_multiclass,522,25154714,42,7,bworf_no_mi,0,0,0.7,0.16,0.14
dili_multiclass,528,54680690,42,7,bworf_no_mi,0,2,0.2,0.175,0.625
dili_multiclass,532,135400189,42,7,bworf_no_mi,0,1,0.09,0.775,0.135
dili_multiclass,558,54697325,42,7,bworf_no_mi,0,0,0.495,0.13,0.375
dili_multiclass,562,644019,42,7,bworf_no_mi,0,1,0.045,0.665,0.29
dili_multiclass,567,71657455,42,7,bworf_no_mi,0,1,0.145,0.74,0.115
dili_multiclass,570,91669168,42,7,bworf_no_mi,0,0,0.72,0.135,0.145
dili_multiclass,27,12560,42,7,bworf_mi,2,2,0.3283333333333333,0.2033333333333333,0.46833333333333327
dili_multiclass,33,60823,42,7,bworf_mi,2,1,0.31499999999999995,0.49000000000000016,0.19499999999999995
dili_multiclass,46,9887054,42,7,bworf_mi,2,0,0.73,0.07,0.2
dili_multiclass,52,2244,42,7,bworf_mi,2,2,0.3383333333333334,0.2383333333333333,0.42333333333333345
dili_multiclass,66,2520,42,7,bworf_mi,2,1,0.42,0.53,0.05
dili_multiclass,73,3226,42,7,bworf_mi,2,2,0.2316666666666667,0.3516666666666666,0.41666666666666663
dili_multiclass,77,3559,42,7,bworf_mi,2,0,0.5583333333333335,0.2683333333333333,0.17333333333333337
dili_multiclass,81,3899,42,7,bworf_mi,2,2,0.2,0.3950000000000001,0.4050000000000001
dili_multiclass,93,5452,42,7,bworf_mi,2,0,0.4150000000000001,0.295,0.2899999999999999
dili_multiclass,105,44093,42,7,bworf_mi,2,0,0.405,0.29,0.30499999999999994
dili_multiclass,108,55283,42,7,bworf_mi,2,0,0.5483333333333333,0.04833333333333334,0.40333333333333327
dili_multiclass,110,60606,42,7,bworf_mi,2,2,0.37,0.2,0.43000000000000005
dili_multiclass,132,6439133,42,7,bworf_mi,2,0,0.4866666666666667,0.3866666666666667,0.12666666666666665
dili_multiclass,140,5746,42,7,bworf_mi,2,2,0.33,0.265,0.405
dili_multiclass,141,444,42,7,bworf_mi,1,2,0.2583333333333333,0.34333333333333327,0.3983333333333334
dili_multiclass,143,2019,42,7,bworf_mi,1,2,0.34,0.3,0.36
dili_multiclass,147,2541,42,7,bworf_mi,1,2,0.455,0.18,0.365
dili_multiclass,151,3308,42,7,bworf_mi,1,2,0.3016666666666666,0.34666666666666657,0.35166666666666657
dili_multiclass,171,4205,42,7,bworf_mi,1,2,0.3716666666666667,0.22166666666666668,0.4066666666666666
dili_multiclass,185,6253,42,7,bworf_mi,1,0,0.5116666666666667,0.21666666666666665,0.2716666666666666
dili_multiclass,196,60854,42,7,bworf_mi,1,0,0.4616666666666667,0.17666666666666667,0.3616666666666667
dili_multiclass,204,148124,42,7,bworf_mi,1,2,0.4333333333333333,0.16333333333333336,0.40333333333333327
dili_multiclass,232,24776445,42,7,bworf_mi,1,2,0.3383333333333334,0.2733333333333333,0.38833333333333336
dili_multiclass,235,54678486,42,7,bworf_mi,1,2,0.2866666666666666,0.36666666666666664,0.34666666666666673
dili_multiclass,244,2153,42,7,bworf_mi,0,2,0.33333333333333326,0.2783333333333333,0.38833333333333336
dili_multiclass,245,2170,42,7,bworf_mi,0,2,0.47666666666666674,0.16166666666666668,0.3616666666666667
dili_multiclass,248,2391,42,7,bworf_mi,0,2,0.37333333333333335,0.2733333333333333,0.35333333333333333
dili_multiclass,310,9354,42,7,bworf_mi,0,2,0.395,0.165,0.44
dili_multiclass,323,37464,42,7,bworf_mi,0,0,0.68,0.15000000000000002,0.17
dili_multiclass,329,59227,42,7,bworf_mi,0,1,0.3766666666666667,0.3616666666666667,0.2616666666666666
dili_multiclass,354,197712,42,7,bworf_mi,0,2,0.25999999999999995,0.335,0.405
dili_multiclass,379,9924495,42,7,bworf_mi,0,1,0.3466666666666666,0.38166666666666665,0.27166666666666667
dili_multiclass,394,135413536,42,7,bworf_mi,0,0,0.6216666666666667,0.22166666666666668,0.15666666666666668
dili_multiclass,404,11304743,42,7,bworf_mi,0,0,0.5466666666666667,0.33166666666666667,0.12166666666666666
dili_multiclass,406,11753673,42,7,bworf_mi,0,0,0.6083333333333335,0.18833333333333332,0.2033333333333333
dili_multiclass,408,121892,42,7,bworf_mi,0,1,0.355,0.30499999999999994,0.34
dili_multiclass,413,1548994,42,7,bworf_mi,0,0,0.42833333333333345,0.2633333333333333,0.3083333333333333
dili_multiclass,415,16078,42,7,bworf_mi,0,1,0.3016666666666666,0.3966666666666667,0.3016666666666666
dili_multiclass,419,23652731,42,7,bworf_mi,0,0,0.5433333333333333,0.2583333333333333,0.19833333333333336
dili_multiclass,420,23725625,42,7,bworf_mi,0,0,0.5133333333333334,0.3483333333333334,0.13833333333333336
dili_multiclass,424,4021,42,7,bworf_mi,0,2,0.21333333333333332,0.36333333333333334,0.42333333333333345
dili_multiclass,426,45138674,42,7,bworf_mi,0,0,0.4033333333333334,0.3083333333333333,0.28833333333333333
dili_multiclass,428,49846579,42,7,bworf_mi,0,0,0.5383333333333334,0.20833333333333331,0.25333333333333335
dili_multiclass,434,5484725,42,7,bworf_mi,0,0,0.56,0.19000000000000003,0.24999999999999997
dili_multiclass,459,4064,42,7,bworf_mi,0,0,0.40833333333333344,0.33333333333333326,0.2583333333333333
dili_multiclass,469,5583,42,7,bworf_mi,0,0,0.43000000000000005,0.31999999999999995,0.24999999999999997
dili_multiclass,477,47811,42,7,bworf_mi,0,2,0.40833333333333327,0.21333333333333332,0.3783333333333333
dili_multiclass,487,104741,42,7,bworf_mi,0,0,0.49333333333333335,0.39833333333333326,0.10833333333333332
dili_multiclass,500,3081361,42,7,bworf_mi,0,0,0.42666666666666664,0.23666666666666664,0.33666666666666667
dili_multiclass,502,5360515,42,7,bworf_mi,0,0,0.61,0.105,0.285
dili_multiclass,522,25154714,42,7,bworf_mi,0,0,0.6116666666666667,0.12166666666666666,0.26666666666666666
dili_multiclass,528,54680690,42,7,bworf_mi,0,2,0.35,0.23499999999999996,0.4150000000000001
dili_multiclass,532,135400189,42,7,bworf_mi,0,0,0.445,0.3649999999999999,0.19000000000000003
dili_multiclass,558,54697325,42,7,bworf_mi,0,0,0.49000000000000005,0.16500000000000004,0.3449999999999999
dili_multiclass,562,644019,42,7,bworf_mi,0,1,0.32166666666666666,0.4216666666666666,0.2566666666666667
dili_multiclass,567,71657455,42,7,bworf_mi,0,1,0.47,0.48,0.05
dili_multiclass,570,91669168,42,7,bworf_mi,0,0,0.535,0.15500000000000003,0.30999999999999994
dili_multiclass,0,1775,42,8,orf_style,2,0,0.525,0.18,0.295
dili_multiclass,8,2952,42,8,orf_style,2,0,0.655,0.08,0.265
dili_multiclass,9,2955,42,8,orf_style,2,1,0.14,0.715,0.145
dili_multiclass,19,4449,42,8,orf_style,2,0,0.355,0.245,0.4
dili_multiclass,31,54454,42,8,orf_style,2,0,0.515,0.145,0.34
dili_multiclass,32,55185,42,8,orf_style,2,2,0.175,0.175,0.65
dili_multiclass,45,5464436,42,8,orf_style,1,0,0.4,0.06,0.54
dili_multiclass,55,5760,42,8,orf_style,2,0,0.685,0.175,0.14
dili_multiclass,57,23978,42,8,orf_style,2,0,0.705,0.05,0.245
dili_multiclass,98,8549,42,8,orf_style,2,0,0.405,0.125,0.47
dili_multiclass,122,441184,42,8,orf_style,2,0,0.565,0.275,0.16
dili_multiclass,129,5329102,42,8,orf_style,2,0,0.58,0.145,0.275
dili_multiclass,130,5362032,42,8,orf_style,2,0,0.425,0.255,0.32
dili_multiclass,138,135398738,42,8,orf_style,2,0,0.48,0.185,0.335
dili_multiclass,159,3652,42,8,orf_style,1,0,0.5,0.145,0.355
dili_multiclass,174,4543,42,8,orf_style,1,0,0.37,0.435,0.195
dili_multiclass,180,5073,42,8,orf_style,1,0,0.83,0.0,0.17
dili_multiclass,186,8982,42,8,orf_style,1,2,0.135,0.47,0.395
dili_multiclass,194,60198,42,8,orf_style,1,0,0.7,0.075,0.225
dili_multiclass,197,65140,42,8,orf_style,1,0,0.495,0.075,0.43
dili_multiclass,209,392622,42,8,orf_style,1,0,0.415,0.165,0.42
dili_multiclass,230,11626560,42,8,orf_style,1,0,0.475,0.06,0.465
dili_multiclass,237,4158,42,8,orf_style,1,0,0.695,0.145,0.16
dili_multiclass,268,3467,42,8,orf_style,0,0,0.545,0.195,0.26
dili_multiclass,288,4927,42,8,orf_style,0,2,0.205,0.17,0.625
dili_multiclass,293,5311,42,8,orf_style,0,0,0.64,0.1,0.26
dili_multiclass,316,16960,42,8,orf_style,0,0,0.515,0.285,0.2
dili_multiclass,324,37768,42,8,orf_style,0,0,0.49,0.4,0.11
dili_multiclass,330,59768,42,8,orf_style,0,0,0.595,0.265,0.14
dili_multiclass,338,63006,42,8,orf_style,0,0,0.405,0.265,0.33
dili_multiclass,339,71158,42,8,orf_style,0,0,0.36,0.17,0.47
dili_multiclass,353,174174,42,8,orf_style,0,0,0.675,0.17,0.155
dili_multiclass,357,441314,42,8,orf_style,0,0,0.76,0.045,0.195
dili_multiclass,361,636380,42,8,orf_style,0,1,0.195,0.52,0.285
dili_multiclass,377,9854012,42,8,orf_style,0,0,0.525,0.15,0.325
dili_multiclass,385,16130199,42,8,orf_style,0,0,0.76,0.025,0.215
dili_multiclass,391,44151801,42,8,orf_style,0,0,0.455,0.085,0.46
dili_multiclass,400,10077130,42,8,orf_style,0,0,0.63,0.030000000000000006,0.34
dili_multiclass,403,11250647,42,8,orf_style,0,0,0.43,0.16,0.41
dili_multiclass,416,163183936,42,8,orf_style,0,0,0.525,0.355,0.12
dili_multiclass,418,1794427,42,8,orf_style,0,0,0.39,0.21,0.4
dili_multiclass,422,25025298,42,8,orf_style,0,0,0.67,0.04,0.29
dili_multiclass,430,53465279,42,8,orf_style,0,0,0.46,0.08,0.46
dili_multiclass,435,56842239,42,8,orf_style,0,0,0.6,0.13,0.27
dili_multiclass,436,56843331,42,8,orf_style,0,0,0.64,0.145,0.215
dili_multiclass,439,6324616,42,8,orf_style,0,0,0.505,0.325,0.17
dili_multiclass,460,4211,42,8,orf_style,0,0,0.4,0.28,0.32
dili_multiclass,478,54892,42,8,orf_style,0,0,0.27,0.465,0.265
dili_multiclass,490,129228,42,8,orf_style,0,0,0.33,0.285,0.385
dili_multiclass,497,451668,42,8,orf_style,0,0,0.735,0.065,0.2
dili_multiclass,503,5462516,42,8,orf_style,2,0,0.47,0.145,0.385
dili_multiclass,527,54671008,42,8,orf_style,0,0,0.66,0.11,0.23
dili_multiclass,548,237,42,8,orf_style,0,2,0.315,0.155,0.53
dili_multiclass,556,50922675,42,8,orf_style,0,0,0.455,0.09,0.455
dili_multiclass,561,58460047,42,8,orf_style,0,0,0.5,0.195,0.305
dili_multiclass,569,89683805,42,8,orf_style,0,0,0.47,0.24,0.29
dili_multiclass,572,9883933,42,8,orf_style,0,0,0.5,0.105,0.395
dili_multiclass,0,1775,42,8,bworf_no_mi,2,0,0.47,0.18,0.35
dili_multiclass,8,2952,42,8,bworf_no_mi,2,0,0.55,0.125,0.325
dili_multiclass,9,2955,42,8,bworf_no_mi,2,1,0.08,0.745,0.175
dili_multiclass,19,4449,42,8,bworf_no_mi,2,1,0.35,0.375,0.275
dili_multiclass,31,54454,42,8,bworf_no_mi,2,2,0.4,0.175,0.425
dili_multiclass,32,55185,42,8,bworf_no_mi,2,2,0.125,0.215,0.66
dili_multiclass,45,5464436,42,8,bworf_no_mi,1,2,0.395,0.055,0.55
dili_multiclass,55,5760,42,8,bworf_no_mi,2,0,0.595,0.275,0.13
dili_multiclass,57,23978,42,8,bworf_no_mi,2,0,0.605,0.115,0.28
dili_multiclass,98,8549,42,8,bworf_no_mi,2,2,0.275,0.175,0.55
dili_multiclass,122,441184,42,8,bworf_no_mi,2,0,0.57,0.285,0.145
dili_multiclass,129,5329102,42,8,bworf_no_mi,2,0,0.665,0.135,0.2
dili_multiclass,130,5362032,42,8,bworf_no_mi,2,1,0.245,0.355,0.4
dili_multiclass,138,135398738,42,8,bworf_no_mi,2,2,0.35,0.27,0.38
dili_multiclass,159,3652,42,8,bworf_no_mi,1,2,0.33,0.155,0.515
dili_multiclass,174,4543,42,8,bworf_no_mi,1,1,0.19,0.575,0.235
dili_multiclass,180,5073,42,8,bworf_no_mi,1,0,0.855,0.0,0.145
dili_multiclass,186,8982,42,8,bworf_no_mi,1,2,0.09,0.425,0.485
dili_multiclass,194,60198,42,8,bworf_no_mi,1,0,0.64,0.135,0.225
dili_multiclass,197,65140,42,8,bworf_no_mi,1,2,0.315,0.11,0.575
dili_multiclass,209,392622,42,8,bworf_no_mi,1,2,0.32,0.21,0.47
dili_multiclass,230,11626560,42,8,bworf_no_mi,1,2,0.425,0.065,0.51
dili_multiclass,237,4158,42,8,bworf_no_mi,1,0,0.495,0.42,0.085
dili_multiclass,268,3467,42,8,bworf_no_mi,0,0,0.41,0.225,0.365
dili_multiclass,288,4927,42,8,bworf_no_mi,0,2,0.165,0.19,0.645
dili_multiclass,293,5311,42,8,bworf_no_mi,0,0,0.55,0.12,0.33
dili_multiclass,316,16960,42,8,bworf_no_mi,0,1,0.365,0.36,0.275
dili_multiclass,324,37768,42,8,bworf_no_mi,0,1,0.375,0.53,0.095
dili_multiclass,330,59768,42,8,bworf_no_mi,0,0,0.505,0.395,0.1
dili_multiclass,338,63006,42,8,bworf_no_mi,0,0,0.38,0.25,0.37
dili_multiclass,339,71158,42,8,bworf_no_mi,0,2,0.315,0.175,0.51
dili_multiclass,353,174174,42,8,bworf_no_mi,0,0,0.615,0.25,0.135
dili_multiclass,357,441314,42,8,bworf_no_mi,0,0,0.705,0.06,0.235
dili_multiclass,361,636380,42,8,bworf_no_mi,0,1,0.155,0.495,0.35
dili_multiclass,377,9854012,42,8,bworf_no_mi,0,0,0.55,0.125,0.325
dili_multiclass,385,16130199,42,8,bworf_no_mi,0,0,0.745,0.06,0.195
dili_multiclass,391,44151801,42,8,bworf_no_mi,0,2,0.345,0.125,0.53
dili_multiclass,400,10077130,42,8,bworf_no_mi,0,0,0.515,0.07,0.415
dili_multiclass,403,11250647,42,8,bworf_no_mi,0,2,0.305,0.24,0.455
dili_multiclass,416,163183936,42,8,bworf_no_mi,0,1,0.375,0.485,0.14
dili_multiclass,418,1794427,42,8,bworf_no_mi,0,2,0.3,0.245,0.455
dili_multiclass,422,25025298,42,8,bworf_no_mi,0,0,0.585,0.16,0.255
dili_multiclass,430,53465279,42,8,bworf_no_mi,0,2,0.345,0.11,0.545
dili_multiclass,435,56842239,42,8,bworf_no_mi,0,0,0.6,0.08,0.32
dili_multiclass,436,56843331,42,8,bworf_no_mi,0,0,0.61,0.17,0.22
dili_multiclass,439,6324616,42,8,bworf_no_mi,0,1,0.285,0.54,0.175
dili_multiclass,460,4211,42,8,bworf_no_mi,0,0,0.395,0.26,0.345
dili_multiclass,478,54892,42,8,bworf_no_mi,0,1,0.135,0.515,0.35
dili_multiclass,490,129228,42,8,bworf_no_mi,0,2,0.215,0.29,0.495
dili_multiclass,497,451668,42,8,bworf_no_mi,0,0,0.6,0.205,0.195
dili_multiclass,503,5462516,42,8,bworf_no_mi,2,2,0.4,0.165,0.435
dili_multiclass,527,54671008,42,8,bworf_no_mi,0,0,0.595,0.125,0.28
dili_multiclass,548,237,42,8,bworf_no_mi,0,2,0.22,0.185,0.595
dili_multiclass,556,50922675,42,8,bworf_no_mi,0,2,0.365,0.11,0.525
dili_multiclass,561,58460047,42,8,bworf_no_mi,0,0,0.42,0.33,0.25
dili_multiclass,569,89683805,42,8,bworf_no_mi,0,0,0.37,0.28,0.35
dili_multiclass,572,9883933,42,8,bworf_no_mi,0,2,0.335,0.13,0.535
dili_multiclass,0,1775,42,8,bworf_mi,2,2,0.365,0.20999999999999996,0.42500000000000004
dili_multiclass,8,2952,42,8,bworf_mi,2,2,0.455,0.12,0.425
dili_multiclass,9,2955,42,8,bworf_mi,2,2,0.37833333333333335,0.18833333333333332,0.43333333333333335
dili_multiclass,19,4449,42,8,bworf_mi,2,0,0.52,0.275,0.205
dili_multiclass,31,54454,42,8,bworf_mi,2,0,0.37,0.24,0.39
dili_multiclass,32,55185,42,8,bworf_mi,2,2,0.19166666666666668,0.30666666666666664,0.5016666666666667
dili_multiclass,45,5464436,42,8,bworf_mi,1,0,0.55,0.06,0.39
dili_multiclass,55,5760,42,8,bworf_mi,2,0,0.39,0.295,0.31499999999999995
dili_multiclass,57,23978,42,8,bworf_mi,2,0,0.665,0.15,0.185
dili_multiclass,98,8549,42,8,bworf_mi,2,2,0.445,0.07,0.4850000000000001
dili_multiclass,122,441184,42,8,bworf_mi,2,0,0.49666666666666665,0.27166666666666667,0.2316666666666667
dili_multiclass,129,5329102,42,8,bworf_mi,2,0,0.455,0.315,0.23
dili_multiclass,130,5362032,42,8,bworf_mi,2,1,0.3866666666666667,0.4316666666666667,0.18166666666666664
dili_multiclass,138,135398738,42,8,bworf_mi,2,0,0.41666666666666674,0.24166666666666667,0.34166666666666673
dili_multiclass,159,3652,42,8,bworf_mi,1,0,0.4916666666666667,0.21666666666666665,0.29166666666666663
dili_multiclass,174,4543,42,8,bworf_mi,1,0,0.4416666666666667,0.24666666666666665,0.31166666666666665
dili_multiclass,180,5073,42,8,bworf_mi,1,0,0.6183333333333334,0.18833333333333335,0.19333333333333333
dili_multiclass,186,8982,42,8,bworf_mi,1,2,0.22166666666666665,0.3866666666666667,0.39166666666666666
dili_multiclass,194,60198,42,8,bworf_mi,1,0,0.3666666666666666,0.2866666666666666,0.34666666666666657
dili_multiclass,197,65140,42,8,bworf_mi,1,0,0.555,0.11,0.335
dili_multiclass,209,392622,42,8,bworf_mi,1,1,0.28,0.535,0.185
dili_multiclass,230,11626560,42,8,bworf_mi,1,0,0.4966666666666667,0.16166666666666668,0.3416666666666666
dili_multiclass,237,4158,42,8,bworf_mi,1,0,0.4033333333333334,0.29333333333333333,0.3033333333333333
dili_multiclass,268,3467,42,8,bworf_mi,0,0,0.5783333333333334,0.2583333333333333,0.16333333333333333
dili_multiclass,288,4927,42,8,bworf_mi,0,2,0.29166666666666663,0.25666666666666665,0.4516666666666667
dili_multiclass,293,5311,42,8,bworf_mi,0,1,0.34,0.455,0.205
dili_multiclass,316,16960,42,8,bworf_mi,0,2,0.36833333333333335,0.2683333333333333,0.36333333333333334
dili_multiclass,324,37768,42,8,bworf_mi,0,0,0.5866666666666667,0.19666666666666668,0.21666666666666667
dili_multiclass,330,59768,42,8,bworf_mi,0,0,0.6266666666666666,0.19166666666666665,0.18166666666666664
dili_multiclass,338,63006,42,8,bworf_mi,0,0,0.5683333333333335,0.14333333333333334,0.28833333333333333
dili_multiclass,339,71158,42,8,bworf_mi,0,2,0.35333333333333333,0.2783333333333334,0.36833333333333335
dili_multiclass,353,174174,42,8,bworf_mi,0,0,0.55,0.165,0.285
dili_multiclass,357,441314,42,8,bworf_mi,0,2,0.2783333333333333,0.3733333333333333,0.3483333333333333
dili_multiclass,361,636380,42,8,bworf_mi,0,1,0.29,0.415,0.295
dili_multiclass,377,9854012,42,8,bworf_mi,0,1,0.39,0.335,0.27499999999999997
dili_multiclass,385,16130199,42,8,bworf_mi,0,0,0.61,0.155,0.235
dili_multiclass,391,44151801,42,8,bworf_mi,0,0,0.5833333333333334,0.2683333333333333,0.14833333333333334
dili_multiclass,400,10077130,42,8,bworf_mi,0,0,0.485,0.215,0.3
dili_multiclass,403,11250647,42,8,bworf_mi,0,1,0.23333333333333328,0.4183333333333333,0.3483333333333333
dili_multiclass,416,163183936,42,8,bworf_mi,0,0,0.48833333333333334,0.37333333333333335,0.13833333333333334
dili_multiclass,418,1794427,42,8,bworf_mi,0,2,0.38833333333333336,0.2783333333333333,0.33333333333333326
dili_multiclass,422,25025298,42,8,bworf_mi,0,0,0.5216666666666666,0.23166666666666663,0.24666666666666667
dili_multiclass,430,53465279,42,8,bworf_mi,0,2,0.2733333333333333,0.35833333333333345,0.36833333333333335
dili_multiclass,435,56842239,42,8,bworf_mi,0,0,0.56,0.215,0.225
dili_multiclass,436,56843331,42,8,bworf_mi,0,0,0.535,0.24,0.225
dili_multiclass,439,6324616,42,8,bworf_mi,0,1,0.25999999999999995,0.4700000000000001,0.26999999999999996
dili_multiclass,460,4211,42,8,bworf_mi,0,2,0.29333333333333333,0.3233333333333333,0.38333333333333336
dili_multiclass,478,54892,42,8,bworf_mi,0,1,0.3283333333333333,0.41833333333333333,0.2533333333333333
dili_multiclass,490,129228,42,8,bworf_mi,0,2,0.32833333333333337,0.24833333333333335,0.4233333333333333
dili_multiclass,497,451668,42,8,bworf_mi,0,0,0.4733333333333334,0.24833333333333335,0.2783333333333333
dili_multiclass,503,5462516,42,8,bworf_mi,2,0,0.42833333333333334,0.32333333333333336,0.24833333333333332
dili_multiclass,527,54671008,42,8,bworf_mi,0,0,0.545,0.065,0.39
dili_multiclass,548,237,42,8,bworf_mi,0,2,0.39166666666666666,0.24666666666666662,0.3616666666666667
dili_multiclass,556,50922675,42,8,bworf_mi,0,1,0.35,0.36999999999999994,0.27999999999999997
dili_multiclass,561,58460047,42,8,bworf_mi,0,2,0.33333333333333337,0.2533333333333333,0.41333333333333333
dili_multiclass,569,89683805,42,8,bworf_mi,0,0,0.44166666666666665,0.31166666666666665,0.24666666666666665
dili_multiclass,572,9883933,42,8,bworf_mi,0,0,0.4450000000000001,0.325,0.22999999999999993
dili_multiclass,3,2165,42,9,orf_style,2,0,0.595,0.12,0.285
dili_multiclass,10,3033,42,9,orf_style,2,2,0.165,0.345,0.49
dili_multiclass,21,4495,42,9,orf_style,2,0,0.385,0.255,0.36
dili_multiclass,48,135398739,42,9,orf_style,2,0,0.425,0.315,0.26
dili_multiclass,82,4091,42,9,orf_style,2,0,0.685,0.009999999999999998,0.305
dili_multiclass,83,4485,42,9,orf_style,2,0,0.64,0.04,0.32
dili_multiclass,91,5402,42,9,orf_style,2,0,0.61,0.035,0.355
dili_multiclass,94,5533,42,9,orf_style,2,0,0.465,0.135,0.4
dili_multiclass,104,43815,42,9,orf_style,2,0,0.315,0.44,0.245
dili_multiclass,111,60835,42,9,orf_style,2,0,0.585,0.19,0.225
dili_multiclass,112,60838,42,9,orf_style,2,0,0.665,0.055,0.28
dili_multiclass,119,208908,42,9,orf_style,2,0,0.57,0.12,0.31
dili_multiclass,131,5362119,42,9,orf_style,2,1,0.33,0.475,0.195
dili_multiclass,134,11167602,42,9,orf_style,2,0,0.5,0.04,0.46
dili_multiclass,165,3869,42,9,orf_style,1,0,0.705,0.08,0.215
dili_multiclass,170,4178,42,9,orf_style,1,0,0.535,0.09,0.375
dili_multiclass,176,4679,42,9,orf_style,1,0,0.375,0.085,0.54
dili_multiclass,184,6249,42,9,orf_style,1,2,0.17,0.285,0.545
dili_multiclass,199,65628,42,9,orf_style,1,0,0.34,0.165,0.495
dili_multiclass,213,441341,42,9,orf_style,1,0,0.75,0.01,0.24
dili_multiclass,215,667477,42,9,orf_style,1,0,0.31,0.42,0.27
dili_multiclass,219,5284627,42,9,orf_style,1,0,0.345,0.395,0.26
dili_multiclass,227,6437841,42,9,orf_style,1,1,0.195,0.5,0.305
dili_multiclass,242,942,42,9,orf_style,0,0,0.695,0.02,0.285
dili_multiclass,253,2707,42,9,orf_style,0,2,0.21,0.17,0.62
dili_multiclass,254,2754,42,9,orf_style,0,1,0.275,0.63,0.095
dili_multiclass,271,3658,42,9,orf_style,0,0,0.62,0.165,0.215
dili_multiclass,285,4771,42,9,orf_style,0,0,0.5,0.075,0.425
dili_multiclass,292,5253,42,9,orf_style,0,0,0.62,0.145,0.235
dili_multiclass,317,20279,42,9,orf_style,0,0,0.42,0.425,0.155
dili_multiclass,342,71360,42,9,orf_style,0,1,0.18,0.51,0.31
dili_multiclass,358,443940,42,9,orf_style,0,0,0.31,0.095,0.595
dili_multiclass,359,445154,42,9,orf_style,0,0,0.58,0.035,0.385
dili_multiclass,364,969472,42,9,orf_style,0,0,0.575,0.21,0.215
dili_multiclass,376,6918837,42,9,orf_style,0,0,0.43,0.39,0.18
dili_multiclass,410,12684604,42,9,orf_style,0,0,0.645,0.07,0.285
dili_multiclass,423,36511,42,9,orf_style,0,0,0.755,0.04,0.205
dili_multiclass,453,3108,42,9,orf_style,0,0,0.66,0.095,0.245
dili_multiclass,456,3759,42,9,orf_style,0,0,0.33,0.245,0.425
dili_multiclass,458,3957,42,9,orf_style,0,0,0.545,0.08,0.375
dili_multiclass,465,4976,42,9,orf_style,0,1,0.26,0.61,0.13
dili_multiclass,471,6476,42,9,orf_style,0,0,0.53,0.135,0.335
dili_multiclass,480,60879,42,9,orf_style,0,0,0.3,0.355,0.345
dili_multiclass,492,147912,42,9,orf_style,0,0,0.575,0.06,0.365
dili_multiclass,493,148121,42,9,orf_style,0,1,0.345,0.5,0.155
dili_multiclass,495,150610,42,9,orf_style,0,0,0.375,0.145,0.48
dili_multiclass,499,3011155,42,9,orf_style,0,0,0.65,0.16,0.19
dili_multiclass,504,5486971,42,9,orf_style,1,0,0.395,0.35,0.255
dili_multiclass,507,6450551,42,9,orf_style,0,1,0.24,0.515,0.245
dili_multiclass,510,9869929,42,9,orf_style,0,0,0.395,0.435,0.17
dili_multiclass,512,9926791,42,9,orf_style,0,1,0.2,0.61,0.19
dili_multiclass,513,9966051,42,9,orf_style,0,1,0.125,0.575,0.3
dili_multiclass,517,11707110,42,9,orf_style,0,0,0.445,0.07,0.485
dili_multiclass,523,42611257,42,9,orf_style,0,0,0.28,0.43,0.29
dili_multiclass,536,24872560,42,9,orf_style,0,1,0.345,0.515,0.14
dili_multiclass,546,135565596,42,9,orf_style,0,0,0.75,0.03,0.22
dili_multiclass,568,71731823,42,9,orf_style,0,0,0.475,0.185,0.34
dili_multiclass,3,2165,42,9,bworf_no_mi,2,0,0.57,0.145,0.285
dili_multiclass,10,3033,42,9,bworf_no_mi,2,1,0.08,0.485,0.435
dili_multiclass,21,4495,42,9,bworf_no_mi,2,2,0.165,0.39,0.445
dili_multiclass,48,135398739,42,9,bworf_no_mi,2,1,0.32,0.475,0.205
dili_multiclass,82,4091,42,9,bworf_no_mi,2,0,0.66,0.06,0.28
dili_multiclass,83,4485,42,9,bworf_no_mi,2,0,0.48,0.105,0.415
dili_multiclass,91,5402,42,9,bworf_no_mi,2,0,0.635,0.065,0.3
dili_multiclass,94,5533,42,9,bworf_no_mi,2,2,0.27,0.285,0.445
dili_multiclass,104,43815,42,9,bworf_no_mi,2,1,0.135,0.625,0.24
dili_multiclass,111,60835,42,9,bworf_no_mi,2,0,0.47,0.28,0.25
dili_multiclass,112,60838,42,9,bworf_no_mi,2,0,0.535,0.105,0.36
dili_multiclass,119,208908,42,9,bworf_no_mi,2,0,0.59,0.19,0.22
dili_multiclass,131,5362119,42,9,bworf_no_mi,2,1,0.27,0.575,0.155
dili_multiclass,134,11167602,42,9,bworf_no_mi,2,2,0.385,0.13,0.485
dili_multiclass,165,3869,42,9,bworf_no_mi,1,0,0.6,0.245,0.155
dili_multiclass,170,4178,42,9,bworf_no_mi,1,2,0.375,0.125,0.5
dili_multiclass,176,4679,42,9,bworf_no_mi,1,2,0.395,0.125,0.48
dili_multiclass,184,6249,42,9,bworf_no_mi,1,2,0.095,0.365,0.54
dili_multiclass,199,65628,42,9,bworf_no_mi,1,2,0.21,0.265,0.525
dili_multiclass,213,441341,42,9,bworf_no_mi,1,0,0.785,0.020000000000000004,0.195
dili_multiclass,215,667477,42,9,bworf_no_mi,1,1,0.095,0.59,0.315
dili_multiclass,219,5284627,42,9,bworf_no_mi,1,1,0.325,0.44,0.235
dili_multiclass,227,6437841,42,9,bworf_no_mi,1,1,0.05,0.585,0.365
dili_multiclass,242,942,42,9,bworf_no_mi,0,0,0.585,0.08,0.335
dili_multiclass,253,2707,42,9,bworf_no_mi,0,2,0.18,0.215,0.605
dili_multiclass,254,2754,42,9,bworf_no_mi,0,1,0.215,0.655,0.13
dili_multiclass,271,3658,42,9,bworf_no_mi,0,0,0.63,0.13,0.24
dili_multiclass,285,4771,42,9,bworf_no_mi,0,2,0.345,0.18,0.475
dili_multiclass,292,5253,42,9,bworf_no_mi,0,0,0.54,0.255,0.205
dili_multiclass,317,20279,42,9,bworf_no_mi,0,1,0.265,0.585,0.15
dili_multiclass,342,71360,42,9,bworf_no_mi,0,1,0.1,0.515,0.385
dili_multiclass,358,443940,42,9,bworf_no_mi,0,2,0.295,0.13,0.575
dili_multiclass,359,445154,42,9,bworf_no_mi,0,0,0.52,0.105,0.375
dili_multiclass,364,969472,42,9,bworf_no_mi,0,0,0.53,0.275,0.195
dili_multiclass,376,6918837,42,9,bworf_no_mi,0,1,0.255,0.58,0.165
dili_multiclass,410,12684604,42,9,bworf_no_mi,0,0,0.595,0.135,0.27
dili_multiclass,423,36511,42,9,bworf_no_mi,0,0,0.785,0.075,0.14
dili_multiclass,453,3108,42,9,bworf_no_mi,0,0,0.66,0.07,0.27
dili_multiclass,456,3759,42,9,bworf_no_mi,0,2,0.315,0.32,0.365
dili_multiclass,458,3957,42,9,bworf_no_mi,0,0,0.495,0.125,0.38
dili_multiclass,465,4976,42,9,bworf_no_mi,0,1,0.075,0.745,0.18
dili_multiclass,471,6476,42,9,bworf_no_mi,0,0,0.36,0.315,0.325
dili_multiclass,480,60879,42,9,bworf_no_mi,0,2,0.155,0.445,0.4
dili_multiclass,492,147912,42,9,bworf_no_mi,0,0,0.63,0.095,0.275
dili_multiclass,493,148121,42,9,bworf_no_mi,0,1,0.255,0.53,0.215
dili_multiclass,495,150610,42,9,bworf_no_mi,0,2,0.25,0.235,0.515
dili_multiclass,499,3011155,42,9,bworf_no_mi,0,0,0.51,0.315,0.175
dili_multiclass,504,5486971,42,9,bworf_no_mi,1,1,0.295,0.46,0.245
dili_multiclass,507,6450551,42,9,bworf_no_mi,0,1,0.11,0.64,0.25
dili_multiclass,510,9869929,42,9,bworf_no_mi,0,1,0.19,0.515,0.295
dili_multiclass,512,9926791,42,9,bworf_no_mi,0,1,0.11,0.685,0.205
dili_multiclass,513,9966051,42,9,bworf_no_mi,0,1,0.065,0.605,0.33
dili_multiclass,517,11707110,42,9,bworf_no_mi,0,2,0.32,0.145,0.535
dili_multiclass,523,42611257,42,9,bworf_no_mi,0,1,0.12,0.525,0.355
dili_multiclass,536,24872560,42,9,bworf_no_mi,0,1,0.28,0.54,0.18
dili_multiclass,546,135565596,42,9,bworf_no_mi,0,0,0.74,0.08,0.18
dili_multiclass,568,71731823,42,9,bworf_no_mi,0,1,0.24,0.445,0.315
dili_multiclass,3,2165,42,9,bworf_mi,2,2,0.3,0.285,0.415
dili_multiclass,10,3033,42,9,bworf_mi,2,2,0.4016666666666666,0.1366666666666667,0.46166666666666667
dili_multiclass,21,4495,42,9,bworf_mi,2,2,0.21333333333333332,0.3483333333333333,0.43833333333333335
dili_multiclass,48,135398739,42,9,bworf_mi,2,2,0.28833333333333333,0.2733333333333333,0.43833333333333335
dili_multiclass,82,4091,42,9,bworf_mi,2,0,0.4966666666666667,0.26666666666666666,0.23666666666666664
dili_multiclass,83,4485,42,9,bworf_mi,2,0,0.41666666666666663,0.22666666666666668,0.3566666666666666
dili_multiclass,91,5402,42,9,bworf_mi,2,0,0.5066666666666667,0.12166666666666667,0.37166666666666665
dili_multiclass,94,5533,42,9,bworf_mi,2,1,0.37166666666666665,0.3766666666666666,0.2516666666666666
dili_multiclass,104,43815,42,9,bworf_mi,2,0,0.4333333333333334,0.33333333333333337,0.23333333333333328
dili_multiclass,111,60835,42,9,bworf_mi,2,1,0.3033333333333333,0.41333333333333344,0.28333333333333327
dili_multiclass,112,60838,42,9,bworf_mi,2,0,0.605,0.125,0.27
dili_multiclass,119,208908,42,9,bworf_mi,2,0,0.36833333333333335,0.28833333333333333,0.34333333333333327
dili_multiclass,131,5362119,42,9,bworf_mi,2,0,0.5233333333333333,0.29833333333333334,0.17833333333333334
dili_multiclass,134,11167602,42,9,bworf_mi,2,2,0.3916666666666667,0.19166666666666665,0.4166666666666668
dili_multiclass,165,3869,42,9,bworf_mi,1,0,0.4683333333333334,0.35833333333333334,0.1733333333333333
dili_multiclass,170,4178,42,9,bworf_mi,1,0,0.48833333333333334,0.13333333333333333,0.3783333333333333
dili_multiclass,176,4679,42,9,bworf_mi,1,2,0.17666666666666667,0.4066666666666666,0.41666666666666663
dili_multiclass,184,6249,42,9,bworf_mi,1,2,0.37166666666666665,0.20666666666666667,0.42166666666666663
dili_multiclass,199,65628,42,9,bworf_mi,1,0,0.46,0.115,0.425
dili_multiclass,213,441341,42,9,bworf_mi,1,1,0.33666666666666667,0.4016666666666666,0.26166666666666666
dili_multiclass,215,667477,42,9,bworf_mi,1,1,0.2516666666666666,0.4716666666666666,0.2766666666666666
dili_multiclass,219,5284627,42,9,bworf_mi,1,2,0.44333333333333336,0.10833333333333334,0.44833333333333336
dili_multiclass,227,6437841,42,9,bworf_mi,1,1,0.27499999999999997,0.48,0.245
dili_multiclass,242,942,42,9,bworf_mi,0,0,0.40666666666666673,0.29666666666666663,0.2966666666666667
dili_multiclass,253,2707,42,9,bworf_mi,0,2,0.46166666666666667,0.13166666666666668,0.4066666666666666
dili_multiclass,254,2754,42,9,bworf_mi,0,0,0.47666666666666674,0.3016666666666667,0.22166666666666665
dili_multiclass,271,3658,42,9,bworf_mi,0,0,0.4366666666666667,0.2366666666666667,0.32666666666666655
dili_multiclass,285,4771,42,9,bworf_mi,0,0,0.4816666666666667,0.13166666666666665,0.3866666666666667
dili_multiclass,292,5253,42,9,bworf_mi,0,2,0.3183333333333333,0.3583333333333333,0.3233333333333333
dili_multiclass,317,20279,42,9,bworf_mi,0,1,0.36833333333333335,0.33333333333333326,0.2983333333333333
dili_multiclass,342,71360,42,9,bworf_mi,0,2,0.35666666666666663,0.2316666666666666,0.4116666666666666
dili_multiclass,358,443940,42,9,bworf_mi,0,2,0.4,0.25499999999999995,0.3449999999999999
dili_multiclass,359,445154,42,9,bworf_mi,0,2,0.345,0.295,0.36
dili_multiclass,364,969472,42,9,bworf_mi,0,0,0.38499999999999995,0.4,0.215
dili_multiclass,376,6918837,42,9,bworf_mi,0,1,0.31999999999999995,0.4600000000000001,0.22
dili_multiclass,410,12684604,42,9,bworf_mi,0,0,0.415,0.305,0.28
dili_multiclass,423,36511,42,9,bworf_mi,0,0,0.55,0.095,0.355
dili_multiclass,453,3108,42,9,bworf_mi,0,0,0.4866666666666666,0.2866666666666667,0.22666666666666668
dili_multiclass,456,3759,42,9,bworf_mi,0,2,0.2333333333333333,0.3733333333333333,0.3933333333333333
dili_multiclass,458,3957,42,9,bworf_mi,0,1,0.2983333333333333,0.3933333333333333,0.3083333333333333
dili_multiclass,465,4976,42,9,bworf_mi,0,1,0.19166666666666668,0.6066666666666668,0.2016666666666667
dili_multiclass,471,6476,42,9,bworf_mi,0,1,0.3516666666666666,0.33666666666666667,0.31166666666666665
dili_multiclass,480,60879,42,9,bworf_mi,0,1,0.25166666666666665,0.5166666666666667,0.2316666666666667
dili_multiclass,492,147912,42,9,bworf_mi,0,0,0.43833333333333335,0.20833333333333331,0.35333333333333333
dili_multiclass,493,148121,42,9,bworf_mi,0,0,0.53,0.15,0.32
dili_multiclass,495,150610,42,9,bworf_mi,0,0,0.4733333333333333,0.12833333333333333,0.3983333333333334
dili_multiclass,499,3011155,42,9,bworf_mi,0,0,0.4566666666666667,0.26666666666666666,0.27666666666666667
dili_multiclass,504,5486971,42,9,bworf_mi,1,0,0.4116666666666666,0.37166666666666665,0.21666666666666665
dili_multiclass,507,6450551,42,9,bworf_mi,0,1,0.355,0.4,0.245
dili_multiclass,510,9869929,42,9,bworf_mi,0,1,0.27,0.455,0.27499999999999997
dili_multiclass,512,9926791,42,9,bworf_mi,0,1,0.32166666666666655,0.42166666666666663,0.25666666666666665
dili_multiclass,513,9966051,42,9,bworf_mi,0,2,0.39,0.225,0.38499999999999995
dili_multiclass,517,11707110,42,9,bworf_mi,0,0,0.48333333333333334,0.24833333333333332,0.2683333333333333
dili_multiclass,523,42611257,42,9,bworf_mi,0,2,0.39,0.24499999999999997,0.365
dili_multiclass,536,24872560,42,9,bworf_mi,0,0,0.48666666666666664,0.21166666666666667,0.3016666666666667
dili_multiclass,546,135565596,42,9,bworf_mi,0,0,0.5516666666666666,0.24166666666666667,0.20666666666666667
dili_multiclass,568,71731823,42,9,bworf_mi,0,0,0.46,0.37499999999999994,0.165
dili_multiclass,14,3562,42,10,orf_style,2,0,0.485,0.135,0.38
dili_multiclass,18,3878,42,10,orf_style,2,0,0.6,0.32,0.08
dili_multiclass,24,5591,42,10,orf_style,2,0,0.515,0.405,0.08
dili_multiclass,26,5852,42,10,orf_style,2,0,0.7,0.135,0.165
dili_multiclass,37,441074,42,10,orf_style,2,2,0.295,0.215,0.49
dili_multiclass,47,54675783,42,10,orf_style,2,0,0.475,0.2,0.325
dili_multiclass,69,2756,42,10,orf_style,2,0,0.445,0.395,0.16
dili_multiclass,86,4917,42,10,orf_style,2,2,0.175,0.3,0.525
dili_multiclass,95,5646,42,10,orf_style,2,0,0.595,0.315,0.09
dili_multiclass,100,29029,42,10,orf_style,2,0,0.41,0.215,0.375
dili_multiclass,102,35370,42,10,orf_style,2,0,0.42,0.105,0.475
dili_multiclass,116,123631,42,10,orf_style,2,0,0.66,0.04,0.3
dili_multiclass,123,1548972,42,10,orf_style,2,0,0.35,0.245,0.405
dili_multiclass,135,54671203,42,10,orf_style,2,0,0.64,0.155,0.205
dili_multiclass,142,1978,42,10,orf_style,1,0,0.68,0.13,0.19
dili_multiclass,146,2187,42,10,orf_style,1,0,0.705,0.02,0.275
dili_multiclass,150,2913,42,10,orf_style,1,0,0.75,0.055,0.195
dili_multiclass,191,39186,42,10,orf_style,1,0,0.34,0.14,0.52
dili_multiclass,193,54841,42,10,orf_style,1,0,0.57,0.165,0.265
dili_multiclass,205,150311,42,10,orf_style,1,0,0.625,0.045,0.33
dili_multiclass,222,5362129,42,10,orf_style,1,0,0.79,0.02,0.19
dili_multiclass,231,16129629,42,10,orf_style,1,2,0.25,0.39,0.36
dili_multiclass,233,25126798,42,10,orf_style,1,0,0.735,0.045,0.22
dili_multiclass,236,135398744,42,10,orf_style,1,0,0.505,0.335,0.16
dili_multiclass,265,3333,42,10,orf_style,0,1,0.265,0.51,0.225
dili_multiclass,266,3345,42,10,orf_style,0,0,0.785,0.025,0.19
dili_multiclass,281,4497,42,10,orf_style,0,0,0.3,0.405,0.295
dili_multiclass,283,4601,42,10,orf_style,0,0,0.53,0.32,0.15
dili_multiclass,284,4616,42,10,orf_style,0,0,0.71,0.045,0.245
dili_multiclass,290,4999,42,10,orf_style,0,2,0.22,0.24,0.54
dili_multiclass,300,6005,42,10,orf_style,0,0,0.525,0.325,0.15
dili_multiclass,303,6167,42,10,orf_style,0,0,0.55,0.06,0.39
dili_multiclass,307,7029,42,10,orf_style,0,0,0.35,0.405,0.245
dili_multiclass,313,14985,42,10,orf_style,0,0,0.675,0.205,0.12
dili_multiclass,314,15459,42,10,orf_style,0,0,0.415,0.21,0.375
dili_multiclass,318,23994,42,10,orf_style,0,2,0.27,0.125,0.605
dili_multiclass,333,60648,42,10,orf_style,0,2,0.145,0.32,0.535
dili_multiclass,335,60825,42,10,orf_style,0,0,0.455,0.3,0.245
dili_multiclass,348,121396,42,10,orf_style,0,2,0.295,0.15,0.555
dili_multiclass,352,160051,42,10,orf_style,0,0,0.745,0.11,0.145
dili_multiclass,360,449193,42,10,orf_style,0,0,0.285,0.4,0.315
dili_multiclass,365,3000502,42,10,orf_style,0,0,0.785,0.045,0.17
dili_multiclass,380,10220503,42,10,orf_style,0,0,0.59,0.115,0.295
dili_multiclass,425,42613186,42,10,orf_style,0,0,0.435,0.145,0.42
dili_multiclass,427,4775,42,10,orf_style,0,2,0.2,0.22,0.58
dili_multiclass,440,65015,42,10,orf_style,0,0,0.745,0.105,0.15
dili_multiclass,443,90472060,42,10,orf_style,0,0,0.745,0.07,0.185
dili_multiclass,491,132971,42,10,orf_style,0,0,0.6,0.18,0.22
dili_multiclass,494,150310,42,10,orf_style,0,0,0.61,0.03,0.36
dili_multiclass,508,6918314,42,10,orf_style,0,0,0.775,0.095,0.13
dili_multiclass,514,10324367,42,10,orf_style,0,0,0.73,0.075,0.195
dili_multiclass,518,16004692,42,10,orf_style,0,0,0.46,0.205,0.335
dili_multiclass,519,24826799,42,10,orf_style,0,1,0.235,0.525,0.24
dili_multiclass,531,135398508,42,10,orf_style,0,1,0.27,0.54,0.19
dili_multiclass,534,135409400,42,10,orf_style,0,2,0.32,0.235,0.445
dili_multiclass,540,11154555,42,10,orf_style,0,0,0.66,0.07,0.27
dili_multiclass,557,54681908,42,10,orf_style,0,0,0.635,0.145,0.22
dili_multiclass,14,3562,42,10,bworf_no_mi,2,2,0.415,0.14,0.445
dili_multiclass,18,3878,42,10,bworf_no_mi,2,0,0.56,0.38,0.06
dili_multiclass,24,5591,42,10,bworf_no_mi,2,1,0.295,0.615,0.09
dili_multiclass,26,5852,42,10,bworf_no_mi,2,0,0.485,0.295,0.22
dili_multiclass,37,441074,42,10,bworf_no_mi,2,2,0.21,0.22,0.57
dili_multiclass,47,54675783,42,10,bworf_no_mi,2,2,0.34,0.26,0.4
dili_multiclass,69,2756,42,10,bworf_no_mi,2,1,0.315,0.47,0.215
dili_multiclass,86,4917,42,10,bworf_no_mi,2,2,0.065,0.45,0.485
dili_multiclass,95,5646,42,10,bworf_no_mi,2,1,0.355,0.595,0.05
dili_multiclass,100,29029,42,10,bworf_no_mi,2,2,0.305,0.28,0.415
dili_multiclass,102,35370,42,10,bworf_no_mi,2,2,0.285,0.175,0.54
dili_multiclass,116,123631,42,10,bworf_no_mi,2,0,0.51,0.105,0.385
dili_multiclass,123,1548972,42,10,bworf_no_mi,2,2,0.325,0.32,0.355
dili_multiclass,135,54671203,42,10,bworf_no_mi,2,0,0.45,0.335,0.215
dili_multiclass,142,1978,42,10,bworf_no_mi,1,0,0.465,0.32,0.215
dili_multiclass,146,2187,42,10,bworf_no_mi,1,0,0.68,0.05,0.27
dili_multiclass,150,2913,42,10,bworf_no_mi,1,0,0.705,0.065,0.23
dili_multiclass,191,39186,42,10,bworf_no_mi,1,2,0.22,0.17,0.61
dili_multiclass,193,54841,42,10,bworf_no_mi,1,0,0.435,0.265,0.3
dili_multiclass,205,150311,42,10,bworf_no_mi,1,0,0.485,0.095,0.42
dili_multiclass,222,5362129,42,10,bworf_no_mi,1,0,0.735,0.05,0.215
dili_multiclass,231,16129629,42,10,bworf_no_mi,1,1,0.18,0.525,0.295
dili_multiclass,233,25126798,42,10,bworf_no_mi,1,0,0.69,0.065,0.245
dili_multiclass,236,135398744,42,10,bworf_no_mi,1,1,0.245,0.615,0.14
dili_multiclass,265,3333,42,10,bworf_no_mi,0,1,0.115,0.685,0.2
dili_multiclass,266,3345,42,10,bworf_no_mi,0,0,0.68,0.155,0.165
dili_multiclass,281,4497,42,10,bworf_no_mi,0,1,0.195,0.565,0.24
dili_multiclass,283,4601,42,10,bworf_no_mi,0,1,0.34,0.515,0.145
dili_multiclass,284,4616,42,10,bworf_no_mi,0,0,0.59,0.105,0.305
dili_multiclass,290,4999,42,10,bworf_no_mi,0,2,0.165,0.285,0.55
dili_multiclass,300,6005,42,10,bworf_no_mi,0,0,0.435,0.385,0.18
dili_multiclass,303,6167,42,10,bworf_no_mi,0,2,0.35,0.16,0.49
dili_multiclass,307,7029,42,10,bworf_no_mi,0,1,0.265,0.52,0.215
dili_multiclass,313,14985,42,10,bworf_no_mi,0,0,0.515,0.36,0.125
dili_multiclass,314,15459,42,10,bworf_no_mi,0,2,0.25,0.275,0.475
dili_multiclass,318,23994,42,10,bworf_no_mi,0,2,0.235,0.14,0.625
dili_multiclass,333,60648,42,10,bworf_no_mi,0,1,0.08,0.595,0.325
dili_multiclass,335,60825,42,10,bworf_no_mi,0,1,0.385,0.455,0.16
dili_multiclass,348,121396,42,10,bworf_no_mi,0,2,0.255,0.23,0.515
dili_multiclass,352,160051,42,10,bworf_no_mi,0,0,0.76,0.08,0.16
dili_multiclass,360,449193,42,10,bworf_no_mi,0,1,0.165,0.57,0.265
dili_multiclass,365,3000502,42,10,bworf_no_mi,0,0,0.71,0.09,0.2
dili_multiclass,380,10220503,42,10,bworf_no_mi,0,2,0.435,0.16,0.405
dili_multiclass,425,42613186,42,10,bworf_no_mi,0,2,0.37,0.145,0.485
dili_multiclass,427,4775,42,10,bworf_no_mi,0,2,0.12,0.315,0.565
dili_multiclass,440,65015,42,10,bworf_no_mi,0,0,0.62,0.24,0.14
dili_multiclass,443,90472060,42,10,bworf_no_mi,0,0,0.735,0.075,0.19
dili_multiclass,491,132971,42,10,bworf_no_mi,0,0,0.5,0.265,0.235
dili_multiclass,494,150310,42,10,bworf_no_mi,0,0,0.56,0.030000000000000006,0.41
dili_multiclass,508,6918314,42,10,bworf_no_mi,0,0,0.71,0.14,0.15
dili_multiclass,514,10324367,42,10,bworf_no_mi,0,0,0.7,0.14,0.16
dili_multiclass,518,16004692,42,10,bworf_no_mi,0,0,0.505,0.09,0.405
dili_multiclass,519,24826799,42,10,bworf_no_mi,0,1,0.2,0.64,0.16
dili_multiclass,531,135398508,42,10,bworf_no_mi,0,1,0.195,0.64,0.165
dili_multiclass,534,135409400,42,10,bworf_no_mi,0,2,0.23,0.36,0.41
dili_multiclass,540,11154555,42,10,bworf_no_mi,0,0,0.57,0.115,0.315
dili_multiclass,557,54681908,42,10,bworf_no_mi,0,0,0.53,0.22,0.25
dili_multiclass,14,3562,42,10,bworf_mi,2,2,0.28,0.27,0.45
dili_multiclass,18,3878,42,10,bworf_mi,2,2,0.325,0.275,0.4
dili_multiclass,24,5591,42,10,bworf_mi,2,1,0.2583333333333333,0.4183333333333333,0.3233333333333333
dili_multiclass,26,5852,42,10,bworf_mi,2,2,0.42,0.24,0.34
dili_multiclass,37,441074,42,10,bworf_mi,2,2,0.2533333333333333,0.2833333333333333,0.4633333333333334
dili_multiclass,47,54675783,42,10,bworf_mi,2,0,0.48,0.165,0.355
dili_multiclass,69,2756,42,10,bworf_mi,2,1,0.32166666666666666,0.5016666666666667,0.17666666666666667
dili_multiclass,86,4917,42,10,bworf_mi,2,2,0.3,0.225,0.4750000000000001
dili_multiclass,95,5646,42,10,bworf_mi,2,1,0.355,0.44,0.20499999999999996
dili_multiclass,100,29029,42,10,bworf_mi,2,0,0.39833333333333326,0.29833333333333334,0.30333333333333334
dili_multiclass,102,35370,42,10,bworf_mi,2,2,0.33333333333333337,0.27333333333333326,0.39333333333333337
dili_multiclass,116,123631,42,10,bworf_mi,2,0,0.5116666666666667,0.10666666666666667,0.3816666666666667
dili_multiclass,123,1548972,42,10,bworf_mi,2,1,0.33666666666666667,0.4266666666666667,0.2366666666666667
dili_multiclass,135,54671203,42,10,bworf_mi,2,2,0.39166666666666666,0.16666666666666669,0.4416666666666667
dili_multiclass,142,1978,42,10,bworf_mi,1,0,0.415,0.31,0.275
dili_multiclass,146,2187,42,10,bworf_mi,1,0,0.585,0.035,0.38
dili_multiclass,150,2913,42,10,bworf_mi,1,2,0.4200000000000001,0.185,0.3950000000000001
dili_multiclass,191,39186,42,10,bworf_mi,1,2,0.36833333333333335,0.2533333333333333,0.3783333333333333
dili_multiclass,193,54841,42,10,bworf_mi,1,1,0.3783333333333333,0.3483333333333333,0.2733333333333333
dili_multiclass,205,150311,42,10,bworf_mi,1,0,0.445,0.18,0.375
dili_multiclass,222,5362129,42,10,bworf_mi,1,0,0.41,0.265,0.32499999999999996
dili_multiclass,231,16129629,42,10,bworf_mi,1,0,0.5,0.33,0.17
dili_multiclass,233,25126798,42,10,bworf_mi,1,0,0.74,0.03,0.23
dili_multiclass,236,135398744,42,10,bworf_mi,1,0,0.45833333333333326,0.3733333333333333,0.16833333333333333
dili_multiclass,265,3333,42,10,bworf_mi,0,2,0.36333333333333334,0.20333333333333337,0.4333333333333333
dili_multiclass,266,3345,42,10,bworf_mi,0,0,0.47,0.175,0.355
dili_multiclass,281,4497,42,10,bworf_mi,0,2,0.395,0.27,0.335
dili_multiclass,283,4601,42,10,bworf_mi,0,0,0.39833333333333326,0.3483333333333334,0.2533333333333333
dili_multiclass,284,4616,42,10,bworf_mi,0,2,0.3816666666666667,0.20666666666666667,0.41166666666666674
dili_multiclass,290,4999,42,10,bworf_mi,0,2,0.3183333333333333,0.2833333333333334,0.39833333333333326
dili_multiclass,300,6005,42,10,bworf_mi,0,2,0.25499999999999995,0.40500000000000014,0.3399999999999999
dili_multiclass,303,6167,42,10,bworf_mi,0,2,0.33333333333333326,0.27333333333333326,0.3933333333333333
dili_multiclass,307,7029,42,10,bworf_mi,0,1,0.37166666666666665,0.37166666666666665,0.25666666666666665
dili_multiclass,313,14985,42,10,bworf_mi,0,1,0.4,0.355,0.24499999999999997
dili_multiclass,314,15459,42,10,bworf_mi,0,2,0.335,0.26,0.405
dili_multiclass,318,23994,42,10,bworf_mi,0,2,0.33833333333333326,0.18333333333333335,0.47833333333333333
dili_multiclass,333,60648,42,10,bworf_mi,0,1,0.1433333333333333,0.4933333333333333,0.3633333333333333
dili_multiclass,335,60825,42,10,bworf_mi,0,1,0.1733333333333333,0.45833333333333337,0.36833333333333335
dili_multiclass,348,121396,42,10,bworf_mi,0,0,0.5083333333333333,0.15833333333333335,0.33333333333333337
dili_multiclass,352,160051,42,10,bworf_mi,0,0,0.6083333333333334,0.19333333333333333,0.19833333333333333
dili_multiclass,360,449193,42,10,bworf_mi,0,2,0.335,0.19,0.475
dili_multiclass,365,3000502,42,10,bworf_mi,0,0,0.5416666666666667,0.16166666666666665,0.29666666666666663
dili_multiclass,380,10220503,42,10,bworf_mi,0,0,0.5266666666666667,0.24666666666666667,0.22666666666666668
dili_multiclass,425,42613186,42,10,bworf_mi,0,0,0.6416666666666667,0.12166666666666666,0.2366666666666667
dili_multiclass,427,4775,42,10,bworf_mi,0,2,0.3983333333333334,0.3133333333333333,0.2883333333333333
dili_multiclass,440,65015,42,10,bworf_mi,0,2,0.43,0.3,0.26999999999999996
dili_multiclass,443,90472060,42,10,bworf_mi,0,0,0.605,0.135,0.26
dili_multiclass,491,132971,42,10,bworf_mi,0,0,0.4233333333333333,0.34333333333333327,0.2333333333333333
dili_multiclass,494,150310,42,10,bworf_mi,0,0,0.4666666666666666,0.16166666666666668,0.37166666666666665
dili_multiclass,508,6918314,42,10,bworf_mi,0,0,0.4733333333333333,0.3483333333333333,0.17833333333333334
dili_multiclass,514,10324367,42,10,bworf_mi,0,0,0.57,0.17,0.26
dili_multiclass,518,16004692,42,10,bworf_mi,0,2,0.35333333333333333,0.17833333333333334,0.4683333333333334
dili_multiclass,519,24826799,42,10,bworf_mi,0,0,0.5366666666666667,0.29666666666666663,0.16666666666666663
dili_multiclass,531,135398508,42,10,bworf_mi,0,1,0.305,0.5049999999999999,0.19
dili_multiclass,534,135409400,42,10,bworf_mi,0,2,0.2533333333333333,0.29833333333333334,0.44833333333333336
dili_multiclass,540,11154555,42,10,bworf_mi,0,2,0.39333333333333337,0.2033333333333333,0.4033333333333334
dili_multiclass,557,54681908,42,10,bworf_mi,0,0,0.5266666666666667,0.11666666666666668,0.3566666666666667
dili_multiclass,5,2478,43,1,orf_style,2,0,0.685,0.035,0.28
dili_multiclass,16,3672,43,1,orf_style,2,0,0.47,0.28,0.25
dili_multiclass,20,4463,43,1,orf_style,2,1,0.35,0.52,0.13
dili_multiclass,23,5352,43,1,orf_style,2,0,0.405,0.395,0.2
dili_multiclass,26,5852,43,1,orf_style,2,0,0.68,0.1,0.22
dili_multiclass,49,135401907,43,1,orf_style,2,2,0.23,0.34,0.43
dili_multiclass,50,938,43,1,orf_style,2,0,0.74,0.03,0.23
dili_multiclass,51,1983,43,1,orf_style,2,0,0.62,0.035,0.345
dili_multiclass,52,2244,43,1,orf_style,2,1,0.28,0.485,0.235
dili_multiclass,53,3007,43,1,orf_style,2,0,0.635,0.13,0.235
dili_multiclass,72,3114,43,1,orf_style,2,0,0.57,0.2,0.23
dili_multiclass,96,5656,43,1,orf_style,2,0,0.7,0.07,0.23
dili_multiclass,102,35370,43,1,orf_style,2,0,0.425,0.12,0.455
dili_multiclass,118,176870,43,1,orf_style,2,0,0.67,0.115,0.215
dili_multiclass,146,2187,43,1,orf_style,1,0,0.575,0.1,0.325
dili_multiclass,152,3325,43,1,orf_style,1,0,0.395,0.275,0.33
dili_multiclass,162,3715,43,1,orf_style,1,0,0.435,0.28,0.285
dili_multiclass,165,3869,43,1,orf_style,1,0,0.8,0.01,0.19
dili_multiclass,167,3961,43,1,orf_style,1,0,0.465,0.385,0.15
dili_multiclass,205,150311,43,1,orf_style,1,0,0.585,0.035,0.38
dili_multiclass,216,3034010,43,1,orf_style,1,0,0.67,0.025,0.305
dili_multiclass,228,9853053,43,1,orf_style,1,0,0.625,0.23,0.145
dili_multiclass,229,10113978,43,1,orf_style,1,0,0.395,0.28,0.325
dili_multiclass,237,4158,43,1,orf_style,1,0,0.66,0.22,0.12
dili_multiclass,253,2707,43,1,orf_style,0,0,0.445,0.115,0.44
dili_multiclass,261,3100,43,1,orf_style,0,0,0.725,0.04,0.235
dili_multiclass,285,4771,43,1,orf_style,0,0,0.53,0.19,0.28
dili_multiclass,292,5253,43,1,orf_style,0,0,0.605,0.16,0.235
dili_multiclass,311,9651,43,1,orf_style,0,0,0.385,0.49,0.125
dili_multiclass,315,16362,43,1,orf_style,0,0,0.565,0.075,0.36
dili_multiclass,330,59768,43,1,orf_style,0,0,0.7,0.12,0.18
dili_multiclass,340,71301,43,1,orf_style,0,0,0.61,0.025,0.365
dili_multiclass,354,197712,43,1,orf_style,0,2,0.185,0.23,0.585
dili_multiclass,361,636380,43,1,orf_style,0,0,0.415,0.43,0.155
dili_multiclass,372,5284596,43,1,orf_style,0,0,0.7,0.01,0.29
dili_multiclass,373,5311454,43,1,orf_style,0,0,0.455,0.39,0.155
dili_multiclass,380,10220503,43,1,orf_style,0,0,0.7,0.065,0.235
dili_multiclass,384,16129703,43,1,orf_style,0,0,0.63,0.25,0.12
dili_multiclass,388,16137828,43,1,orf_style,0,0,0.77,0.01,0.22
dili_multiclass,409,124081876,43,1,orf_style,0,0,0.5,0.08,0.42
dili_multiclass,418,1794427,43,1,orf_style,0,0,0.535,0.09,0.375
dili_multiclass,422,25025298,43,1,orf_style,0,0,0.695,0.105,0.2
dili_multiclass,428,49846579,43,1,orf_style,0,1,0.145,0.64,0.215
dili_multiclass,435,56842239,43,1,orf_style,0,0,0.635,0.045,0.32
dili_multiclass,440,65015,43,1,orf_style,0,0,0.675,0.165,0.16
dili_multiclass,450,2578,43,1,orf_style,0,0,0.305,0.27,0.425
dili_multiclass,452,2972,43,1,orf_style,0,0,0.675,0.105,0.22
dili_multiclass,471,6476,43,1,orf_style,0,1,0.255,0.515,0.23
dili_multiclass,482,65999,43,1,orf_style,0,0,0.57,0.275,0.155
dili_multiclass,487,104741,43,1,orf_style,0,0,0.7,0.14,0.16
dili_multiclass,494,150310,43,1,orf_style,0,0,0.665,0.075,0.26
dili_multiclass,511,9915743,43,1,orf_style,0,0,0.76,0.01,0.23
dili_multiclass,513,9966051,43,1,orf_style,0,1,0.065,0.615,0.32
dili_multiclass,518,16004692,43,1,orf_style,0,0,0.525,0.16,0.315
dili_multiclass,527,54671008,43,1,orf_style,0,0,0.475,0.24,0.285
dili_multiclass,532,135400189,43,1,orf_style,0,1,0.105,0.75,0.145
dili_multiclass,534,135409400,43,1,orf_style,0,0,0.31,0.18,0.51
dili_multiclass,572,9883933,43,1,orf_style,0,0,0.53,0.075,0.395
dili_multiclass,5,2478,43,1,bworf_no_mi,2,0,0.66,0.07,0.27
dili_multiclass,16,3672,43,1,bworf_no_mi,2,1,0.355,0.375,0.27
dili_multiclass,20,4463,43,1,bworf_no_mi,2,1,0.175,0.655,0.17
dili_multiclass,23,5352,43,1,bworf_no_mi,2,1,0.24,0.54,0.22
dili_multiclass,26,5852,43,1,bworf_no_mi,2,0,0.455,0.275,0.27
dili_multiclass,49,135401907,43,1,bworf_no_mi,2,2,0.15,0.355,0.495
dili_multiclass,50,938,43,1,bworf_no_mi,2,0,0.565,0.12,0.315
dili_multiclass,51,1983,43,1,bworf_no_mi,2,0,0.57,0.06,0.37
dili_multiclass,52,2244,43,1,bworf_no_mi,2,1,0.12,0.62,0.26
dili_multiclass,53,3007,43,1,bworf_no_mi,2,0,0.445,0.23,0.325
dili_multiclass,72,3114,43,1,bworf_no_mi,2,0,0.43,0.34,0.23
dili_multiclass,96,5656,43,1,bworf_no_mi,2,0,0.585,0.155,0.26
dili_multiclass,102,35370,43,1,bworf_no_mi,2,2,0.315,0.185,0.5
dili_multiclass,118,176870,43,1,bworf_no_mi,2,0,0.595,0.155,0.25
dili_multiclass,146,2187,43,1,bworf_no_mi,1,0,0.485,0.125,0.39
dili_multiclass,152,3325,43,1,bworf_no_mi,1,0,0.42,0.335,0.245
dili_multiclass,162,3715,43,1,bworf_no_mi,1,1,0.235,0.485,0.28
dili_multiclass,165,3869,43,1,bworf_no_mi,1,0,0.73,0.075,0.195
dili_multiclass,167,3961,43,1,bworf_no_mi,1,1,0.205,0.635,0.16
dili_multiclass,205,150311,43,1,bworf_no_mi,1,0,0.54,0.055,0.405
dili_multiclass,216,3034010,43,1,bworf_no_mi,1,0,0.56,0.05,0.39
dili_multiclass,228,9853053,43,1,bworf_no_mi,1,0,0.475,0.415,0.11
dili_multiclass,229,10113978,43,1,bworf_no_mi,1,0,0.345,0.315,0.34
dili_multiclass,237,4158,43,1,bworf_no_mi,1,0,0.54,0.335,0.125
dili_multiclass,253,2707,43,1,bworf_no_mi,0,2,0.385,0.105,0.51
dili_multiclass,261,3100,43,1,bworf_no_mi,0,0,0.595,0.11,0.295
dili_multiclass,285,4771,43,1,bworf_no_mi,0,0,0.445,0.21,0.345
dili_multiclass,292,5253,43,1,bworf_no_mi,0,0,0.49,0.265,0.245
dili_multiclass,311,9651,43,1,bworf_no_mi,0,1,0.37,0.565,0.065
dili_multiclass,315,16362,43,1,bworf_no_mi,0,0,0.405,0.175,0.42
dili_multiclass,330,59768,43,1,bworf_no_mi,0,0,0.65,0.14,0.21
dili_multiclass,340,71301,43,1,bworf_no_mi,0,0,0.46,0.07,0.47
dili_multiclass,354,197712,43,1,bworf_no_mi,0,2,0.16,0.255,0.585
dili_multiclass,361,636380,43,1,bworf_no_mi,0,0,0.44,0.425,0.135
dili_multiclass,372,5284596,43,1,bworf_no_mi,0,0,0.735,0.01,0.255
dili_multiclass,373,5311454,43,1,bworf_no_mi,0,1,0.31,0.51,0.18
dili_multiclass,380,10220503,43,1,bworf_no_mi,0,0,0.54,0.12,0.34
dili_multiclass,384,16129703,43,1,bworf_no_mi,0,0,0.56,0.34,0.1
dili_multiclass,388,16137828,43,1,bworf_no_mi,0,0,0.68,0.05,0.27
dili_multiclass,409,124081876,43,1,bworf_no_mi,0,0,0.43,0.145,0.425
dili_multiclass,418,1794427,43,1,bworf_no_mi,0,0,0.46,0.12,0.42
dili_multiclass,422,25025298,43,1,bworf_no_mi,0,0,0.57,0.18,0.25
dili_multiclass,428,49846579,43,1,bworf_no_mi,0,1,0.11,0.715,0.175
dili_multiclass,435,56842239,43,1,bworf_no_mi,0,0,0.575,0.06,0.365
dili_multiclass,440,65015,43,1,bworf_no_mi,0,0,0.66,0.22,0.12
dili_multiclass,450,2578,43,1,bworf_no_mi,0,2,0.31,0.2,0.49
dili_multiclass,452,2972,43,1,bworf_no_mi,0,0,0.51,0.19,0.3
dili_multiclass,471,6476,43,1,bworf_no_mi,0,1,0.09,0.69,0.22
dili_multiclass,482,65999,43,1,bworf_no_mi,0,0,0.54,0.3,0.16
dili_multiclass,487,104741,43,1,bworf_no_mi,0,0,0.54,0.315,0.145
dili_multiclass,494,150310,43,1,bworf_no_mi,0,0,0.675,0.065,0.26
dili_multiclass,511,9915743,43,1,bworf_no_mi,0,0,0.67,0.035,0.295
dili_multiclass,513,9966051,43,1,bworf_no_mi,0,1,0.095,0.58,0.325
dili_multiclass,518,16004692,43,1,bworf_no_mi,0,0,0.515,0.18,0.305
dili_multiclass,527,54671008,43,1,bworf_no_mi,0,0,0.35,0.305,0.345
dili_multiclass,532,135400189,43,1,bworf_no_mi,0,1,0.04,0.8,0.16
dili_multiclass,534,135409400,43,1,bworf_no_mi,0,2,0.23,0.205,0.565
dili_multiclass,572,9883933,43,1,bworf_no_mi,0,2,0.39,0.125,0.485
dili_multiclass,5,2478,43,1,bworf_mi,2,2,0.39,0.195,0.415
dili_multiclass,16,3672,43,1,bworf_mi,2,1,0.36,0.41,0.23
dili_multiclass,20,4463,43,1,bworf_mi,2,2,0.3416666666666666,0.33666666666666667,0.32166666666666666
dili_multiclass,23,5352,43,1,bworf_mi,2,2,0.21166666666666667,0.36666666666666664,0.42166666666666663
dili_multiclass,26,5852,43,1,bworf_mi,2,2,0.42,0.17,0.41
dili_multiclass,49,135401907,43,1,bworf_mi,2,2,0.3116666666666667,0.2816666666666666,0.40666666666666673
dili_multiclass,50,938,43,1,bworf_mi,2,2,0.3683333333333333,0.22833333333333336,0.40333333333333327
dili_multiclass,51,1983,43,1,bworf_mi,2,2,0.295,0.275,0.43
dili_multiclass,52,2244,43,1,bworf_mi,2,2,0.35833333333333334,0.33333333333333337,0.30833333333333335
dili_multiclass,53,3007,43,1,bworf_mi,2,1,0.425,0.44000000000000006,0.135
dili_multiclass,72,3114,43,1,bworf_mi,2,2,0.39,0.25999999999999995,0.35
dili_multiclass,96,5656,43,1,bworf_mi,2,0,0.485,0.335,0.18
dili_multiclass,102,35370,43,1,bworf_mi,2,0,0.49666666666666665,0.23166666666666663,0.27166666666666667
dili_multiclass,118,176870,43,1,bworf_mi,2,0,0.43833333333333335,0.40333333333333327,0.15833333333333333
dili_multiclass,146,2187,43,1,bworf_mi,1,2,0.3866666666666667,0.21166666666666667,0.4016666666666666
dili_multiclass,152,3325,43,1,bworf_mi,1,2,0.285,0.37,0.345
dili_multiclass,162,3715,43,1,bworf_mi,1,2,0.155,0.395,0.45
dili_multiclass,165,3869,43,1,bworf_mi,1,0,0.625,0.13,0.245
dili_multiclass,167,3961,43,1,bworf_mi,1,0,0.48333333333333334,0.2333333333333333,0.2833333333333334
dili_multiclass,205,150311,43,1,bworf_mi,1,0,0.52,0.14500000000000002,0.335
dili_multiclass,216,3034010,43,1,bworf_mi,1,0,0.595,0.245,0.16
dili_multiclass,228,9853053,43,1,bworf_mi,1,0,0.5883333333333334,0.19833333333333336,0.21333333333333332
dili_multiclass,229,10113978,43,1,bworf_mi,1,1,0.3733333333333333,0.3383333333333334,0.28833333333333333
dili_multiclass,237,4158,43,1,bworf_mi,1,0,0.5516666666666667,0.3116666666666667,0.13666666666666666
dili_multiclass,253,2707,43,1,bworf_mi,0,2,0.37,0.18,0.45
dili_multiclass,261,3100,43,1,bworf_mi,0,0,0.575,0.16,0.265
dili_multiclass,285,4771,43,1,bworf_mi,0,0,0.43666666666666665,0.39166666666666666,0.1716666666666667
dili_multiclass,292,5253,43,1,bworf_mi,0,2,0.39,0.235,0.375
dili_multiclass,311,9651,43,1,bworf_mi,0,2,0.30166666666666664,0.31666666666666665,0.3816666666666667
dili_multiclass,315,16362,43,1,bworf_mi,0,0,0.425,0.21,0.365
dili_multiclass,330,59768,43,1,bworf_mi,0,0,0.6533333333333333,0.16833333333333336,0.17833333333333332
dili_multiclass,340,71301,43,1,bworf_mi,0,0,0.4916666666666667,0.13666666666666666,0.37166666666666665
dili_multiclass,354,197712,43,1,bworf_mi,0,2,0.21333333333333335,0.3933333333333333,0.39333333333333337
dili_multiclass,361,636380,43,1,bworf_mi,0,1,0.275,0.38,0.345
dili_multiclass,372,5284596,43,1,bworf_mi,0,2,0.43333333333333335,0.14333333333333334,0.42333333333333334
dili_multiclass,373,5311454,43,1,bworf_mi,0,2,0.39666666666666667,0.16666666666666663,0.43666666666666665
dili_multiclass,380,10220503,43,1,bworf_mi,0,0,0.5750000000000001,0.31,0.115
dili_multiclass,384,16129703,43,1,bworf_mi,0,0,0.54,0.15,0.31
dili_multiclass,388,16137828,43,1,bworf_mi,0,0,0.64,0.09,0.27
dili_multiclass,409,124081876,43,1,bworf_mi,0,2,0.48833333333333334,0.10833333333333334,0.4033333333333334
dili_multiclass,418,1794427,43,1,bworf_mi,0,2,0.42833333333333334,0.19833333333333333,0.3733333333333333
dili_multiclass,422,25025298,43,1,bworf_mi,0,0,0.51,0.135,0.355
dili_multiclass,428,49846579,43,1,bworf_mi,0,0,0.39833333333333326,0.35333333333333333,0.24833333333333335
dili_multiclass,435,56842239,43,1,bworf_mi,0,2,0.335,0.31,0.355
dili_multiclass,440,65015,43,1,bworf_mi,0,0,0.635,0.11,0.255
dili_multiclass,450,2578,43,1,bworf_mi,0,2,0.43833333333333335,0.13333333333333333,0.42833333333333334
dili_multiclass,452,2972,43,1,bworf_mi,0,2,0.36833333333333335,0.2833333333333333,0.3483333333333334
dili_multiclass,471,6476,43,1,bworf_mi,0,2,0.24833333333333332,0.35833333333333334,0.3933333333333333
dili_multiclass,482,65999,43,1,bworf_mi,0,1,0.3483333333333333,0.4233333333333333,0.22833333333333333
dili_multiclass,487,104741,43,1,bworf_mi,0,0,0.4533333333333333,0.3383333333333334,0.20833333333333337
dili_multiclass,494,150310,43,1,bworf_mi,0,0,0.5283333333333333,0.1383333333333333,0.33333333333333337
dili_multiclass,511,9915743,43,1,bworf_mi,0,0,0.49666666666666665,0.15666666666666665,0.3466666666666666
dili_multiclass,513,9966051,43,1,bworf_mi,0,2,0.2966666666666667,0.3666666666666667,0.3366666666666667
dili_multiclass,518,16004692,43,1,bworf_mi,0,2,0.365,0.22,0.415
dili_multiclass,527,54671008,43,1,bworf_mi,0,0,0.585,0.1,0.315
dili_multiclass,532,135400189,43,1,bworf_mi,0,1,0.2783333333333333,0.5533333333333332,0.16833333333333333
dili_multiclass,534,135409400,43,1,bworf_mi,0,2,0.32666666666666666,0.21666666666666667,0.45666666666666667
dili_multiclass,572,9883933,43,1,bworf_mi,0,1,0.39166666666666666,0.4116666666666666,0.19666666666666668
dili_multiclass,19,4449,43,2,orf_style,2,0,0.43,0.205,0.365
dili_multiclass,22,4583,43,2,orf_style,2,2,0.235,0.205,0.56
dili_multiclass,31,54454,43,2,orf_style,2,0,0.495,0.17,0.335
dili_multiclass,40,667490,43,2,orf_style,2,2,0.245,0.165,0.59
dili_multiclass,56,23925,43,2,orf_style,2,0,0.385,0.11,0.505
dili_multiclass,69,2756,43,2,orf_style,2,0,0.585,0.195,0.22
dili_multiclass,74,3331,43,2,orf_style,2,0,0.66,0.165,0.175
dili_multiclass,77,3559,43,2,orf_style,2,0,0.395,0.155,0.45
dili_multiclass,78,3696,43,2,orf_style,2,0,0.575,0.075,0.35
dili_multiclass,86,4917,43,2,orf_style,2,0,0.365,0.275,0.36
dili_multiclass,91,5402,43,2,orf_style,2,0,0.69,0.005000000000000001,0.305
dili_multiclass,93,5452,43,2,orf_style,2,0,0.67,0.045,0.285
dili_multiclass,136,54676228,43,2,orf_style,2,1,0.15,0.625,0.225
dili_multiclass,138,135398738,43,2,orf_style,2,0,0.485,0.12,0.395
dili_multiclass,144,2092,43,2,orf_style,1,0,0.76,0.014999999999999998,0.225
dili_multiclass,145,2162,43,2,orf_style,1,1,0.195,0.555,0.25
dili_multiclass,158,3463,43,2,orf_style,1,0,0.48,0.2,0.32
dili_multiclass,169,4173,43,2,orf_style,1,0,0.575,0.16,0.265
dili_multiclass,183,5717,43,2,orf_style,1,0,0.465,0.38,0.155
dili_multiclass,186,8982,43,2,orf_style,1,2,0.245,0.32,0.435
dili_multiclass,193,54841,43,2,orf_style,1,0,0.66,0.09,0.25
dili_multiclass,226,6436030,43,2,orf_style,1,1,0.26,0.545,0.195
dili_multiclass,231,16129629,43,2,orf_style,1,1,0.19,0.505,0.305
dili_multiclass,239,108150,43,2,orf_style,1,0,0.53,0.285,0.185
dili_multiclass,247,2381,43,2,orf_style,0,0,0.62,0.025000000000000005,0.355
dili_multiclass,265,3333,43,2,orf_style,0,1,0.235,0.455,0.31
dili_multiclass,269,3519,43,2,orf_style,0,0,0.735,0.075,0.19
dili_multiclass,279,4201,43,2,orf_style,0,0,0.71,0.105,0.185
dili_multiclass,281,4497,43,2,orf_style,0,0,0.39,0.33,0.28
dili_multiclass,284,4616,43,2,orf_style,0,0,0.73,0.06,0.21
dili_multiclass,322,33624,43,2,orf_style,0,0,0.76,0.075,0.165
dili_multiclass,326,41684,43,2,orf_style,0,0,0.48,0.145,0.375
dili_multiclass,328,57363,43,2,orf_style,0,0,0.795,0.02,0.185
dili_multiclass,348,121396,43,2,orf_style,0,0,0.31,0.135,0.555
dili_multiclass,353,174174,43,2,orf_style,0,0,0.56,0.265,0.175
dili_multiclass,357,441314,43,2,orf_style,0,0,0.685,0.065,0.25
dili_multiclass,360,449193,43,2,orf_style,0,0,0.365,0.365,0.27
dili_multiclass,363,708857,43,2,orf_style,0,0,0.75,0.009999999999999998,0.24
dili_multiclass,366,3052762,43,2,orf_style,0,1,0.22,0.63,0.15
dili_multiclass,379,9924495,43,2,orf_style,0,0,0.37,0.445,0.185
dili_multiclass,403,11250647,43,2,orf_style,0,0,0.47,0.15,0.38
dili_multiclass,410,12684604,43,2,orf_style,0,0,0.58,0.205,0.215
dili_multiclass,411,131682,43,2,orf_style,0,0,0.61,0.17,0.22
dili_multiclass,426,45138674,43,2,orf_style,0,0,0.55,0.05,0.4
dili_multiclass,432,5462328,43,2,orf_style,0,0,0.8,0.0,0.2
dili_multiclass,436,56843331,43,2,orf_style,0,0,0.54,0.11,0.35
dili_multiclass,439,6324616,43,2,orf_style,0,0,0.605,0.155,0.24
dili_multiclass,451,2895,43,2,orf_style,0,0,0.465,0.105,0.43
dili_multiclass,467,5556,43,2,orf_style,0,0,0.57,0.05,0.38
dili_multiclass,470,5625,43,2,orf_style,0,0,0.605,0.265,0.13
dili_multiclass,479,60026,43,2,orf_style,0,0,0.49,0.155,0.355
dili_multiclass,483,71349,43,2,orf_style,0,0,0.49,0.295,0.215
dili_multiclass,501,5312125,43,2,orf_style,0,0,0.43,0.44,0.13
dili_multiclass,505,6442177,43,2,orf_style,0,1,0.275,0.52,0.205
dili_multiclass,508,6918314,43,2,orf_style,0,0,0.58,0.24,0.18
dili_multiclass,528,54680690,43,2,orf_style,0,2,0.29,0.115,0.595
dili_multiclass,541,11234049,43,2,orf_style,0,0,0.545,0.18,0.275
dili_multiclass,564,6918248,43,2,orf_style,0,0,0.455,0.27,0.275
dili_multiclass,19,4449,43,2,bworf_no_mi,2,0,0.345,0.31,0.345
dili_multiclass,22,4583,43,2,bworf_no_mi,2,2,0.175,0.26,0.565
dili_multiclass,31,54454,43,2,bworf_no_mi,2,2,0.345,0.215,0.44
dili_multiclass,40,667490,43,2,bworf_no_mi,2,2,0.2,0.255,0.545
dili_multiclass,56,23925,43,2,bworf_no_mi,2,2,0.33,0.17,0.5
dili_multiclass,69,2756,43,2,bworf_no_mi,2,0,0.465,0.235,0.3
dili_multiclass,74,3331,43,2,bworf_no_mi,2,0,0.64,0.22,0.14
dili_multiclass,77,3559,43,2,bworf_no_mi,2,2,0.25,0.27,0.48
dili_multiclass,78,3696,43,2,bworf_no_mi,2,0,0.56,0.09,0.35
dili_multiclass,86,4917,43,2,bworf_no_mi,2,2,0.21,0.365,0.425
dili_multiclass,91,5402,43,2,bworf_no_mi,2,0,0.605,0.035,0.36
dili_multiclass,93,5452,43,2,bworf_no_mi,2,0,0.535,0.07,0.395
dili_multiclass,136,54676228,43,2,bworf_no_mi,2,1,0.065,0.71,0.225
dili_multiclass,138,135398738,43,2,bworf_no_mi,2,0,0.4,0.21,0.39
dili_multiclass,144,2092,43,2,bworf_no_mi,1,0,0.745,0.035,0.22
dili_multiclass,145,2162,43,2,bworf_no_mi,1,1,0.055,0.595,0.35
dili_multiclass,158,3463,43,2,bworf_no_mi,1,2,0.35,0.305,0.345
dili_multiclass,169,4173,43,2,bworf_no_mi,1,0,0.46,0.205,0.335
dili_multiclass,183,5717,43,2,bworf_no_mi,1,1,0.27,0.555,0.175
dili_multiclass,186,8982,43,2,bworf_no_mi,1,1,0.1,0.465,0.435
dili_multiclass,193,54841,43,2,bworf_no_mi,1,0,0.525,0.15,0.325
dili_multiclass,226,6436030,43,2,bworf_no_mi,1,1,0.175,0.605,0.22
dili_multiclass,231,16129629,43,2,bworf_no_mi,1,1,0.195,0.45,0.355
dili_multiclass,239,108150,43,2,bworf_no_mi,1,0,0.435,0.33,0.235
dili_multiclass,247,2381,43,2,bworf_no_mi,0,0,0.535,0.075,0.39
dili_multiclass,265,3333,43,2,bworf_no_mi,0,1,0.135,0.48,0.385
dili_multiclass,269,3519,43,2,bworf_no_mi,0,0,0.575,0.14,0.285
dili_multiclass,279,4201,43,2,bworf_no_mi,0,0,0.585,0.245,0.17
dili_multiclass,281,4497,43,2,bworf_no_mi,0,1,0.3,0.465,0.235
dili_multiclass,284,4616,43,2,bworf_no_mi,0,0,0.62,0.11,0.27
dili_multiclass,322,33624,43,2,bworf_no_mi,0,0,0.59,0.295,0.115
dili_multiclass,326,41684,43,2,bworf_no_mi,0,0,0.355,0.215,0.43
dili_multiclass,328,57363,43,2,bworf_no_mi,0,0,0.805,0.025,0.17
dili_multiclass,348,121396,43,2,bworf_no_mi,0,2,0.22,0.255,0.525
dili_multiclass,353,174174,43,2,bworf_no_mi,0,0,0.555,0.185,0.26
dili_multiclass,357,441314,43,2,bworf_no_mi,0,0,0.675,0.12,0.205
dili_multiclass,360,449193,43,2,bworf_no_mi,0,1,0.215,0.495,0.29
dili_multiclass,363,708857,43,2,bworf_no_mi,0,0,0.645,0.04,0.315
dili_multiclass,366,3052762,43,2,bworf_no_mi,0,1,0.115,0.69,0.195
dili_multiclass,379,9924495,43,2,bworf_no_mi,0,1,0.29,0.445,0.265
dili_multiclass,403,11250647,43,2,bworf_no_mi,0,2,0.285,0.255,0.46
dili_multiclass,410,12684604,43,2,bworf_no_mi,0,0,0.585,0.205,0.21
dili_multiclass,411,131682,43,2,bworf_no_mi,0,0,0.465,0.28,0.255
dili_multiclass,426,45138674,43,2,bworf_no_mi,0,0,0.445,0.12,0.435
dili_multiclass,432,5462328,43,2,bworf_no_mi,0,0,0.795,0.004999999999999999,0.2
dili_multiclass,436,56843331,43,2,bworf_no_mi,0,0,0.54,0.11,0.35
dili_multiclass,439,6324616,43,2,bworf_no_mi,0,0,0.465,0.25,0.285
dili_multiclass,451,2895,43,2,bworf_no_mi,0,2,0.305,0.21,0.485
dili_multiclass,467,5556,43,2,bworf_no_mi,0,0,0.43,0.13,0.44
dili_multiclass,470,5625,43,2,bworf_no_mi,0,1,0.38,0.475,0.145
dili_multiclass,479,60026,43,2,bworf_no_mi,0,0,0.365,0.245,0.39
dili_multiclass,483,71349,43,2,bworf_no_mi,0,1,0.29,0.44,0.27
dili_multiclass,501,5312125,43,2,bworf_no_mi,0,1,0.275,0.585,0.14
dili_multiclass,505,6442177,43,2,bworf_no_mi,0,1,0.225,0.57,0.205
dili_multiclass,508,6918314,43,2,bworf_no_mi,0,0,0.535,0.29,0.175
dili_multiclass,528,54680690,43,2,bworf_no_mi,0,2,0.27,0.195,0.535
dili_multiclass,541,11234049,43,2,bworf_no_mi,0,0,0.425,0.21,0.365
dili_multiclass,564,6918248,43,2,bworf_no_mi,0,0,0.395,0.34,0.265
dili_multiclass,19,4449,43,2,bworf_mi,2,1,0.36666666666666664,0.3516666666666666,0.2816666666666666
dili_multiclass,22,4583,43,2,bworf_mi,2,2,0.375,0.13,0.49500000000000005
dili_multiclass,31,54454,43,2,bworf_mi,2,1,0.28833333333333333,0.3983333333333334,0.3133333333333333
dili_multiclass,40,667490,43,2,bworf_mi,2,2,0.4,0.115,0.485
dili_multiclass,56,23925,43,2,bworf_mi,2,2,0.3549999999999999,0.195,0.45
dili_multiclass,69,2756,43,2,bworf_mi,2,1,0.39833333333333326,0.4833333333333333,0.11833333333333335
dili_multiclass,74,3331,43,2,bworf_mi,2,2,0.3483333333333333,0.21833333333333332,0.43333333333333335
dili_multiclass,77,3559,43,2,bworf_mi,2,0,0.43333333333333335,0.19833333333333333,0.36833333333333335
dili_multiclass,78,3696,43,2,bworf_mi,2,0,0.5383333333333334,0.15333333333333335,0.30833333333333335
dili_multiclass,86,4917,43,2,bworf_mi,2,0,0.455,0.14000000000000004,0.405
dili_multiclass,91,5402,43,2,bworf_mi,2,0,0.49,0.31,0.2
dili_multiclass,93,5452,43,2,bworf_mi,2,1,0.37,0.37,0.26
dili_multiclass,136,54676228,43,2,bworf_mi,2,1,0.11,0.495,0.395
dili_multiclass,138,135398738,43,2,bworf_mi,2,0,0.4433333333333333,0.18333333333333335,0.37333333333333335
dili_multiclass,144,2092,43,2,bworf_mi,1,0,0.5333333333333334,0.23833333333333329,0.22833333333333328
dili_multiclass,145,2162,43,2,bworf_mi,1,1,0.29333333333333333,0.36333333333333334,0.3433333333333334
dili_multiclass,158,3463,43,2,bworf_mi,1,0,0.44666666666666666,0.26166666666666666,0.2916666666666667
dili_multiclass,169,4173,43,2,bworf_mi,1,2,0.475,0.06999999999999999,0.455
dili_multiclass,183,5717,43,2,bworf_mi,1,1,0.3233333333333333,0.4733333333333334,0.2033333333333333
dili_multiclass,186,8982,43,2,bworf_mi,1,1,0.2316666666666667,0.44666666666666666,0.32166666666666666
dili_multiclass,193,54841,43,2,bworf_mi,1,0,0.44,0.30499999999999994,0.25499999999999995
dili_multiclass,226,6436030,43,2,bworf_mi,1,1,0.15,0.6200000000000001,0.23
dili_multiclass,231,16129629,43,2,bworf_mi,1,0,0.595,0.11,0.295
dili_multiclass,239,108150,43,2,bworf_mi,1,2,0.385,0.295,0.31999999999999995
dili_multiclass,247,2381,43,2,bworf_mi,0,0,0.5633333333333334,0.22333333333333333,0.21333333333333332
dili_multiclass,265,3333,43,2,bworf_mi,0,2,0.3366666666666667,0.2366666666666667,0.42666666666666664
dili_multiclass,269,3519,43,2,bworf_mi,0,2,0.4283333333333333,0.09833333333333334,0.4733333333333334
dili_multiclass,279,4201,43,2,bworf_mi,0,1,0.36333333333333334,0.49833333333333335,0.13833333333333336
dili_multiclass,281,4497,43,2,bworf_mi,0,0,0.42,0.285,0.29499999999999993
dili_multiclass,284,4616,43,2,bworf_mi,0,2,0.4366666666666667,0.07666666666666666,0.4866666666666667
dili_multiclass,322,33624,43,2,bworf_mi,0,0,0.4800000000000001,0.185,0.3349999999999999
dili_multiclass,326,41684,43,2,bworf_mi,0,2,0.29666666666666663,0.22666666666666668,0.4766666666666666
dili_multiclass,328,57363,43,2,bworf_mi,0,0,0.4966666666666667,0.19666666666666668,0.30666666666666664
dili_multiclass,348,121396,43,2,bworf_mi,0,2,0.42833333333333334,0.15833333333333335,0.4133333333333333
dili_multiclass,353,174174,43,2,bworf_mi,0,0,0.49833333333333335,0.15333333333333335,0.3483333333333333
dili_multiclass,357,441314,43,2,bworf_mi,0,0,0.48833333333333334,0.2333333333333333,0.2783333333333333
dili_multiclass,360,449193,43,2,bworf_mi,0,2,0.37,0.215,0.4149999999999999
dili_multiclass,363,708857,43,2,bworf_mi,0,0,0.46,0.30999999999999994,0.23
dili_multiclass,366,3052762,43,2,bworf_mi,0,0,0.49000000000000005,0.105,0.4050000000000001
dili_multiclass,379,9924495,43,2,bworf_mi,0,1,0.4,0.39,0.20999999999999996
dili_multiclass,403,11250647,43,2,bworf_mi,0,0,0.37999999999999995,0.33,0.29
dili_multiclass,410,12684604,43,2,bworf_mi,0,0,0.4733333333333334,0.33833333333333326,0.18833333333333335
dili_multiclass,411,131682,43,2,bworf_mi,0,0,0.4366666666666667,0.21166666666666664,0.3516666666666666
dili_multiclass,426,45138674,43,2,bworf_mi,0,0,0.5366666666666667,0.18166666666666667,0.2816666666666666
dili_multiclass,432,5462328,43,2,bworf_mi,0,0,0.5583333333333335,0.11333333333333336,0.3283333333333333
dili_multiclass,436,56843331,43,2,bworf_mi,0,0,0.555,0.085,0.36
dili_multiclass,439,6324616,43,2,bworf_mi,0,2,0.2833333333333333,0.3483333333333333,0.3683333333333333
dili_multiclass,451,2895,43,2,bworf_mi,0,1,0.3416666666666666,0.3516666666666666,0.30666666666666664
dili_multiclass,467,5556,43,2,bworf_mi,0,2,0.4683333333333334,0.06833333333333333,0.4633333333333334
dili_multiclass,470,5625,43,2,bworf_mi,0,1,0.335,0.605,0.06
dili_multiclass,479,60026,43,2,bworf_mi,0,0,0.5683333333333332,0.12833333333333333,0.30333333333333334
dili_multiclass,483,71349,43,2,bworf_mi,0,1,0.18,0.695,0.125
dili_multiclass,501,5312125,43,2,bworf_mi,0,1,0.37833333333333335,0.5033333333333334,0.11833333333333335
dili_multiclass,505,6442177,43,2,bworf_mi,0,1,0.15833333333333333,0.5933333333333334,0.24833333333333332
dili_multiclass,508,6918314,43,2,bworf_mi,0,0,0.4733333333333334,0.36333333333333334,0.16333333333333336
dili_multiclass,528,54680690,43,2,bworf_mi,0,2,0.31666666666666665,0.19666666666666666,0.4866666666666667
dili_multiclass,541,11234049,43,2,bworf_mi,0,0,0.47833333333333344,0.19333333333333333,0.3283333333333333
dili_multiclass,564,6918248,43,2,bworf_mi,0,1,0.3316666666666667,0.5266666666666667,0.14166666666666666
dili_multiclass,1,1935,43,3,orf_style,2,0,0.52,0.22,0.26
dili_multiclass,15,3637,43,3,orf_style,2,2,0.15,0.47,0.38
dili_multiclass,27,12560,43,3,orf_style,2,0,0.26,0.155,0.585
dili_multiclass,45,5464436,43,3,orf_style,1,0,0.385,0.085,0.53
dili_multiclass,54,5161,43,3,orf_style,2,0,0.33,0.195,0.475
dili_multiclass,57,23978,43,3,orf_style,2,0,0.69,0.025,0.285
dili_multiclass,59,518740,43,3,orf_style,2,0,0.36,0.155,0.485
dili_multiclass,68,2733,43,3,orf_style,2,0,0.515,0.21,0.275
dili_multiclass,92,5426,43,3,orf_style,2,1,0.235,0.595,0.17
dili_multiclass,94,5533,43,3,orf_style,2,0,0.275,0.285,0.44
dili_multiclass,104,43815,43,3,orf_style,2,0,0.28,0.44,0.28
dili_multiclass,112,60838,43,3,orf_style,2,0,0.635,0.09,0.275
dili_multiclass,117,152946,43,3,orf_style,2,0,0.39,0.19,0.42
dili_multiclass,122,441184,43,3,orf_style,2,0,0.7,0.04,0.26
dili_multiclass,130,5362032,43,3,orf_style,2,0,0.52,0.13,0.35
dili_multiclass,149,2771,43,3,orf_style,1,0,0.57,0.195,0.235
dili_multiclass,154,3372,43,3,orf_style,1,0,0.385,0.185,0.43
dili_multiclass,174,4543,43,3,orf_style,1,0,0.44,0.335,0.225
dili_multiclass,175,4614,43,3,orf_style,1,1,0.235,0.61,0.155
dili_multiclass,195,60750,43,3,orf_style,1,0,0.305,0.49,0.205
dili_multiclass,201,93860,43,3,orf_style,1,1,0.155,0.66,0.185
dili_multiclass,217,4659569,43,3,orf_style,1,0,0.375,0.095,0.53
dili_multiclass,222,5362129,43,3,orf_style,1,0,0.695,0.045,0.26
dili_multiclass,250,2477,43,3,orf_style,0,0,0.58,0.27,0.15
dili_multiclass,252,2576,43,3,orf_style,0,0,0.63,0.18,0.19
dili_multiclass,254,2754,43,3,orf_style,0,1,0.13,0.73,0.14
dili_multiclass,255,2789,43,3,orf_style,0,0,0.425,0.18,0.395
dili_multiclass,262,3162,43,3,orf_style,0,0,0.51,0.215,0.275
dili_multiclass,303,6167,43,3,orf_style,0,0,0.45,0.255,0.295
dili_multiclass,320,26987,43,3,orf_style,0,0,0.49,0.2,0.31
dili_multiclass,342,71360,43,3,orf_style,0,0,0.34,0.37,0.29
dili_multiclass,355,213046,43,3,orf_style,0,0,0.62,0.095,0.285
dili_multiclass,358,443940,43,3,orf_style,0,0,0.335,0.115,0.55
dili_multiclass,362,656719,43,3,orf_style,0,0,0.31,0.47,0.22
dili_multiclass,368,3086319,43,3,orf_style,0,0,0.315,0.13,0.555
dili_multiclass,371,5284594,43,3,orf_style,0,0,0.735,0.015,0.25
dili_multiclass,396,2782115,43,3,orf_style,0,0,0.42,0.12,0.46
dili_multiclass,397,11561674,43,3,orf_style,0,0,0.445,0.325,0.23
dili_multiclass,399,10071196,43,3,orf_style,0,0,0.61,0.15,0.24
dili_multiclass,404,11304743,43,3,orf_style,0,0,0.675,0.015,0.31
dili_multiclass,407,11978813,43,3,orf_style,0,0,0.38,0.16,0.46
dili_multiclass,433,54732242,43,3,orf_style,0,0,0.745,0.01,0.245
dili_multiclass,442,70693500,43,3,orf_style,0,1,0.09,0.645,0.265
dili_multiclass,459,4064,43,3,orf_style,0,0,0.46,0.325,0.215
dili_multiclass,460,4211,43,3,orf_style,0,1,0.17,0.535,0.295
dili_multiclass,462,4893,43,3,orf_style,0,0,0.575,0.09,0.335
dili_multiclass,463,4909,43,3,orf_style,0,0,0.26,0.375,0.365
dili_multiclass,488,107807,43,3,orf_style,0,0,0.65,0.12,0.23
dili_multiclass,491,132971,43,3,orf_style,0,0,0.59,0.19,0.22
dili_multiclass,492,147912,43,3,orf_style,0,0,0.64,0.035,0.325
dili_multiclass,499,3011155,43,3,orf_style,0,0,0.585,0.145,0.27
dili_multiclass,504,5486971,43,3,orf_style,1,0,0.335,0.35,0.315
dili_multiclass,512,9926791,43,3,orf_style,0,1,0.225,0.49,0.285
dili_multiclass,525,45375808,43,3,orf_style,0,0,0.465,0.115,0.42
dili_multiclass,539,10280735,43,3,orf_style,0,0,0.36,0.195,0.445
dili_multiclass,551,25166913,43,3,orf_style,0,0,0.735,0.010000000000000002,0.255
dili_multiclass,560,58031952,43,3,orf_style,0,0,0.755,0.0,0.245
dili_multiclass,567,71657455,43,3,orf_style,0,0,0.315,0.49,0.195
dili_multiclass,1,1935,43,3,bworf_no_mi,2,0,0.385,0.345,0.27
dili_multiclass,15,3637,43,3,bworf_no_mi,2,1,0.11,0.43,0.46
dili_multiclass,27,12560,43,3,bworf_no_mi,2,2,0.19,0.175,0.635
dili_multiclass,45,5464436,43,3,bworf_no_mi,1,2,0.33,0.095,0.575
dili_multiclass,54,5161,43,3,bworf_no_mi,2,2,0.31,0.115,0.575
dili_multiclass,57,23978,43,3,bworf_no_mi,2,0,0.64,0.075,0.285
dili_multiclass,59,518740,43,3,bworf_no_mi,2,0,0.395,0.205,0.4
dili_multiclass,68,2733,43,3,bworf_no_mi,2,0,0.34,0.29,0.37
dili_multiclass,92,5426,43,3,bworf_no_mi,2,1,0.175,0.65,0.175
dili_multiclass,94,5533,43,3,bworf_no_mi,2,1,0.155,0.375,0.47
dili_multiclass,104,43815,43,3,bworf_no_mi,2,1,0.22,0.525,0.255
dili_multiclass,112,60838,43,3,bworf_no_mi,2,0,0.59,0.14,0.27
dili_multiclass,117,152946,43,3,bworf_no_mi,2,2,0.265,0.225,0.51
dili_multiclass,122,441184,43,3,bworf_no_mi,2,0,0.695,0.095,0.21
dili_multiclass,130,5362032,43,3,bworf_no_mi,2,0,0.45,0.19,0.36
dili_multiclass,149,2771,43,3,bworf_no_mi,1,0,0.41,0.345,0.245
dili_multiclass,154,3372,43,3,bworf_no_mi,1,0,0.33,0.235,0.435
dili_multiclass,174,4543,43,3,bworf_no_mi,1,1,0.17,0.58,0.25
dili_multiclass,175,4614,43,3,bworf_no_mi,1,1,0.145,0.73,0.125
dili_multiclass,195,60750,43,3,bworf_no_mi,1,1,0.22,0.58,0.2
dili_multiclass,201,93860,43,3,bworf_no_mi,1,1,0.075,0.67,0.255
dili_multiclass,217,4659569,43,3,bworf_no_mi,1,2,0.27,0.12,0.61
dili_multiclass,222,5362129,43,3,bworf_no_mi,1,0,0.605,0.145,0.25
dili_multiclass,250,2477,43,3,bworf_no_mi,0,1,0.43,0.505,0.065
dili_multiclass,252,2576,43,3,bworf_no_mi,0,0,0.585,0.28,0.135
dili_multiclass,254,2754,43,3,bworf_no_mi,0,1,0.09,0.75,0.16
dili_multiclass,255,2789,43,3,bworf_no_mi,0,2,0.315,0.21,0.475
dili_multiclass,262,3162,43,3,bworf_no_mi,0,0,0.35,0.365,0.285
dili_multiclass,303,6167,43,3,bworf_no_mi,0,0,0.345,0.235,0.42
dili_multiclass,320,26987,43,3,bworf_no_mi,0,1,0.34,0.395,0.265
dili_multiclass,342,71360,43,3,bworf_no_mi,0,1,0.23,0.47,0.3
dili_multiclass,355,213046,43,3,bworf_no_mi,0,0,0.56,0.175,0.265
dili_multiclass,358,443940,43,3,bworf_no_mi,0,2,0.26,0.13,0.61
dili_multiclass,362,656719,43,3,bworf_no_mi,0,1,0.35,0.455,0.195
dili_multiclass,368,3086319,43,3,bworf_no_mi,0,2,0.275,0.175,0.55
dili_multiclass,371,5284594,43,3,bworf_no_mi,0,0,0.695,0.02,0.285
dili_multiclass,396,2782115,43,3,bworf_no_mi,0,2,0.305,0.18,0.515
dili_multiclass,397,11561674,43,3,bworf_no_mi,0,0,0.405,0.385,0.21
dili_multiclass,399,10071196,43,3,bworf_no_mi,0,0,0.595,0.23,0.175
dili_multiclass,404,11304743,43,3,bworf_no_mi,0,0,0.585,0.055,0.36
dili_multiclass,407,11978813,43,3,bworf_no_mi,0,2,0.27,0.23,0.5
dili_multiclass,433,54732242,43,3,bworf_no_mi,0,0,0.76,0.045,0.195
dili_multiclass,442,70693500,43,3,bworf_no_mi,0,1,0.05,0.68,0.27
dili_multiclass,459,4064,43,3,bworf_no_mi,0,1,0.35,0.43,0.22
dili_multiclass,460,4211,43,3,bworf_no_mi,0,1,0.18,0.55,0.27
dili_multiclass,462,4893,43,3,bworf_no_mi,0,0,0.425,0.27,0.305
dili_multiclass,463,4909,43,3,bworf_no_mi,0,1,0.105,0.485,0.41
dili_multiclass,488,107807,43,3,bworf_no_mi,0,0,0.565,0.31,0.125
dili_multiclass,491,132971,43,3,bworf_no_mi,0,0,0.41,0.37,0.22
dili_multiclass,492,147912,43,3,bworf_no_mi,0,0,0.675,0.045,0.28
dili_multiclass,499,3011155,43,3,bworf_no_mi,0,0,0.465,0.33,0.205
dili_multiclass,504,5486971,43,3,bworf_no_mi,1,1,0.27,0.385,0.345
dili_multiclass,512,9926791,43,3,bworf_no_mi,0,1,0.065,0.605,0.33
dili_multiclass,525,45375808,43,3,bworf_no_mi,0,2,0.35,0.175,0.475
dili_multiclass,539,10280735,43,3,bworf_no_mi,0,0,0.34,0.195,0.465
dili_multiclass,551,25166913,43,3,bworf_no_mi,0,0,0.68,0.095,0.225
dili_multiclass,560,58031952,43,3,bworf_no_mi,0,0,0.81,0.0,0.19
dili_multiclass,567,71657455,43,3,bworf_no_mi,0,1,0.23,0.57,0.2
dili_multiclass,1,1935,43,3,bworf_mi,2,1,0.21,0.52,0.27
dili_multiclass,15,3637,43,3,bworf_mi,2,1,0.225,0.425,0.35
dili_multiclass,27,12560,43,3,bworf_mi,2,2,0.28833333333333333,0.26833333333333337,0.44333333333333336
dili_multiclass,45,5464436,43,3,bworf_mi,1,0,0.48333333333333334,0.2683333333333333,0.24833333333333332
dili_multiclass,54,5161,43,3,bworf_mi,2,1,0.21833333333333332,0.47833333333333333,0.30333333333333334
dili_multiclass,57,23978,43,3,bworf_mi,2,2,0.425,0.135,0.44
dili_multiclass,59,518740,43,3,bworf_mi,2,2,0.3,0.32,0.38
dili_multiclass,68,2733,43,3,bworf_mi,2,2,0.415,0.21,0.375
dili_multiclass,92,5426,43,3,bworf_mi,2,2,0.25666666666666665,0.29666666666666663,0.4466666666666667
dili_multiclass,94,5533,43,3,bworf_mi,2,1,0.38833333333333336,0.3533333333333333,0.2583333333333333
dili_multiclass,104,43815,43,3,bworf_mi,2,0,0.465,0.295,0.24000000000000005
dili_multiclass,112,60838,43,3,bworf_mi,2,0,0.69,0.13,0.18
dili_multiclass,117,152946,43,3,bworf_mi,2,0,0.5083333333333333,0.24833333333333332,0.24333333333333335
dili_multiclass,122,441184,43,3,bworf_mi,2,2,0.42166666666666663,0.2966666666666667,0.2816666666666667
dili_multiclass,130,5362032,43,3,bworf_mi,2,0,0.3633333333333333,0.3933333333333333,0.24333333333333335
dili_multiclass,149,2771,43,3,bworf_mi,1,2,0.3833333333333333,0.2583333333333333,0.3583333333333333
dili_multiclass,154,3372,43,3,bworf_mi,1,1,0.32666666666666666,0.3466666666666666,0.3266666666666667
dili_multiclass,174,4543,43,3,bworf_mi,1,0,0.40333333333333327,0.30833333333333335,0.28833333333333333
dili_multiclass,175,4614,43,3,bworf_mi,1,1,0.21833333333333332,0.4933333333333334,0.28833333333333333
dili_multiclass,195,60750,43,3,bworf_mi,1,2,0.3733333333333333,0.21333333333333335,0.4133333333333333
dili_multiclass,201,93860,43,3,bworf_mi,1,1,0.4316666666666667,0.39666666666666667,0.1716666666666667
dili_multiclass,217,4659569,43,3,bworf_mi,1,2,0.24499999999999997,0.325,0.43
dili_multiclass,222,5362129,43,3,bworf_mi,1,0,0.49833333333333335,0.2883333333333333,0.21333333333333332
dili_multiclass,250,2477,43,3,bworf_mi,0,0,0.5666666666666668,0.25666666666666665,0.17666666666666664
dili_multiclass,252,2576,43,3,bworf_mi,0,1,0.3516666666666666,0.39666666666666656,0.2516666666666667
dili_multiclass,254,2754,43,3,bworf_mi,0,0,0.4683333333333334,0.35833333333333334,0.1733333333333333
dili_multiclass,255,2789,43,3,bworf_mi,0,2,0.32666666666666666,0.30166666666666664,0.37166666666666665
dili_multiclass,262,3162,43,3,bworf_mi,0,0,0.48,0.205,0.315
dili_multiclass,303,6167,43,3,bworf_mi,0,2,0.275,0.38499999999999995,0.34
dili_multiclass,320,26987,43,3,bworf_mi,0,0,0.40833333333333327,0.2683333333333333,0.32333333333333336
dili_multiclass,342,71360,43,3,bworf_mi,0,0,0.49833333333333335,0.24833333333333332,0.2533333333333333
dili_multiclass,355,213046,43,3,bworf_mi,0,0,0.5166666666666666,0.3566666666666667,0.12666666666666665
dili_multiclass,358,443940,43,3,bworf_mi,0,2,0.31166666666666665,0.25666666666666665,0.43166666666666664
dili_multiclass,362,656719,43,3,bworf_mi,0,0,0.49166666666666664,0.2816666666666667,0.22666666666666668
dili_multiclass,368,3086319,43,3,bworf_mi,0,2,0.25,0.30999999999999994,0.44000000000000006
dili_multiclass,371,5284594,43,3,bworf_mi,0,0,0.68,0.095,0.225
dili_multiclass,396,2782115,43,3,bworf_mi,0,2,0.205,0.36,0.435
dili_multiclass,397,11561674,43,3,bworf_mi,0,1,0.17833333333333334,0.49833333333333335,0.3233333333333333
dili_multiclass,399,10071196,43,3,bworf_mi,0,0,0.6333333333333333,0.12833333333333333,0.23833333333333337
dili_multiclass,404,11304743,43,3,bworf_mi,0,0,0.5883333333333334,0.15833333333333333,0.25333333333333335
dili_multiclass,407,11978813,43,3,bworf_mi,0,0,0.39,0.335,0.27499999999999997
dili_multiclass,433,54732242,43,3,bworf_mi,0,0,0.65,0.175,0.175
dili_multiclass,442,70693500,43,3,bworf_mi,0,1,0.205,0.6,0.195
dili_multiclass,459,4064,43,3,bworf_mi,0,0,0.4266666666666667,0.23166666666666663,0.34166666666666673
dili_multiclass,460,4211,43,3,bworf_mi,0,2,0.31,0.285,0.405
dili_multiclass,462,4893,43,3,bworf_mi,0,0,0.595,0.195,0.21
dili_multiclass,463,4909,43,3,bworf_mi,0,1,0.165,0.465,0.37
dili_multiclass,488,107807,43,3,bworf_mi,0,0,0.44666666666666666,0.2766666666666666,0.27666666666666667
dili_multiclass,491,132971,43,3,bworf_mi,0,0,0.4733333333333334,0.30333333333333334,0.22333333333333333
dili_multiclass,492,147912,43,3,bworf_mi,0,0,0.4666666666666666,0.2316666666666667,0.3016666666666667
dili_multiclass,499,3011155,43,3,bworf_mi,0,0,0.4066666666666666,0.29666666666666663,0.29666666666666663
dili_multiclass,504,5486971,43,3,bworf_mi,1,0,0.3866666666666667,0.35166666666666674,0.26166666666666666
dili_multiclass,512,9926791,43,3,bworf_mi,0,1,0.3533333333333333,0.3483333333333333,0.29833333333333334
dili_multiclass,525,45375808,43,3,bworf_mi,0,0,0.485,0.365,0.15
dili_multiclass,539,10280735,43,3,bworf_mi,0,0,0.46166666666666667,0.3216666666666667,0.21666666666666667
dili_multiclass,551,25166913,43,3,bworf_mi,0,0,0.37333333333333335,0.3383333333333334,0.28833333333333333
dili_multiclass,560,58031952,43,3,bworf_mi,0,0,0.49,0.215,0.295
dili_multiclass,567,71657455,43,3,bworf_mi,0,0,0.5,0.14,0.36
dili_multiclass,6,2554,43,4,orf_style,2,0,0.49,0.21,0.3
dili_multiclass,9,2955,43,4,orf_style,2,1,0.07,0.725,0.205
dili_multiclass,14,3562,43,4,orf_style,2,0,0.29,0.17,0.54
dili_multiclass,43,5353830,43,4,orf_style,2,0,0.325,0.12,0.555
dili_multiclass,66,2520,43,4,orf_style,2,0,0.335,0.475,0.19
dili_multiclass,71,2907,43,4,orf_style,2,0,0.695,0.075,0.23
dili_multiclass,80,3821,43,4,orf_style,2,1,0.16,0.545,0.295
dili_multiclass,98,8549,43,4,orf_style,2,0,0.385,0.165,0.45
dili_multiclass,106,53232,43,4,orf_style,2,0,0.415,0.1,0.485
dili_multiclass,107,54687,43,4,orf_style,2,0,0.575,0.039999999999999994,0.385
dili_multiclass,113,68617,43,4,orf_style,2,0,0.685,0.105,0.21
dili_multiclass,128,5284537,43,4,orf_style,2,0,0.59,0.165,0.245
dili_multiclass,135,54671203,43,4,orf_style,2,0,0.585,0.09,0.325
dili_multiclass,139,4053,43,4,orf_style,2,0,0.425,0.415,0.16
dili_multiclass,142,1978,43,4,orf_style,1,0,0.6,0.14,0.26
dili_multiclass,157,3446,43,4,orf_style,1,0,0.615,0.16,0.225
dili_multiclass,166,3883,43,4,orf_style,1,0,0.415,0.055,0.53
dili_multiclass,168,4168,43,4,orf_style,1,1,0.115,0.65,0.235
dili_multiclass,176,4679,43,4,orf_style,1,0,0.44,0.055,0.505
dili_multiclass,182,5487,43,4,orf_style,1,2,0.245,0.22,0.535
dili_multiclass,185,6253,43,4,orf_style,1,0,0.725,0.025,0.25
dili_multiclass,197,65140,43,4,orf_style,1,0,0.48,0.075,0.445
dili_multiclass,212,441203,43,4,orf_style,1,0,0.375,0.345,0.28
dili_multiclass,221,5352062,43,4,orf_style,1,0,0.305,0.225,0.47
dili_multiclass,224,5493444,43,4,orf_style,1,0,0.655,0.11,0.235
dili_multiclass,243,2130,43,4,orf_style,0,0,0.32,0.185,0.495
dili_multiclass,245,2170,43,4,orf_style,0,2,0.195,0.455,0.35
dili_multiclass,270,3599,43,4,orf_style,0,0,0.56,0.27,0.17
dili_multiclass,274,3958,43,4,orf_style,0,0,0.715,0.05,0.235
dili_multiclass,296,5719,43,4,orf_style,0,1,0.235,0.47,0.295
dili_multiclass,300,6005,43,4,orf_style,0,0,0.5,0.225,0.275
dili_multiclass,301,6037,43,4,orf_style,0,0,0.705,0.03,0.265
dili_multiclass,304,6256,43,4,orf_style,0,0,0.525,0.125,0.35
dili_multiclass,308,7077,43,4,orf_style,0,0,0.645,0.09,0.265
dili_multiclass,313,14985,43,4,orf_style,0,0,0.625,0.17,0.205
dili_multiclass,318,23994,43,4,orf_style,0,0,0.43,0.115,0.455
dili_multiclass,325,39147,43,4,orf_style,0,0,0.655,0.145,0.2
dili_multiclass,339,71158,43,4,orf_style,0,0,0.52,0.105,0.375
dili_multiclass,341,71329,43,4,orf_style,0,0,0.235,0.355,0.41
dili_multiclass,343,71433,43,4,orf_style,0,0,0.775,0.02,0.205
dili_multiclass,367,3052776,43,4,orf_style,0,0,0.49,0.165,0.345
dili_multiclass,394,135413536,43,4,orf_style,0,0,0.52,0.225,0.255
dili_multiclass,395,220495,43,4,orf_style,0,0,0.75,0.04,0.21
dili_multiclass,425,42613186,43,4,orf_style,0,0,0.49,0.12,0.39
dili_multiclass,430,53465279,43,4,orf_style,0,0,0.595,0.085,0.32
dili_multiclass,444,92786,43,4,orf_style,0,0,0.74,0.05,0.21
dili_multiclass,461,4409,43,4,orf_style,0,0,0.465,0.125,0.41
dili_multiclass,466,5479,43,4,orf_style,0,2,0.145,0.435,0.42
dili_multiclass,472,9444,43,4,orf_style,0,0,0.735,0.015,0.25
dili_multiclass,486,99428,43,4,orf_style,0,0,0.435,0.09,0.475
dili_multiclass,495,150610,43,4,orf_style,0,0,0.58,0.065,0.355
dili_multiclass,500,3081361,43,4,orf_style,0,0,0.525,0.215,0.26
dili_multiclass,506,6445540,43,4,orf_style,0,0,0.28,0.29,0.43
dili_multiclass,510,9869929,43,4,orf_style,0,0,0.395,0.375,0.23
dili_multiclass,517,11707110,43,4,orf_style,0,2,0.245,0.185,0.57
dili_multiclass,538,10275777,43,4,orf_style,0,1,0.34,0.53,0.13
dili_multiclass,544,135423438,43,4,orf_style,0,0,0.64,0.135,0.225
dili_multiclass,549,24775005,43,4,orf_style,0,0,0.43,0.385,0.185
dili_multiclass,6,2554,43,4,bworf_no_mi,2,0,0.365,0.315,0.32
dili_multiclass,9,2955,43,4,bworf_no_mi,2,1,0.05,0.72,0.23
dili_multiclass,14,3562,43,4,bworf_no_mi,2,2,0.23,0.185,0.585
dili_multiclass,43,5353830,43,4,bworf_no_mi,2,2,0.265,0.125,0.61
dili_multiclass,66,2520,43,4,bworf_no_mi,2,1,0.15,0.7,0.15
dili_multiclass,71,2907,43,4,bworf_no_mi,2,0,0.635,0.07,0.295
dili_multiclass,80,3821,43,4,bworf_no_mi,2,1,0.035,0.74,0.225
dili_multiclass,98,8549,43,4,bworf_no_mi,2,2,0.2,0.26,0.54
dili_multiclass,106,53232,43,4,bworf_no_mi,2,2,0.315,0.165,0.52
dili_multiclass,107,54687,43,4,bworf_no_mi,2,0,0.47,0.08,0.45
dili_multiclass,113,68617,43,4,bworf_no_mi,2,0,0.565,0.26,0.175
dili_multiclass,128,5284537,43,4,bworf_no_mi,2,0,0.515,0.265,0.22
dili_multiclass,135,54671203,43,4,bworf_no_mi,2,0,0.41,0.155,0.435
dili_multiclass,139,4053,43,4,bworf_no_mi,2,1,0.265,0.625,0.11
dili_multiclass,142,1978,43,4,bworf_no_mi,1,0,0.525,0.18,0.295
dili_multiclass,157,3446,43,4,bworf_no_mi,1,0,0.51,0.235,0.255
dili_multiclass,166,3883,43,4,bworf_no_mi,1,2,0.24,0.13,0.63
dili_multiclass,168,4168,43,4,bworf_no_mi,1,1,0.04,0.715,0.245
dili_multiclass,176,4679,43,4,bworf_no_mi,1,2,0.32,0.105,0.575
dili_multiclass,182,5487,43,4,bworf_no_mi,1,2,0.175,0.26,0.565
dili_multiclass,185,6253,43,4,bworf_no_mi,1,0,0.68,0.03,0.29
dili_multiclass,197,65140,43,4,bworf_no_mi,1,0,0.505,0.09,0.405
dili_multiclass,212,441203,43,4,bworf_no_mi,1,1,0.375,0.385,0.24
dili_multiclass,221,5352062,43,4,bworf_no_mi,1,2,0.22,0.275,0.505
dili_multiclass,224,5493444,43,4,bworf_no_mi,1,0,0.645,0.14,0.215
dili_multiclass,243,2130,43,4,bworf_no_mi,0,2,0.28,0.145,0.575
dili_multiclass,245,2170,43,4,bworf_no_mi,0,1,0.185,0.43,0.385
dili_multiclass,270,3599,43,4,bworf_no_mi,0,1,0.36,0.52,0.12
dili_multiclass,274,3958,43,4,bworf_no_mi,0,0,0.7,0.045,0.255
dili_multiclass,296,5719,43,4,bworf_no_mi,0,1,0.075,0.67,0.255
dili_multiclass,300,6005,43,4,bworf_no_mi,0,1,0.35,0.355,0.295
dili_multiclass,301,6037,43,4,bworf_no_mi,0,0,0.61,0.095,0.295
dili_multiclass,304,6256,43,4,bworf_no_mi,0,0,0.445,0.17,0.385
dili_multiclass,308,7077,43,4,bworf_no_mi,0,0,0.545,0.265,0.19
dili_multiclass,313,14985,43,4,bworf_no_mi,0,1,0.435,0.435,0.13
dili_multiclass,318,23994,43,4,bworf_no_mi,0,2,0.315,0.14,0.545
dili_multiclass,325,39147,43,4,bworf_no_mi,0,0,0.485,0.31,0.205
dili_multiclass,339,71158,43,4,bworf_no_mi,0,0,0.395,0.145,0.46
dili_multiclass,341,71329,43,4,bworf_no_mi,0,1,0.17,0.39,0.44
dili_multiclass,343,71433,43,4,bworf_no_mi,0,0,0.775,0.035,0.19
dili_multiclass,367,3052776,43,4,bworf_no_mi,0,0,0.44,0.25,0.31
dili_multiclass,394,135413536,43,4,bworf_no_mi,0,1,0.345,0.43,0.225
dili_multiclass,395,220495,43,4,bworf_no_mi,0,0,0.68,0.095,0.225
dili_multiclass,425,42613186,43,4,bworf_no_mi,0,0,0.42,0.125,0.455
dili_multiclass,430,53465279,43,4,bworf_no_mi,0,0,0.415,0.22,0.365
dili_multiclass,444,92786,43,4,bworf_no_mi,0,0,0.675,0.155,0.17
dili_multiclass,461,4409,43,4,bworf_no_mi,0,0,0.325,0.2,0.475
dili_multiclass,466,5479,43,4,bworf_no_mi,0,1,0.11,0.485,0.405
dili_multiclass,472,9444,43,4,bworf_no_mi,0,0,0.58,0.06,0.36
dili_multiclass,486,99428,43,4,bworf_no_mi,0,2,0.35,0.12,0.53
dili_multiclass,495,150610,43,4,bworf_no_mi,0,0,0.46,0.165,0.375
dili_multiclass,500,3081361,43,4,bworf_no_mi,0,0,0.46,0.27,0.27
dili_multiclass,506,6445540,43,4,bworf_no_mi,0,2,0.2,0.31,0.49
dili_multiclass,510,9869929,43,4,bworf_no_mi,0,1,0.22,0.57,0.21
dili_multiclass,517,11707110,43,4,bworf_no_mi,0,2,0.23,0.16,0.61
dili_multiclass,538,10275777,43,4,bworf_no_mi,0,1,0.27,0.57,0.16
dili_multiclass,544,135423438,43,4,bworf_no_mi,0,0,0.59,0.17,0.24
dili_multiclass,549,24775005,43,4,bworf_no_mi,0,1,0.23,0.655,0.115
dili_multiclass,6,2554,43,4,bworf_mi,2,1,0.2016666666666667,0.41666666666666663,0.38166666666666665
dili_multiclass,9,2955,43,4,bworf_mi,2,2,0.2783333333333333,0.30833333333333335,0.4133333333333333
dili_multiclass,14,3562,43,4,bworf_mi,2,2,0.375,0.155,0.47
dili_multiclass,43,5353830,43,4,bworf_mi,2,2,0.32,0.215,0.465
dili_multiclass,66,2520,43,4,bworf_mi,2,0,0.495,0.28,0.22499999999999998
dili_multiclass,71,2907,43,4,bworf_mi,2,1,0.2533333333333333,0.4533333333333333,0.29333333333333333
dili_multiclass,80,3821,43,4,bworf_mi,2,1,0.17333333333333337,0.48333333333333334,0.34333333333333327
dili_multiclass,98,8549,43,4,bworf_mi,2,2,0.395,0.18,0.425
dili_multiclass,106,53232,43,4,bworf_mi,2,0,0.42166666666666663,0.32666666666666666,0.25166666666666665
dili_multiclass,107,54687,43,4,bworf_mi,2,0,0.46,0.285,0.255
dili_multiclass,113,68617,43,4,bworf_mi,2,2,0.37166666666666665,0.24666666666666667,0.38166666666666665
dili_multiclass,128,5284537,43,4,bworf_mi,2,0,0.545,0.19,0.265
dili_multiclass,135,54671203,43,4,bworf_mi,2,2,0.3683333333333333,0.21833333333333335,0.4133333333333333
dili_multiclass,139,4053,43,4,bworf_mi,2,1,0.2366666666666667,0.44666666666666666,0.31666666666666665
dili_multiclass,142,1978,43,4,bworf_mi,1,0,0.5383333333333333,0.26833333333333337,0.19333333333333336
dili_multiclass,157,3446,43,4,bworf_mi,1,1,0.36666666666666664,0.39166666666666666,0.24166666666666667
dili_multiclass,166,3883,43,4,bworf_mi,1,1,0.21833333333333335,0.3933333333333333,0.38833333333333336
dili_multiclass,168,4168,43,4,bworf_mi,1,2,0.34333333333333327,0.24833333333333332,0.4083333333333334
dili_multiclass,176,4679,43,4,bworf_mi,1,1,0.21166666666666664,0.3816666666666667,0.40666666666666673
dili_multiclass,182,5487,43,4,bworf_mi,1,2,0.3466666666666666,0.19666666666666666,0.4566666666666667
dili_multiclass,185,6253,43,4,bworf_mi,1,0,0.4700000000000001,0.16,0.37
dili_multiclass,197,65140,43,4,bworf_mi,1,0,0.46333333333333343,0.22333333333333336,0.3133333333333333
dili_multiclass,212,441203,43,4,bworf_mi,1,2,0.28,0.245,0.475
dili_multiclass,221,5352062,43,4,bworf_mi,1,1,0.34333333333333327,0.3583333333333333,0.29833333333333334
dili_multiclass,224,5493444,43,4,bworf_mi,1,0,0.59,0.16,0.25
dili_multiclass,243,2130,43,4,bworf_mi,0,0,0.39333333333333337,0.31833333333333336,0.28833333333333333
dili_multiclass,245,2170,43,4,bworf_mi,0,2,0.375,0.145,0.48
dili_multiclass,270,3599,43,4,bworf_mi,0,0,0.6,0.125,0.275
dili_multiclass,274,3958,43,4,bworf_mi,0,2,0.485,0.085,0.43
dili_multiclass,296,5719,43,4,bworf_mi,0,0,0.34666666666666673,0.31666666666666665,0.3366666666666667
dili_multiclass,300,6005,43,4,bworf_mi,0,0,0.43,0.225,0.345
dili_multiclass,301,6037,43,4,bworf_mi,0,2,0.33833333333333326,0.2333333333333333,0.42833333333333345
dili_multiclass,304,6256,43,4,bworf_mi,0,2,0.285,0.345,0.37
dili_multiclass,308,7077,43,4,bworf_mi,0,0,0.5116666666666667,0.3116666666666666,0.17666666666666667
dili_multiclass,313,14985,43,4,bworf_mi,0,0,0.565,0.21,0.225
dili_multiclass,318,23994,43,4,bworf_mi,0,2,0.315,0.175,0.51
dili_multiclass,325,39147,43,4,bworf_mi,0,0,0.6233333333333334,0.1433333333333333,0.23333333333333336
dili_multiclass,339,71158,43,4,bworf_mi,0,0,0.425,0.235,0.34
dili_multiclass,341,71329,43,4,bworf_mi,0,0,0.385,0.325,0.29
dili_multiclass,343,71433,43,4,bworf_mi,0,0,0.525,0.105,0.37
dili_multiclass,367,3052776,43,4,bworf_mi,0,0,0.38833333333333336,0.32333333333333336,0.28833333333333333
dili_multiclass,394,135413536,43,4,bworf_mi,0,0,0.4016666666666666,0.30666666666666664,0.29166666666666663
dili_multiclass,395,220495,43,4,bworf_mi,0,0,0.5616666666666668,0.19666666666666666,0.24166666666666667
dili_multiclass,425,42613186,43,4,bworf_mi,0,0,0.5383333333333333,0.18333333333333335,0.2783333333333334
dili_multiclass,430,53465279,43,4,bworf_mi,0,2,0.2533333333333333,0.35833333333333334,0.3883333333333333
dili_multiclass,444,92786,43,4,bworf_mi,0,0,0.5983333333333334,0.13833333333333334,0.2633333333333333
dili_multiclass,461,4409,43,4,bworf_mi,0,1,0.3733333333333333,0.3583333333333333,0.2683333333333333
dili_multiclass,466,5479,43,4,bworf_mi,0,2,0.24333333333333335,0.30833333333333335,0.4483333333333333
dili_multiclass,472,9444,43,4,bworf_mi,0,0,0.4650000000000001,0.15500000000000003,0.38
dili_multiclass,486,99428,43,4,bworf_mi,0,0,0.585,0.2,0.215
dili_multiclass,495,150610,43,4,bworf_mi,0,2,0.24333333333333332,0.3883333333333333,0.3683333333333333
dili_multiclass,500,3081361,43,4,bworf_mi,0,2,0.38,0.2,0.42
dili_multiclass,506,6445540,43,4,bworf_mi,0,0,0.43166666666666664,0.2966666666666667,0.27166666666666667
dili_multiclass,510,9869929,43,4,bworf_mi,0,0,0.4733333333333334,0.20333333333333337,0.3233333333333333
dili_multiclass,517,11707110,43,4,bworf_mi,0,2,0.4116666666666666,0.16166666666666668,0.42666666666666664
dili_multiclass,538,10275777,43,4,bworf_mi,0,0,0.47833333333333333,0.2533333333333333,0.2683333333333333
dili_multiclass,544,135423438,43,4,bworf_mi,0,0,0.5166666666666667,0.26666666666666666,0.21666666666666667
dili_multiclass,549,24775005,43,4,bworf_mi,0,0,0.4783333333333333,0.24833333333333335,0.2733333333333334
dili_multiclass,2,2157,43,5,orf_style,2,1,0.265,0.525,0.21
dili_multiclass,29,38853,43,5,orf_style,2,0,0.47,0.065,0.465
dili_multiclass,36,149096,43,5,orf_style,2,2,0.23,0.245,0.525
dili_multiclass,46,9887054,43,5,orf_style,2,0,0.61,0.125,0.265
dili_multiclass,47,54675783,43,5,orf_style,2,0,0.565,0.14,0.295
dili_multiclass,60,54675776,43,5,orf_style,2,0,0.34,0.145,0.515
dili_multiclass,61,298,43,5,orf_style,2,0,0.31,0.23,0.46
dili_multiclass,101,33613,43,5,orf_style,2,0,0.26,0.275,0.465
dili_multiclass,110,60606,43,5,orf_style,2,0,0.405,0.36,0.235
dili_multiclass,120,216239,43,5,orf_style,2,0,0.57,0.030000000000000006,0.4
dili_multiclass,124,2733526,43,5,orf_style,2,0,0.6,0.125,0.275
dili_multiclass,137,135398737,43,5,orf_style,2,0,0.315,0.15,0.535
dili_multiclass,140,5746,43,5,orf_style,2,1,0.12,0.65,0.23
dili_multiclass,143,2019,43,5,orf_style,1,0,0.665,0.19,0.145
dili_multiclass,156,3394,43,5,orf_style,1,2,0.185,0.445,0.37
dili_multiclass,184,6249,43,5,orf_style,1,2,0.155,0.38,0.465
dili_multiclass,200,77999,43,5,orf_style,1,0,0.48,0.32,0.2
dili_multiclass,203,134018,43,5,orf_style,1,0,0.425,0.23,0.345
dili_multiclass,207,216237,43,5,orf_style,1,0,0.685,0.115,0.2
dili_multiclass,213,441341,43,5,orf_style,1,0,0.805,0.0,0.195
dili_multiclass,220,5310966,43,5,orf_style,1,0,0.465,0.085,0.45
dili_multiclass,233,25126798,43,5,orf_style,1,0,0.57,0.155,0.275
dili_multiclass,235,54678486,43,5,orf_style,1,0,0.33,0.43,0.24
dili_multiclass,241,896,43,5,orf_style,0,0,0.725,0.055,0.22
dili_multiclass,242,942,43,5,orf_style,0,0,0.66,0.009999999999999998,0.33
dili_multiclass,248,2391,43,5,orf_style,0,0,0.37,0.12,0.51
dili_multiclass,259,2973,43,5,orf_style,0,0,0.6,0.225,0.175
dili_multiclass,266,3345,43,5,orf_style,0,0,0.735,0.07,0.195
dili_multiclass,288,4927,43,5,orf_style,0,2,0.235,0.16,0.605
dili_multiclass,302,6047,43,5,orf_style,0,0,0.43,0.07,0.5
dili_multiclass,319,26757,43,5,orf_style,0,0,0.64,0.105,0.255
dili_multiclass,323,37464,43,5,orf_style,0,0,0.695,0.14,0.165
dili_multiclass,329,59227,43,5,orf_style,0,0,0.445,0.115,0.44
dili_multiclass,347,115355,43,5,orf_style,0,2,0.205,0.405,0.39
dili_multiclass,350,152945,43,5,orf_style,0,0,0.74,0.025,0.235
dili_multiclass,370,5284514,43,5,orf_style,0,0,0.405,0.415,0.18
dili_multiclass,374,5742832,43,5,orf_style,0,0,0.425,0.44,0.135
dili_multiclass,385,16130199,43,5,orf_style,0,0,0.77,0.025,0.205
dili_multiclass,401,10311306,43,5,orf_style,0,1,0.225,0.565,0.21
dili_multiclass,402,10413,43,5,orf_style,0,0,0.545,0.23,0.225
dili_multiclass,414,15951529,43,5,orf_style,0,0,0.465,0.315,0.22
dili_multiclass,417,176077,43,5,orf_style,0,0,0.71,0.075,0.215
dili_multiclass,457,3826,43,5,orf_style,0,2,0.125,0.51,0.365
dili_multiclass,473,10133,43,5,orf_style,0,0,0.525,0.155,0.32
dili_multiclass,502,5360515,43,5,orf_style,0,0,0.765,0.0,0.235
dili_multiclass,503,5462516,43,5,orf_style,2,0,0.375,0.255,0.37
dili_multiclass,507,6450551,43,5,orf_style,0,1,0.21,0.565,0.225
dili_multiclass,519,24826799,43,5,orf_style,0,1,0.19,0.58,0.23
dili_multiclass,523,42611257,43,5,orf_style,0,0,0.285,0.34,0.375
dili_multiclass,529,54686904,43,5,orf_style,0,0,0.73,0.03,0.24
dili_multiclass,537,46220502,43,5,orf_style,0,0,0.805,0.0,0.195
dili_multiclass,546,135565596,43,5,orf_style,0,0,0.805,0.0,0.195
dili_multiclass,548,237,43,5,orf_style,0,0,0.29,0.305,0.405
dili_multiclass,550,24958200,43,5,orf_style,0,1,0.155,0.63,0.215
dili_multiclass,568,71731823,43,5,orf_style,0,0,0.545,0.135,0.32
dili_multiclass,569,89683805,43,5,orf_style,0,0,0.515,0.26,0.225
dili_multiclass,571,9829523,43,5,orf_style,0,0,0.61,0.14,0.25
dili_multiclass,2,2157,43,5,bworf_no_mi,2,1,0.155,0.56,0.285
dili_multiclass,29,38853,43,5,bworf_no_mi,2,2,0.36,0.165,0.475
dili_multiclass,36,149096,43,5,bworf_no_mi,2,2,0.175,0.245,0.58
dili_multiclass,46,9887054,43,5,bworf_no_mi,2,0,0.53,0.15,0.32
dili_multiclass,47,54675783,43,5,bworf_no_mi,2,0,0.455,0.19,0.355
dili_multiclass,60,54675776,43,5,bworf_no_mi,2,2,0.255,0.23,0.515
dili_multiclass,61,298,43,5,bworf_no_mi,2,2,0.19,0.41,0.4
dili_multiclass,101,33613,43,5,bworf_no_mi,2,2,0.165,0.275,0.56
dili_multiclass,110,60606,43,5,bworf_no_mi,2,1,0.19,0.485,0.325
dili_multiclass,120,216239,43,5,bworf_no_mi,2,0,0.55,0.055,0.395
dili_multiclass,124,2733526,43,5,bworf_no_mi,2,0,0.525,0.22,0.255
dili_multiclass,137,135398737,43,5,bworf_no_mi,2,2,0.25,0.21,0.54
dili_multiclass,140,5746,43,5,bworf_no_mi,2,1,0.12,0.695,0.185
dili_multiclass,143,2019,43,5,bworf_no_mi,1,0,0.585,0.35,0.065
dili_multiclass,156,3394,43,5,bworf_no_mi,1,1,0.06,0.535,0.405
dili_multiclass,184,6249,43,5,bworf_no_mi,1,1,0.065,0.475,0.46
dili_multiclass,200,77999,43,5,bworf_no_mi,1,1,0.24,0.535,0.225
dili_multiclass,203,134018,43,5,bworf_no_mi,1,1,0.335,0.375,0.29
dili_multiclass,207,216237,43,5,bworf_no_mi,1,0,0.585,0.205,0.21
dili_multiclass,213,441341,43,5,bworf_no_mi,1,0,0.81,0.005,0.185
dili_multiclass,220,5310966,43,5,bworf_no_mi,1,0,0.435,0.1,0.465
dili_multiclass,233,25126798,43,5,bworf_no_mi,1,0,0.42,0.345,0.235
dili_multiclass,235,54678486,43,5,bworf_no_mi,1,1,0.11,0.675,0.215
dili_multiclass,241,896,43,5,bworf_no_mi,0,0,0.72,0.065,0.215
dili_multiclass,242,942,43,5,bworf_no_mi,0,0,0.585,0.07,0.345
dili_multiclass,248,2391,43,5,bworf_no_mi,0,2,0.29,0.155,0.555
dili_multiclass,259,2973,43,5,bworf_no_mi,0,0,0.555,0.33,0.115
dili_multiclass,266,3345,43,5,bworf_no_mi,0,0,0.67,0.19,0.14
dili_multiclass,288,4927,43,5,bworf_no_mi,0,2,0.22,0.185,0.595
dili_multiclass,302,6047,43,5,bworf_no_mi,0,2,0.355,0.175,0.47
dili_multiclass,319,26757,43,5,bworf_no_mi,0,0,0.53,0.215,0.255
dili_multiclass,323,37464,43,5,bworf_no_mi,0,0,0.61,0.245,0.145
dili_multiclass,329,59227,43,5,bworf_no_mi,0,2,0.365,0.13,0.505
dili_multiclass,347,115355,43,5,bworf_no_mi,0,1,0.11,0.575,0.315
dili_multiclass,350,152945,43,5,bworf_no_mi,0,0,0.725,0.06,0.215
dili_multiclass,370,5284514,43,5,bworf_no_mi,0,1,0.25,0.565,0.185
dili_multiclass,374,5742832,43,5,bworf_no_mi,0,1,0.29,0.58,0.13
dili_multiclass,385,16130199,43,5,bworf_no_mi,0,0,0.765,0.025,0.21
dili_multiclass,401,10311306,43,5,bworf_no_mi,0,1,0.155,0.655,0.19
dili_multiclass,402,10413,43,5,bworf_no_mi,0,0,0.37,0.325,0.305
dili_multiclass,414,15951529,43,5,bworf_no_mi,0,0,0.425,0.31,0.265
dili_multiclass,417,176077,43,5,bworf_no_mi,0,0,0.625,0.19,0.185
dili_multiclass,457,3826,43,5,bworf_no_mi,0,1,0.10500000000000002,0.48,0.415
dili_multiclass,473,10133,43,5,bworf_no_mi,0,0,0.435,0.28,0.285
dili_multiclass,502,5360515,43,5,bworf_no_mi,0,0,0.75,0.005,0.245
dili_multiclass,503,5462516,43,5,bworf_no_mi,2,2,0.185,0.375,0.44
dili_multiclass,507,6450551,43,5,bworf_no_mi,0,1,0.135,0.635,0.23
dili_multiclass,519,24826799,43,5,bworf_no_mi,0,1,0.105,0.695,0.2
dili_multiclass,523,42611257,43,5,bworf_no_mi,0,2,0.18,0.38,0.44
dili_multiclass,529,54686904,43,5,bworf_no_mi,0,0,0.675,0.02,0.305
dili_multiclass,537,46220502,43,5,bworf_no_mi,0,0,0.795,0.025,0.18
dili_multiclass,546,135565596,43,5,bworf_no_mi,0,0,0.79,0.005000000000000001,0.205
dili_multiclass,548,237,43,5,bworf_no_mi,0,1,0.11,0.5,0.39
dili_multiclass,550,24958200,43,5,bworf_no_mi,0,1,0.1,0.685,0.215
dili_multiclass,568,71731823,43,5,bworf_no_mi,0,0,0.375,0.305,0.32
dili_multiclass,569,89683805,43,5,bworf_no_mi,0,0,0.385,0.35,0.265
dili_multiclass,571,9829523,43,5,bworf_no_mi,0,0,0.56,0.165,0.275
dili_multiclass,2,2157,43,5,bworf_mi,2,2,0.425,0.2,0.375
dili_multiclass,29,38853,43,5,bworf_mi,2,2,0.37833333333333335,0.2633333333333333,0.35833333333333334
dili_multiclass,36,149096,43,5,bworf_mi,2,2,0.26499999999999996,0.24499999999999997,0.49000000000000016
dili_multiclass,46,9887054,43,5,bworf_mi,2,0,0.5883333333333333,0.11833333333333332,0.29333333333333333
dili_multiclass,47,54675783,43,5,bworf_mi,2,0,0.5483333333333333,0.19833333333333333,0.2533333333333333
dili_multiclass,60,54675776,43,5,bworf_mi,2,0,0.45000000000000007,0.21499999999999997,0.335
dili_multiclass,61,298,43,5,bworf_mi,2,2,0.42166666666666663,0.19666666666666668,0.38166666666666665
dili_multiclass,101,33613,43,5,bworf_mi,2,2,0.2766666666666666,0.32166666666666666,0.4016666666666667
dili_multiclass,110,60606,43,5,bworf_mi,2,2,0.4266666666666668,0.1266666666666667,0.44666666666666677
dili_multiclass,120,216239,43,5,bworf_mi,2,2,0.2483333333333333,0.3583333333333333,0.39333333333333337
dili_multiclass,124,2733526,43,5,bworf_mi,2,0,0.42333333333333334,0.42833333333333334,0.14833333333333334
dili_multiclass,137,135398737,43,5,bworf_mi,2,2,0.3666666666666667,0.23666666666666664,0.3966666666666667
dili_multiclass,140,5746,43,5,bworf_mi,2,2,0.29999999999999993,0.37999999999999995,0.31999999999999995
dili_multiclass,143,2019,43,5,bworf_mi,1,0,0.4983333333333333,0.24333333333333335,0.25833333333333336
dili_multiclass,156,3394,43,5,bworf_mi,1,2,0.205,0.335,0.46
dili_multiclass,184,6249,43,5,bworf_mi,1,2,0.2983333333333333,0.3033333333333333,0.3983333333333334
dili_multiclass,200,77999,43,5,bworf_mi,1,1,0.35333333333333333,0.41333333333333333,0.23333333333333328
dili_multiclass,203,134018,43,5,bworf_mi,1,2,0.39000000000000007,0.18,0.43
dili_multiclass,207,216237,43,5,bworf_mi,1,0,0.41166666666666674,0.3016666666666666,0.2866666666666666
dili_multiclass,213,441341,43,5,bworf_mi,1,1,0.27,0.445,0.285
dili_multiclass,220,5310966,43,5,bworf_mi,1,2,0.39833333333333343,0.15833333333333335,0.44333333333333336
dili_multiclass,233,25126798,43,5,bworf_mi,1,1,0.295,0.595,0.11
dili_multiclass,235,54678486,43,5,bworf_mi,1,1,0.25833333333333325,0.4583333333333334,0.28333333333333327
dili_multiclass,241,896,43,5,bworf_mi,0,2,0.3350000000000001,0.27499999999999997,0.39
dili_multiclass,242,942,43,5,bworf_mi,0,0,0.45166666666666666,0.3016666666666667,0.24666666666666667
dili_multiclass,248,2391,43,5,bworf_mi,0,1,0.38500000000000006,0.455,0.16
dili_multiclass,259,2973,43,5,bworf_mi,0,0,0.42333333333333334,0.34333333333333327,0.23333333333333336
dili_multiclass,266,3345,43,5,bworf_mi,0,0,0.5016666666666668,0.25166666666666665,0.24666666666666662
dili_multiclass,288,4927,43,5,bworf_mi,0,2,0.3616666666666667,0.21166666666666664,0.4266666666666667
dili_multiclass,302,6047,43,5,bworf_mi,0,2,0.3816666666666667,0.2716666666666666,0.3466666666666666
dili_multiclass,319,26757,43,5,bworf_mi,0,0,0.4800000000000001,0.325,0.19499999999999995
dili_multiclass,323,37464,43,5,bworf_mi,0,0,0.6566666666666667,0.1966666666666666,0.1466666666666667
dili_multiclass,329,59227,43,5,bworf_mi,0,2,0.42833333333333345,0.21833333333333324,0.35333333333333333
dili_multiclass,347,115355,43,5,bworf_mi,0,2,0.1733333333333333,0.36333333333333334,0.4633333333333334
dili_multiclass,350,152945,43,5,bworf_mi,0,0,0.45,0.205,0.345
dili_multiclass,370,5284514,43,5,bworf_mi,0,1,0.30666666666666664,0.41666666666666663,0.27666666666666667
dili_multiclass,374,5742832,43,5,bworf_mi,0,1,0.3383333333333334,0.3633333333333333,0.29833333333333334
dili_multiclass,385,16130199,43,5,bworf_mi,0,0,0.73,0.075,0.195
dili_multiclass,401,10311306,43,5,bworf_mi,0,0,0.485,0.24999999999999997,0.26499999999999996
dili_multiclass,402,10413,43,5,bworf_mi,0,0,0.41666666666666663,0.31166666666666665,0.27166666666666667
dili_multiclass,414,15951529,43,5,bworf_mi,0,0,0.38000000000000006,0.28,0.34
dili_multiclass,417,176077,43,5,bworf_mi,0,0,0.4983333333333333,0.2383333333333333,0.26333333333333336
dili_multiclass,457,3826,43,5,bworf_mi,0,2,0.30333333333333334,0.3133333333333333,0.38333333333333336
dili_multiclass,473,10133,43,5,bworf_mi,0,0,0.57,0.185,0.245
dili_multiclass,502,5360515,43,5,bworf_mi,0,0,0.6666666666666665,0.13166666666666668,0.20166666666666663
dili_multiclass,503,5462516,43,5,bworf_mi,2,1,0.3,0.47,0.23
dili_multiclass,507,6450551,43,5,bworf_mi,0,1,0.2316666666666667,0.5666666666666667,0.2016666666666667
dili_multiclass,519,24826799,43,5,bworf_mi,0,0,0.44500000000000006,0.345,0.20999999999999996
dili_multiclass,523,42611257,43,5,bworf_mi,0,2,0.2933333333333333,0.2733333333333333,0.43333333333333335
dili_multiclass,529,54686904,43,5,bworf_mi,0,0,0.6133333333333334,0.22333333333333333,0.16333333333333333
dili_multiclass,537,46220502,43,5,bworf_mi,0,0,0.63,0.13,0.23999999999999996
dili_multiclass,546,135565596,43,5,bworf_mi,0,0,0.5616666666666668,0.3016666666666666,0.1366666666666667
dili_multiclass,548,237,43,5,bworf_mi,0,2,0.325,0.335,0.34
dili_multiclass,550,24958200,43,5,bworf_mi,0,1,0.23833333333333337,0.6533333333333333,0.10833333333333332
dili_multiclass,568,71731823,43,5,bworf_mi,0,0,0.46833333333333343,0.22833333333333333,0.30333333333333334
dili_multiclass,569,89683805,43,5,bworf_mi,0,1,0.33666666666666667,0.35666666666666663,0.30666666666666664
dili_multiclass,571,9829523,43,5,bworf_mi,0,0,0.5566666666666668,0.2766666666666666,0.16666666666666663
dili_multiclass,3,2165,43,6,orf_style,2,0,0.535,0.18,0.285
dili_multiclass,8,2952,43,6,orf_style,2,0,0.585,0.135,0.28
dili_multiclass,11,3117,43,6,orf_style,2,0,0.505,0.13,0.365
dili_multiclass,18,3878,43,6,orf_style,2,0,0.645,0.255,0.1
dili_multiclass,28,18283,43,6,orf_style,2,0,0.515,0.18,0.305
dili_multiclass,38,441401,43,6,orf_style,2,0,0.68,0.015,0.305
dili_multiclass,55,5760,43,6,orf_style,2,0,0.72,0.115,0.165
dili_multiclass,62,1302,43,6,orf_style,2,0,0.42,0.355,0.225
dili_multiclass,73,3226,43,6,orf_style,2,0,0.475,0.23,0.295
dili_multiclass,75,3339,43,6,orf_style,2,2,0.285,0.185,0.53
dili_multiclass,109,56069,43,6,orf_style,2,2,0.29,0.24,0.47
dili_multiclass,111,60835,43,6,orf_style,2,0,0.625,0.135,0.24
dili_multiclass,115,84029,43,6,orf_style,2,2,0.185,0.185,0.63
dili_multiclass,126,3081884,43,6,orf_style,2,0,0.745,0.08,0.175
dili_multiclass,164,3825,43,6,orf_style,1,1,0.15,0.58,0.27
dili_multiclass,179,5070,43,6,orf_style,1,1,0.215,0.48,0.305
dili_multiclass,180,5073,43,6,orf_style,1,0,0.82,0.015,0.165
dili_multiclass,181,5090,43,6,orf_style,1,2,0.21,0.37,0.42
dili_multiclass,194,60198,43,6,orf_style,1,0,0.585,0.07,0.345
dili_multiclass,204,148124,43,6,orf_style,1,0,0.555,0.255,0.19
dili_multiclass,211,441140,43,6,orf_style,1,2,0.27,0.27,0.46
dili_multiclass,234,54677470,43,6,orf_style,1,2,0.195,0.265,0.54
dili_multiclass,236,135398744,43,6,orf_style,1,0,0.48,0.35,0.17
dili_multiclass,238,6468,43,6,orf_style,1,0,0.52,0.06,0.42
dili_multiclass,244,2153,43,6,orf_style,0,2,0.145,0.315,0.54
dili_multiclass,249,2405,43,6,orf_style,0,0,0.505,0.345,0.15
dili_multiclass,257,2803,43,6,orf_style,0,0,0.385,0.2,0.415
dili_multiclass,264,3324,43,6,orf_style,0,0,0.755,0.09,0.155
dili_multiclass,271,3658,43,6,orf_style,0,0,0.735,0.075,0.19
dili_multiclass,277,4107,43,6,orf_style,0,2,0.145,0.235,0.62
dili_multiclass,280,4236,43,6,orf_style,0,1,0.185,0.525,0.29
dili_multiclass,287,4908,43,6,orf_style,0,0,0.285,0.445,0.27
dili_multiclass,289,4946,43,6,orf_style,0,0,0.505,0.375,0.12
dili_multiclass,293,5311,43,6,orf_style,0,0,0.46,0.12,0.42
dili_multiclass,297,5732,43,6,orf_style,0,0,0.785,0.06,0.155
dili_multiclass,298,5770,43,6,orf_style,0,0,0.615,0.055,0.33
dili_multiclass,299,5918,43,6,orf_style,0,0,0.455,0.175,0.37
dili_multiclass,305,6726,43,6,orf_style,0,0,0.74,0.03,0.23
dili_multiclass,307,7029,43,6,orf_style,0,0,0.425,0.25,0.325
dili_multiclass,324,37768,43,6,orf_style,0,0,0.495,0.31,0.195
dili_multiclass,376,6918837,43,6,orf_style,0,1,0.32,0.61,0.07
dili_multiclass,378,9865528,43,6,orf_style,0,0,0.51,0.24,0.25
dili_multiclass,383,11963622,43,6,orf_style,0,0,0.425,0.06000000000000001,0.515
dili_multiclass,386,16132446,43,6,orf_style,0,0,0.82,0.01,0.17
dili_multiclass,400,10077130,43,6,orf_style,0,0,0.695,0.025000000000000005,0.28
dili_multiclass,419,23652731,43,6,orf_style,0,0,0.575,0.205,0.22
dili_multiclass,429,5280483,43,6,orf_style,0,0,0.45,0.315,0.235
dili_multiclass,437,56959087,43,6,orf_style,0,0,0.57,0.04,0.39
dili_multiclass,476,37542,43,6,orf_style,0,0,0.59,0.18,0.23
dili_multiclass,477,47811,43,6,orf_style,0,0,0.635,0.045,0.32
dili_multiclass,489,107970,43,6,orf_style,0,0,0.71,0.15,0.14
dili_multiclass,526,49800073,43,6,orf_style,0,0,0.535,0.27,0.195
dili_multiclass,535,135410875,43,6,orf_style,0,0,0.32,0.465,0.215
dili_multiclass,543,11671467,43,6,orf_style,0,0,0.825,0.0,0.175
dili_multiclass,554,49803313,43,6,orf_style,0,0,0.825,0.02,0.155
dili_multiclass,556,50922675,43,6,orf_style,0,0,0.63,0.08,0.29
dili_multiclass,559,54726192,43,6,orf_style,0,0,0.775,0.0,0.225
dili_multiclass,3,2165,43,6,bworf_no_mi,2,0,0.375,0.235,0.39
dili_multiclass,8,2952,43,6,bworf_no_mi,2,0,0.51,0.28,0.21
dili_multiclass,11,3117,43,6,bworf_no_mi,2,2,0.4,0.165,0.435
dili_multiclass,18,3878,43,6,bworf_no_mi,2,0,0.52,0.435,0.045
dili_multiclass,28,18283,43,6,bworf_no_mi,2,2,0.365,0.18,0.455
dili_multiclass,38,441401,43,6,bworf_no_mi,2,0,0.61,0.025,0.365
dili_multiclass,55,5760,43,6,bworf_no_mi,2,0,0.59,0.235,0.175
dili_multiclass,62,1302,43,6,bworf_no_mi,2,1,0.245,0.53,0.225
dili_multiclass,73,3226,43,6,bworf_no_mi,2,0,0.365,0.32,0.315
dili_multiclass,75,3339,43,6,bworf_no_mi,2,2,0.25,0.18,0.57
dili_multiclass,109,56069,43,6,bworf_no_mi,2,2,0.21,0.365,0.425
dili_multiclass,111,60835,43,6,bworf_no_mi,2,0,0.475,0.155,0.37
dili_multiclass,115,84029,43,6,bworf_no_mi,2,2,0.205,0.175,0.62
dili_multiclass,126,3081884,43,6,bworf_no_mi,2,0,0.61,0.22,0.17
dili_multiclass,164,3825,43,6,bworf_no_mi,1,1,0.055,0.68,0.265
dili_multiclass,179,5070,43,6,bworf_no_mi,1,1,0.22,0.46,0.32
dili_multiclass,180,5073,43,6,bworf_no_mi,1,0,0.755,0.025,0.22
dili_multiclass,181,5090,43,6,bworf_no_mi,1,1,0.175,0.435,0.39
dili_multiclass,194,60198,43,6,bworf_no_mi,1,0,0.465,0.125,0.41
dili_multiclass,204,148124,43,6,bworf_no_mi,1,0,0.375,0.31,0.315
dili_multiclass,211,441140,43,6,bworf_no_mi,1,2,0.15,0.34,0.51
dili_multiclass,234,54677470,43,6,bworf_no_mi,1,2,0.21,0.24,0.55
dili_multiclass,236,135398744,43,6,bworf_no_mi,1,1,0.25,0.565,0.185
dili_multiclass,238,6468,43,6,bworf_no_mi,1,2,0.435,0.065,0.5
dili_multiclass,244,2153,43,6,bworf_no_mi,0,2,0.185,0.275,0.54
dili_multiclass,249,2405,43,6,bworf_no_mi,0,1,0.27,0.64,0.09
dili_multiclass,257,2803,43,6,bworf_no_mi,0,2,0.38,0.225,0.395
dili_multiclass,264,3324,43,6,bworf_no_mi,0,0,0.645,0.195,0.16
dili_multiclass,271,3658,43,6,bworf_no_mi,0,0,0.68,0.085,0.235
dili_multiclass,277,4107,43,6,bworf_no_mi,0,2,0.14,0.32,0.54
dili_multiclass,280,4236,43,6,bworf_no_mi,0,1,0.17,0.45,0.38
dili_multiclass,287,4908,43,6,bworf_no_mi,0,1,0.14,0.575,0.285
dili_multiclass,289,4946,43,6,bworf_no_mi,0,1,0.265,0.59,0.145
dili_multiclass,293,5311,43,6,bworf_no_mi,0,2,0.275,0.19,0.535
dili_multiclass,297,5732,43,6,bworf_no_mi,0,0,0.655,0.185,0.16
dili_multiclass,298,5770,43,6,bworf_no_mi,0,0,0.535,0.085,0.38
dili_multiclass,299,5918,43,6,bworf_no_mi,0,2,0.285,0.25,0.465
dili_multiclass,305,6726,43,6,bworf_no_mi,0,0,0.615,0.09,0.295
dili_multiclass,307,7029,43,6,bworf_no_mi,0,2,0.21,0.375,0.415
dili_multiclass,324,37768,43,6,bworf_no_mi,0,1,0.29,0.5,0.21
dili_multiclass,376,6918837,43,6,bworf_no_mi,0,1,0.115,0.78,0.105
dili_multiclass,378,9865528,43,6,bworf_no_mi,0,0,0.355,0.345,0.3
dili_multiclass,383,11963622,43,6,bworf_no_mi,0,2,0.38,0.075,0.545
dili_multiclass,386,16132446,43,6,bworf_no_mi,0,0,0.755,0.005000000000000001,0.24
dili_multiclass,400,10077130,43,6,bworf_no_mi,0,0,0.635,0.02,0.345
dili_multiclass,419,23652731,43,6,bworf_no_mi,0,0,0.4,0.38,0.22
dili_multiclass,429,5280483,43,6,bworf_no_mi,0,1,0.4,0.45,0.15
dili_multiclass,437,56959087,43,6,bworf_no_mi,0,0,0.52,0.065,0.415
dili_multiclass,476,37542,43,6,bworf_no_mi,0,2,0.275,0.355,0.37
dili_multiclass,477,47811,43,6,bworf_no_mi,0,0,0.625,0.06,0.315
dili_multiclass,489,107970,43,6,bworf_no_mi,0,0,0.67,0.21,0.12
dili_multiclass,526,49800073,43,6,bworf_no_mi,0,0,0.385,0.385,0.23
dili_multiclass,535,135410875,43,6,bworf_no_mi,0,1,0.12,0.675,0.205
dili_multiclass,543,11671467,43,6,bworf_no_mi,0,0,0.745,0.065,0.19
dili_multiclass,554,49803313,43,6,bworf_no_mi,0,0,0.785,0.02,0.195
dili_multiclass,556,50922675,43,6,bworf_no_mi,0,0,0.585,0.09,0.325
dili_multiclass,559,54726192,43,6,bworf_no_mi,0,0,0.685,0.025,0.29
dili_multiclass,3,2165,43,6,bworf_mi,2,1,0.245,0.445,0.31
dili_multiclass,8,2952,43,6,bworf_mi,2,0,0.4616666666666667,0.19166666666666668,0.3466666666666666
dili_multiclass,11,3117,43,6,bworf_mi,2,1,0.275,0.415,0.31
dili_multiclass,18,3878,43,6,bworf_mi,2,2,0.425,0.11,0.465
dili_multiclass,28,18283,43,6,bworf_mi,2,2,0.415,0.19499999999999995,0.39
dili_multiclass,38,441401,43,6,bworf_mi,2,0,0.4266666666666667,0.2016666666666667,0.37166666666666665
dili_multiclass,55,5760,43,6,bworf_mi,2,0,0.5033333333333333,0.11333333333333333,0.3833333333333333
dili_multiclass,62,1302,43,6,bworf_mi,2,0,0.44,0.33,0.22999999999999995
dili_multiclass,73,3226,43,6,bworf_mi,2,2,0.34,0.26,0.4
dili_multiclass,75,3339,43,6,bworf_mi,2,1,0.3483333333333333,0.3233333333333333,0.32833333333333337
dili_multiclass,109,56069,43,6,bworf_mi,2,1,0.3183333333333333,0.33333333333333326,0.3483333333333333
dili_multiclass,111,60835,43,6,bworf_mi,2,1,0.33,0.34,0.33
dili_multiclass,115,84029,43,6,bworf_mi,2,2,0.38,0.155,0.465
dili_multiclass,126,3081884,43,6,bworf_mi,2,1,0.34333333333333327,0.34333333333333327,0.3133333333333333
dili_multiclass,164,3825,43,6,bworf_mi,1,1,0.12666666666666665,0.5616666666666668,0.31166666666666665
dili_multiclass,179,5070,43,6,bworf_mi,1,2,0.195,0.31,0.495
dili_multiclass,180,5073,43,6,bworf_mi,1,0,0.4733333333333334,0.12833333333333333,0.3983333333333334
dili_multiclass,181,5090,43,6,bworf_mi,1,2,0.40333333333333327,0.1433333333333333,0.45333333333333337
dili_multiclass,194,60198,43,6,bworf_mi,1,1,0.37666666666666665,0.3466666666666666,0.2766666666666666
dili_multiclass,204,148124,43,6,bworf_mi,1,2,0.465,0.145,0.39
dili_multiclass,211,441140,43,6,bworf_mi,1,2,0.40666666666666673,0.14666666666666667,0.44666666666666666
dili_multiclass,234,54677470,43,6,bworf_mi,1,2,0.3783333333333333,0.15333333333333335,0.46833333333333327
dili_multiclass,236,135398744,43,6,bworf_mi,1,0,0.47833333333333333,0.22333333333333336,0.29833333333333334
dili_multiclass,238,6468,43,6,bworf_mi,1,0,0.47,0.20499999999999996,0.325
dili_multiclass,244,2153,43,6,bworf_mi,0,2,0.41333333333333333,0.10333333333333332,0.4833333333333333
dili_multiclass,249,2405,43,6,bworf_mi,0,0,0.4933333333333333,0.21333333333333332,0.29333333333333333
dili_multiclass,257,2803,43,6,bworf_mi,0,2,0.16,0.375,0.465
dili_multiclass,264,3324,43,6,bworf_mi,0,0,0.4633333333333334,0.30833333333333335,0.22833333333333333
dili_multiclass,271,3658,43,6,bworf_mi,0,1,0.26,0.42,0.31999999999999995
dili_multiclass,277,4107,43,6,bworf_mi,0,1,0.23333333333333328,0.4083333333333334,0.35833333333333334
dili_multiclass,280,4236,43,6,bworf_mi,0,1,0.125,0.455,0.42
dili_multiclass,287,4908,43,6,bworf_mi,0,1,0.3833333333333333,0.3933333333333333,0.22333333333333333
dili_multiclass,289,4946,43,6,bworf_mi,0,1,0.35666666666666663,0.3366666666666667,0.3066666666666667
dili_multiclass,293,5311,43,6,bworf_mi,0,1,0.26333333333333336,0.45333333333333337,0.2833333333333333
dili_multiclass,297,5732,43,6,bworf_mi,0,0,0.515,0.19,0.295
dili_multiclass,298,5770,43,6,bworf_mi,0,0,0.46833333333333327,0.22333333333333333,0.30833333333333335
dili_multiclass,299,5918,43,6,bworf_mi,0,2,0.42,0.135,0.445
dili_multiclass,305,6726,43,6,bworf_mi,0,0,0.38833333333333336,0.2533333333333333,0.35833333333333345
dili_multiclass,307,7029,43,6,bworf_mi,0,1,0.36333333333333334,0.44833333333333336,0.18833333333333332
dili_multiclass,324,37768,43,6,bworf_mi,0,0,0.5083333333333333,0.15833333333333333,0.33333333333333337
dili_multiclass,376,6918837,43,6,bworf_mi,0,1,0.36166666666666664,0.3866666666666667,0.25166666666666665
dili_multiclass,378,9865528,43,6,bworf_mi,0,1,0.295,0.435,0.27
dili_multiclass,383,11963622,43,6,bworf_mi,0,2,0.3583333333333333,0.22333333333333336,0.41833333333333333
dili_multiclass,386,16132446,43,6,bworf_mi,0,0,0.62,0.05,0.33
dili_multiclass,400,10077130,43,6,bworf_mi,0,0,0.52,0.08,0.4
dili_multiclass,419,23652731,43,6,bworf_mi,0,0,0.42333333333333345,0.2533333333333333,0.3233333333333333
dili_multiclass,429,5280483,43,6,bworf_mi,0,0,0.45000000000000007,0.28,0.26999999999999996
dili_multiclass,437,56959087,43,6,bworf_mi,0,0,0.49833333333333335,0.15833333333333333,0.34333333333333327
dili_multiclass,476,37542,43,6,bworf_mi,0,1,0.23499999999999996,0.45,0.31499999999999995
dili_multiclass,477,47811,43,6,bworf_mi,0,2,0.45666666666666667,0.14666666666666667,0.39666666666666667
dili_multiclass,489,107970,43,6,bworf_mi,0,0,0.415,0.35,0.23499999999999996
dili_multiclass,526,49800073,43,6,bworf_mi,0,1,0.3483333333333334,0.2783333333333333,0.37333333333333335
dili_multiclass,535,135410875,43,6,bworf_mi,0,0,0.525,0.135,0.34
dili_multiclass,543,11671467,43,6,bworf_mi,0,0,0.64,0.04,0.32
dili_multiclass,554,49803313,43,6,bworf_mi,0,0,0.54,0.12,0.34
dili_multiclass,556,50922675,43,6,bworf_mi,0,0,0.45,0.365,0.185
dili_multiclass,559,54726192,43,6,bworf_mi,0,0,0.5183333333333333,0.13333333333333333,0.3483333333333333
dili_multiclass,0,1775,43,7,orf_style,2,0,0.595,0.11,0.295
dili_multiclass,24,5591,43,7,orf_style,2,0,0.495,0.315,0.19
dili_multiclass,25,5790,43,7,orf_style,2,0,0.43,0.17,0.4
dili_multiclass,32,55185,43,7,orf_style,2,2,0.24,0.13,0.63
dili_multiclass,39,657298,43,7,orf_style,2,0,0.385,0.085,0.53
dili_multiclass,76,3365,43,7,orf_style,2,0,0.49,0.26,0.25
dili_multiclass,81,3899,43,7,orf_style,2,0,0.545,0.105,0.35
dili_multiclass,89,5291,43,7,orf_style,2,0,0.59,0.2,0.21
dili_multiclass,90,5394,43,7,orf_style,2,0,0.3,0.32,0.38
dili_multiclass,100,29029,43,7,orf_style,2,0,0.485,0.12,0.395
dili_multiclass,114,71616,43,7,orf_style,2,0,0.36,0.445,0.195
dili_multiclass,125,3001055,43,7,orf_style,2,0,0.65,0.105,0.245
dili_multiclass,132,6439133,43,7,orf_style,2,0,0.46,0.35,0.19
dili_multiclass,134,11167602,43,7,orf_style,2,0,0.465,0.035,0.5
dili_multiclass,150,2913,43,7,orf_style,1,0,0.73,0.03,0.24
dili_multiclass,153,3356,43,7,orf_style,1,0,0.61,0.22,0.17
dili_multiclass,177,4829,43,7,orf_style,1,0,0.545,0.27,0.185
dili_multiclass,196,60854,43,7,orf_style,1,0,0.595,0.07,0.335
dili_multiclass,199,65628,43,7,orf_style,1,0,0.26,0.225,0.515
dili_multiclass,210,439492,43,7,orf_style,1,0,0.33,0.32,0.35
dili_multiclass,214,464205,43,7,orf_style,1,0,0.63,0.12,0.25
dili_multiclass,223,5362440,43,7,orf_style,1,0,0.59,0.19,0.22
dili_multiclass,227,6437841,43,7,orf_style,1,1,0.2,0.605,0.195
dili_multiclass,230,11626560,43,7,orf_style,1,0,0.58,0.035,0.385
dili_multiclass,260,3080,43,7,orf_style,0,0,0.345,0.29,0.365
dili_multiclass,268,3467,43,7,orf_style,0,0,0.56,0.035,0.405
dili_multiclass,276,4034,43,7,orf_style,0,0,0.605,0.105,0.29
dili_multiclass,278,4192,43,7,orf_style,0,0,0.6,0.045,0.355
dili_multiclass,290,4999,43,7,orf_style,0,0,0.38,0.12,0.5
dili_multiclass,310,9354,43,7,orf_style,0,2,0.25,0.14,0.61
dili_multiclass,314,15459,43,7,orf_style,0,0,0.445,0.12,0.435
dili_multiclass,317,20279,43,7,orf_style,0,1,0.24,0.615,0.145
dili_multiclass,336,60855,43,7,orf_style,0,0,0.655,0.015,0.33
dili_multiclass,345,83898,43,7,orf_style,0,0,0.59,0.055,0.355
dili_multiclass,346,115237,43,7,orf_style,0,0,0.4,0.385,0.215
dili_multiclass,349,132999,43,7,orf_style,0,0,0.42,0.4,0.18
dili_multiclass,352,160051,43,7,orf_style,0,0,0.63,0.155,0.215
dili_multiclass,356,441281,43,7,orf_style,0,0,0.7,0.02,0.28
dili_multiclass,377,9854012,43,7,orf_style,0,0,0.57,0.03,0.4
dili_multiclass,381,11658860,43,7,orf_style,0,1,0.125,0.52,0.355
dili_multiclass,391,44151801,43,7,orf_style,0,0,0.61,0.05,0.34
dili_multiclass,392,54678501,43,7,orf_style,0,1,0.11,0.67,0.22
dili_multiclass,405,115358,43,7,orf_style,0,0,0.495,0.315,0.19
dili_multiclass,420,23725625,43,7,orf_style,0,0,0.67,0.045,0.285
dili_multiclass,424,4021,43,7,orf_style,0,1,0.14,0.66,0.2
dili_multiclass,441,65305,43,7,orf_style,0,0,0.465,0.275,0.26
dili_multiclass,464,4923,43,7,orf_style,0,0,0.735,0.01,0.255
dili_multiclass,468,5572,43,7,orf_style,0,0,0.735,0.015,0.25
dili_multiclass,474,30323,43,7,orf_style,0,0,0.505,0.045,0.45
dili_multiclass,480,60879,43,7,orf_style,0,0,0.375,0.34,0.285
dili_multiclass,493,148121,43,7,orf_style,0,0,0.365,0.435,0.2
dili_multiclass,516,11450633,43,7,orf_style,0,0,0.595,0.165,0.24
dili_multiclass,531,135398508,43,7,orf_style,0,0,0.33,0.315,0.355
dili_multiclass,533,135403821,43,7,orf_style,0,0,0.62,0.12,0.26
dili_multiclass,557,54681908,43,7,orf_style,0,0,0.56,0.085,0.355
dili_multiclass,565,6918606,43,7,orf_style,0,0,0.67,0.055,0.275
dili_multiclass,566,71496458,43,7,orf_style,0,0,0.335,0.125,0.54
dili_multiclass,0,1775,43,7,bworf_no_mi,2,0,0.46,0.225,0.315
dili_multiclass,24,5591,43,7,bworf_no_mi,2,1,0.455,0.425,0.12
dili_multiclass,25,5790,43,7,bworf_no_mi,2,0,0.455,0.285,0.26
dili_multiclass,32,55185,43,7,bworf_no_mi,2,2,0.175,0.165,0.66
dili_multiclass,39,657298,43,7,bworf_no_mi,2,2,0.29,0.13,0.58
dili_multiclass,76,3365,43,7,bworf_no_mi,2,1,0.365,0.42,0.215
dili_multiclass,81,3899,43,7,bworf_no_mi,2,0,0.525,0.16,0.315
dili_multiclass,89,5291,43,7,bworf_no_mi,2,0,0.61,0.265,0.125
dili_multiclass,90,5394,43,7,bworf_no_mi,2,2,0.215,0.25,0.535
dili_multiclass,100,29029,43,7,bworf_no_mi,2,0,0.42,0.18,0.4
dili_multiclass,114,71616,43,7,bworf_no_mi,2,1,0.22,0.595,0.185
dili_multiclass,125,3001055,43,7,bworf_no_mi,2,0,0.585,0.22,0.195
dili_multiclass,132,6439133,43,7,bworf_no_mi,2,1,0.355,0.365,0.28
dili_multiclass,134,11167602,43,7,bworf_no_mi,2,2,0.33,0.085,0.585
dili_multiclass,150,2913,43,7,bworf_no_mi,1,0,0.8,0.025,0.175
dili_multiclass,153,3356,43,7,bworf_no_mi,1,0,0.675,0.19,0.135
dili_multiclass,177,4829,43,7,bworf_no_mi,1,0,0.565,0.29,0.145
dili_multiclass,196,60854,43,7,bworf_no_mi,1,0,0.49,0.24,0.27
dili_multiclass,199,65628,43,7,bworf_no_mi,1,2,0.135,0.25,0.615
dili_multiclass,210,439492,43,7,bworf_no_mi,1,1,0.145,0.545,0.31
dili_multiclass,214,464205,43,7,bworf_no_mi,1,0,0.49,0.355,0.155
dili_multiclass,223,5362440,43,7,bworf_no_mi,1,0,0.535,0.33,0.135
dili_multiclass,227,6437841,43,7,bworf_no_mi,1,1,0.09,0.69,0.22
dili_multiclass,230,11626560,43,7,bworf_no_mi,1,2,0.42,0.07,0.51
dili_multiclass,260,3080,43,7,bworf_no_mi,0,2,0.295,0.325,0.38
dili_multiclass,268,3467,43,7,bworf_no_mi,0,0,0.49,0.06,0.45
dili_multiclass,276,4034,43,7,bworf_no_mi,0,0,0.52,0.315,0.165
dili_multiclass,278,4192,43,7,bworf_no_mi,0,0,0.44,0.085,0.475
dili_multiclass,290,4999,43,7,bworf_no_mi,0,2,0.29,0.115,0.595
dili_multiclass,310,9354,43,7,bworf_no_mi,0,2,0.175,0.17,0.655
dili_multiclass,314,15459,43,7,bworf_no_mi,0,2,0.37,0.13,0.5
dili_multiclass,317,20279,43,7,bworf_no_mi,0,1,0.185,0.695,0.12
dili_multiclass,336,60855,43,7,bworf_no_mi,0,0,0.59,0.085,0.325
dili_multiclass,345,83898,43,7,bworf_no_mi,0,2,0.43,0.04,0.53
dili_multiclass,346,115237,43,7,bworf_no_mi,0,1,0.17,0.665,0.165
dili_multiclass,349,132999,43,7,bworf_no_mi,0,1,0.28,0.555,0.165
dili_multiclass,352,160051,43,7,bworf_no_mi,0,0,0.68,0.205,0.115
dili_multiclass,356,441281,43,7,bworf_no_mi,0,0,0.68,0.11,0.21
dili_multiclass,377,9854012,43,7,bworf_no_mi,0,0,0.535,0.034999999999999996,0.43
dili_multiclass,381,11658860,43,7,bworf_no_mi,0,1,0.17,0.4,0.43
dili_multiclass,391,44151801,43,7,bworf_no_mi,0,0,0.445,0.12,0.435
dili_multiclass,392,54678501,43,7,bworf_no_mi,0,1,0.015,0.705,0.28
dili_multiclass,405,115358,43,7,bworf_no_mi,0,1,0.37,0.5,0.13
dili_multiclass,420,23725625,43,7,bworf_no_mi,0,0,0.58,0.185,0.235
dili_multiclass,424,4021,43,7,bworf_no_mi,0,1,0.08,0.685,0.235
dili_multiclass,441,65305,43,7,bworf_no_mi,0,0,0.495,0.315,0.19
dili_multiclass,464,4923,43,7,bworf_no_mi,0,0,0.675,0.035,0.29
dili_multiclass,468,5572,43,7,bworf_no_mi,0,0,0.73,0.075,0.195
dili_multiclass,474,30323,43,7,bworf_no_mi,0,2,0.42,0.07,0.51
dili_multiclass,480,60879,43,7,bworf_no_mi,0,1,0.33,0.375,0.295
dili_multiclass,493,148121,43,7,bworf_no_mi,0,1,0.25,0.575,0.175
dili_multiclass,516,11450633,43,7,bworf_no_mi,0,0,0.55,0.275,0.175
dili_multiclass,531,135398508,43,7,bworf_no_mi,0,1,0.275,0.4,0.325
dili_multiclass,533,135403821,43,7,bworf_no_mi,0,0,0.55,0.3,0.15000000000000002
dili_multiclass,557,54681908,43,7,bworf_no_mi,0,0,0.49,0.155,0.355
dili_multiclass,565,6918606,43,7,bworf_no_mi,0,0,0.64,0.095,0.265
dili_multiclass,566,71496458,43,7,bworf_no_mi,0,2,0.27,0.14,0.59
dili_multiclass,0,1775,43,7,bworf_mi,2,2,0.2583333333333333,0.3383333333333334,0.40333333333333327
dili_multiclass,24,5591,43,7,bworf_mi,2,0,0.44000000000000006,0.27999999999999997,0.2799999999999999
dili_multiclass,25,5790,43,7,bworf_mi,2,0,0.5033333333333334,0.16333333333333336,0.33333333333333326
dili_multiclass,32,55185,43,7,bworf_mi,2,2,0.31333333333333335,0.21833333333333332,0.4683333333333334
dili_multiclass,39,657298,43,7,bworf_mi,2,2,0.2316666666666667,0.38166666666666665,0.38666666666666666
dili_multiclass,76,3365,43,7,bworf_mi,2,0,0.47833333333333344,0.17833333333333332,0.34333333333333327
dili_multiclass,81,3899,43,7,bworf_mi,2,1,0.225,0.36999999999999994,0.4049999999999999
dili_multiclass,89,5291,43,7,bworf_mi,2,0,0.45833333333333337,0.37833333333333335,0.16333333333333336
dili_multiclass,90,5394,43,7,bworf_mi,2,2,0.21,0.325,0.465
dili_multiclass,100,29029,43,7,bworf_mi,2,1,0.365,0.36,0.27499999999999997
dili_multiclass,114,71616,43,7,bworf_mi,2,0,0.5150000000000001,0.195,0.29
dili_multiclass,125,3001055,43,7,bworf_mi,2,0,0.4549999999999999,0.2749999999999999,0.26999999999999996
dili_multiclass,132,6439133,43,7,bworf_mi,2,0,0.3566666666666667,0.26666666666666655,0.37666666666666665
dili_multiclass,134,11167602,43,7,bworf_mi,2,2,0.36,0.215,0.42500000000000004
dili_multiclass,150,2913,43,7,bworf_mi,1,0,0.41666666666666663,0.27166666666666667,0.3116666666666666
dili_multiclass,153,3356,43,7,bworf_mi,1,1,0.4033333333333334,0.49833333333333335,0.09833333333333334
dili_multiclass,177,4829,43,7,bworf_mi,1,1,0.36666666666666664,0.4466666666666667,0.18666666666666668
dili_multiclass,196,60854,43,7,bworf_mi,1,2,0.465,0.10999999999999999,0.425
dili_multiclass,199,65628,43,7,bworf_mi,1,1,0.2616666666666666,0.4216666666666667,0.3166666666666666
dili_multiclass,210,439492,43,7,bworf_mi,1,1,0.37166666666666665,0.4216666666666667,0.20666666666666667
dili_multiclass,214,464205,43,7,bworf_mi,1,0,0.5533333333333333,0.06333333333333332,0.38333333333333336
dili_multiclass,223,5362440,43,7,bworf_mi,1,0,0.42666666666666664,0.33666666666666656,0.23666666666666664
dili_multiclass,227,6437841,43,7,bworf_mi,1,1,0.20333333333333337,0.5233333333333333,0.2733333333333333
dili_multiclass,230,11626560,43,7,bworf_mi,1,2,0.455,0.12,0.425
dili_multiclass,260,3080,43,7,bworf_mi,0,1,0.33166666666666667,0.3466666666666666,0.32166666666666666
dili_multiclass,268,3467,43,7,bworf_mi,0,0,0.5233333333333333,0.13833333333333334,0.33833333333333326
dili_multiclass,276,4034,43,7,bworf_mi,0,2,0.40833333333333327,0.13833333333333334,0.45333333333333337
dili_multiclass,278,4192,43,7,bworf_mi,0,2,0.40833333333333327,0.23333333333333328,0.3583333333333332
dili_multiclass,290,4999,43,7,bworf_mi,0,2,0.38166666666666665,0.26166666666666666,0.35666666666666663
dili_multiclass,310,9354,43,7,bworf_mi,0,2,0.33,0.22499999999999998,0.44500000000000006
dili_multiclass,314,15459,43,7,bworf_mi,0,0,0.41666666666666663,0.2966666666666667,0.2866666666666666
dili_multiclass,317,20279,43,7,bworf_mi,0,2,0.36,0.255,0.385
dili_multiclass,336,60855,43,7,bworf_mi,0,0,0.44833333333333336,0.21333333333333335,0.33833333333333326
dili_multiclass,345,83898,43,7,bworf_mi,0,2,0.3116666666666667,0.27166666666666667,0.41666666666666663
dili_multiclass,346,115237,43,7,bworf_mi,0,1,0.34333333333333327,0.3833333333333333,0.2733333333333334
dili_multiclass,349,132999,43,7,bworf_mi,0,0,0.5583333333333335,0.16833333333333336,0.27333333333333326
dili_multiclass,352,160051,43,7,bworf_mi,0,0,0.625,0.11,0.265
dili_multiclass,356,441281,43,7,bworf_mi,0,0,0.435,0.16,0.405
dili_multiclass,377,9854012,43,7,bworf_mi,0,0,0.615,0.025,0.36
dili_multiclass,381,11658860,43,7,bworf_mi,0,2,0.40833333333333344,0.2083333333333333,0.38333333333333336
dili_multiclass,391,44151801,43,7,bworf_mi,0,0,0.5933333333333334,0.21333333333333335,0.19333333333333333
dili_multiclass,392,54678501,43,7,bworf_mi,0,0,0.4,0.235,0.365
dili_multiclass,405,115358,43,7,bworf_mi,0,1,0.4216666666666667,0.48166666666666663,0.09666666666666666
dili_multiclass,420,23725625,43,7,bworf_mi,0,0,0.4566666666666668,0.2766666666666666,0.2666666666666666
dili_multiclass,424,4021,43,7,bworf_mi,0,2,0.21833333333333332,0.34333333333333327,0.43833333333333335
dili_multiclass,441,65305,43,7,bworf_mi,0,0,0.49833333333333335,0.16833333333333336,0.33333333333333326
dili_multiclass,464,4923,43,7,bworf_mi,0,2,0.3933333333333333,0.18833333333333335,0.4183333333333333
dili_multiclass,468,5572,43,7,bworf_mi,0,0,0.47333333333333344,0.26333333333333325,0.2633333333333333
dili_multiclass,474,30323,43,7,bworf_mi,0,2,0.37833333333333335,0.24833333333333324,0.37333333333333335
dili_multiclass,480,60879,43,7,bworf_mi,0,1,0.23833333333333329,0.49333333333333335,0.2683333333333333
dili_multiclass,493,148121,43,7,bworf_mi,0,2,0.335,0.3,0.365
dili_multiclass,516,11450633,43,7,bworf_mi,0,1,0.32666666666666666,0.45666666666666667,0.21666666666666667
dili_multiclass,531,135398508,43,7,bworf_mi,0,2,0.3083333333333333,0.2883333333333333,0.4033333333333334
dili_multiclass,533,135403821,43,7,bworf_mi,0,0,0.5183333333333333,0.33833333333333326,0.14333333333333334
dili_multiclass,557,54681908,43,7,bworf_mi,0,2,0.3833333333333333,0.2583333333333333,0.3583333333333332
dili_multiclass,565,6918606,43,7,bworf_mi,0,0,0.4866666666666667,0.17666666666666667,0.33666666666666656
dili_multiclass,566,71496458,43,7,bworf_mi,0,0,0.53,0.36,0.10999999999999999
dili_multiclass,4,2265,43,8,orf_style,2,0,0.27,0.22,0.51
dili_multiclass,10,3033,43,8,orf_style,2,0,0.285,0.15,0.565
dili_multiclass,37,441074,43,8,orf_style,2,0,0.315,0.125,0.56
dili_multiclass,58,29051,43,8,orf_style,2,0,0.36,0.235,0.405
dili_multiclass,64,2160,43,8,orf_style,2,1,0.285,0.53,0.185
dili_multiclass,67,2662,43,8,orf_style,2,1,0.19,0.545,0.265
dili_multiclass,79,3763,43,8,orf_style,2,2,0.125,0.41,0.465
dili_multiclass,84,4594,43,8,orf_style,2,0,0.32,0.31,0.37
dili_multiclass,87,5002,43,8,orf_style,2,1,0.115,0.805,0.08
dili_multiclass,95,5646,43,8,orf_style,2,0,0.41,0.46,0.13
dili_multiclass,103,43672,43,8,orf_style,2,0,0.415,0.365,0.22
dili_multiclass,119,208908,43,8,orf_style,2,0,0.67,0.025,0.305
dili_multiclass,123,1548972,43,8,orf_style,2,0,0.345,0.16,0.495
dili_multiclass,133,9875401,43,8,orf_style,2,0,0.435,0.145,0.42
dili_multiclass,141,444,43,8,orf_style,1,0,0.625,0.06,0.315
dili_multiclass,151,3308,43,8,orf_style,1,0,0.57,0.095,0.335
dili_multiclass,155,3386,43,8,orf_style,1,1,0.025,0.72,0.255
dili_multiclass,161,3675,43,8,orf_style,1,0,0.355,0.4,0.245
dili_multiclass,172,4493,43,8,orf_style,1,0,0.565,0.02,0.415
dili_multiclass,173,4539,43,8,orf_style,1,2,0.255,0.16,0.585
dili_multiclass,192,42113,43,8,orf_style,1,1,0.205,0.44,0.355
dili_multiclass,218,5282379,43,8,orf_style,1,0,0.4,0.36,0.24
dili_multiclass,219,5284627,43,8,orf_style,1,0,0.405,0.35,0.245
dili_multiclass,232,24776445,43,8,orf_style,1,0,0.61,0.105,0.285
dili_multiclass,246,2369,43,8,orf_style,0,0,0.705,0.05,0.245
dili_multiclass,251,2564,43,8,orf_style,0,0,0.685,0.05,0.265
dili_multiclass,263,3261,43,8,orf_style,0,0,0.425,0.25,0.325
dili_multiclass,275,4033,43,8,orf_style,0,0,0.42,0.42,0.16
dili_multiclass,312,12035,43,8,orf_style,0,0,0.37,0.22,0.41
dili_multiclass,321,28486,43,8,orf_style,0,0,0.43,0.195,0.375
dili_multiclass,337,62816,43,8,orf_style,0,0,0.745,0.06,0.195
dili_multiclass,338,63006,43,8,orf_style,0,0,0.305,0.44,0.255
dili_multiclass,359,445154,43,8,orf_style,0,0,0.545,0.115,0.34
dili_multiclass,364,969472,43,8,orf_style,0,0,0.39,0.295,0.315
dili_multiclass,369,5282443,43,8,orf_style,0,0,0.785,0.0,0.215
dili_multiclass,382,11953884,43,8,orf_style,0,0,0.35,0.42,0.23
dili_multiclass,389,23673837,43,8,orf_style,0,1,0.175,0.71,0.115
dili_multiclass,408,121892,43,8,orf_style,0,0,0.265,0.445,0.29
dili_multiclass,416,163183936,43,8,orf_style,0,0,0.63,0.2,0.17
dili_multiclass,421,24965990,43,8,orf_style,0,1,0.28,0.62,0.1
dili_multiclass,431,5460135,43,8,orf_style,0,1,0.38,0.52,0.1
dili_multiclass,446,9837243,43,8,orf_style,0,0,0.53,0.335,0.135
dili_multiclass,447,9913767,43,8,orf_style,0,1,0.31,0.53,0.16
dili_multiclass,449,2123,43,8,orf_style,0,0,0.64,0.095,0.265
dili_multiclass,454,3157,43,8,orf_style,0,0,0.56,0.12,0.32
dili_multiclass,456,3759,43,8,orf_style,0,0,0.395,0.225,0.38
dili_multiclass,465,4976,43,8,orf_style,0,1,0.095,0.795,0.11
dili_multiclass,481,60953,43,8,orf_style,0,0,0.62,0.06,0.32
dili_multiclass,485,91270,43,8,orf_style,0,0,0.625,0.115,0.26
dili_multiclass,521,25102847,43,8,orf_style,0,0,0.595,0.02,0.385
dili_multiclass,530,90311989,43,8,orf_style,0,0,0.7,0.065,0.235
dili_multiclass,547,1727,43,8,orf_style,0,0,0.655,0.09,0.255
dili_multiclass,552,46188928,43,8,orf_style,0,0,0.605,0.215,0.18
dili_multiclass,553,487101,43,8,orf_style,0,0,0.535,0.045,0.42
dili_multiclass,555,50905713,43,8,orf_style,0,0,0.32,0.2,0.48
dili_multiclass,558,54697325,43,8,orf_style,0,0,0.595,0.07,0.335
dili_multiclass,563,68165256,43,8,orf_style,0,0,0.665,0.02,0.315
dili_multiclass,4,2265,43,8,bworf_no_mi,2,2,0.155,0.35,0.495
dili_multiclass,10,3033,43,8,bworf_no_mi,2,2,0.185,0.21,0.605
dili_multiclass,37,441074,43,8,bworf_no_mi,2,2,0.18,0.285,0.535
dili_multiclass,58,29051,43,8,bworf_no_mi,2,1,0.215,0.375,0.41
dili_multiclass,64,2160,43,8,bworf_no_mi,2,1,0.195,0.585,0.22
dili_multiclass,67,2662,43,8,bworf_no_mi,2,1,0.21,0.525,0.265
dili_multiclass,79,3763,43,8,bworf_no_mi,2,1,0.04,0.545,0.415
dili_multiclass,84,4594,43,8,bworf_no_mi,2,1,0.185,0.475,0.34
dili_multiclass,87,5002,43,8,bworf_no_mi,2,1,0.06,0.765,0.175
dili_multiclass,95,5646,43,8,bworf_no_mi,2,1,0.385,0.495,0.12
dili_multiclass,103,43672,43,8,bworf_no_mi,2,1,0.38,0.4,0.22
dili_multiclass,119,208908,43,8,bworf_no_mi,2,0,0.6,0.085,0.315
dili_multiclass,123,1548972,43,8,bworf_no_mi,2,2,0.155,0.355,0.49
dili_multiclass,133,9875401,43,8,bworf_no_mi,2,2,0.325,0.225,0.45
dili_multiclass,141,444,43,8,bworf_no_mi,1,0,0.665,0.105,0.23
dili_multiclass,151,3308,43,8,bworf_no_mi,1,0,0.46,0.195,0.345
dili_multiclass,155,3386,43,8,bworf_no_mi,1,1,0.03,0.695,0.275
dili_multiclass,161,3675,43,8,bworf_no_mi,1,1,0.335,0.4,0.265
dili_multiclass,172,4493,43,8,bworf_no_mi,1,2,0.445,0.085,0.47
dili_multiclass,173,4539,43,8,bworf_no_mi,1,2,0.115,0.31,0.575
dili_multiclass,192,42113,43,8,bworf_no_mi,1,1,0.105,0.53,0.365
dili_multiclass,218,5282379,43,8,bworf_no_mi,1,1,0.345,0.405,0.25
dili_multiclass,219,5284627,43,8,bworf_no_mi,1,0,0.39,0.29,0.32
dili_multiclass,232,24776445,43,8,bworf_no_mi,1,0,0.59,0.105,0.305
dili_multiclass,246,2369,43,8,bworf_no_mi,0,0,0.645,0.165,0.19
dili_multiclass,251,2564,43,8,bworf_no_mi,0,0,0.67,0.095,0.235
dili_multiclass,263,3261,43,8,bworf_no_mi,0,1,0.305,0.285,0.41
dili_multiclass,275,4033,43,8,bworf_no_mi,0,1,0.445,0.425,0.13
dili_multiclass,312,12035,43,8,bworf_no_mi,0,2,0.23,0.31,0.46
dili_multiclass,321,28486,43,8,bworf_no_mi,0,1,0.33,0.295,0.375
dili_multiclass,337,62816,43,8,bworf_no_mi,0,0,0.765,0.085,0.15
dili_multiclass,338,63006,43,8,bworf_no_mi,0,1,0.195,0.575,0.23
dili_multiclass,359,445154,43,8,bworf_no_mi,0,0,0.47,0.185,0.345
dili_multiclass,364,969472,43,8,bworf_no_mi,0,0,0.435,0.385,0.18
dili_multiclass,369,5282443,43,8,bworf_no_mi,0,0,0.81,0.035,0.155
dili_multiclass,382,11953884,43,8,bworf_no_mi,0,1,0.16,0.62,0.22
dili_multiclass,389,23673837,43,8,bworf_no_mi,0,1,0.17,0.66,0.17
dili_multiclass,408,121892,43,8,bworf_no_mi,0,1,0.175,0.485,0.34
dili_multiclass,416,163183936,43,8,bworf_no_mi,0,0,0.54,0.325,0.135
dili_multiclass,421,24965990,43,8,bworf_no_mi,0,1,0.25,0.64,0.11
dili_multiclass,431,5460135,43,8,bworf_no_mi,0,1,0.37,0.51,0.12
dili_multiclass,446,9837243,43,8,bworf_no_mi,0,0,0.565,0.29,0.145
dili_multiclass,447,9913767,43,8,bworf_no_mi,0,1,0.2,0.495,0.305
dili_multiclass,449,2123,43,8,bworf_no_mi,0,0,0.585,0.16,0.255
dili_multiclass,454,3157,43,8,bworf_no_mi,0,0,0.42,0.235,0.345
dili_multiclass,456,3759,43,8,bworf_no_mi,0,2,0.235,0.305,0.46
dili_multiclass,465,4976,43,8,bworf_no_mi,0,1,0.07,0.745,0.185
dili_multiclass,481,60953,43,8,bworf_no_mi,0,0,0.45,0.195,0.355
dili_multiclass,485,91270,43,8,bworf_no_mi,0,0,0.57,0.13,0.3
dili_multiclass,521,25102847,43,8,bworf_no_mi,0,2,0.445,0.065,0.49
dili_multiclass,530,90311989,43,8,bworf_no_mi,0,0,0.635,0.1,0.265
dili_multiclass,547,1727,43,8,bworf_no_mi,0,0,0.695,0.11,0.195
dili_multiclass,552,46188928,43,8,bworf_no_mi,0,0,0.505,0.345,0.15
dili_multiclass,553,487101,43,8,bworf_no_mi,0,0,0.505,0.18,0.315
dili_multiclass,555,50905713,43,8,bworf_no_mi,0,2,0.26,0.245,0.495
dili_multiclass,558,54697325,43,8,bworf_no_mi,0,0,0.615,0.08,0.305
dili_multiclass,563,68165256,43,8,bworf_no_mi,0,0,0.695,0.065,0.24
dili_multiclass,4,2265,43,8,bworf_mi,2,2,0.44,0.215,0.345
dili_multiclass,10,3033,43,8,bworf_mi,2,2,0.35666666666666663,0.19666666666666668,0.44666666666666666
dili_multiclass,37,441074,43,8,bworf_mi,2,2,0.38833333333333336,0.17833333333333334,0.4333333333333333
dili_multiclass,58,29051,43,8,bworf_mi,2,2,0.385,0.305,0.31
dili_multiclass,64,2160,43,8,bworf_mi,2,1,0.36,0.4800000000000001,0.16000000000000003
dili_multiclass,67,2662,43,8,bworf_mi,2,0,0.4983333333333333,0.19833333333333333,0.30333333333333334
dili_multiclass,79,3763,43,8,bworf_mi,2,2,0.3833333333333333,0.11333333333333334,0.5033333333333333
dili_multiclass,84,4594,43,8,bworf_mi,2,1,0.17833333333333334,0.47833333333333333,0.3433333333333334
dili_multiclass,87,5002,43,8,bworf_mi,2,1,0.44833333333333336,0.3583333333333333,0.19333333333333333
dili_multiclass,95,5646,43,8,bworf_mi,2,2,0.34,0.345,0.315
dili_multiclass,103,43672,43,8,bworf_mi,2,1,0.3566666666666667,0.4216666666666667,0.22166666666666668
dili_multiclass,119,208908,43,8,bworf_mi,2,0,0.45,0.15000000000000002,0.4
dili_multiclass,123,1548972,43,8,bworf_mi,2,2,0.29333333333333333,0.29333333333333333,0.4133333333333333
dili_multiclass,133,9875401,43,8,bworf_mi,2,1,0.3133333333333333,0.49333333333333335,0.19333333333333333
dili_multiclass,141,444,43,8,bworf_mi,1,2,0.4083333333333334,0.16333333333333336,0.42833333333333334
dili_multiclass,151,3308,43,8,bworf_mi,1,1,0.3383333333333334,0.3183333333333333,0.34333333333333327
dili_multiclass,155,3386,43,8,bworf_mi,1,2,0.35833333333333334,0.26833333333333337,0.37333333333333335
dili_multiclass,161,3675,43,8,bworf_mi,1,2,0.345,0.26,0.3950000000000001
dili_multiclass,172,4493,43,8,bworf_mi,1,2,0.30666666666666664,0.24666666666666667,0.44666666666666666
dili_multiclass,173,4539,43,8,bworf_mi,1,2,0.36,0.18499999999999997,0.455
dili_multiclass,192,42113,43,8,bworf_mi,1,2,0.39,0.115,0.495
dili_multiclass,218,5282379,43,8,bworf_mi,1,1,0.2966666666666667,0.49666666666666665,0.20666666666666667
dili_multiclass,219,5284627,43,8,bworf_mi,1,2,0.4533333333333333,0.22833333333333336,0.3183333333333333
dili_multiclass,232,24776445,43,8,bworf_mi,1,2,0.3299999999999999,0.2,0.47
dili_multiclass,246,2369,43,8,bworf_mi,0,0,0.505,0.26,0.235
dili_multiclass,251,2564,43,8,bworf_mi,0,2,0.39333333333333337,0.2683333333333333,0.33833333333333326
dili_multiclass,263,3261,43,8,bworf_mi,0,2,0.4116666666666666,0.14666666666666667,0.4416666666666667
dili_multiclass,275,4033,43,8,bworf_mi,0,2,0.4233333333333333,0.1433333333333333,0.4333333333333333
dili_multiclass,312,12035,43,8,bworf_mi,0,2,0.36666666666666664,0.1716666666666667,0.46166666666666667
dili_multiclass,321,28486,43,8,bworf_mi,0,2,0.4016666666666666,0.12666666666666665,0.4716666666666666
dili_multiclass,337,62816,43,8,bworf_mi,0,0,0.5266666666666667,0.23166666666666663,0.24166666666666667
dili_multiclass,338,63006,43,8,bworf_mi,0,2,0.33833333333333326,0.2683333333333333,0.39333333333333337
dili_multiclass,359,445154,43,8,bworf_mi,0,2,0.3883333333333333,0.30333333333333334,0.30833333333333335
dili_multiclass,364,969472,43,8,bworf_mi,0,1,0.30499999999999994,0.525,0.17
dili_multiclass,369,5282443,43,8,bworf_mi,0,1,0.4733333333333334,0.44333333333333336,0.08333333333333334
dili_multiclass,382,11953884,43,8,bworf_mi,0,1,0.2966666666666667,0.6116666666666667,0.09166666666666667
dili_multiclass,389,23673837,43,8,bworf_mi,0,0,0.4816666666666667,0.3366666666666667,0.18166666666666667
dili_multiclass,408,121892,43,8,bworf_mi,0,2,0.2816666666666666,0.31166666666666665,0.40666666666666673
dili_multiclass,416,163183936,43,8,bworf_mi,0,0,0.525,0.13,0.345
dili_multiclass,421,24965990,43,8,bworf_mi,0,0,0.425,0.215,0.36
dili_multiclass,431,5460135,43,8,bworf_mi,0,0,0.57,0.17,0.26
dili_multiclass,446,9837243,43,8,bworf_mi,0,0,0.405,0.305,0.29
dili_multiclass,447,9913767,43,8,bworf_mi,0,1,0.2816666666666667,0.5816666666666667,0.13666666666666666
dili_multiclass,449,2123,43,8,bworf_mi,0,2,0.44333333333333336,0.18833333333333335,0.36833333333333335
dili_multiclass,454,3157,43,8,bworf_mi,0,0,0.495,0.27,0.235
dili_multiclass,456,3759,43,8,bworf_mi,0,2,0.3416666666666666,0.27166666666666667,0.3866666666666667
dili_multiclass,465,4976,43,8,bworf_mi,0,1,0.2783333333333333,0.47833333333333333,0.24333333333333332
dili_multiclass,481,60953,43,8,bworf_mi,0,1,0.26666666666666666,0.37166666666666665,0.36166666666666664
dili_multiclass,485,91270,43,8,bworf_mi,0,0,0.4966666666666667,0.2866666666666666,0.21666666666666665
dili_multiclass,521,25102847,43,8,bworf_mi,0,2,0.4183333333333333,0.16833333333333333,0.4133333333333333
dili_multiclass,530,90311989,43,8,bworf_mi,0,0,0.46,0.15,0.39
dili_multiclass,547,1727,43,8,bworf_mi,0,0,0.58,0.04,0.38
dili_multiclass,552,46188928,43,8,bworf_mi,0,0,0.505,0.16,0.335
dili_multiclass,553,487101,43,8,bworf_mi,0,2,0.4333333333333333,0.10333333333333332,0.4633333333333334
dili_multiclass,555,50905713,43,8,bworf_mi,0,0,0.42666666666666664,0.21166666666666664,0.36166666666666664
dili_multiclass,558,54697325,43,8,bworf_mi,0,2,0.35,0.21999999999999997,0.43000000000000005
dili_multiclass,563,68165256,43,8,bworf_mi,0,0,0.4033333333333334,0.35333333333333333,0.24333333333333335
dili_multiclass,12,3385,43,9,orf_style,2,0,0.285,0.275,0.44
dili_multiclass,17,3767,43,9,orf_style,2,2,0.18,0.22,0.6
dili_multiclass,21,4495,43,9,orf_style,2,0,0.34,0.185,0.475
dili_multiclass,33,60823,43,9,orf_style,2,0,0.52,0.17,0.31
dili_multiclass,34,64139,43,9,orf_style,2,0,0.385,0.3,0.315
dili_multiclass,42,2723601,43,9,orf_style,2,0,0.36,0.105,0.535
dili_multiclass,44,5388906,43,9,orf_style,0,0,0.495,0.08,0.425
dili_multiclass,48,135398739,43,9,orf_style,2,0,0.515,0.245,0.24
dili_multiclass,70,2764,43,9,orf_style,2,0,0.255,0.275,0.47
dili_multiclass,83,4485,43,9,orf_style,2,0,0.5,0.155,0.345
dili_multiclass,99,18381,43,9,orf_style,2,1,0.09,0.63,0.28
dili_multiclass,108,55283,43,9,orf_style,2,0,0.495,0.215,0.29
dili_multiclass,116,123631,43,9,orf_style,2,0,0.7,0.04,0.26
dili_multiclass,121,441141,43,9,orf_style,2,0,0.67,0.15,0.18
dili_multiclass,127,5281040,43,9,orf_style,2,0,0.395,0.135,0.47
dili_multiclass,147,2541,43,9,orf_style,1,0,0.58,0.185,0.235
dili_multiclass,160,3657,43,9,orf_style,1,0,0.48,0.09,0.43
dili_multiclass,171,4205,43,9,orf_style,1,0,0.6,0.1,0.3
dili_multiclass,188,21844,43,9,orf_style,1,0,0.45,0.12,0.43
dili_multiclass,189,34312,43,9,orf_style,1,0,0.355,0.115,0.53
dili_multiclass,191,39186,43,9,orf_style,1,0,0.58,0.045,0.375
dili_multiclass,202,104865,43,9,orf_style,1,0,0.755,0.025,0.22
dili_multiclass,206,208898,43,9,orf_style,1,0,0.54,0.265,0.195
dili_multiclass,208,383414,43,9,orf_style,1,0,0.65,0.185,0.165
dili_multiclass,225,6435893,43,9,orf_style,1,0,0.54,0.135,0.325
dili_multiclass,258,2812,43,9,orf_style,0,0,0.245,0.245,0.51
dili_multiclass,267,3348,43,9,orf_style,0,0,0.23,0.425,0.345
dili_multiclass,286,4828,43,9,orf_style,0,0,0.76,0.015,0.225
dili_multiclass,291,5071,43,9,orf_style,0,0,0.695,0.0,0.305
dili_multiclass,294,5391,43,9,orf_style,0,0,0.675,0.04,0.285
dili_multiclass,295,5401,43,9,orf_style,0,0,0.58,0.2,0.22
dili_multiclass,306,6832,43,9,orf_style,0,0,0.695,0.11,0.195
dili_multiclass,309,8969,43,9,orf_style,0,0,0.645,0.125,0.23
dili_multiclass,316,16960,43,9,orf_style,0,0,0.54,0.225,0.235
dili_multiclass,327,51634,43,9,orf_style,0,0,0.615,0.135,0.25
dili_multiclass,332,60613,43,9,orf_style,0,0,0.57,0.2,0.23
dili_multiclass,365,3000502,43,9,orf_style,0,0,0.715,0.045,0.24
dili_multiclass,387,16133850,43,9,orf_style,0,0,0.63,0.02,0.35
dili_multiclass,390,25077179,43,9,orf_style,0,0,0.76,0.015,0.225
dili_multiclass,406,11753673,43,9,orf_style,0,0,0.635,0.09,0.275
dili_multiclass,415,16078,43,9,orf_style,0,0,0.37,0.485,0.145
dili_multiclass,434,5484725,43,9,orf_style,0,0,0.535,0.33,0.135
dili_multiclass,443,90472060,43,9,orf_style,0,0,0.7,0.03,0.27
dili_multiclass,445,936,43,9,orf_style,0,0,0.56,0.035,0.405
dili_multiclass,458,3957,43,9,orf_style,0,0,0.49,0.155,0.355
dili_multiclass,469,5583,43,9,orf_style,0,0,0.385,0.33,0.285
dili_multiclass,475,30751,43,9,orf_style,0,0,0.725,0.065,0.21
dili_multiclass,484,73303,43,9,orf_style,0,1,0.1,0.73,0.17
dili_multiclass,490,129228,43,9,orf_style,0,0,0.24,0.38,0.38
dili_multiclass,497,451668,43,9,orf_style,0,0,0.705,0.085,0.21
dili_multiclass,498,3010818,43,9,orf_style,0,0,0.51,0.335,0.155
dili_multiclass,520,25084151,43,9,orf_style,0,0,0.72,0.07,0.21
dili_multiclass,524,44462760,43,9,orf_style,0,0,0.43,0.34,0.23
dili_multiclass,540,11154555,43,9,orf_style,0,0,0.585,0.065,0.35
dili_multiclass,561,58460047,43,9,orf_style,0,0,0.5,0.25,0.25
dili_multiclass,562,644019,43,9,orf_style,0,1,0.22,0.605,0.175
dili_multiclass,570,91669168,43,9,orf_style,0,0,0.695,0.075,0.23
dili_multiclass,12,3385,43,9,bworf_no_mi,2,2,0.23,0.325,0.445
dili_multiclass,17,3767,43,9,bworf_no_mi,2,2,0.105,0.29,0.605
dili_multiclass,21,4495,43,9,bworf_no_mi,2,2,0.27,0.225,0.505
dili_multiclass,33,60823,43,9,bworf_no_mi,2,0,0.375,0.25,0.375
dili_multiclass,34,64139,43,9,bworf_no_mi,2,2,0.315,0.35,0.335
dili_multiclass,42,2723601,43,9,bworf_no_mi,2,2,0.225,0.165,0.61
dili_multiclass,44,5388906,43,9,bworf_no_mi,0,0,0.46,0.095,0.445
dili_multiclass,48,135398739,43,9,bworf_no_mi,2,0,0.46,0.395,0.145
dili_multiclass,70,2764,43,9,bworf_no_mi,2,1,0.13,0.475,0.395
dili_multiclass,83,4485,43,9,bworf_no_mi,2,0,0.4,0.265,0.335
dili_multiclass,99,18381,43,9,bworf_no_mi,2,1,0.05,0.575,0.375
dili_multiclass,108,55283,43,9,bworf_no_mi,2,2,0.32,0.27,0.41
dili_multiclass,116,123631,43,9,bworf_no_mi,2,0,0.69,0.1,0.21
dili_multiclass,121,441141,43,9,bworf_no_mi,2,0,0.63,0.235,0.135
dili_multiclass,127,5281040,43,9,bworf_no_mi,2,2,0.385,0.14,0.475
dili_multiclass,147,2541,43,9,bworf_no_mi,1,0,0.55,0.195,0.255
dili_multiclass,160,3657,43,9,bworf_no_mi,1,2,0.425,0.07,0.505
dili_multiclass,171,4205,43,9,bworf_no_mi,1,0,0.415,0.28,0.305
dili_multiclass,188,21844,43,9,bworf_no_mi,1,2,0.365,0.125,0.51
dili_multiclass,189,34312,43,9,bworf_no_mi,1,2,0.26,0.18,0.56
dili_multiclass,191,39186,43,9,bworf_no_mi,1,0,0.475,0.085,0.44
dili_multiclass,202,104865,43,9,bworf_no_mi,1,0,0.79,0.07,0.14
dili_multiclass,206,208898,43,9,bworf_no_mi,1,1,0.38,0.465,0.155
dili_multiclass,208,383414,43,9,bworf_no_mi,1,0,0.565,0.29,0.145
dili_multiclass,225,6435893,43,9,bworf_no_mi,1,0,0.435,0.14,0.425
dili_multiclass,258,2812,43,9,bworf_no_mi,0,2,0.215,0.215,0.57
dili_multiclass,267,3348,43,9,bworf_no_mi,0,1,0.135,0.43,0.435
dili_multiclass,286,4828,43,9,bworf_no_mi,0,0,0.815,0.025,0.16
dili_multiclass,291,5071,43,9,bworf_no_mi,0,0,0.555,0.03,0.415
dili_multiclass,294,5391,43,9,bworf_no_mi,0,0,0.6,0.105,0.295
dili_multiclass,295,5401,43,9,bworf_no_mi,0,0,0.46,0.335,0.205
dili_multiclass,306,6832,43,9,bworf_no_mi,0,0,0.575,0.26,0.165
dili_multiclass,309,8969,43,9,bworf_no_mi,0,0,0.66,0.125,0.215
dili_multiclass,316,16960,43,9,bworf_no_mi,0,0,0.515,0.295,0.19
dili_multiclass,327,51634,43,9,bworf_no_mi,0,0,0.57,0.185,0.245
dili_multiclass,332,60613,43,9,bworf_no_mi,0,0,0.5,0.335,0.16500000000000004
dili_multiclass,365,3000502,43,9,bworf_no_mi,0,0,0.76,0.07,0.17
dili_multiclass,387,16133850,43,9,bworf_no_mi,0,0,0.635,0.03,0.335
dili_multiclass,390,25077179,43,9,bworf_no_mi,0,0,0.81,0.025,0.165
dili_multiclass,406,11753673,43,9,bworf_no_mi,0,0,0.615,0.165,0.22
dili_multiclass,415,16078,43,9,bworf_no_mi,0,1,0.335,0.55,0.115
dili_multiclass,434,5484725,43,9,bworf_no_mi,0,1,0.38,0.52,0.1
dili_multiclass,443,90472060,43,9,bworf_no_mi,0,0,0.745,0.05,0.205
dili_multiclass,445,936,43,9,bworf_no_mi,0,2,0.445,0.08,0.475
dili_multiclass,458,3957,43,9,bworf_no_mi,0,2,0.42,0.145,0.435
dili_multiclass,469,5583,43,9,bworf_no_mi,0,2,0.29,0.38,0.33
dili_multiclass,475,30751,43,9,bworf_no_mi,0,0,0.625,0.275,0.1
dili_multiclass,484,73303,43,9,bworf_no_mi,0,1,0.055,0.705,0.24
dili_multiclass,490,129228,43,9,bworf_no_mi,0,2,0.19,0.315,0.495
dili_multiclass,497,451668,43,9,bworf_no_mi,0,0,0.645,0.26,0.095
dili_multiclass,498,3010818,43,9,bworf_no_mi,0,1,0.375,0.47,0.155
dili_multiclass,520,25084151,43,9,bworf_no_mi,0,0,0.715,0.12,0.165
dili_multiclass,524,44462760,43,9,bworf_no_mi,0,1,0.345,0.515,0.14
dili_multiclass,540,11154555,43,9,bworf_no_mi,0,2,0.465,0.075,0.46
dili_multiclass,561,58460047,43,9,bworf_no_mi,0,0,0.4,0.33,0.27
dili_multiclass,562,644019,43,9,bworf_no_mi,0,1,0.115,0.7,0.185
dili_multiclass,570,91669168,43,9,bworf_no_mi,0,0,0.69,0.085,0.225
dili_multiclass,12,3385,43,9,bworf_mi,2,2,0.3,0.21,0.49
dili_multiclass,17,3767,43,9,bworf_mi,2,2,0.415,0.19,0.395
dili_multiclass,21,4495,43,9,bworf_mi,2,2,0.2999999999999999,0.2899999999999999,0.41000000000000014
dili_multiclass,33,60823,43,9,bworf_mi,2,0,0.5083333333333333,0.24833333333333332,0.24333333333333332
dili_multiclass,34,64139,43,9,bworf_mi,2,2,0.3016666666666666,0.2766666666666666,0.42166666666666663
dili_multiclass,42,2723601,43,9,bworf_mi,2,2,0.33,0.185,0.485
dili_multiclass,44,5388906,43,9,bworf_mi,0,1,0.3983333333333334,0.40333333333333327,0.19833333333333333
dili_multiclass,48,135398739,43,9,bworf_mi,2,0,0.40833333333333344,0.28333333333333327,0.30833333333333324
dili_multiclass,70,2764,43,9,bworf_mi,2,1,0.16000000000000003,0.41000000000000014,0.4300000000000002
dili_multiclass,83,4485,43,9,bworf_mi,2,0,0.46,0.22499999999999998,0.31499999999999995
dili_multiclass,99,18381,43,9,bworf_mi,2,1,0.24999999999999997,0.36,0.39
dili_multiclass,108,55283,43,9,bworf_mi,2,0,0.6033333333333334,0.13833333333333334,0.2583333333333333
dili_multiclass,116,123631,43,9,bworf_mi,2,0,0.4150000000000001,0.24999999999999997,0.335
dili_multiclass,121,441141,43,9,bworf_mi,2,0,0.605,0.295,0.1
dili_multiclass,127,5281040,43,9,bworf_mi,2,1,0.34166666666666656,0.32166666666666655,0.33666666666666656
dili_multiclass,147,2541,43,9,bworf_mi,1,1,0.3416666666666666,0.47666666666666674,0.18166666666666667
dili_multiclass,160,3657,43,9,bworf_mi,1,2,0.4283333333333333,0.13333333333333333,0.43833333333333335
dili_multiclass,171,4205,43,9,bworf_mi,1,2,0.3183333333333333,0.2983333333333333,0.38333333333333336
dili_multiclass,188,21844,43,9,bworf_mi,1,2,0.33166666666666667,0.2816666666666666,0.3866666666666667
dili_multiclass,189,34312,43,9,bworf_mi,1,2,0.18333333333333335,0.39333333333333337,0.42333333333333334
dili_multiclass,191,39186,43,9,bworf_mi,1,0,0.43833333333333335,0.3183333333333333,0.24333333333333332
dili_multiclass,202,104865,43,9,bworf_mi,1,1,0.47833333333333333,0.44333333333333336,0.07833333333333332
dili_multiclass,206,208898,43,9,bworf_mi,1,1,0.39666666666666667,0.40666666666666673,0.19666666666666668
dili_multiclass,208,383414,43,9,bworf_mi,1,1,0.44,0.49,0.07
dili_multiclass,225,6435893,43,9,bworf_mi,1,1,0.36,0.385,0.255
dili_multiclass,258,2812,43,9,bworf_mi,0,1,0.325,0.39,0.285
dili_multiclass,267,3348,43,9,bworf_mi,0,2,0.36500000000000005,0.31999999999999995,0.31499999999999995
dili_multiclass,286,4828,43,9,bworf_mi,0,0,0.5166666666666667,0.2866666666666666,0.19666666666666666
dili_multiclass,291,5071,43,9,bworf_mi,0,0,0.4266666666666667,0.2766666666666666,0.29666666666666663
dili_multiclass,294,5391,43,9,bworf_mi,0,2,0.47166666666666673,0.09166666666666666,0.43666666666666665
dili_multiclass,295,5401,43,9,bworf_mi,0,0,0.5716666666666668,0.2766666666666666,0.1516666666666667
dili_multiclass,306,6832,43,9,bworf_mi,0,0,0.4583333333333334,0.23833333333333326,0.3033333333333333
dili_multiclass,309,8969,43,9,bworf_mi,0,0,0.4466666666666667,0.17666666666666667,0.37666666666666665
dili_multiclass,316,16960,43,9,bworf_mi,0,2,0.45,0.095,0.455
dili_multiclass,327,51634,43,9,bworf_mi,0,0,0.4683333333333334,0.2633333333333333,0.2683333333333333
dili_multiclass,332,60613,43,9,bworf_mi,0,1,0.20666666666666664,0.5366666666666667,0.25666666666666665
dili_multiclass,365,3000502,43,9,bworf_mi,0,1,0.4183333333333333,0.49833333333333335,0.08333333333333331
dili_multiclass,387,16133850,43,9,bworf_mi,0,0,0.7,0.105,0.195
dili_multiclass,390,25077179,43,9,bworf_mi,0,0,0.655,0.25,0.095
dili_multiclass,406,11753673,43,9,bworf_mi,0,0,0.4866666666666668,0.19166666666666665,0.32166666666666655
dili_multiclass,415,16078,43,9,bworf_mi,0,1,0.38666666666666666,0.31666666666666665,0.29666666666666663
dili_multiclass,434,5484725,43,9,bworf_mi,0,0,0.46,0.23,0.30999999999999994
dili_multiclass,443,90472060,43,9,bworf_mi,0,0,0.735,0.04,0.225
dili_multiclass,445,936,43,9,bworf_mi,0,2,0.42833333333333334,0.15833333333333333,0.41333333333333333
dili_multiclass,458,3957,43,9,bworf_mi,0,0,0.5016666666666668,0.11666666666666668,0.3816666666666667
dili_multiclass,469,5583,43,9,bworf_mi,0,1,0.2749999999999999,0.36,0.365
dili_multiclass,475,30751,43,9,bworf_mi,0,0,0.63,0.12,0.25
dili_multiclass,484,73303,43,9,bworf_mi,0,2,0.3433333333333334,0.2783333333333333,0.37833333333333335
dili_multiclass,490,129228,43,9,bworf_mi,0,2,0.2383333333333333,0.3183333333333333,0.4433333333333334
dili_multiclass,497,451668,43,9,bworf_mi,0,2,0.3816666666666667,0.2416666666666666,0.3766666666666667
dili_multiclass,498,3010818,43,9,bworf_mi,0,0,0.635,0.21,0.155
dili_multiclass,520,25084151,43,9,bworf_mi,0,0,0.68,0.23,0.09
dili_multiclass,524,44462760,43,9,bworf_mi,0,0,0.5683333333333334,0.21333333333333332,0.21833333333333332
dili_multiclass,540,11154555,43,9,bworf_mi,0,0,0.425,0.18,0.395
dili_multiclass,561,58460047,43,9,bworf_mi,0,2,0.3299999999999999,0.25499999999999995,0.4150000000000001
dili_multiclass,562,644019,43,9,bworf_mi,0,1,0.295,0.45,0.255
dili_multiclass,570,91669168,43,9,bworf_mi,0,0,0.5933333333333334,0.22833333333333333,0.17833333333333334
dili_multiclass,7,2726,43,10,orf_style,2,2,0.215,0.145,0.64
dili_multiclass,13,3397,43,10,orf_style,2,1,0.23,0.485,0.285
dili_multiclass,30,47576,43,10,orf_style,2,0,0.385,0.065,0.55
dili_multiclass,35,126941,43,10,orf_style,2,0,0.715,0.045,0.24
dili_multiclass,41,1349907,43,10,orf_style,2,0,0.415,0.135,0.45
dili_multiclass,63,2082,43,10,orf_style,2,0,0.525,0.23,0.245
dili_multiclass,65,2333,43,10,orf_style,2,0,0.475,0.305,0.22
dili_multiclass,82,4091,43,10,orf_style,2,0,0.605,0.165,0.23
dili_multiclass,85,4763,43,10,orf_style,2,2,0.205,0.27,0.525
dili_multiclass,88,5206,43,10,orf_style,2,0,0.295,0.445,0.26
dili_multiclass,97,6196,43,10,orf_style,2,2,0.12,0.5,0.38
dili_multiclass,105,44093,43,10,orf_style,2,0,0.43,0.15,0.42
dili_multiclass,129,5329102,43,10,orf_style,2,0,0.325,0.345,0.33
dili_multiclass,131,5362119,43,10,orf_style,2,0,0.395,0.43,0.175
dili_multiclass,148,2678,43,10,orf_style,1,0,0.655,0.005000000000000001,0.34
dili_multiclass,159,3652,43,10,orf_style,1,0,0.625,0.05,0.325
dili_multiclass,163,3749,43,10,orf_style,1,1,0.235,0.715,0.05
dili_multiclass,170,4178,43,10,orf_style,1,0,0.545,0.12,0.335
dili_multiclass,178,4913,43,10,orf_style,1,0,0.41,0.225,0.365
dili_multiclass,187,14956,43,10,orf_style,1,0,0.56,0.03,0.41
dili_multiclass,190,36462,43,10,orf_style,1,0,0.715,0.025,0.26
dili_multiclass,198,65404,43,10,orf_style,1,2,0.135,0.335,0.53
dili_multiclass,209,392622,43,10,orf_style,1,0,0.4,0.225,0.375
dili_multiclass,215,667477,43,10,orf_style,1,2,0.21,0.37,0.42
dili_multiclass,240,247,43,10,orf_style,0,0,0.625,0.06,0.315
dili_multiclass,256,2794,43,10,orf_style,0,0,0.32,0.195,0.485
dili_multiclass,272,3784,43,10,orf_style,0,1,0.155,0.635,0.21
dili_multiclass,273,3911,43,10,orf_style,0,0,0.785,0.004999999999999999,0.21
dili_multiclass,282,4499,43,10,orf_style,0,0,0.31,0.375,0.315
dili_multiclass,283,4601,43,10,orf_style,0,0,0.525,0.255,0.22
dili_multiclass,331,59868,43,10,orf_style,0,0,0.25,0.465,0.285
dili_multiclass,333,60648,43,10,orf_style,0,2,0.2,0.385,0.415
dili_multiclass,334,60795,43,10,orf_style,0,0,0.375,0.095,0.53
dili_multiclass,335,60825,43,10,orf_style,0,0,0.465,0.265,0.27
dili_multiclass,344,71815,43,10,orf_style,0,1,0.195,0.505,0.3
dili_multiclass,351,159269,43,10,orf_style,0,2,0.205,0.145,0.65
dili_multiclass,375,6436173,43,10,orf_style,0,0,0.33,0.47,0.2
dili_multiclass,393,135398740,43,10,orf_style,0,0,0.68,0.06,0.26
dili_multiclass,398,10034073,43,10,orf_style,0,0,0.36,0.125,0.515
dili_multiclass,412,154234,43,10,orf_style,0,0,0.61,0.175,0.215
dili_multiclass,413,1548994,43,10,orf_style,0,0,0.67,0.075,0.255
dili_multiclass,423,36511,43,10,orf_style,0,0,0.69,0.155,0.155
dili_multiclass,427,4775,43,10,orf_style,0,0,0.39,0.19,0.42
dili_multiclass,438,6018,43,10,orf_style,0,0,0.67,0.09,0.24
dili_multiclass,448,401,43,10,orf_style,0,0,0.5,0.225,0.275
dili_multiclass,453,3108,43,10,orf_style,0,0,0.705,0.095,0.2
dili_multiclass,455,3291,43,10,orf_style,0,1,0.255,0.59,0.155
dili_multiclass,478,54892,43,10,orf_style,0,0,0.3,0.39,0.31
dili_multiclass,496,208902,43,10,orf_style,0,0,0.53,0.23,0.24
dili_multiclass,509,9854073,43,10,orf_style,0,1,0.03,0.705,0.265
dili_multiclass,514,10324367,43,10,orf_style,0,0,0.56,0.295,0.145
dili_multiclass,515,11354606,43,10,orf_style,0,2,0.155,0.46,0.385
dili_multiclass,522,25154714,43,10,orf_style,0,0,0.775,0.03,0.195
dili_multiclass,536,24872560,43,10,orf_style,0,0,0.475,0.395,0.13
dili_multiclass,542,11511120,43,10,orf_style,0,0,0.625,0.04,0.335
dili_multiclass,545,135565082,43,10,orf_style,0,0,0.735,0.095,0.17
dili_multiclass,573,9931954,43,10,orf_style,0,0,0.5,0.38,0.12
dili_multiclass,7,2726,43,10,bworf_no_mi,2,2,0.14,0.205,0.655
dili_multiclass,13,3397,43,10,bworf_no_mi,2,1,0.095,0.66,0.245
dili_multiclass,30,47576,43,10,bworf_no_mi,2,2,0.22,0.115,0.665
dili_multiclass,35,126941,43,10,bworf_no_mi,2,0,0.67,0.165,0.165
dili_multiclass,41,1349907,43,10,bworf_no_mi,2,2,0.335,0.17,0.495
dili_multiclass,63,2082,43,10,bworf_no_mi,2,0,0.47,0.36,0.17
dili_multiclass,65,2333,43,10,bworf_no_mi,2,0,0.42,0.36,0.22
dili_multiclass,82,4091,43,10,bworf_no_mi,2,0,0.53,0.205,0.265
dili_multiclass,85,4763,43,10,bworf_no_mi,2,2,0.105,0.26,0.635
dili_multiclass,88,5206,43,10,bworf_no_mi,2,1,0.215,0.47,0.315
dili_multiclass,97,6196,43,10,bworf_no_mi,2,1,0.045,0.54,0.415
dili_multiclass,105,44093,43,10,bworf_no_mi,2,0,0.495,0.13,0.375
dili_multiclass,129,5329102,43,10,bworf_no_mi,2,1,0.26,0.42,0.32
dili_multiclass,131,5362119,43,10,bworf_no_mi,2,1,0.235,0.635,0.13
dili_multiclass,148,2678,43,10,bworf_no_mi,1,0,0.61,0.03,0.36
dili_multiclass,159,3652,43,10,bworf_no_mi,1,0,0.46,0.105,0.435
dili_multiclass,163,3749,43,10,bworf_no_mi,1,1,0.11,0.8,0.09
dili_multiclass,170,4178,43,10,bworf_no_mi,1,0,0.565,0.14,0.295
dili_multiclass,178,4913,43,10,bworf_no_mi,1,2,0.27,0.3,0.43
dili_multiclass,187,14956,43,10,bworf_no_mi,1,0,0.465,0.05,0.485
dili_multiclass,190,36462,43,10,bworf_no_mi,1,0,0.6,0.055,0.345
dili_multiclass,198,65404,43,10,bworf_no_mi,1,2,0.085,0.39,0.525
dili_multiclass,209,392622,43,10,bworf_no_mi,1,2,0.3,0.205,0.495
dili_multiclass,215,667477,43,10,bworf_no_mi,1,1,0.175,0.405,0.42
dili_multiclass,240,247,43,10,bworf_no_mi,0,0,0.57,0.07,0.36
dili_multiclass,256,2794,43,10,bworf_no_mi,0,2,0.175,0.215,0.61
dili_multiclass,272,3784,43,10,bworf_no_mi,0,1,0.03,0.685,0.285
dili_multiclass,273,3911,43,10,bworf_no_mi,0,0,0.84,0.01,0.15
dili_multiclass,282,4499,43,10,bworf_no_mi,0,1,0.15,0.58,0.27
dili_multiclass,283,4601,43,10,bworf_no_mi,0,0,0.475,0.35,0.175
dili_multiclass,331,59868,43,10,bworf_no_mi,0,1,0.1,0.665,0.235
dili_multiclass,333,60648,43,10,bworf_no_mi,0,2,0.175,0.34,0.485
dili_multiclass,334,60795,43,10,bworf_no_mi,0,2,0.25,0.125,0.625
dili_multiclass,335,60825,43,10,bworf_no_mi,0,0,0.355,0.325,0.32
dili_multiclass,344,71815,43,10,bworf_no_mi,0,1,0.105,0.66,0.235
dili_multiclass,351,159269,43,10,bworf_no_mi,0,2,0.155,0.15,0.695
dili_multiclass,375,6436173,43,10,bworf_no_mi,0,1,0.165,0.69,0.145
dili_multiclass,393,135398740,43,10,bworf_no_mi,0,0,0.59,0.075,0.335
dili_multiclass,398,10034073,43,10,bworf_no_mi,0,2,0.25,0.165,0.585
dili_multiclass,412,154234,43,10,bworf_no_mi,0,0,0.425,0.39,0.185
dili_multiclass,413,1548994,43,10,bworf_no_mi,0,0,0.58,0.135,0.285
dili_multiclass,423,36511,43,10,bworf_no_mi,0,0,0.645,0.27,0.085
dili_multiclass,427,4775,43,10,bworf_no_mi,0,2,0.385,0.195,0.42
dili_multiclass,438,6018,43,10,bworf_no_mi,0,0,0.495,0.265,0.24
dili_multiclass,448,401,43,10,bworf_no_mi,0,0,0.38,0.32,0.3
dili_multiclass,453,3108,43,10,bworf_no_mi,0,0,0.67,0.14,0.19
dili_multiclass,455,3291,43,10,bworf_no_mi,0,1,0.2,0.635,0.165
dili_multiclass,478,54892,43,10,bworf_no_mi,0,1,0.17,0.41,0.42
dili_multiclass,496,208902,43,10,bworf_no_mi,0,1,0.195,0.645,0.16
dili_multiclass,509,9854073,43,10,bworf_no_mi,0,1,0.0,0.84,0.16
dili_multiclass,514,10324367,43,10,bworf_no_mi,0,1,0.435,0.475,0.09
dili_multiclass,515,11354606,43,10,bworf_no_mi,0,1,0.095,0.515,0.39
dili_multiclass,522,25154714,43,10,bworf_no_mi,0,0,0.75,0.095,0.155
dili_multiclass,536,24872560,43,10,bworf_no_mi,0,1,0.26,0.605,0.135
dili_multiclass,542,11511120,43,10,bworf_no_mi,0,0,0.615,0.095,0.29
dili_multiclass,545,135565082,43,10,bworf_no_mi,0,0,0.72,0.175,0.105
dili_multiclass,573,9931954,43,10,bworf_no_mi,0,1,0.395,0.5,0.105
dili_multiclass,7,2726,43,10,bworf_mi,2,2,0.41833333333333333,0.17833333333333332,0.4033333333333334
dili_multiclass,13,3397,43,10,bworf_mi,2,2,0.165,0.395,0.44000000000000006
dili_multiclass,30,47576,43,10,bworf_mi,2,2,0.42666666666666664,0.18666666666666668,0.38666666666666655
dili_multiclass,35,126941,43,10,bworf_mi,2,0,0.57,0.14500000000000002,0.285
dili_multiclass,41,1349907,43,10,bworf_mi,2,0,0.45666666666666667,0.16666666666666669,0.37666666666666665
dili_multiclass,63,2082,43,10,bworf_mi,2,2,0.385,0.21999999999999997,0.395
dili_multiclass,65,2333,43,10,bworf_mi,2,2,0.38000000000000006,0.225,0.3950000000000001
dili_multiclass,82,4091,43,10,bworf_mi,2,0,0.4233333333333333,0.2783333333333334,0.29833333333333334
dili_multiclass,85,4763,43,10,bworf_mi,2,2,0.325,0.22999999999999995,0.445
dili_multiclass,88,5206,43,10,bworf_mi,2,1,0.3133333333333333,0.4133333333333333,0.2733333333333333
dili_multiclass,97,6196,43,10,bworf_mi,2,1,0.10333333333333333,0.5633333333333334,0.33333333333333326
dili_multiclass,105,44093,43,10,bworf_mi,2,1,0.2333333333333333,0.3633333333333333,0.40333333333333327
dili_multiclass,129,5329102,43,10,bworf_mi,2,0,0.5116666666666666,0.22666666666666666,0.26166666666666666
dili_multiclass,131,5362119,43,10,bworf_mi,2,1,0.39333333333333337,0.3483333333333333,0.2583333333333333
dili_multiclass,148,2678,43,10,bworf_mi,1,2,0.325,0.21499999999999997,0.4600000000000001
dili_multiclass,159,3652,43,10,bworf_mi,1,0,0.4616666666666667,0.24166666666666664,0.29666666666666663
dili_multiclass,163,3749,43,10,bworf_mi,1,1,0.24833333333333335,0.6833333333333335,0.06833333333333334
dili_multiclass,170,4178,43,10,bworf_mi,1,2,0.4116666666666666,0.21166666666666667,0.3766666666666666
dili_multiclass,178,4913,43,10,bworf_mi,1,0,0.5433333333333333,0.12833333333333333,0.3283333333333333
dili_multiclass,187,14956,43,10,bworf_mi,1,0,0.4,0.3,0.3
dili_multiclass,190,36462,43,10,bworf_mi,1,2,0.4,0.185,0.4149999999999999
dili_multiclass,198,65404,43,10,bworf_mi,1,2,0.2316666666666667,0.27666666666666667,0.49166666666666664
dili_multiclass,209,392622,43,10,bworf_mi,1,1,0.3783333333333333,0.4483333333333333,0.17333333333333337
dili_multiclass,215,667477,43,10,bworf_mi,1,1,0.24333333333333332,0.43833333333333335,0.3183333333333333
dili_multiclass,240,247,43,10,bworf_mi,0,2,0.33333333333333337,0.17833333333333334,0.4883333333333333
dili_multiclass,256,2794,43,10,bworf_mi,0,0,0.48666666666666664,0.22166666666666665,0.29166666666666663
dili_multiclass,272,3784,43,10,bworf_mi,0,1,0.33833333333333326,0.31833333333333325,0.34333333333333327
dili_multiclass,273,3911,43,10,bworf_mi,0,0,0.76,0.055,0.185
dili_multiclass,282,4499,43,10,bworf_mi,0,1,0.35166666666666657,0.39666666666666667,0.2516666666666667
dili_multiclass,283,4601,43,10,bworf_mi,0,0,0.4016666666666666,0.29166666666666663,0.30666666666666664
dili_multiclass,331,59868,43,10,bworf_mi,0,0,0.4566666666666668,0.2716666666666666,0.2716666666666666
dili_multiclass,333,60648,43,10,bworf_mi,0,1,0.30833333333333335,0.3483333333333333,0.34333333333333327
dili_multiclass,334,60795,43,10,bworf_mi,0,0,0.4916666666666667,0.11166666666666666,0.39666666666666667
dili_multiclass,335,60825,43,10,bworf_mi,0,2,0.29666666666666663,0.31166666666666665,0.39166666666666655
dili_multiclass,344,71815,43,10,bworf_mi,0,2,0.26166666666666666,0.3566666666666667,0.38166666666666665
dili_multiclass,351,159269,43,10,bworf_mi,0,0,0.405,0.25999999999999995,0.3349999999999999
dili_multiclass,375,6436173,43,10,bworf_mi,0,0,0.425,0.34,0.235
dili_multiclass,393,135398740,43,10,bworf_mi,0,0,0.48333333333333334,0.18333333333333332,0.33333333333333326
dili_multiclass,398,10034073,43,10,bworf_mi,0,2,0.3783333333333333,0.1433333333333333,0.4783333333333333
dili_multiclass,412,154234,43,10,bworf_mi,0,1,0.35666666666666663,0.39666666666666667,0.24666666666666665
dili_multiclass,413,1548994,43,10,bworf_mi,0,0,0.4733333333333333,0.15833333333333333,0.3683333333333333
dili_multiclass,423,36511,43,10,bworf_mi,0,0,0.66,0.185,0.155
dili_multiclass,427,4775,43,10,bworf_mi,0,1,0.2933333333333333,0.33333333333333326,0.37333333333333324
dili_multiclass,438,6018,43,10,bworf_mi,0,0,0.4766666666666666,0.1516666666666667,0.3716666666666667
dili_multiclass,448,401,43,10,bworf_mi,0,0,0.40666666666666673,0.24666666666666667,0.3466666666666666
dili_multiclass,453,3108,43,10,bworf_mi,0,0,0.57,0.14,0.29
dili_multiclass,455,3291,43,10,bworf_mi,0,1,0.34,0.34,0.32
dili_multiclass,478,54892,43,10,bworf_mi,0,2,0.39,0.285,0.325
dili_multiclass,496,208902,43,10,bworf_mi,0,0,0.5616666666666666,0.31666666666666665,0.12166666666666666
dili_multiclass,509,9854073,43,10,bworf_mi,0,1,0.18833333333333335,0.5033333333333334,0.30833333333333335
dili_multiclass,514,10324367,43,10,bworf_mi,0,0,0.6216666666666667,0.17666666666666667,0.2016666666666667
dili_multiclass,515,11354606,43,10,bworf_mi,0,0,0.425,0.385,0.19
dili_multiclass,522,25154714,43,10,bworf_mi,0,0,0.68,0.11,0.21
dili_multiclass,536,24872560,43,10,bworf_mi,0,0,0.4133333333333333,0.3183333333333333,0.2683333333333333
dili_multiclass,542,11511120,43,10,bworf_mi,0,0,0.545,0.22999999999999995,0.225
dili_multiclass,545,135565082,43,10,bworf_mi,0,2,0.43166666666666664,0.16666666666666663,0.4016666666666666
dili_multiclass,573,9931954,43,10,bworf_mi,0,2,0.3783333333333333,0.2983333333333333,0.32333333333333336
dili_multiclass,5,2478,44,1,orf_style,2,0,0.6,0.065,0.335
dili_multiclass,26,5852,44,1,orf_style,2,0,0.63,0.13,0.24
dili_multiclass,29,38853,44,1,orf_style,2,0,0.66,0.005000000000000001,0.335
dili_multiclass,34,64139,44,1,orf_style,2,0,0.33,0.2,0.47
dili_multiclass,61,298,44,1,orf_style,2,0,0.27,0.335,0.395
dili_multiclass,65,2333,44,1,orf_style,2,0,0.62,0.13,0.25
dili_multiclass,67,2662,44,1,orf_style,2,0,0.39,0.365,0.245
dili_multiclass,71,2907,44,1,orf_style,2,0,0.545,0.15,0.305
dili_multiclass,73,3226,44,1,orf_style,2,0,0.345,0.375,0.28
dili_multiclass,89,5291,44,1,orf_style,2,0,0.505,0.32,0.175
dili_multiclass,92,5426,44,1,orf_style,2,1,0.315,0.51,0.175
dili_multiclass,99,18381,44,1,orf_style,2,2,0.145,0.445,0.41
dili_multiclass,100,29029,44,1,orf_style,2,0,0.545,0.09,0.365
dili_multiclass,129,5329102,44,1,orf_style,2,0,0.51,0.205,0.285
dili_multiclass,144,2092,44,1,orf_style,1,0,0.72,0.005000000000000001,0.275
dili_multiclass,145,2162,44,1,orf_style,1,0,0.415,0.36,0.225
dili_multiclass,162,3715,44,1,orf_style,1,0,0.295,0.43,0.275
dili_multiclass,166,3883,44,1,orf_style,1,0,0.285,0.115,0.6
dili_multiclass,181,5090,44,1,orf_style,1,0,0.25,0.23,0.52
dili_multiclass,187,14956,44,1,orf_style,1,0,0.415,0.08,0.505
dili_multiclass,205,150311,44,1,orf_style,1,0,0.43,0.105,0.465
dili_multiclass,211,441140,44,1,orf_style,1,0,0.275,0.235,0.49
dili_multiclass,215,667477,44,1,orf_style,1,0,0.345,0.2,0.455
dili_multiclass,229,10113978,44,1,orf_style,1,0,0.415,0.345,0.24
dili_multiclass,263,3261,44,1,orf_style,0,0,0.55,0.065,0.385
dili_multiclass,288,4927,44,1,orf_style,0,0,0.29,0.095,0.615
dili_multiclass,303,6167,44,1,orf_style,0,0,0.375,0.25,0.375
dili_multiclass,309,8969,44,1,orf_style,0,0,0.74,0.029999999999999995,0.23
dili_multiclass,317,20279,44,1,orf_style,0,0,0.415,0.36,0.225
dili_multiclass,319,26757,44,1,orf_style,0,0,0.5,0.13,0.37
dili_multiclass,350,152945,44,1,orf_style,0,0,0.77,0.0,0.23
dili_multiclass,354,197712,44,1,orf_style,0,2,0.18,0.26,0.56
dili_multiclass,367,3052776,44,1,orf_style,0,0,0.365,0.24,0.395
dili_multiclass,370,5284514,44,1,orf_style,0,0,0.46,0.325,0.215
dili_multiclass,379,9924495,44,1,orf_style,0,0,0.415,0.365,0.22
dili_multiclass,424,4021,44,1,orf_style,0,1,0.155,0.635,0.21
dili_multiclass,427,4775,44,1,orf_style,0,0,0.295,0.235,0.47
dili_multiclass,430,53465279,44,1,orf_style,0,0,0.52,0.085,0.395
dili_multiclass,431,5460135,44,1,orf_style,0,1,0.325,0.56,0.115
dili_multiclass,450,2578,44,1,orf_style,0,2,0.26,0.215,0.525
dili_multiclass,451,2895,44,1,orf_style,0,0,0.425,0.065,0.51
dili_multiclass,476,37542,44,1,orf_style,0,0,0.48,0.3,0.22
dili_multiclass,483,71349,44,1,orf_style,0,0,0.465,0.37,0.165
dili_multiclass,497,451668,44,1,orf_style,0,0,0.695,0.055,0.25
dili_multiclass,500,3081361,44,1,orf_style,0,0,0.6,0.055,0.345
dili_multiclass,505,6442177,44,1,orf_style,0,1,0.09,0.75,0.16
dili_multiclass,506,6445540,44,1,orf_style,0,2,0.195,0.4,0.405
dili_multiclass,514,10324367,44,1,orf_style,0,0,0.685,0.09,0.225
dili_multiclass,526,49800073,44,1,orf_style,0,0,0.525,0.18,0.295
dili_multiclass,533,135403821,44,1,orf_style,0,0,0.59,0.165,0.245
dili_multiclass,535,135410875,44,1,orf_style,0,1,0.215,0.61,0.175
dili_multiclass,544,135423438,44,1,orf_style,0,0,0.655,0.12,0.225
dili_multiclass,551,25166913,44,1,orf_style,0,0,0.675,0.1,0.225
dili_multiclass,554,49803313,44,1,orf_style,0,0,0.745,0.025,0.23
dili_multiclass,555,50905713,44,1,orf_style,0,0,0.395,0.18,0.425
dili_multiclass,564,6918248,44,1,orf_style,0,0,0.42,0.215,0.365
dili_multiclass,567,71657455,44,1,orf_style,0,0,0.36,0.42,0.22
dili_multiclass,570,91669168,44,1,orf_style,0,0,0.725,0.055,0.22
dili_multiclass,5,2478,44,1,bworf_no_mi,2,0,0.6,0.105,0.295
dili_multiclass,26,5852,44,1,bworf_no_mi,2,0,0.545,0.275,0.18
dili_multiclass,29,38853,44,1,bworf_no_mi,2,0,0.58,0.045,0.375
dili_multiclass,34,64139,44,1,bworf_no_mi,2,2,0.27,0.175,0.555
dili_multiclass,61,298,44,1,bworf_no_mi,2,2,0.15,0.39,0.46
dili_multiclass,65,2333,44,1,bworf_no_mi,2,0,0.535,0.19,0.275
dili_multiclass,67,2662,44,1,bworf_no_mi,2,1,0.235,0.405,0.36
dili_multiclass,71,2907,44,1,bworf_no_mi,2,2,0.435,0.16,0.405
dili_multiclass,73,3226,44,1,bworf_no_mi,2,1,0.335,0.365,0.3
dili_multiclass,89,5291,44,1,bworf_no_mi,2,0,0.46,0.395,0.145
dili_multiclass,92,5426,44,1,bworf_no_mi,2,1,0.235,0.53,0.235
dili_multiclass,99,18381,44,1,bworf_no_mi,2,1,0.09,0.54,0.37
dili_multiclass,100,29029,44,1,bworf_no_mi,2,0,0.47,0.145,0.385
dili_multiclass,129,5329102,44,1,bworf_no_mi,2,0,0.455,0.285,0.26
dili_multiclass,144,2092,44,1,bworf_no_mi,1,0,0.63,0.039999999999999994,0.33
dili_multiclass,145,2162,44,1,bworf_no_mi,1,1,0.28,0.455,0.265
dili_multiclass,162,3715,44,1,bworf_no_mi,1,1,0.125,0.51,0.365
dili_multiclass,166,3883,44,1,bworf_no_mi,1,2,0.3,0.145,0.555
dili_multiclass,181,5090,44,1,bworf_no_mi,1,2,0.165,0.33,0.505
dili_multiclass,187,14956,44,1,bworf_no_mi,1,2,0.475,0.085,0.44
dili_multiclass,205,150311,44,1,bworf_no_mi,1,2,0.31,0.16,0.53
dili_multiclass,211,441140,44,1,bworf_no_mi,1,2,0.195,0.25,0.555
dili_multiclass,215,667477,44,1,bworf_no_mi,1,2,0.21,0.385,0.405
dili_multiclass,229,10113978,44,1,bworf_no_mi,1,1,0.3,0.51,0.19
dili_multiclass,263,3261,44,1,bworf_no_mi,0,2,0.36,0.125,0.515
dili_multiclass,288,4927,44,1,bworf_no_mi,0,2,0.235,0.14,0.625
dili_multiclass,303,6167,44,1,bworf_no_mi,0,2,0.335,0.275,0.39
dili_multiclass,309,8969,44,1,bworf_no_mi,0,0,0.705,0.115,0.18
dili_multiclass,317,20279,44,1,bworf_no_mi,0,1,0.2,0.55,0.25
dili_multiclass,319,26757,44,1,bworf_no_mi,0,0,0.47,0.215,0.315
dili_multiclass,350,152945,44,1,bworf_no_mi,0,0,0.775,0.03,0.195
dili_multiclass,354,197712,44,1,bworf_no_mi,0,2,0.06,0.395,0.545
dili_multiclass,367,3052776,44,1,bworf_no_mi,0,2,0.285,0.315,0.4
dili_multiclass,370,5284514,44,1,bworf_no_mi,0,1,0.23,0.59,0.18
dili_multiclass,379,9924495,44,1,bworf_no_mi,0,1,0.215,0.55,0.235
dili_multiclass,424,4021,44,1,bworf_no_mi,0,1,0.06,0.69,0.25
dili_multiclass,427,4775,44,1,bworf_no_mi,0,2,0.23,0.365,0.405
dili_multiclass,430,53465279,44,1,bworf_no_mi,0,2,0.34,0.255,0.405
dili_multiclass,431,5460135,44,1,bworf_no_mi,0,1,0.27,0.6,0.13
dili_multiclass,450,2578,44,1,bworf_no_mi,0,2,0.175,0.27,0.555
dili_multiclass,451,2895,44,1,bworf_no_mi,0,2,0.365,0.105,0.53
dili_multiclass,476,37542,44,1,bworf_no_mi,0,1,0.315,0.365,0.32
dili_multiclass,483,71349,44,1,bworf_no_mi,0,1,0.31,0.525,0.165
dili_multiclass,497,451668,44,1,bworf_no_mi,0,0,0.655,0.1,0.245
dili_multiclass,500,3081361,44,1,bworf_no_mi,0,0,0.62,0.09,0.29
dili_multiclass,505,6442177,44,1,bworf_no_mi,0,1,0.04,0.79,0.17
dili_multiclass,506,6445540,44,1,bworf_no_mi,0,1,0.18,0.43,0.39
dili_multiclass,514,10324367,44,1,bworf_no_mi,0,0,0.575,0.28,0.145
dili_multiclass,526,49800073,44,1,bworf_no_mi,0,0,0.485,0.225,0.29
dili_multiclass,533,135403821,44,1,bworf_no_mi,0,0,0.62,0.185,0.195
dili_multiclass,535,135410875,44,1,bworf_no_mi,0,1,0.125,0.71,0.165
dili_multiclass,544,135423438,44,1,bworf_no_mi,0,0,0.455,0.285,0.26
dili_multiclass,551,25166913,44,1,bworf_no_mi,0,0,0.655,0.14,0.205
dili_multiclass,554,49803313,44,1,bworf_no_mi,0,0,0.805,0.04,0.155
dili_multiclass,555,50905713,44,1,bworf_no_mi,0,2,0.255,0.27,0.475
dili_multiclass,564,6918248,44,1,bworf_no_mi,0,0,0.41,0.305,0.285
dili_multiclass,567,71657455,44,1,bworf_no_mi,0,1,0.185,0.645,0.17
dili_multiclass,570,91669168,44,1,bworf_no_mi,0,0,0.68,0.16,0.16
dili_multiclass,5,2478,44,1,bworf_mi,2,1,0.3066666666666666,0.4516666666666667,0.24166666666666664
dili_multiclass,26,5852,44,1,bworf_mi,2,1,0.3283333333333333,0.40833333333333327,0.26333333333333336
dili_multiclass,29,38853,44,1,bworf_mi,2,1,0.41666666666666663,0.3016666666666666,0.28166666666666657
dili_multiclass,34,64139,44,1,bworf_mi,2,2,0.31,0.2799999999999999,0.4099999999999999
dili_multiclass,61,298,44,1,bworf_mi,2,2,0.30999999999999994,0.27,0.42
dili_multiclass,65,2333,44,1,bworf_mi,2,2,0.37,0.185,0.44500000000000006
dili_multiclass,67,2662,44,1,bworf_mi,2,1,0.26166666666666666,0.3716666666666666,0.3666666666666666
dili_multiclass,71,2907,44,1,bworf_mi,2,1,0.22666666666666666,0.4966666666666667,0.27666666666666667
dili_multiclass,73,3226,44,1,bworf_mi,2,2,0.27666666666666667,0.3216666666666667,0.4016666666666666
dili_multiclass,89,5291,44,1,bworf_mi,2,0,0.51,0.31999999999999995,0.17
dili_multiclass,92,5426,44,1,bworf_mi,2,2,0.2316666666666667,0.3116666666666666,0.4566666666666667
dili_multiclass,99,18381,44,1,bworf_mi,2,0,0.33833333333333326,0.33333333333333326,0.3283333333333333
dili_multiclass,100,29029,44,1,bworf_mi,2,0,0.4050000000000001,0.27499999999999997,0.31999999999999995
dili_multiclass,129,5329102,44,1,bworf_mi,2,1,0.34166666666666656,0.32166666666666655,0.33666666666666667
dili_multiclass,144,2092,44,1,bworf_mi,1,0,0.5716666666666668,0.061666666666666654,0.36666666666666664
dili_multiclass,145,2162,44,1,bworf_mi,1,2,0.35,0.28,0.37
dili_multiclass,162,3715,44,1,bworf_mi,1,1,0.2366666666666666,0.3866666666666667,0.3766666666666666
dili_multiclass,166,3883,44,1,bworf_mi,1,1,0.22,0.4049999999999999,0.375
dili_multiclass,181,5090,44,1,bworf_mi,1,1,0.21833333333333332,0.43333333333333335,0.3483333333333332
dili_multiclass,187,14956,44,1,bworf_mi,1,1,0.2583333333333333,0.5383333333333333,0.2033333333333333
dili_multiclass,205,150311,44,1,bworf_mi,1,1,0.29666666666666663,0.42666666666666664,0.2766666666666666
dili_multiclass,211,441140,44,1,bworf_mi,1,2,0.2816666666666667,0.34166666666666656,0.37666666666666665
dili_multiclass,215,667477,44,1,bworf_mi,1,1,0.30333333333333323,0.4133333333333332,0.2833333333333332
dili_multiclass,229,10113978,44,1,bworf_mi,1,0,0.3633333333333333,0.2883333333333333,0.3483333333333333
dili_multiclass,263,3261,44,1,bworf_mi,0,2,0.33666666666666667,0.2866666666666666,0.3766666666666666
dili_multiclass,288,4927,44,1,bworf_mi,0,2,0.3549999999999999,0.2849999999999999,0.35999999999999993
dili_multiclass,303,6167,44,1,bworf_mi,0,2,0.3133333333333333,0.3233333333333333,0.36333333333333334
dili_multiclass,309,8969,44,1,bworf_mi,0,0,0.4116666666666666,0.3066666666666666,0.28166666666666657
dili_multiclass,317,20279,44,1,bworf_mi,0,1,0.24833333333333332,0.39833333333333326,0.3533333333333333
dili_multiclass,319,26757,44,1,bworf_mi,0,1,0.3116666666666666,0.5116666666666667,0.17666666666666672
dili_multiclass,350,152945,44,1,bworf_mi,0,0,0.5366666666666666,0.07166666666666667,0.39166666666666666
dili_multiclass,354,197712,44,1,bworf_mi,0,1,0.32666666666666655,0.32166666666666655,0.35166666666666657
dili_multiclass,367,3052776,44,1,bworf_mi,0,1,0.31999999999999995,0.415,0.2649999999999999
dili_multiclass,370,5284514,44,1,bworf_mi,0,1,0.33166666666666655,0.37166666666666665,0.29666666666666663
dili_multiclass,379,9924495,44,1,bworf_mi,0,1,0.3666666666666666,0.3016666666666666,0.33166666666666655
dili_multiclass,424,4021,44,1,bworf_mi,0,2,0.3116666666666666,0.24666666666666665,0.4416666666666667
dili_multiclass,427,4775,44,1,bworf_mi,0,0,0.415,0.24999999999999992,0.335
dili_multiclass,430,53465279,44,1,bworf_mi,0,2,0.2783333333333333,0.30833333333333335,0.41333333333333333
dili_multiclass,431,5460135,44,1,bworf_mi,0,0,0.5233333333333333,0.21333333333333335,0.26333333333333336
dili_multiclass,450,2578,44,1,bworf_mi,0,0,0.45166666666666666,0.2316666666666667,0.31666666666666665
dili_multiclass,451,2895,44,1,bworf_mi,0,1,0.2583333333333332,0.3883333333333334,0.3533333333333333
dili_multiclass,476,37542,44,1,bworf_mi,0,1,0.3816666666666666,0.3116666666666666,0.3066666666666666
dili_multiclass,483,71349,44,1,bworf_mi,0,1,0.11333333333333333,0.7983333333333335,0.08833333333333333
dili_multiclass,497,451668,44,1,bworf_mi,0,1,0.3533333333333332,0.3633333333333333,0.28333333333333327
dili_multiclass,500,3081361,44,1,bworf_mi,0,2,0.35666666666666663,0.2016666666666667,0.4416666666666667
dili_multiclass,505,6442177,44,1,bworf_mi,0,1,0.15166666666666667,0.6366666666666666,0.21166666666666667
dili_multiclass,506,6445540,44,1,bworf_mi,0,2,0.2983333333333333,0.3883333333333333,0.3133333333333333
dili_multiclass,514,10324367,44,1,bworf_mi,0,0,0.44,0.255,0.30499999999999994
dili_multiclass,526,49800073,44,1,bworf_mi,0,0,0.4133333333333333,0.30333333333333323,0.28333333333333327
dili_multiclass,533,135403821,44,1,bworf_mi,0,0,0.39833333333333326,0.37833333333333335,0.22333333333333333
dili_multiclass,535,135410875,44,1,bworf_mi,0,0,0.5516666666666667,0.29166666666666663,0.15666666666666668
dili_multiclass,544,135423438,44,1,bworf_mi,0,0,0.41833333333333333,0.3133333333333333,0.2683333333333333
dili_multiclass,551,25166913,44,1,bworf_mi,0,0,0.4683333333333334,0.23333333333333336,0.29833333333333323
dili_multiclass,554,49803313,44,1,bworf_mi,0,0,0.5783333333333333,0.10333333333333333,0.31833333333333336
dili_multiclass,555,50905713,44,1,bworf_mi,0,2,0.38999999999999985,0.22,0.3899999999999999
dili_multiclass,564,6918248,44,1,bworf_mi,0,0,0.5033333333333334,0.14333333333333337,0.3533333333333333
dili_multiclass,567,71657455,44,1,bworf_mi,0,0,0.365,0.355,0.27999999999999997
dili_multiclass,570,91669168,44,1,bworf_mi,0,0,0.6016666666666667,0.07666666666666667,0.32166666666666666
dili_multiclass,23,5352,44,2,orf_style,2,0,0.41,0.395,0.195
dili_multiclass,25,5790,44,2,orf_style,2,0,0.44,0.05,0.51
dili_multiclass,36,149096,44,2,orf_style,2,2,0.285,0.16,0.555
dili_multiclass,42,2723601,44,2,orf_style,2,2,0.28,0.255,0.465
dili_multiclass,45,5464436,44,2,orf_style,1,0,0.5,0.01,0.49
dili_multiclass,54,5161,44,2,orf_style,2,2,0.305,0.14,0.555
dili_multiclass,59,518740,44,2,orf_style,2,0,0.335,0.165,0.5
dili_multiclass,68,2733,44,2,orf_style,2,0,0.495,0.185,0.32
dili_multiclass,75,3339,44,2,orf_style,2,0,0.305,0.235,0.46
dili_multiclass,80,3821,44,2,orf_style,2,1,0.135,0.635,0.23
dili_multiclass,85,4763,44,2,orf_style,2,2,0.215,0.275,0.51
dili_multiclass,109,56069,44,2,orf_style,2,0,0.265,0.41,0.325
dili_multiclass,116,123631,44,2,orf_style,2,0,0.55,0.09,0.36
dili_multiclass,128,5284537,44,2,orf_style,2,0,0.625,0.08,0.295
dili_multiclass,150,2913,44,2,orf_style,1,0,0.795,0.03,0.175
dili_multiclass,156,3394,44,2,orf_style,1,2,0.17,0.495,0.335
dili_multiclass,180,5073,44,2,orf_style,1,0,0.83,0.0,0.17
dili_multiclass,184,6249,44,2,orf_style,1,2,0.165,0.375,0.46
dili_multiclass,191,39186,44,2,orf_style,1,0,0.3,0.26,0.44
dili_multiclass,216,3034010,44,2,orf_style,1,0,0.41,0.36,0.23
dili_multiclass,217,4659569,44,2,orf_style,1,2,0.29,0.11,0.6
dili_multiclass,225,6435893,44,2,orf_style,1,0,0.635,0.14,0.225
dili_multiclass,234,54677470,44,2,orf_style,1,2,0.175,0.305,0.52
dili_multiclass,241,896,44,2,orf_style,0,0,0.695,0.065,0.24
dili_multiclass,248,2391,44,2,orf_style,0,2,0.225,0.235,0.54
dili_multiclass,278,4192,44,2,orf_style,0,0,0.6,0.035,0.365
dili_multiclass,290,4999,44,2,orf_style,0,2,0.265,0.175,0.56
dili_multiclass,314,15459,44,2,orf_style,0,0,0.425,0.175,0.4
dili_multiclass,315,16362,44,2,orf_style,0,0,0.665,0.04,0.295
dili_multiclass,329,59227,44,2,orf_style,0,0,0.47,0.07,0.46
dili_multiclass,341,71329,44,2,orf_style,0,0,0.315,0.215,0.47
dili_multiclass,342,71360,44,2,orf_style,0,0,0.385,0.275,0.34
dili_multiclass,351,159269,44,2,orf_style,0,2,0.21,0.13,0.66
dili_multiclass,368,3086319,44,2,orf_style,0,2,0.28,0.13,0.59
dili_multiclass,374,5742832,44,2,orf_style,0,1,0.355,0.49,0.155
dili_multiclass,375,6436173,44,2,orf_style,0,1,0.18,0.645,0.175
dili_multiclass,384,16129703,44,2,orf_style,0,0,0.655,0.095,0.25
dili_multiclass,390,25077179,44,2,orf_style,0,0,0.82,0.01,0.17
dili_multiclass,392,54678501,44,2,orf_style,0,1,0.22,0.625,0.155
dili_multiclass,400,10077130,44,2,orf_style,0,0,0.64,0.035,0.325
dili_multiclass,419,23652731,44,2,orf_style,0,0,0.505,0.325,0.17
dili_multiclass,426,45138674,44,2,orf_style,0,0,0.585,0.1,0.315
dili_multiclass,439,6324616,44,2,orf_style,0,0,0.545,0.22,0.235
dili_multiclass,444,92786,44,2,orf_style,0,0,0.74,0.095,0.165
dili_multiclass,469,5583,44,2,orf_style,0,1,0.235,0.49,0.275
dili_multiclass,485,91270,44,2,orf_style,0,0,0.395,0.4,0.205
dili_multiclass,503,5462516,44,2,orf_style,2,0,0.46,0.19,0.35
dili_multiclass,508,6918314,44,2,orf_style,0,0,0.635,0.2,0.165
dili_multiclass,512,9926791,44,2,orf_style,0,0,0.405,0.22,0.375
dili_multiclass,513,9966051,44,2,orf_style,0,1,0.085,0.66,0.255
dili_multiclass,527,54671008,44,2,orf_style,0,0,0.62,0.08,0.3
dili_multiclass,529,54686904,44,2,orf_style,0,0,0.69,0.03,0.28
dili_multiclass,537,46220502,44,2,orf_style,0,0,0.82,0.0,0.18
dili_multiclass,542,11511120,44,2,orf_style,0,0,0.78,0.015,0.205
dili_multiclass,547,1727,44,2,orf_style,0,0,0.69,0.045,0.265
dili_multiclass,549,24775005,44,2,orf_style,0,0,0.4,0.455,0.145
dili_multiclass,553,487101,44,2,orf_style,0,0,0.6,0.08,0.32
dili_multiclass,557,54681908,44,2,orf_style,0,0,0.58,0.085,0.335
dili_multiclass,23,5352,44,2,bworf_no_mi,2,1,0.27,0.54,0.19
dili_multiclass,25,5790,44,2,bworf_no_mi,2,2,0.41,0.06,0.53
dili_multiclass,36,149096,44,2,bworf_no_mi,2,2,0.25,0.16,0.59
dili_multiclass,42,2723601,44,2,bworf_no_mi,2,2,0.205,0.345,0.45
dili_multiclass,45,5464436,44,2,bworf_no_mi,1,2,0.45,0.035,0.515
dili_multiclass,54,5161,44,2,bworf_no_mi,2,2,0.28,0.145,0.575
dili_multiclass,59,518740,44,2,bworf_no_mi,2,2,0.39,0.2,0.41
dili_multiclass,68,2733,44,2,bworf_no_mi,2,2,0.33,0.23,0.44
dili_multiclass,75,3339,44,2,bworf_no_mi,2,2,0.21,0.27,0.52
dili_multiclass,80,3821,44,2,bworf_no_mi,2,1,0.05,0.675,0.275
dili_multiclass,85,4763,44,2,bworf_no_mi,2,2,0.14,0.3,0.56
dili_multiclass,109,56069,44,2,bworf_no_mi,2,1,0.19,0.495,0.315
dili_multiclass,116,123631,44,2,bworf_no_mi,2,2,0.435,0.135,0.43
dili_multiclass,128,5284537,44,2,bworf_no_mi,2,0,0.61,0.095,0.295
dili_multiclass,150,2913,44,2,bworf_no_mi,1,0,0.745,0.05,0.205
dili_multiclass,156,3394,44,2,bworf_no_mi,1,1,0.08,0.575,0.345
dili_multiclass,180,5073,44,2,bworf_no_mi,1,0,0.795,0.025,0.18
dili_multiclass,184,6249,44,2,bworf_no_mi,1,2,0.095,0.445,0.46
dili_multiclass,191,39186,44,2,bworf_no_mi,1,2,0.29,0.195,0.515
dili_multiclass,216,3034010,44,2,bworf_no_mi,1,1,0.275,0.59,0.135
dili_multiclass,217,4659569,44,2,bworf_no_mi,1,2,0.27,0.135,0.595
dili_multiclass,225,6435893,44,2,bworf_no_mi,1,0,0.635,0.11,0.255
dili_multiclass,234,54677470,44,2,bworf_no_mi,1,2,0.17,0.225,0.605
dili_multiclass,241,896,44,2,bworf_no_mi,0,0,0.595,0.17,0.235
dili_multiclass,248,2391,44,2,bworf_no_mi,0,2,0.245,0.19,0.565
dili_multiclass,278,4192,44,2,bworf_no_mi,0,0,0.505,0.07,0.425
dili_multiclass,290,4999,44,2,bworf_no_mi,0,2,0.3,0.215,0.485
dili_multiclass,314,15459,44,2,bworf_no_mi,0,2,0.32,0.175,0.505
dili_multiclass,315,16362,44,2,bworf_no_mi,0,0,0.57,0.11,0.32
dili_multiclass,329,59227,44,2,bworf_no_mi,0,2,0.37,0.14,0.49
dili_multiclass,341,71329,44,2,bworf_no_mi,0,2,0.23,0.26,0.51
dili_multiclass,342,71360,44,2,bworf_no_mi,0,2,0.325,0.37,0.305
dili_multiclass,351,159269,44,2,bworf_no_mi,0,2,0.19,0.165,0.645
dili_multiclass,368,3086319,44,2,bworf_no_mi,0,2,0.18,0.21,0.61
dili_multiclass,374,5742832,44,2,bworf_no_mi,0,1,0.36,0.505,0.135
dili_multiclass,375,6436173,44,2,bworf_no_mi,0,1,0.1,0.75,0.15
dili_multiclass,384,16129703,44,2,bworf_no_mi,0,0,0.585,0.17,0.245
dili_multiclass,390,25077179,44,2,bworf_no_mi,0,0,0.785,0.045,0.17
dili_multiclass,392,54678501,44,2,bworf_no_mi,0,1,0.125,0.695,0.18
dili_multiclass,400,10077130,44,2,bworf_no_mi,0,0,0.61,0.08,0.31
dili_multiclass,419,23652731,44,2,bworf_no_mi,0,1,0.25,0.545,0.205
dili_multiclass,426,45138674,44,2,bworf_no_mi,0,0,0.46,0.16,0.38
dili_multiclass,439,6324616,44,2,bworf_no_mi,0,0,0.43,0.29,0.28
dili_multiclass,444,92786,44,2,bworf_no_mi,0,0,0.535,0.305,0.16
dili_multiclass,469,5583,44,2,bworf_no_mi,0,1,0.21,0.475,0.315
dili_multiclass,485,91270,44,2,bworf_no_mi,0,1,0.27,0.465,0.265
dili_multiclass,503,5462516,44,2,bworf_no_mi,2,2,0.34,0.315,0.345
dili_multiclass,508,6918314,44,2,bworf_no_mi,0,0,0.58,0.315,0.105
dili_multiclass,512,9926791,44,2,bworf_no_mi,0,2,0.245,0.34,0.415
dili_multiclass,513,9966051,44,2,bworf_no_mi,0,1,0.03,0.735,0.235
dili_multiclass,527,54671008,44,2,bworf_no_mi,0,0,0.625,0.085,0.29
dili_multiclass,529,54686904,44,2,bworf_no_mi,0,0,0.59,0.05,0.36
dili_multiclass,537,46220502,44,2,bworf_no_mi,0,0,0.81,0.0,0.19
dili_multiclass,542,11511120,44,2,bworf_no_mi,0,0,0.64,0.07,0.29
dili_multiclass,547,1727,44,2,bworf_no_mi,0,0,0.67,0.175,0.155
dili_multiclass,549,24775005,44,2,bworf_no_mi,0,1,0.26,0.6,0.14
dili_multiclass,553,487101,44,2,bworf_no_mi,0,0,0.57,0.125,0.305
dili_multiclass,557,54681908,44,2,bworf_no_mi,0,2,0.43,0.12,0.45
dili_multiclass,23,5352,44,2,bworf_mi,2,1,0.13833333333333334,0.5583333333333333,0.30333333333333334
dili_multiclass,25,5790,44,2,bworf_mi,2,1,0.38333333333333336,0.34333333333333327,0.2733333333333333
dili_multiclass,36,149096,44,2,bworf_mi,2,2,0.30499999999999994,0.20999999999999996,0.4850000000000001
dili_multiclass,42,2723601,44,2,bworf_mi,2,2,0.35666666666666663,0.17166666666666663,0.4716666666666666
dili_multiclass,45,5464436,44,2,bworf_mi,1,2,0.46666666666666673,0.15666666666666668,0.3766666666666667
dili_multiclass,54,5161,44,2,bworf_mi,2,1,0.23833333333333329,0.42833333333333334,0.33333333333333326
dili_multiclass,59,518740,44,2,bworf_mi,2,2,0.335,0.225,0.44
dili_multiclass,68,2733,44,2,bworf_mi,2,2,0.33,0.3,0.37
dili_multiclass,75,3339,44,2,bworf_mi,2,2,0.23499999999999996,0.34,0.42500000000000004
dili_multiclass,80,3821,44,2,bworf_mi,2,1,0.24666666666666662,0.4716666666666666,0.2816666666666667
dili_multiclass,85,4763,44,2,bworf_mi,2,2,0.2933333333333333,0.3083333333333333,0.3983333333333334
dili_multiclass,109,56069,44,2,bworf_mi,2,2,0.2416666666666666,0.3666666666666667,0.3916666666666668
dili_multiclass,116,123631,44,2,bworf_mi,2,1,0.35,0.4050000000000001,0.24499999999999994
dili_multiclass,128,5284537,44,2,bworf_mi,2,2,0.4133333333333333,0.21833333333333335,0.3683333333333333
dili_multiclass,150,2913,44,2,bworf_mi,1,1,0.3666666666666666,0.3066666666666666,0.32666666666666655
dili_multiclass,156,3394,44,2,bworf_mi,1,2,0.225,0.375,0.4
dili_multiclass,180,5073,44,2,bworf_mi,1,0,0.5583333333333335,0.18333333333333332,0.2583333333333333
dili_multiclass,184,6249,44,2,bworf_mi,1,2,0.3766666666666667,0.18666666666666668,0.4366666666666667
dili_multiclass,191,39186,44,2,bworf_mi,1,1,0.30999999999999994,0.3499999999999999,0.33999999999999986
dili_multiclass,216,3034010,44,2,bworf_mi,1,0,0.5133333333333333,0.2633333333333333,0.22333333333333333
dili_multiclass,217,4659569,44,2,bworf_mi,1,2,0.3283333333333333,0.2533333333333333,0.41833333333333333
dili_multiclass,225,6435893,44,2,bworf_mi,1,1,0.36666666666666664,0.38166666666666665,0.25166666666666665
dili_multiclass,234,54677470,44,2,bworf_mi,1,2,0.28833333333333333,0.2783333333333333,0.43333333333333335
dili_multiclass,241,896,44,2,bworf_mi,0,2,0.36999999999999994,0.21999999999999997,0.41
dili_multiclass,248,2391,44,2,bworf_mi,0,2,0.385,0.215,0.4
dili_multiclass,278,4192,44,2,bworf_mi,0,2,0.43333333333333335,0.10833333333333334,0.45833333333333337
dili_multiclass,290,4999,44,2,bworf_mi,0,2,0.22,0.415,0.36499999999999994
dili_multiclass,314,15459,44,2,bworf_mi,0,2,0.3683333333333334,0.27833333333333327,0.35333333333333333
dili_multiclass,315,16362,44,2,bworf_mi,0,0,0.44833333333333336,0.35333333333333333,0.19833333333333333
dili_multiclass,329,59227,44,2,bworf_mi,0,1,0.2866666666666666,0.34166666666666656,0.37166666666666665
dili_multiclass,341,71329,44,2,bworf_mi,0,1,0.30666666666666664,0.4466666666666667,0.24666666666666665
dili_multiclass,342,71360,44,2,bworf_mi,0,1,0.37333333333333335,0.31333333333333324,0.31333333333333324
dili_multiclass,351,159269,44,2,bworf_mi,0,2,0.36166666666666664,0.32666666666666655,0.3116666666666666
dili_multiclass,368,3086319,44,2,bworf_mi,0,2,0.2816666666666666,0.3016666666666667,0.41666666666666674
dili_multiclass,374,5742832,44,2,bworf_mi,0,2,0.31,0.255,0.435
dili_multiclass,375,6436173,44,2,bworf_mi,0,0,0.435,0.29,0.27499999999999997
dili_multiclass,384,16129703,44,2,bworf_mi,0,0,0.575,0.1,0.325
dili_multiclass,390,25077179,44,2,bworf_mi,0,0,0.6683333333333333,0.17833333333333332,0.15333333333333335
dili_multiclass,392,54678501,44,2,bworf_mi,0,1,0.21333333333333335,0.5583333333333333,0.22833333333333333
dili_multiclass,400,10077130,44,2,bworf_mi,0,0,0.4383333333333334,0.28333333333333327,0.27833333333333327
dili_multiclass,419,23652731,44,2,bworf_mi,0,0,0.41333333333333333,0.28833333333333333,0.29833333333333334
dili_multiclass,426,45138674,44,2,bworf_mi,0,2,0.44166666666666665,0.16166666666666665,0.39666666666666656
dili_multiclass,439,6324616,44,2,bworf_mi,0,2,0.43500000000000005,0.16,0.4050000000000001
dili_multiclass,444,92786,44,2,bworf_mi,0,1,0.36,0.425,0.215
dili_multiclass,469,5583,44,2,bworf_mi,0,1,0.24999999999999992,0.45000000000000007,0.29999999999999993
dili_multiclass,485,91270,44,2,bworf_mi,0,1,0.41833333333333333,0.3283333333333333,0.2533333333333333
dili_multiclass,503,5462516,44,2,bworf_mi,2,2,0.37166666666666665,0.3516666666666666,0.27666666666666667
dili_multiclass,508,6918314,44,2,bworf_mi,0,0,0.555,0.19,0.25499999999999995
dili_multiclass,512,9926791,44,2,bworf_mi,0,2,0.395,0.24999999999999997,0.355
dili_multiclass,513,9966051,44,2,bworf_mi,0,2,0.25999999999999995,0.3549999999999999,0.385
dili_multiclass,527,54671008,44,2,bworf_mi,0,2,0.4483333333333333,0.16833333333333336,0.38333333333333336
dili_multiclass,529,54686904,44,2,bworf_mi,0,0,0.515,0.055,0.43
dili_multiclass,537,46220502,44,2,bworf_mi,0,2,0.43333333333333335,0.11333333333333334,0.45333333333333337
dili_multiclass,542,11511120,44,2,bworf_mi,0,0,0.48333333333333345,0.28333333333333327,0.2333333333333333
dili_multiclass,547,1727,44,2,bworf_mi,0,0,0.515,0.055,0.43
dili_multiclass,549,24775005,44,2,bworf_mi,0,1,0.3483333333333334,0.48333333333333334,0.16833333333333333
dili_multiclass,553,487101,44,2,bworf_mi,0,2,0.4216666666666667,0.15166666666666667,0.4266666666666667
dili_multiclass,557,54681908,44,2,bworf_mi,0,2,0.4683333333333334,0.06333333333333332,0.4683333333333334
dili_multiclass,1,1935,44,3,orf_style,2,0,0.58,0.185,0.235
dili_multiclass,6,2554,44,3,orf_style,2,0,0.625,0.065,0.31
dili_multiclass,9,2955,44,3,orf_style,2,1,0.1,0.73,0.17
dili_multiclass,13,3397,44,3,orf_style,2,0,0.265,0.43,0.305
dili_multiclass,30,47576,44,3,orf_style,2,2,0.27,0.19,0.54
dili_multiclass,43,5353830,44,3,orf_style,2,0,0.6,0.045,0.355
dili_multiclass,47,54675783,44,3,orf_style,2,0,0.59,0.11,0.3
dili_multiclass,52,2244,44,3,orf_style,2,2,0.165,0.305,0.53
dili_multiclass,69,2756,44,3,orf_style,2,0,0.335,0.395,0.27
dili_multiclass,78,3696,44,3,orf_style,2,0,0.565,0.11,0.325
dili_multiclass,90,5394,44,3,orf_style,2,0,0.365,0.15,0.485
dili_multiclass,103,43672,44,3,orf_style,2,0,0.475,0.27,0.255
dili_multiclass,117,152946,44,3,orf_style,2,0,0.305,0.3,0.395
dili_multiclass,125,3001055,44,3,orf_style,2,0,0.64,0.12,0.24
dili_multiclass,142,1978,44,3,orf_style,1,0,0.575,0.19,0.235
dili_multiclass,151,3308,44,3,orf_style,1,0,0.435,0.21,0.355
dili_multiclass,170,4178,44,3,orf_style,1,0,0.715,0.065,0.22
dili_multiclass,189,34312,44,3,orf_style,1,0,0.54,0.165,0.295
dili_multiclass,200,77999,44,3,orf_style,1,0,0.5,0.175,0.325
dili_multiclass,202,104865,44,3,orf_style,1,0,0.71,0.04,0.25
dili_multiclass,209,392622,44,3,orf_style,1,0,0.445,0.12,0.435
dili_multiclass,218,5282379,44,3,orf_style,1,0,0.405,0.345,0.25
dili_multiclass,232,24776445,44,3,orf_style,1,0,0.535,0.105,0.36
dili_multiclass,240,247,44,3,orf_style,0,0,0.515,0.15,0.335
dili_multiclass,247,2381,44,3,orf_style,0,0,0.68,0.02,0.3
dili_multiclass,250,2477,44,3,orf_style,0,0,0.675,0.165,0.16
dili_multiclass,257,2803,44,3,orf_style,0,0,0.4,0.14,0.46
dili_multiclass,262,3162,44,3,orf_style,0,0,0.62,0.11,0.27
dili_multiclass,269,3519,44,3,orf_style,0,0,0.555,0.09,0.355
dili_multiclass,270,3599,44,3,orf_style,0,0,0.435,0.285,0.28
dili_multiclass,275,4033,44,3,orf_style,0,0,0.465,0.255,0.28
dili_multiclass,277,4107,44,3,orf_style,0,2,0.26,0.17,0.57
dili_multiclass,279,4201,44,3,orf_style,0,0,0.715,0.1,0.185
dili_multiclass,283,4601,44,3,orf_style,0,0,0.365,0.48,0.155
dili_multiclass,308,7077,44,3,orf_style,0,0,0.62,0.1,0.28
dili_multiclass,311,9651,44,3,orf_style,0,0,0.41,0.455,0.135
dili_multiclass,316,16960,44,3,orf_style,0,0,0.58,0.245,0.175
dili_multiclass,334,60795,44,3,orf_style,0,0,0.46,0.11,0.43
dili_multiclass,336,60855,44,3,orf_style,0,0,0.7,0.0,0.3
dili_multiclass,339,71158,44,3,orf_style,0,0,0.375,0.13,0.495
dili_multiclass,345,83898,44,3,orf_style,0,0,0.47,0.045,0.485
dili_multiclass,356,441281,44,3,orf_style,0,0,0.615,0.15,0.235
dili_multiclass,373,5311454,44,3,orf_style,0,0,0.31,0.405,0.285
dili_multiclass,382,11953884,44,3,orf_style,0,1,0.215,0.57,0.215
dili_multiclass,388,16137828,44,3,orf_style,0,0,0.735,0.015,0.25
dili_multiclass,396,2782115,44,3,orf_style,0,0,0.39,0.195,0.415
dili_multiclass,435,56842239,44,3,orf_style,0,0,0.53,0.08,0.39
dili_multiclass,447,9913767,44,3,orf_style,0,0,0.38,0.34,0.28
dili_multiclass,452,2972,44,3,orf_style,0,0,0.6,0.145,0.255
dili_multiclass,462,4893,44,3,orf_style,0,0,0.645,0.08,0.275
dili_multiclass,471,6476,44,3,orf_style,0,0,0.43,0.335,0.235
dili_multiclass,477,47811,44,3,orf_style,0,0,0.72,0.045,0.235
dili_multiclass,480,60879,44,3,orf_style,0,0,0.255,0.39,0.355
dili_multiclass,504,5486971,44,3,orf_style,1,0,0.355,0.355,0.29
dili_multiclass,515,11354606,44,3,orf_style,0,0,0.415,0.25,0.335
dili_multiclass,525,45375808,44,3,orf_style,0,0,0.38,0.085,0.535
dili_multiclass,531,135398508,44,3,orf_style,0,1,0.3,0.515,0.185
dili_multiclass,572,9883933,44,3,orf_style,0,0,0.59,0.035,0.375
dili_multiclass,1,1935,44,3,bworf_no_mi,2,0,0.385,0.39,0.225
dili_multiclass,6,2554,44,3,bworf_no_mi,2,2,0.46,0.155,0.385
dili_multiclass,9,2955,44,3,bworf_no_mi,2,1,0.065,0.765,0.17
dili_multiclass,13,3397,44,3,bworf_no_mi,2,1,0.145,0.55,0.305
dili_multiclass,30,47576,44,3,bworf_no_mi,2,2,0.125,0.28,0.595
dili_multiclass,43,5353830,44,3,bworf_no_mi,2,2,0.405,0.06,0.535
dili_multiclass,47,54675783,44,3,bworf_no_mi,2,0,0.545,0.12,0.335
dili_multiclass,52,2244,44,3,bworf_no_mi,2,2,0.155,0.325,0.52
dili_multiclass,69,2756,44,3,bworf_no_mi,2,1,0.225,0.545,0.23
dili_multiclass,78,3696,44,3,bworf_no_mi,2,0,0.5,0.165,0.335
dili_multiclass,90,5394,44,3,bworf_no_mi,2,2,0.23,0.15,0.62
dili_multiclass,103,43672,44,3,bworf_no_mi,2,1,0.295,0.41,0.295
dili_multiclass,117,152946,44,3,bworf_no_mi,2,1,0.26,0.49,0.25
dili_multiclass,125,3001055,44,3,bworf_no_mi,2,0,0.67,0.16,0.17
dili_multiclass,142,1978,44,3,bworf_no_mi,1,0,0.525,0.265,0.21
dili_multiclass,151,3308,44,3,bworf_no_mi,1,2,0.37,0.235,0.395
dili_multiclass,170,4178,44,3,bworf_no_mi,1,0,0.585,0.155,0.26
dili_multiclass,189,34312,44,3,bworf_no_mi,1,0,0.4,0.29,0.31
dili_multiclass,200,77999,44,3,bworf_no_mi,1,0,0.45,0.22,0.33
dili_multiclass,202,104865,44,3,bworf_no_mi,1,0,0.595,0.215,0.19
dili_multiclass,209,392622,44,3,bworf_no_mi,1,2,0.325,0.115,0.56
dili_multiclass,218,5282379,44,3,bworf_no_mi,1,1,0.27,0.51,0.22
dili_multiclass,232,24776445,44,3,bworf_no_mi,1,2,0.41,0.135,0.455
dili_multiclass,240,247,44,3,bworf_no_mi,0,2,0.415,0.13,0.455
dili_multiclass,247,2381,44,3,bworf_no_mi,0,0,0.71,0.045,0.245
dili_multiclass,250,2477,44,3,bworf_no_mi,0,0,0.63,0.275,0.095
dili_multiclass,257,2803,44,3,bworf_no_mi,0,2,0.26,0.17,0.57
dili_multiclass,262,3162,44,3,bworf_no_mi,0,0,0.4,0.265,0.335
dili_multiclass,269,3519,44,3,bworf_no_mi,0,2,0.4,0.18,0.42
dili_multiclass,270,3599,44,3,bworf_no_mi,0,1,0.295,0.485,0.22
dili_multiclass,275,4033,44,3,bworf_no_mi,0,0,0.37,0.36,0.27
dili_multiclass,277,4107,44,3,bworf_no_mi,0,2,0.175,0.17,0.655
dili_multiclass,279,4201,44,3,bworf_no_mi,0,0,0.605,0.25,0.145
dili_multiclass,283,4601,44,3,bworf_no_mi,0,1,0.25,0.595,0.155
dili_multiclass,308,7077,44,3,bworf_no_mi,0,0,0.465,0.15,0.385
dili_multiclass,311,9651,44,3,bworf_no_mi,0,1,0.34,0.54,0.12
dili_multiclass,316,16960,44,3,bworf_no_mi,0,0,0.535,0.31,0.155
dili_multiclass,334,60795,44,3,bworf_no_mi,0,2,0.265,0.195,0.54
dili_multiclass,336,60855,44,3,bworf_no_mi,0,0,0.585,0.025,0.39
dili_multiclass,339,71158,44,3,bworf_no_mi,0,2,0.285,0.15,0.565
dili_multiclass,345,83898,44,3,bworf_no_mi,0,2,0.43,0.065,0.505
dili_multiclass,356,441281,44,3,bworf_no_mi,0,0,0.5,0.205,0.295
dili_multiclass,373,5311454,44,3,bworf_no_mi,0,1,0.245,0.495,0.26
dili_multiclass,382,11953884,44,3,bworf_no_mi,0,1,0.15,0.675,0.175
dili_multiclass,388,16137828,44,3,bworf_no_mi,0,0,0.705,0.0,0.295
dili_multiclass,396,2782115,44,3,bworf_no_mi,0,2,0.31,0.25,0.44
dili_multiclass,435,56842239,44,3,bworf_no_mi,0,0,0.57,0.055,0.375
dili_multiclass,447,9913767,44,3,bworf_no_mi,0,2,0.245,0.39,0.365
dili_multiclass,452,2972,44,3,bworf_no_mi,0,0,0.41,0.26,0.33
dili_multiclass,462,4893,44,3,bworf_no_mi,0,0,0.43,0.31,0.26
dili_multiclass,471,6476,44,3,bworf_no_mi,0,1,0.255,0.465,0.28
dili_multiclass,477,47811,44,3,bworf_no_mi,0,0,0.705,0.105,0.19
dili_multiclass,480,60879,44,3,bworf_no_mi,0,1,0.145,0.495,0.36
dili_multiclass,504,5486971,44,3,bworf_no_mi,1,1,0.28,0.48,0.24
dili_multiclass,515,11354606,44,3,bworf_no_mi,0,2,0.3,0.29,0.41
dili_multiclass,525,45375808,44,3,bworf_no_mi,0,2,0.26,0.18,0.56
dili_multiclass,531,135398508,44,3,bworf_no_mi,0,1,0.215,0.585,0.2
dili_multiclass,572,9883933,44,3,bworf_no_mi,0,2,0.44,0.105,0.455
dili_multiclass,1,1935,44,3,bworf_mi,2,1,0.3933333333333333,0.3783333333333333,0.22833333333333336
dili_multiclass,6,2554,44,3,bworf_mi,2,1,0.38666666666666666,0.35666666666666663,0.25666666666666665
dili_multiclass,9,2955,44,3,bworf_mi,2,2,0.31,0.28,0.41
dili_multiclass,13,3397,44,3,bworf_mi,2,2,0.20833333333333337,0.3783333333333333,0.4133333333333333
dili_multiclass,30,47576,44,3,bworf_mi,2,2,0.48666666666666664,0.12166666666666667,0.39166666666666666
dili_multiclass,43,5353830,44,3,bworf_mi,2,2,0.325,0.205,0.47
dili_multiclass,47,54675783,44,3,bworf_mi,2,2,0.3566666666666667,0.23166666666666663,0.4116666666666666
dili_multiclass,52,2244,44,3,bworf_mi,2,2,0.30333333333333334,0.3383333333333334,0.3583333333333333
dili_multiclass,69,2756,44,3,bworf_mi,2,0,0.46666666666666673,0.41166666666666674,0.12166666666666667
dili_multiclass,78,3696,44,3,bworf_mi,2,1,0.33,0.42,0.24999999999999997
dili_multiclass,90,5394,44,3,bworf_mi,2,2,0.25666666666666665,0.34166666666666673,0.4016666666666666
dili_multiclass,103,43672,44,3,bworf_mi,2,0,0.5583333333333333,0.18333333333333332,0.2583333333333333
dili_multiclass,117,152946,44,3,bworf_mi,2,0,0.5083333333333333,0.3283333333333333,0.16333333333333333
dili_multiclass,125,3001055,44,3,bworf_mi,2,1,0.35166666666666674,0.4366666666666667,0.21166666666666667
dili_multiclass,142,1978,44,3,bworf_mi,1,0,0.425,0.3,0.275
dili_multiclass,151,3308,44,3,bworf_mi,1,0,0.4116666666666666,0.33166666666666667,0.25666666666666665
dili_multiclass,170,4178,44,3,bworf_mi,1,1,0.34,0.36,0.3
dili_multiclass,189,34312,44,3,bworf_mi,1,1,0.37,0.36,0.27
dili_multiclass,200,77999,44,3,bworf_mi,1,2,0.2766666666666666,0.3616666666666666,0.36166666666666664
dili_multiclass,202,104865,44,3,bworf_mi,1,2,0.5033333333333334,0.11333333333333333,0.3833333333333333
dili_multiclass,209,392622,44,3,bworf_mi,1,0,0.485,0.38,0.135
dili_multiclass,218,5282379,44,3,bworf_mi,1,1,0.24333333333333332,0.5683333333333332,0.18833333333333332
dili_multiclass,232,24776445,44,3,bworf_mi,1,2,0.31499999999999995,0.215,0.47
dili_multiclass,240,247,44,3,bworf_mi,0,2,0.32,0.28,0.4
dili_multiclass,247,2381,44,3,bworf_mi,0,0,0.565,0.195,0.24
dili_multiclass,250,2477,44,3,bworf_mi,0,0,0.505,0.205,0.29
dili_multiclass,257,2803,44,3,bworf_mi,0,2,0.395,0.11,0.495
dili_multiclass,262,3162,44,3,bworf_mi,0,1,0.3516666666666666,0.36666666666666664,0.2816666666666667
dili_multiclass,269,3519,44,3,bworf_mi,0,2,0.30833333333333335,0.21833333333333332,0.4733333333333333
dili_multiclass,270,3599,44,3,bworf_mi,0,1,0.47,0.445,0.085
dili_multiclass,275,4033,44,3,bworf_mi,0,2,0.35,0.26,0.39
dili_multiclass,277,4107,44,3,bworf_mi,0,2,0.42833333333333334,0.24333333333333332,0.3283333333333333
dili_multiclass,279,4201,44,3,bworf_mi,0,2,0.3533333333333333,0.2933333333333333,0.3533333333333333
dili_multiclass,283,4601,44,3,bworf_mi,0,1,0.28833333333333333,0.37833333333333335,0.33333333333333326
dili_multiclass,308,7077,44,3,bworf_mi,0,0,0.5733333333333334,0.2683333333333333,0.15833333333333333
dili_multiclass,311,9651,44,3,bworf_mi,0,2,0.4933333333333334,0.17333333333333337,0.33333333333333326
dili_multiclass,316,16960,44,3,bworf_mi,0,1,0.37833333333333335,0.33833333333333326,0.28333333333333327
dili_multiclass,334,60795,44,3,bworf_mi,0,2,0.2833333333333333,0.2533333333333333,0.4633333333333334
dili_multiclass,336,60855,44,3,bworf_mi,0,0,0.4666666666666666,0.19166666666666665,0.34166666666666673
dili_multiclass,339,71158,44,3,bworf_mi,0,2,0.3283333333333333,0.22333333333333333,0.44833333333333336
dili_multiclass,345,83898,44,3,bworf_mi,0,2,0.5283333333333333,0.15833333333333333,0.3133333333333333
dili_multiclass,356,441281,44,3,bworf_mi,0,0,0.465,0.3,0.235
dili_multiclass,373,5311454,44,3,bworf_mi,0,2,0.29833333333333334,0.3483333333333333,0.3533333333333333
dili_multiclass,382,11953884,44,3,bworf_mi,0,1,0.265,0.525,0.21
dili_multiclass,388,16137828,44,3,bworf_mi,0,0,0.7533333333333333,0.06833333333333334,0.17833333333333332
dili_multiclass,396,2782115,44,3,bworf_mi,0,2,0.25333333333333335,0.2533333333333333,0.49333333333333335
dili_multiclass,435,56842239,44,3,bworf_mi,0,0,0.485,0.345,0.17
dili_multiclass,447,9913767,44,3,bworf_mi,0,2,0.3283333333333333,0.28833333333333333,0.38333333333333336
dili_multiclass,452,2972,44,3,bworf_mi,0,2,0.38166666666666665,0.24666666666666665,0.37166666666666665
dili_multiclass,462,4893,44,3,bworf_mi,0,2,0.40333333333333327,0.24333333333333335,0.3533333333333333
dili_multiclass,471,6476,44,3,bworf_mi,0,2,0.22833333333333336,0.3533333333333333,0.41833333333333333
dili_multiclass,477,47811,44,3,bworf_mi,0,0,0.5033333333333333,0.40333333333333327,0.09333333333333334
dili_multiclass,480,60879,44,3,bworf_mi,0,1,0.345,0.45,0.205
dili_multiclass,504,5486971,44,3,bworf_mi,1,1,0.3950000000000001,0.455,0.15000000000000002
dili_multiclass,515,11354606,44,3,bworf_mi,0,1,0.445,0.465,0.09
dili_multiclass,525,45375808,44,3,bworf_mi,0,0,0.5033333333333334,0.2533333333333333,0.24333333333333332
dili_multiclass,531,135398508,44,3,bworf_mi,0,0,0.42833333333333334,0.27333333333333326,0.2983333333333333
dili_multiclass,572,9883933,44,3,bworf_mi,0,0,0.41333333333333333,0.22333333333333333,0.36333333333333334
dili_multiclass,2,2157,44,4,orf_style,2,1,0.265,0.49,0.245
dili_multiclass,8,2952,44,4,orf_style,2,0,0.635,0.035,0.33
dili_multiclass,16,3672,44,4,orf_style,2,0,0.66,0.08,0.26
dili_multiclass,33,60823,44,4,orf_style,2,0,0.46,0.225,0.315
dili_multiclass,49,135401907,44,4,orf_style,2,2,0.18,0.255,0.565
dili_multiclass,72,3114,44,4,orf_style,2,0,0.505,0.215,0.28
dili_multiclass,84,4594,44,4,orf_style,2,1,0.185,0.585,0.23
dili_multiclass,86,4917,44,4,orf_style,2,0,0.32,0.2,0.48
dili_multiclass,87,5002,44,4,orf_style,2,1,0.25,0.62,0.13
dili_multiclass,93,5452,44,4,orf_style,2,0,0.39,0.27,0.34
dili_multiclass,97,6196,44,4,orf_style,2,2,0.16,0.435,0.405
dili_multiclass,106,53232,44,4,orf_style,2,0,0.34,0.19,0.47
dili_multiclass,107,54687,44,4,orf_style,2,0,0.62,0.09,0.29
dili_multiclass,134,11167602,44,4,orf_style,2,0,0.525,0.05,0.425
dili_multiclass,146,2187,44,4,orf_style,1,0,0.685,0.06,0.255
dili_multiclass,147,2541,44,4,orf_style,1,0,0.675,0.14,0.185
dili_multiclass,148,2678,44,4,orf_style,1,0,0.705,0.020000000000000004,0.275
dili_multiclass,164,3825,44,4,orf_style,1,2,0.105,0.54,0.355
dili_multiclass,188,21844,44,4,orf_style,1,0,0.435,0.155,0.41
dili_multiclass,190,36462,44,4,orf_style,1,0,0.785,0.0,0.215
dili_multiclass,193,54841,44,4,orf_style,1,0,0.605,0.145,0.25
dili_multiclass,196,60854,44,4,orf_style,1,0,0.705,0.02,0.275
dili_multiclass,221,5352062,44,4,orf_style,1,0,0.325,0.275,0.4
dili_multiclass,231,16129629,44,4,orf_style,1,1,0.245,0.48,0.275
dili_multiclass,239,108150,44,4,orf_style,1,0,0.695,0.1,0.205
dili_multiclass,243,2130,44,4,orf_style,0,2,0.225,0.22,0.555
dili_multiclass,244,2153,44,4,orf_style,0,2,0.18,0.32,0.5
dili_multiclass,246,2369,44,4,orf_style,0,0,0.74,0.035,0.225
dili_multiclass,260,3080,44,4,orf_style,0,0,0.515,0.24,0.245
dili_multiclass,264,3324,44,4,orf_style,0,0,0.775,0.005000000000000001,0.22
dili_multiclass,267,3348,44,4,orf_style,0,2,0.225,0.415,0.36
dili_multiclass,274,3958,44,4,orf_style,0,0,0.785,0.005000000000000001,0.21
dili_multiclass,293,5311,44,4,orf_style,0,0,0.465,0.135,0.4
dili_multiclass,302,6047,44,4,orf_style,0,0,0.465,0.085,0.45
dili_multiclass,324,37768,44,4,orf_style,0,0,0.615,0.15,0.235
dili_multiclass,333,60648,44,4,orf_style,0,2,0.1,0.555,0.345
dili_multiclass,347,115355,44,4,orf_style,0,2,0.19,0.43,0.38
dili_multiclass,359,445154,44,4,orf_style,0,0,0.475,0.105,0.42
dili_multiclass,362,656719,44,4,orf_style,0,1,0.25,0.525,0.225
dili_multiclass,391,44151801,44,4,orf_style,0,0,0.51,0.145,0.345
dili_multiclass,397,11561674,44,4,orf_style,0,0,0.375,0.315,0.31
dili_multiclass,403,11250647,44,4,orf_style,0,0,0.49,0.165,0.345
dili_multiclass,404,11304743,44,4,orf_style,0,0,0.58,0.155,0.265
dili_multiclass,416,163183936,44,4,orf_style,0,0,0.74,0.045,0.215
dili_multiclass,428,49846579,44,4,orf_style,0,0,0.32,0.43,0.25
dili_multiclass,461,4409,44,4,orf_style,0,0,0.64,0.1,0.26
dili_multiclass,478,54892,44,4,orf_style,0,0,0.295,0.365,0.34
dili_multiclass,479,60026,44,4,orf_style,0,0,0.4,0.18,0.42
dili_multiclass,488,107807,44,4,orf_style,0,0,0.495,0.36,0.145
dili_multiclass,489,107970,44,4,orf_style,0,0,0.595,0.325,0.08
dili_multiclass,502,5360515,44,4,orf_style,0,0,0.76,0.020000000000000004,0.22
dili_multiclass,510,9869929,44,4,orf_style,0,0,0.305,0.435,0.26
dili_multiclass,517,11707110,44,4,orf_style,0,0,0.455,0.07,0.475
dili_multiclass,545,135565082,44,4,orf_style,0,0,0.725,0.135,0.14
dili_multiclass,560,58031952,44,4,orf_style,0,0,0.765,0.005000000000000001,0.23
dili_multiclass,561,58460047,44,4,orf_style,0,0,0.655,0.135,0.21
dili_multiclass,562,644019,44,4,orf_style,0,0,0.33,0.38,0.29
dili_multiclass,565,6918606,44,4,orf_style,0,0,0.64,0.055,0.305
dili_multiclass,2,2157,44,4,bworf_no_mi,2,1,0.18,0.525,0.295
dili_multiclass,8,2952,44,4,bworf_no_mi,2,0,0.515,0.11,0.375
dili_multiclass,16,3672,44,4,bworf_no_mi,2,0,0.52,0.16,0.32
dili_multiclass,33,60823,44,4,bworf_no_mi,2,0,0.445,0.16,0.395
dili_multiclass,49,135401907,44,4,bworf_no_mi,2,2,0.165,0.295,0.54
dili_multiclass,72,3114,44,4,bworf_no_mi,2,0,0.375,0.37,0.255
dili_multiclass,84,4594,44,4,bworf_no_mi,2,1,0.055,0.73,0.215
dili_multiclass,86,4917,44,4,bworf_no_mi,2,2,0.24,0.345,0.415
dili_multiclass,87,5002,44,4,bworf_no_mi,2,1,0.14,0.75,0.11
dili_multiclass,93,5452,44,4,bworf_no_mi,2,1,0.22,0.44,0.34
dili_multiclass,97,6196,44,4,bworf_no_mi,2,1,0.07,0.54,0.39
dili_multiclass,106,53232,44,4,bworf_no_mi,2,2,0.23,0.22,0.55
dili_multiclass,107,54687,44,4,bworf_no_mi,2,0,0.485,0.125,0.39
dili_multiclass,134,11167602,44,4,bworf_no_mi,2,2,0.345,0.095,0.56
dili_multiclass,146,2187,44,4,bworf_no_mi,1,0,0.495,0.15,0.355
dili_multiclass,147,2541,44,4,bworf_no_mi,1,0,0.625,0.14,0.235
dili_multiclass,148,2678,44,4,bworf_no_mi,1,0,0.615,0.045,0.34
dili_multiclass,164,3825,44,4,bworf_no_mi,1,1,0.09,0.61,0.3
dili_multiclass,188,21844,44,4,bworf_no_mi,1,2,0.34,0.245,0.415
dili_multiclass,190,36462,44,4,bworf_no_mi,1,0,0.755,0.005,0.24
dili_multiclass,193,54841,44,4,bworf_no_mi,1,0,0.44,0.285,0.275
dili_multiclass,196,60854,44,4,bworf_no_mi,1,0,0.615,0.08,0.305
dili_multiclass,221,5352062,44,4,bworf_no_mi,1,2,0.225,0.325,0.45
dili_multiclass,231,16129629,44,4,bworf_no_mi,1,1,0.22,0.47,0.31
dili_multiclass,239,108150,44,4,bworf_no_mi,1,0,0.615,0.14,0.245
dili_multiclass,243,2130,44,4,bworf_no_mi,0,2,0.26,0.165,0.575
dili_multiclass,244,2153,44,4,bworf_no_mi,0,2,0.11,0.415,0.475
dili_multiclass,246,2369,44,4,bworf_no_mi,0,0,0.645,0.1,0.255
dili_multiclass,260,3080,44,4,bworf_no_mi,0,0,0.505,0.245,0.25
dili_multiclass,264,3324,44,4,bworf_no_mi,0,0,0.625,0.135,0.24
dili_multiclass,267,3348,44,4,bworf_no_mi,0,2,0.195,0.385,0.42
dili_multiclass,274,3958,44,4,bworf_no_mi,0,0,0.665,0.015000000000000005,0.32
dili_multiclass,293,5311,44,4,bworf_no_mi,0,2,0.395,0.125,0.48
dili_multiclass,302,6047,44,4,bworf_no_mi,0,2,0.355,0.11,0.535
dili_multiclass,324,37768,44,4,bworf_no_mi,0,0,0.495,0.26,0.245
dili_multiclass,333,60648,44,4,bworf_no_mi,0,1,0.025,0.65,0.325
dili_multiclass,347,115355,44,4,bworf_no_mi,0,1,0.045,0.675,0.28
dili_multiclass,359,445154,44,4,bworf_no_mi,0,2,0.495,0.05,0.455
dili_multiclass,362,656719,44,4,bworf_no_mi,0,1,0.195,0.63,0.175
dili_multiclass,391,44151801,44,4,bworf_no_mi,0,2,0.44,0.185,0.375
dili_multiclass,397,11561674,44,4,bworf_no_mi,0,1,0.295,0.43,0.275
dili_multiclass,403,11250647,44,4,bworf_no_mi,0,0,0.375,0.305,0.32
dili_multiclass,404,11304743,44,4,bworf_no_mi,0,0,0.47,0.205,0.325
dili_multiclass,416,163183936,44,4,bworf_no_mi,0,0,0.66,0.115,0.225
dili_multiclass,428,49846579,44,4,bworf_no_mi,0,1,0.24,0.55,0.21
dili_multiclass,461,4409,44,4,bworf_no_mi,0,0,0.55,0.16,0.29
dili_multiclass,478,54892,44,4,bworf_no_mi,0,2,0.23,0.365,0.405
dili_multiclass,479,60026,44,4,bworf_no_mi,0,2,0.29,0.21,0.5
dili_multiclass,488,107807,44,4,bworf_no_mi,0,1,0.35,0.5,0.15
dili_multiclass,489,107970,44,4,bworf_no_mi,0,1,0.405,0.54,0.055
dili_multiclass,502,5360515,44,4,bworf_no_mi,0,0,0.705,0.0,0.295
dili_multiclass,510,9869929,44,4,bworf_no_mi,0,1,0.15,0.65,0.2
dili_multiclass,517,11707110,44,4,bworf_no_mi,0,2,0.39,0.075,0.535
dili_multiclass,545,135565082,44,4,bworf_no_mi,0,0,0.62,0.225,0.155
dili_multiclass,560,58031952,44,4,bworf_no_mi,0,0,0.735,0.005,0.26
dili_multiclass,561,58460047,44,4,bworf_no_mi,0,0,0.42,0.225,0.355
dili_multiclass,562,644019,44,4,bworf_no_mi,0,1,0.18,0.59,0.23
dili_multiclass,565,6918606,44,4,bworf_no_mi,0,0,0.585,0.08,0.335
dili_multiclass,2,2157,44,4,bworf_mi,2,0,0.4416666666666667,0.17666666666666664,0.3816666666666667
dili_multiclass,8,2952,44,4,bworf_mi,2,2,0.235,0.32499999999999996,0.44
dili_multiclass,16,3672,44,4,bworf_mi,2,1,0.33166666666666655,0.41666666666666674,0.25166666666666665
dili_multiclass,33,60823,44,4,bworf_mi,2,0,0.425,0.29,0.285
dili_multiclass,49,135401907,44,4,bworf_mi,2,2,0.39,0.135,0.475
dili_multiclass,72,3114,44,4,bworf_mi,2,0,0.47833333333333333,0.15333333333333338,0.36833333333333335
dili_multiclass,84,4594,44,4,bworf_mi,2,1,0.20833333333333331,0.5283333333333334,0.2633333333333333
dili_multiclass,86,4917,44,4,bworf_mi,2,0,0.3800000000000001,0.24999999999999997,0.37000000000000005
dili_multiclass,87,5002,44,4,bworf_mi,2,1,0.2883333333333333,0.4083333333333334,0.30333333333333323
dili_multiclass,93,5452,44,4,bworf_mi,2,0,0.37666666666666665,0.35666666666666663,0.2666666666666666
dili_multiclass,97,6196,44,4,bworf_mi,2,1,0.2933333333333332,0.3233333333333333,0.38333333333333336
dili_multiclass,106,53232,44,4,bworf_mi,2,0,0.3683333333333333,0.2583333333333333,0.37333333333333335
dili_multiclass,107,54687,44,4,bworf_mi,2,0,0.4266666666666667,0.30666666666666664,0.26666666666666666
dili_multiclass,134,11167602,44,4,bworf_mi,2,2,0.30499999999999994,0.245,0.45
dili_multiclass,146,2187,44,4,bworf_mi,1,0,0.3916666666666667,0.20166666666666663,0.40666666666666673
dili_multiclass,147,2541,44,4,bworf_mi,1,1,0.3483333333333333,0.4033333333333334,0.2483333333333333
dili_multiclass,148,2678,44,4,bworf_mi,1,0,0.4716666666666666,0.1566666666666667,0.3716666666666666
dili_multiclass,164,3825,44,4,bworf_mi,1,1,0.19666666666666668,0.45666666666666667,0.34666666666666657
dili_multiclass,188,21844,44,4,bworf_mi,1,2,0.3433333333333334,0.27833333333333327,0.37833333333333335
dili_multiclass,190,36462,44,4,bworf_mi,1,0,0.495,0.075,0.43
dili_multiclass,193,54841,44,4,bworf_mi,1,0,0.41333333333333333,0.29833333333333323,0.2883333333333333
dili_multiclass,196,60854,44,4,bworf_mi,1,2,0.38,0.215,0.405
dili_multiclass,221,5352062,44,4,bworf_mi,1,0,0.41166666666666674,0.3466666666666666,0.24166666666666664
dili_multiclass,231,16129629,44,4,bworf_mi,1,0,0.57,0.135,0.295
dili_multiclass,239,108150,44,4,bworf_mi,1,0,0.5333333333333333,0.12333333333333332,0.34333333333333327
dili_multiclass,243,2130,44,4,bworf_mi,0,0,0.4266666666666667,0.24666666666666665,0.32666666666666666
dili_multiclass,244,2153,44,4,bworf_mi,0,2,0.38666666666666666,0.15166666666666667,0.46166666666666667
dili_multiclass,246,2369,44,4,bworf_mi,0,0,0.5666666666666668,0.14666666666666667,0.2866666666666666
dili_multiclass,260,3080,44,4,bworf_mi,0,0,0.45333333333333337,0.26333333333333336,0.2833333333333334
dili_multiclass,264,3324,44,4,bworf_mi,0,0,0.4283333333333333,0.2533333333333333,0.3183333333333333
dili_multiclass,267,3348,44,4,bworf_mi,0,0,0.42166666666666663,0.24666666666666662,0.33166666666666667
dili_multiclass,274,3958,44,4,bworf_mi,0,2,0.3899999999999999,0.16,0.44999999999999996
dili_multiclass,293,5311,44,4,bworf_mi,0,1,0.345,0.48,0.17499999999999996
dili_multiclass,302,6047,44,4,bworf_mi,0,2,0.33,0.285,0.385
dili_multiclass,324,37768,44,4,bworf_mi,0,0,0.4683333333333334,0.18333333333333332,0.3483333333333334
dili_multiclass,333,60648,44,4,bworf_mi,0,0,0.3466666666666666,0.2666666666666666,0.3866666666666667
dili_multiclass,347,115355,44,4,bworf_mi,0,2,0.2516666666666667,0.29666666666666663,0.45166666666666666
dili_multiclass,359,445154,44,4,bworf_mi,0,1,0.19333333333333336,0.4733333333333334,0.33333333333333337
dili_multiclass,362,656719,44,4,bworf_mi,0,0,0.4600000000000001,0.235,0.305
dili_multiclass,391,44151801,44,4,bworf_mi,0,0,0.5483333333333333,0.14333333333333334,0.30833333333333335
dili_multiclass,397,11561674,44,4,bworf_mi,0,1,0.34166666666666673,0.4066666666666666,0.2516666666666667
dili_multiclass,403,11250647,44,4,bworf_mi,0,0,0.39166666666666666,0.32666666666666655,0.2816666666666666
dili_multiclass,404,11304743,44,4,bworf_mi,0,0,0.5150000000000001,0.115,0.37
dili_multiclass,416,163183936,44,4,bworf_mi,0,2,0.4,0.12,0.48
dili_multiclass,428,49846579,44,4,bworf_mi,0,1,0.3583333333333333,0.46833333333333327,0.17333333333333337
dili_multiclass,461,4409,44,4,bworf_mi,0,1,0.2483333333333333,0.48833333333333334,0.2633333333333333
dili_multiclass,478,54892,44,4,bworf_mi,0,0,0.3816666666666667,0.3666666666666667,0.25166666666666665
dili_multiclass,479,60026,44,4,bworf_mi,0,0,0.48,0.24999999999999997,0.26999999999999996
dili_multiclass,488,107807,44,4,bworf_mi,0,0,0.395,0.3549999999999999,0.24999999999999997
dili_multiclass,489,107970,44,4,bworf_mi,0,1,0.4016666666666667,0.4216666666666667,0.17666666666666664
dili_multiclass,502,5360515,44,4,bworf_mi,0,0,0.4433333333333333,0.16833333333333333,0.3883333333333333
dili_multiclass,510,9869929,44,4,bworf_mi,0,0,0.42,0.26999999999999996,0.30999999999999994
dili_multiclass,517,11707110,44,4,bworf_mi,0,0,0.5366666666666666,0.04666666666666667,0.41666666666666663
dili_multiclass,545,135565082,44,4,bworf_mi,0,0,0.44666666666666666,0.31666666666666665,0.2366666666666667
dili_multiclass,560,58031952,44,4,bworf_mi,0,0,0.555,0.06,0.385
dili_multiclass,561,58460047,44,4,bworf_mi,0,2,0.38,0.19,0.43
dili_multiclass,562,644019,44,4,bworf_mi,0,1,0.34333333333333327,0.44333333333333336,0.21333333333333332
dili_multiclass,565,6918606,44,4,bworf_mi,0,0,0.5033333333333334,0.16833333333333333,0.32833333333333337
dili_multiclass,3,2165,44,5,orf_style,2,0,0.705,0.05,0.245
dili_multiclass,4,2265,44,5,orf_style,2,2,0.215,0.27,0.515
dili_multiclass,14,3562,44,5,orf_style,2,0,0.455,0.1,0.445
dili_multiclass,17,3767,44,5,orf_style,2,2,0.21,0.185,0.605
dili_multiclass,58,29051,44,5,orf_style,2,0,0.32,0.3,0.38
dili_multiclass,63,2082,44,5,orf_style,2,0,0.665,0.175,0.16
dili_multiclass,76,3365,44,5,orf_style,2,0,0.46,0.245,0.295
dili_multiclass,94,5533,44,5,orf_style,2,0,0.375,0.17,0.455
dili_multiclass,96,5656,44,5,orf_style,2,0,0.575,0.165,0.26
dili_multiclass,101,33613,44,5,orf_style,2,0,0.24,0.3,0.46
dili_multiclass,113,68617,44,5,orf_style,2,0,0.7,0.125,0.175
dili_multiclass,130,5362032,44,5,orf_style,2,0,0.43,0.25,0.32
dili_multiclass,133,9875401,44,5,orf_style,2,0,0.505,0.17,0.325
dili_multiclass,140,5746,44,5,orf_style,2,1,0.205,0.485,0.31
dili_multiclass,157,3446,44,5,orf_style,1,0,0.665,0.095,0.24
dili_multiclass,160,3657,44,5,orf_style,1,0,0.595,0.05,0.355
dili_multiclass,167,3961,44,5,orf_style,1,0,0.49,0.375,0.135
dili_multiclass,179,5070,44,5,orf_style,1,0,0.28,0.44,0.28
dili_multiclass,185,6253,44,5,orf_style,1,0,0.735,0.020000000000000004,0.245
dili_multiclass,198,65404,44,5,orf_style,1,2,0.205,0.325,0.47
dili_multiclass,206,208898,44,5,orf_style,1,0,0.485,0.31,0.205
dili_multiclass,210,439492,44,5,orf_style,1,0,0.325,0.405,0.27
dili_multiclass,214,464205,44,5,orf_style,1,0,0.36,0.295,0.345
dili_multiclass,235,54678486,44,5,orf_style,1,0,0.325,0.435,0.24
dili_multiclass,249,2405,44,5,orf_style,0,0,0.435,0.355,0.21
dili_multiclass,252,2576,44,5,orf_style,0,0,0.675,0.15,0.175
dili_multiclass,266,3345,44,5,orf_style,0,0,0.74,0.045,0.215
dili_multiclass,280,4236,44,5,orf_style,0,2,0.16,0.46,0.38
dili_multiclass,281,4497,44,5,orf_style,0,0,0.38,0.355,0.265
dili_multiclass,284,4616,44,5,orf_style,0,0,0.74,0.035,0.225
dili_multiclass,291,5071,44,5,orf_style,0,0,0.71,0.015,0.275
dili_multiclass,294,5391,44,5,orf_style,0,0,0.705,0.055,0.24
dili_multiclass,307,7029,44,5,orf_style,0,1,0.19,0.52,0.29
dili_multiclass,318,23994,44,5,orf_style,0,0,0.345,0.105,0.55
dili_multiclass,325,39147,44,5,orf_style,0,0,0.635,0.2,0.165
dili_multiclass,330,59768,44,5,orf_style,0,0,0.565,0.255,0.18
dili_multiclass,332,60613,44,5,orf_style,0,0,0.62,0.065,0.315
dili_multiclass,346,115237,44,5,orf_style,0,0,0.335,0.465,0.2
dili_multiclass,358,443940,44,5,orf_style,0,0,0.315,0.115,0.57
dili_multiclass,371,5284594,44,5,orf_style,0,0,0.805,0.0,0.195
dili_multiclass,393,135398740,44,5,orf_style,0,0,0.5,0.08,0.42
dili_multiclass,399,10071196,44,5,orf_style,0,0,0.635,0.17,0.195
dili_multiclass,445,936,44,5,orf_style,0,0,0.45,0.065,0.485
dili_multiclass,458,3957,44,5,orf_style,0,0,0.465,0.195,0.34
dili_multiclass,463,4909,44,5,orf_style,0,2,0.17,0.28,0.55
dili_multiclass,474,30323,44,5,orf_style,0,0,0.51,0.07999999999999999,0.41
dili_multiclass,487,104741,44,5,orf_style,0,0,0.49,0.275,0.235
dili_multiclass,494,150310,44,5,orf_style,0,0,0.7,0.045,0.255
dili_multiclass,496,208902,44,5,orf_style,0,0,0.62,0.18,0.2
dili_multiclass,499,3011155,44,5,orf_style,0,0,0.64,0.11,0.25
dili_multiclass,507,6450551,44,5,orf_style,0,1,0.215,0.53,0.255
dili_multiclass,509,9854073,44,5,orf_style,0,1,0.045,0.71,0.245
dili_multiclass,516,11450633,44,5,orf_style,0,0,0.525,0.335,0.14
dili_multiclass,520,25084151,44,5,orf_style,0,0,0.75,0.055,0.195
dili_multiclass,540,11154555,44,5,orf_style,0,0,0.57,0.115,0.315
dili_multiclass,546,135565596,44,5,orf_style,0,0,0.76,0.015,0.225
dili_multiclass,563,68165256,44,5,orf_style,0,0,0.72,0.03,0.25
dili_multiclass,3,2165,44,5,bworf_no_mi,2,0,0.64,0.08,0.28
dili_multiclass,4,2265,44,5,bworf_no_mi,2,2,0.14,0.315,0.545
dili_multiclass,14,3562,44,5,bworf_no_mi,2,2,0.365,0.11,0.525
dili_multiclass,17,3767,44,5,bworf_no_mi,2,2,0.135,0.235,0.63
dili_multiclass,58,29051,44,5,bworf_no_mi,2,1,0.215,0.405,0.38
dili_multiclass,63,2082,44,5,bworf_no_mi,2,0,0.685,0.13,0.185
dili_multiclass,76,3365,44,5,bworf_no_mi,2,0,0.42,0.215,0.365
dili_multiclass,94,5533,44,5,bworf_no_mi,2,2,0.265,0.325,0.41
dili_multiclass,96,5656,44,5,bworf_no_mi,2,0,0.565,0.185,0.25
dili_multiclass,101,33613,44,5,bworf_no_mi,2,2,0.195,0.355,0.45
dili_multiclass,113,68617,44,5,bworf_no_mi,2,0,0.57,0.21,0.22
dili_multiclass,130,5362032,44,5,bworf_no_mi,2,2,0.25,0.345,0.405
dili_multiclass,133,9875401,44,5,bworf_no_mi,2,0,0.465,0.2,0.335
dili_multiclass,140,5746,44,5,bworf_no_mi,2,1,0.12,0.6,0.28
dili_multiclass,157,3446,44,5,bworf_no_mi,1,0,0.53,0.175,0.295
dili_multiclass,160,3657,44,5,bworf_no_mi,1,0,0.525,0.08,0.395
dili_multiclass,167,3961,44,5,bworf_no_mi,1,1,0.19,0.68,0.13
dili_multiclass,179,5070,44,5,bworf_no_mi,1,1,0.27,0.385,0.345
dili_multiclass,185,6253,44,5,bworf_no_mi,1,0,0.655,0.025,0.32
dili_multiclass,198,65404,44,5,bworf_no_mi,1,2,0.135,0.41,0.455
dili_multiclass,206,208898,44,5,bworf_no_mi,1,0,0.41,0.405,0.185
dili_multiclass,210,439492,44,5,bworf_no_mi,1,1,0.18,0.525,0.295
dili_multiclass,214,464205,44,5,bworf_no_mi,1,1,0.28,0.435,0.285
dili_multiclass,235,54678486,44,5,bworf_no_mi,1,1,0.145,0.66,0.195
dili_multiclass,249,2405,44,5,bworf_no_mi,0,1,0.275,0.57,0.155
dili_multiclass,252,2576,44,5,bworf_no_mi,0,0,0.59,0.29,0.12
dili_multiclass,266,3345,44,5,bworf_no_mi,0,0,0.54,0.22,0.24
dili_multiclass,280,4236,44,5,bworf_no_mi,0,1,0.195,0.41,0.395
dili_multiclass,281,4497,44,5,bworf_no_mi,0,1,0.175,0.585,0.24
dili_multiclass,284,4616,44,5,bworf_no_mi,0,0,0.63,0.14,0.23
dili_multiclass,291,5071,44,5,bworf_no_mi,0,0,0.655,0.025,0.32
dili_multiclass,294,5391,44,5,bworf_no_mi,0,0,0.5,0.17,0.33
dili_multiclass,307,7029,44,5,bworf_no_mi,0,1,0.11,0.545,0.345
dili_multiclass,318,23994,44,5,bworf_no_mi,0,2,0.24,0.205,0.555
dili_multiclass,325,39147,44,5,bworf_no_mi,0,0,0.525,0.31,0.165
dili_multiclass,330,59768,44,5,bworf_no_mi,0,1,0.42,0.45,0.13
dili_multiclass,332,60613,44,5,bworf_no_mi,0,0,0.515,0.195,0.29
dili_multiclass,346,115237,44,5,bworf_no_mi,0,1,0.1,0.71,0.19
dili_multiclass,358,443940,44,5,bworf_no_mi,0,2,0.255,0.13,0.615
dili_multiclass,371,5284594,44,5,bworf_no_mi,0,0,0.73,0.015,0.255
dili_multiclass,393,135398740,44,5,bworf_no_mi,0,0,0.445,0.13,0.425
dili_multiclass,399,10071196,44,5,bworf_no_mi,0,0,0.46,0.435,0.105
dili_multiclass,445,936,44,5,bworf_no_mi,0,2,0.305,0.135,0.56
dili_multiclass,458,3957,44,5,bworf_no_mi,0,0,0.415,0.25,0.335
dili_multiclass,463,4909,44,5,bworf_no_mi,0,2,0.12,0.29,0.59
dili_multiclass,474,30323,44,5,bworf_no_mi,0,0,0.49,0.065,0.445
dili_multiclass,487,104741,44,5,bworf_no_mi,0,0,0.445,0.36,0.195
dili_multiclass,494,150310,44,5,bworf_no_mi,0,0,0.575,0.07,0.355
dili_multiclass,496,208902,44,5,bworf_no_mi,0,0,0.47,0.345,0.185
dili_multiclass,499,3011155,44,5,bworf_no_mi,0,0,0.505,0.25,0.245
dili_multiclass,507,6450551,44,5,bworf_no_mi,0,1,0.13,0.61,0.26
dili_multiclass,509,9854073,44,5,bworf_no_mi,0,1,0.04,0.77,0.19
dili_multiclass,516,11450633,44,5,bworf_no_mi,0,0,0.475,0.395,0.13
dili_multiclass,520,25084151,44,5,bworf_no_mi,0,0,0.75,0.075,0.175
dili_multiclass,540,11154555,44,5,bworf_no_mi,0,0,0.445,0.215,0.34
dili_multiclass,546,135565596,44,5,bworf_no_mi,0,0,0.755,0.004999999999999999,0.24
dili_multiclass,563,68165256,44,5,bworf_no_mi,0,0,0.725,0.055,0.22
dili_multiclass,3,2165,44,5,bworf_mi,2,1,0.365,0.3049999999999999,0.3299999999999999
dili_multiclass,4,2265,44,5,bworf_mi,2,0,0.43666666666666665,0.18666666666666668,0.37666666666666665
dili_multiclass,14,3562,44,5,bworf_mi,2,2,0.45333333333333337,0.11833333333333335,0.4283333333333333
dili_multiclass,17,3767,44,5,bworf_mi,2,2,0.29666666666666663,0.25666666666666665,0.44666666666666666
dili_multiclass,58,29051,44,5,bworf_mi,2,0,0.49333333333333335,0.2633333333333333,0.24333333333333332
dili_multiclass,63,2082,44,5,bworf_mi,2,0,0.37333333333333335,0.27333333333333326,0.35333333333333333
dili_multiclass,76,3365,44,5,bworf_mi,2,2,0.38,0.25999999999999995,0.36
dili_multiclass,94,5533,44,5,bworf_mi,2,0,0.41166666666666674,0.3466666666666666,0.24166666666666664
dili_multiclass,96,5656,44,5,bworf_mi,2,0,0.49833333333333335,0.2633333333333333,0.2383333333333333
dili_multiclass,101,33613,44,5,bworf_mi,2,2,0.2799999999999999,0.2649999999999999,0.45500000000000007
dili_multiclass,113,68617,44,5,bworf_mi,2,2,0.38166666666666665,0.2366666666666667,0.38166666666666665
dili_multiclass,130,5362032,44,5,bworf_mi,2,1,0.3833333333333333,0.37333333333333335,0.24333333333333332
dili_multiclass,133,9875401,44,5,bworf_mi,2,0,0.3816666666666667,0.26666666666666666,0.3516666666666666
dili_multiclass,140,5746,44,5,bworf_mi,2,0,0.3633333333333333,0.30833333333333335,0.3283333333333333
dili_multiclass,157,3446,44,5,bworf_mi,1,1,0.2983333333333333,0.49833333333333335,0.2033333333333333
dili_multiclass,160,3657,44,5,bworf_mi,1,0,0.4233333333333333,0.15333333333333335,0.4233333333333333
dili_multiclass,167,3961,44,5,bworf_mi,1,1,0.3349999999999999,0.3899999999999999,0.2749999999999999
dili_multiclass,179,5070,44,5,bworf_mi,1,2,0.2866666666666667,0.25166666666666665,0.4616666666666667
dili_multiclass,185,6253,44,5,bworf_mi,1,0,0.4716666666666666,0.13166666666666665,0.39666666666666667
dili_multiclass,198,65404,44,5,bworf_mi,1,2,0.29666666666666663,0.32666666666666655,0.37666666666666665
dili_multiclass,206,208898,44,5,bworf_mi,1,1,0.26,0.525,0.215
dili_multiclass,210,439492,44,5,bworf_mi,1,1,0.35833333333333334,0.43833333333333335,0.2033333333333333
dili_multiclass,214,464205,44,5,bworf_mi,1,0,0.545,0.155,0.3
dili_multiclass,235,54678486,44,5,bworf_mi,1,1,0.12166666666666667,0.5616666666666666,0.31666666666666665
dili_multiclass,249,2405,44,5,bworf_mi,0,0,0.4666666666666666,0.22666666666666668,0.30666666666666664
dili_multiclass,252,2576,44,5,bworf_mi,0,1,0.44,0.435,0.125
dili_multiclass,266,3345,44,5,bworf_mi,0,0,0.3633333333333333,0.3783333333333333,0.2583333333333333
dili_multiclass,280,4236,44,5,bworf_mi,0,2,0.29666666666666663,0.30166666666666664,0.4016666666666667
dili_multiclass,281,4497,44,5,bworf_mi,0,0,0.4233333333333333,0.4233333333333333,0.15333333333333335
dili_multiclass,284,4616,44,5,bworf_mi,0,2,0.3483333333333333,0.23333333333333328,0.41833333333333345
dili_multiclass,291,5071,44,5,bworf_mi,0,0,0.5133333333333333,0.16833333333333333,0.31833333333333336
dili_multiclass,294,5391,44,5,bworf_mi,0,2,0.35833333333333334,0.23333333333333328,0.40833333333333344
dili_multiclass,307,7029,44,5,bworf_mi,0,1,0.31666666666666665,0.4466666666666667,0.23666666666666664
dili_multiclass,318,23994,44,5,bworf_mi,0,2,0.355,0.15,0.495
dili_multiclass,325,39147,44,5,bworf_mi,0,0,0.4516666666666667,0.18666666666666665,0.36166666666666664
dili_multiclass,330,59768,44,5,bworf_mi,0,0,0.3916666666666667,0.2866666666666666,0.32166666666666655
dili_multiclass,332,60613,44,5,bworf_mi,0,0,0.415,0.235,0.35
dili_multiclass,346,115237,44,5,bworf_mi,0,0,0.43500000000000005,0.355,0.20999999999999996
dili_multiclass,358,443940,44,5,bworf_mi,0,2,0.33166666666666667,0.20666666666666667,0.46166666666666667
dili_multiclass,371,5284594,44,5,bworf_mi,0,0,0.575,0.065,0.36
dili_multiclass,393,135398740,44,5,bworf_mi,0,2,0.315,0.31,0.375
dili_multiclass,399,10071196,44,5,bworf_mi,0,0,0.39166666666666666,0.3816666666666667,0.22666666666666666
dili_multiclass,445,936,44,5,bworf_mi,0,2,0.3266666666666667,0.20666666666666667,0.46666666666666673
dili_multiclass,458,3957,44,5,bworf_mi,0,0,0.41166666666666674,0.2766666666666666,0.3116666666666666
dili_multiclass,463,4909,44,5,bworf_mi,0,2,0.25,0.375,0.375
dili_multiclass,474,30323,44,5,bworf_mi,0,0,0.5000000000000001,0.14,0.36
dili_multiclass,487,104741,44,5,bworf_mi,0,0,0.40833333333333344,0.2533333333333333,0.33833333333333326
dili_multiclass,494,150310,44,5,bworf_mi,0,0,0.6033333333333334,0.09333333333333334,0.30333333333333334
dili_multiclass,496,208902,44,5,bworf_mi,0,0,0.43500000000000005,0.345,0.21999999999999997
dili_multiclass,499,3011155,44,5,bworf_mi,0,0,0.4683333333333334,0.16833333333333336,0.36333333333333334
dili_multiclass,507,6450551,44,5,bworf_mi,0,0,0.41,0.30499999999999994,0.285
dili_multiclass,509,9854073,44,5,bworf_mi,0,1,0.24166666666666664,0.5666666666666668,0.19166666666666665
dili_multiclass,516,11450633,44,5,bworf_mi,0,0,0.4700000000000001,0.24,0.29
dili_multiclass,520,25084151,44,5,bworf_mi,0,0,0.615,0.215,0.17
dili_multiclass,540,11154555,44,5,bworf_mi,0,0,0.44500000000000006,0.19500000000000003,0.35999999999999993
dili_multiclass,546,135565596,44,5,bworf_mi,0,0,0.5966666666666667,0.08166666666666667,0.3216666666666667
dili_multiclass,563,68165256,44,5,bworf_mi,0,0,0.6633333333333333,0.028333333333333335,0.30833333333333335
dili_multiclass,10,3033,44,6,orf_style,2,2,0.2,0.235,0.565
dili_multiclass,21,4495,44,6,orf_style,2,2,0.275,0.175,0.55
dili_multiclass,28,18283,44,6,orf_style,2,0,0.55,0.165,0.285
dili_multiclass,32,55185,44,6,orf_style,2,2,0.2,0.165,0.635
dili_multiclass,41,1349907,44,6,orf_style,2,0,0.32,0.2,0.48
dili_multiclass,60,54675776,44,6,orf_style,2,2,0.3,0.13,0.57
dili_multiclass,66,2520,44,6,orf_style,2,1,0.38,0.505,0.115
dili_multiclass,82,4091,44,6,orf_style,2,0,0.735,0.025,0.24
dili_multiclass,88,5206,44,6,orf_style,2,0,0.345,0.375,0.28
dili_multiclass,95,5646,44,6,orf_style,2,0,0.465,0.43,0.105
dili_multiclass,98,8549,44,6,orf_style,2,0,0.405,0.145,0.45
dili_multiclass,115,84029,44,6,orf_style,2,2,0.205,0.19,0.605
dili_multiclass,120,216239,44,6,orf_style,2,0,0.66,0.015,0.325
dili_multiclass,122,441184,44,6,orf_style,2,0,0.745,0.05,0.205
dili_multiclass,153,3356,44,6,orf_style,1,0,0.635,0.22,0.145
dili_multiclass,154,3372,44,6,orf_style,1,2,0.2,0.385,0.415
dili_multiclass,165,3869,44,6,orf_style,1,0,0.765,0.055,0.18
dili_multiclass,177,4829,44,6,orf_style,1,0,0.68,0.115,0.205
dili_multiclass,178,4913,44,6,orf_style,1,0,0.455,0.2,0.345
dili_multiclass,182,5487,44,6,orf_style,1,2,0.28,0.155,0.565
dili_multiclass,212,441203,44,6,orf_style,1,0,0.58,0.225,0.195
dili_multiclass,213,441341,44,6,orf_style,1,0,0.78,0.005000000000000001,0.215
dili_multiclass,227,6437841,44,6,orf_style,1,1,0.195,0.6,0.205
dili_multiclass,230,11626560,44,6,orf_style,1,0,0.43,0.075,0.495
dili_multiclass,256,2794,44,6,orf_style,0,0,0.32,0.105,0.575
dili_multiclass,289,4946,44,6,orf_style,0,0,0.495,0.29,0.215
dili_multiclass,295,5401,44,6,orf_style,0,0,0.545,0.28,0.175
dili_multiclass,298,5770,44,6,orf_style,0,0,0.485,0.085,0.43
dili_multiclass,300,6005,44,6,orf_style,0,0,0.545,0.125,0.33
dili_multiclass,320,26987,44,6,orf_style,0,0,0.515,0.24,0.245
dili_multiclass,328,57363,44,6,orf_style,0,0,0.795,0.03,0.175
dili_multiclass,343,71433,44,6,orf_style,0,0,0.785,0.04,0.175
dili_multiclass,349,132999,44,6,orf_style,0,0,0.405,0.49,0.105
dili_multiclass,365,3000502,44,6,orf_style,0,0,0.775,0.01,0.215
dili_multiclass,381,11658860,44,6,orf_style,0,2,0.065,0.46,0.475
dili_multiclass,383,11963622,44,6,orf_style,0,0,0.47,0.075,0.455
dili_multiclass,398,10034073,44,6,orf_style,0,0,0.32,0.235,0.445
dili_multiclass,402,10413,44,6,orf_style,0,0,0.575,0.235,0.19
dili_multiclass,409,124081876,44,6,orf_style,0,0,0.535,0.085,0.38
dili_multiclass,410,12684604,44,6,orf_style,0,0,0.61,0.16,0.23
dili_multiclass,414,15951529,44,6,orf_style,0,1,0.28,0.48,0.24
dili_multiclass,418,1794427,44,6,orf_style,0,0,0.55,0.055,0.395
dili_multiclass,442,70693500,44,6,orf_style,0,1,0.095,0.71,0.195
dili_multiclass,446,9837243,44,6,orf_style,0,0,0.59,0.29,0.12
dili_multiclass,465,4976,44,6,orf_style,0,1,0.165,0.675,0.16
dili_multiclass,468,5572,44,6,orf_style,0,0,0.64,0.11,0.25
dili_multiclass,475,30751,44,6,orf_style,0,0,0.685,0.125,0.19
dili_multiclass,490,129228,44,6,orf_style,0,0,0.36,0.175,0.465
dili_multiclass,492,147912,44,6,orf_style,0,0,0.64,0.06,0.3
dili_multiclass,495,150610,44,6,orf_style,0,0,0.535,0.12,0.345
dili_multiclass,518,16004692,44,6,orf_style,0,0,0.54,0.135,0.325
dili_multiclass,519,24826799,44,6,orf_style,0,1,0.265,0.445,0.29
dili_multiclass,534,135409400,44,6,orf_style,0,0,0.345,0.12,0.535
dili_multiclass,536,24872560,44,6,orf_style,0,1,0.295,0.58,0.125
dili_multiclass,556,50922675,44,6,orf_style,0,0,0.54,0.1,0.36
dili_multiclass,568,71731823,44,6,orf_style,0,0,0.37,0.29,0.34
dili_multiclass,573,9931954,44,6,orf_style,0,1,0.245,0.6,0.155
dili_multiclass,10,3033,44,6,bworf_no_mi,2,2,0.175,0.35,0.475
dili_multiclass,21,4495,44,6,bworf_no_mi,2,2,0.175,0.29,0.535
dili_multiclass,28,18283,44,6,bworf_no_mi,2,0,0.485,0.17,0.345
dili_multiclass,32,55185,44,6,bworf_no_mi,2,2,0.18,0.205,0.615
dili_multiclass,41,1349907,44,6,bworf_no_mi,2,2,0.225,0.34,0.435
dili_multiclass,60,54675776,44,6,bworf_no_mi,2,2,0.225,0.175,0.6
dili_multiclass,66,2520,44,6,bworf_no_mi,2,1,0.23,0.59,0.18
dili_multiclass,82,4091,44,6,bworf_no_mi,2,0,0.65,0.065,0.285
dili_multiclass,88,5206,44,6,bworf_no_mi,2,2,0.21,0.405,0.385
dili_multiclass,95,5646,44,6,bworf_no_mi,2,1,0.37,0.515,0.115
dili_multiclass,98,8549,44,6,bworf_no_mi,2,2,0.24,0.265,0.495
dili_multiclass,115,84029,44,6,bworf_no_mi,2,2,0.225,0.195,0.58
dili_multiclass,120,216239,44,6,bworf_no_mi,2,0,0.575,0.055,0.37
dili_multiclass,122,441184,44,6,bworf_no_mi,2,0,0.765,0.04,0.195
dili_multiclass,153,3356,44,6,bworf_no_mi,1,0,0.575,0.24,0.185
dili_multiclass,154,3372,44,6,bworf_no_mi,1,1,0.105,0.515,0.38
dili_multiclass,165,3869,44,6,bworf_no_mi,1,0,0.715,0.135,0.15
dili_multiclass,177,4829,44,6,bworf_no_mi,1,0,0.625,0.18,0.195
dili_multiclass,178,4913,44,6,bworf_no_mi,1,2,0.325,0.3,0.375
dili_multiclass,182,5487,44,6,bworf_no_mi,1,2,0.195,0.275,0.53
dili_multiclass,212,441203,44,6,bworf_no_mi,1,0,0.545,0.195,0.26
dili_multiclass,213,441341,44,6,bworf_no_mi,1,0,0.805,0.02,0.175
dili_multiclass,227,6437841,44,6,bworf_no_mi,1,1,0.085,0.67,0.245
dili_multiclass,230,11626560,44,6,bworf_no_mi,1,2,0.395,0.11,0.495
dili_multiclass,256,2794,44,6,bworf_no_mi,0,2,0.315,0.14,0.545
dili_multiclass,289,4946,44,6,bworf_no_mi,0,0,0.43,0.355,0.215
dili_multiclass,295,5401,44,6,bworf_no_mi,0,1,0.335,0.435,0.23
dili_multiclass,298,5770,44,6,bworf_no_mi,0,0,0.505,0.155,0.34
dili_multiclass,300,6005,44,6,bworf_no_mi,0,0,0.445,0.195,0.36
dili_multiclass,320,26987,44,6,bworf_no_mi,0,1,0.335,0.395,0.27
dili_multiclass,328,57363,44,6,bworf_no_mi,0,0,0.75,0.105,0.145
dili_multiclass,343,71433,44,6,bworf_no_mi,0,0,0.785,0.045,0.17
dili_multiclass,349,132999,44,6,bworf_no_mi,0,1,0.26,0.62,0.12
dili_multiclass,365,3000502,44,6,bworf_no_mi,0,0,0.75,0.045,0.205
dili_multiclass,381,11658860,44,6,bworf_no_mi,0,2,0.085,0.445,0.47
dili_multiclass,383,11963622,44,6,bworf_no_mi,0,0,0.52,0.055,0.425
dili_multiclass,398,10034073,44,6,bworf_no_mi,0,2,0.225,0.38,0.395
dili_multiclass,402,10413,44,6,bworf_no_mi,0,0,0.405,0.335,0.26
dili_multiclass,409,124081876,44,6,bworf_no_mi,0,0,0.465,0.12,0.415
dili_multiclass,410,12684604,44,6,bworf_no_mi,0,0,0.47,0.315,0.215
dili_multiclass,414,15951529,44,6,bworf_no_mi,0,1,0.185,0.575,0.24
dili_multiclass,418,1794427,44,6,bworf_no_mi,0,0,0.425,0.135,0.44
dili_multiclass,442,70693500,44,6,bworf_no_mi,0,1,0.055,0.7,0.245
dili_multiclass,446,9837243,44,6,bworf_no_mi,0,0,0.54,0.375,0.085
dili_multiclass,465,4976,44,6,bworf_no_mi,0,1,0.035,0.76,0.205
dili_multiclass,468,5572,44,6,bworf_no_mi,0,0,0.56,0.14,0.3
dili_multiclass,475,30751,44,6,bworf_no_mi,0,0,0.605,0.315,0.08
dili_multiclass,490,129228,44,6,bworf_no_mi,0,2,0.28,0.215,0.505
dili_multiclass,492,147912,44,6,bworf_no_mi,0,0,0.555,0.09,0.355
dili_multiclass,495,150610,44,6,bworf_no_mi,0,0,0.42,0.245,0.335
dili_multiclass,518,16004692,44,6,bworf_no_mi,0,0,0.475,0.175,0.35
dili_multiclass,519,24826799,44,6,bworf_no_mi,0,1,0.22,0.565,0.215
dili_multiclass,534,135409400,44,6,bworf_no_mi,0,2,0.3,0.205,0.495
dili_multiclass,536,24872560,44,6,bworf_no_mi,0,1,0.165,0.67,0.165
dili_multiclass,556,50922675,44,6,bworf_no_mi,0,0,0.49,0.15,0.36
dili_multiclass,568,71731823,44,6,bworf_no_mi,0,2,0.24,0.385,0.375
dili_multiclass,573,9931954,44,6,bworf_no_mi,0,1,0.095,0.7,0.205
dili_multiclass,10,3033,44,6,bworf_mi,2,2,0.29833333333333334,0.23833333333333337,0.4633333333333334
dili_multiclass,21,4495,44,6,bworf_mi,2,2,0.345,0.30499999999999994,0.35
dili_multiclass,28,18283,44,6,bworf_mi,2,2,0.41166666666666674,0.12666666666666665,0.46166666666666667
dili_multiclass,32,55185,44,6,bworf_mi,2,2,0.26499999999999996,0.31499999999999995,0.4200000000000001
dili_multiclass,41,1349907,44,6,bworf_mi,2,0,0.515,0.145,0.34
dili_multiclass,60,54675776,44,6,bworf_mi,2,2,0.295,0.27,0.435
dili_multiclass,66,2520,44,6,bworf_mi,2,1,0.3833333333333333,0.29833333333333334,0.3183333333333333
dili_multiclass,82,4091,44,6,bworf_mi,2,2,0.2583333333333333,0.33833333333333326,0.40333333333333327
dili_multiclass,88,5206,44,6,bworf_mi,2,2,0.29833333333333334,0.3433333333333334,0.3583333333333333
dili_multiclass,95,5646,44,6,bworf_mi,2,1,0.26666666666666666,0.35666666666666663,0.37666666666666665
dili_multiclass,98,8549,44,6,bworf_mi,2,0,0.3933333333333333,0.15333333333333335,0.4533333333333333
dili_multiclass,115,84029,44,6,bworf_mi,2,2,0.2833333333333333,0.29333333333333333,0.4233333333333333
dili_multiclass,120,216239,44,6,bworf_mi,2,2,0.36333333333333334,0.3183333333333333,0.3183333333333333
dili_multiclass,122,441184,44,6,bworf_mi,2,0,0.525,0.125,0.35
dili_multiclass,153,3356,44,6,bworf_mi,1,0,0.665,0.045,0.29
dili_multiclass,154,3372,44,6,bworf_mi,1,0,0.495,0.16,0.345
dili_multiclass,165,3869,44,6,bworf_mi,1,0,0.5016666666666666,0.22666666666666668,0.27166666666666667
dili_multiclass,177,4829,44,6,bworf_mi,1,1,0.36999999999999994,0.355,0.27499999999999997
dili_multiclass,178,4913,44,6,bworf_mi,1,0,0.51,0.23,0.25999999999999995
dili_multiclass,182,5487,44,6,bworf_mi,1,2,0.3583333333333333,0.17333333333333337,0.4683333333333334
dili_multiclass,212,441203,44,6,bworf_mi,1,0,0.37333333333333335,0.26833333333333337,0.35833333333333334
dili_multiclass,213,441341,44,6,bworf_mi,1,1,0.3066666666666667,0.35666666666666663,0.3366666666666667
dili_multiclass,227,6437841,44,6,bworf_mi,1,1,0.11333333333333333,0.5133333333333333,0.37333333333333335
dili_multiclass,230,11626560,44,6,bworf_mi,1,2,0.3716666666666667,0.20666666666666667,0.42166666666666663
dili_multiclass,256,2794,44,6,bworf_mi,0,2,0.22166666666666668,0.4266666666666667,0.35166666666666674
dili_multiclass,289,4946,44,6,bworf_mi,0,0,0.42833333333333334,0.28333333333333327,0.28833333333333333
dili_multiclass,295,5401,44,6,bworf_mi,0,0,0.4933333333333333,0.2033333333333333,0.30333333333333334
dili_multiclass,298,5770,44,6,bworf_mi,0,0,0.5083333333333333,0.19833333333333333,0.29333333333333333
dili_multiclass,300,6005,44,6,bworf_mi,0,2,0.2916666666666667,0.33166666666666667,0.37666666666666665
dili_multiclass,320,26987,44,6,bworf_mi,0,1,0.32666666666666666,0.41166666666666674,0.26166666666666666
dili_multiclass,328,57363,44,6,bworf_mi,0,0,0.4666666666666666,0.2316666666666667,0.3016666666666667
dili_multiclass,343,71433,44,6,bworf_mi,0,0,0.41666666666666674,0.24666666666666665,0.3366666666666667
dili_multiclass,349,132999,44,6,bworf_mi,0,0,0.46666666666666673,0.18666666666666665,0.34666666666666673
dili_multiclass,365,3000502,44,6,bworf_mi,0,0,0.595,0.21,0.195
dili_multiclass,381,11658860,44,6,bworf_mi,0,2,0.2783333333333334,0.2733333333333333,0.4483333333333333
dili_multiclass,383,11963622,44,6,bworf_mi,0,2,0.32,0.23,0.45
dili_multiclass,398,10034073,44,6,bworf_mi,0,1,0.31666666666666665,0.37666666666666665,0.30666666666666664
dili_multiclass,402,10413,44,6,bworf_mi,0,0,0.625,0.04,0.335
dili_multiclass,409,124081876,44,6,bworf_mi,0,0,0.46833333333333327,0.2033333333333333,0.32833333333333337
dili_multiclass,410,12684604,44,6,bworf_mi,0,1,0.31833333333333336,0.4483333333333333,0.23333333333333336
dili_multiclass,414,15951529,44,6,bworf_mi,0,1,0.25666666666666665,0.38666666666666666,0.35666666666666663
dili_multiclass,418,1794427,44,6,bworf_mi,0,0,0.4483333333333333,0.15833333333333333,0.3933333333333333
dili_multiclass,442,70693500,44,6,bworf_mi,0,1,0.22,0.59,0.19
dili_multiclass,446,9837243,44,6,bworf_mi,0,1,0.29,0.385,0.325
dili_multiclass,465,4976,44,6,bworf_mi,0,1,0.30333333333333334,0.4283333333333333,0.2683333333333333
dili_multiclass,468,5572,44,6,bworf_mi,0,0,0.41333333333333333,0.2683333333333333,0.3183333333333333
dili_multiclass,475,30751,44,6,bworf_mi,0,0,0.61,0.13,0.26
dili_multiclass,490,129228,44,6,bworf_mi,0,2,0.22833333333333336,0.32833333333333337,0.4433333333333333
dili_multiclass,492,147912,44,6,bworf_mi,0,0,0.5,0.09,0.41
dili_multiclass,495,150610,44,6,bworf_mi,0,2,0.25,0.335,0.415
dili_multiclass,518,16004692,44,6,bworf_mi,0,2,0.31833333333333336,0.20833333333333337,0.4733333333333333
dili_multiclass,519,24826799,44,6,bworf_mi,0,0,0.545,0.1,0.355
dili_multiclass,534,135409400,44,6,bworf_mi,0,2,0.2633333333333333,0.2383333333333333,0.49833333333333335
dili_multiclass,536,24872560,44,6,bworf_mi,0,0,0.45833333333333326,0.22833333333333333,0.3133333333333333
dili_multiclass,556,50922675,44,6,bworf_mi,0,2,0.39000000000000007,0.255,0.355
dili_multiclass,568,71731823,44,6,bworf_mi,0,0,0.4649999999999999,0.265,0.27
dili_multiclass,573,9931954,44,6,bworf_mi,0,1,0.23333333333333336,0.39333333333333337,0.3733333333333333
dili_multiclass,7,2726,44,7,orf_style,2,2,0.2,0.215,0.585
dili_multiclass,12,3385,44,7,orf_style,2,0,0.33,0.395,0.275
dili_multiclass,15,3637,44,7,orf_style,2,2,0.15,0.435,0.415
dili_multiclass,24,5591,44,7,orf_style,2,0,0.405,0.475,0.12
dili_multiclass,38,441401,44,7,orf_style,2,0,0.7,0.035,0.265
dili_multiclass,56,23925,44,7,orf_style,2,0,0.505,0.14,0.355
dili_multiclass,57,23978,44,7,orf_style,2,0,0.685,0.095,0.22
dili_multiclass,62,1302,44,7,orf_style,2,0,0.365,0.19,0.445
dili_multiclass,104,43815,44,7,orf_style,2,0,0.475,0.36,0.165
dili_multiclass,110,60606,44,7,orf_style,2,0,0.3,0.38,0.32
dili_multiclass,123,1548972,44,7,orf_style,2,0,0.315,0.335,0.35
dili_multiclass,124,2733526,44,7,orf_style,2,0,0.705,0.09,0.205
dili_multiclass,137,135398737,44,7,orf_style,2,0,0.385,0.155,0.46
dili_multiclass,138,135398738,44,7,orf_style,2,0,0.395,0.24,0.365
dili_multiclass,158,3463,44,7,orf_style,1,0,0.315,0.305,0.38
dili_multiclass,159,3652,44,7,orf_style,1,0,0.49,0.075,0.435
dili_multiclass,169,4173,44,7,orf_style,1,0,0.515,0.115,0.37
dili_multiclass,186,8982,44,7,orf_style,1,2,0.19,0.45,0.36
dili_multiclass,194,60198,44,7,orf_style,1,0,0.535,0.04,0.425
dili_multiclass,204,148124,44,7,orf_style,1,0,0.495,0.22,0.285
dili_multiclass,208,383414,44,7,orf_style,1,0,0.57,0.25,0.18
dili_multiclass,220,5310966,44,7,orf_style,1,0,0.615,0.05,0.335
dili_multiclass,228,9853053,44,7,orf_style,1,0,0.615,0.23,0.155
dili_multiclass,237,4158,44,7,orf_style,1,0,0.585,0.295,0.12
dili_multiclass,251,2564,44,7,orf_style,0,0,0.67,0.025,0.305
dili_multiclass,254,2754,44,7,orf_style,0,1,0.13,0.72,0.15
dili_multiclass,261,3100,44,7,orf_style,0,0,0.655,0.08,0.265
dili_multiclass,265,3333,44,7,orf_style,0,1,0.125,0.615,0.26
dili_multiclass,282,4499,44,7,orf_style,0,0,0.45,0.215,0.335
dili_multiclass,296,5719,44,7,orf_style,0,1,0.205,0.58,0.215
dili_multiclass,297,5732,44,7,orf_style,0,0,0.605,0.155,0.24
dili_multiclass,299,5918,44,7,orf_style,0,0,0.395,0.265,0.34
dili_multiclass,301,6037,44,7,orf_style,0,0,0.63,0.055,0.315
dili_multiclass,304,6256,44,7,orf_style,0,0,0.44,0.16,0.4
dili_multiclass,323,37464,44,7,orf_style,0,0,0.705,0.11,0.185
dili_multiclass,331,59868,44,7,orf_style,0,2,0.185,0.415,0.4
dili_multiclass,337,62816,44,7,orf_style,0,0,0.735,0.045,0.22
dili_multiclass,344,71815,44,7,orf_style,0,0,0.29,0.315,0.395
dili_multiclass,355,213046,44,7,orf_style,0,0,0.585,0.195,0.22
dili_multiclass,357,441314,44,7,orf_style,0,0,0.715,0.025,0.26
dili_multiclass,361,636380,44,7,orf_style,0,1,0.16,0.51,0.33
dili_multiclass,363,708857,44,7,orf_style,0,0,0.655,0.03,0.315
dili_multiclass,377,9854012,44,7,orf_style,0,0,0.42,0.21,0.37
dili_multiclass,395,220495,44,7,orf_style,0,0,0.77,0.01,0.22
dili_multiclass,432,5462328,44,7,orf_style,0,0,0.785,0.0,0.215
dili_multiclass,434,5484725,44,7,orf_style,0,0,0.63,0.205,0.165
dili_multiclass,436,56843331,44,7,orf_style,0,0,0.59,0.08,0.33
dili_multiclass,443,90472060,44,7,orf_style,0,0,0.715,0.065,0.22
dili_multiclass,448,401,44,7,orf_style,0,0,0.525,0.27,0.205
dili_multiclass,454,3157,44,7,orf_style,0,0,0.605,0.135,0.26
dili_multiclass,464,4923,44,7,orf_style,0,0,0.67,0.06,0.27
dili_multiclass,467,5556,44,7,orf_style,0,0,0.505,0.105,0.39
dili_multiclass,484,73303,44,7,orf_style,0,1,0.095,0.595,0.31
dili_multiclass,486,99428,44,7,orf_style,0,0,0.415,0.065,0.52
dili_multiclass,491,132971,44,7,orf_style,0,0,0.71,0.055,0.235
dili_multiclass,523,42611257,44,7,orf_style,0,0,0.3,0.28,0.42
dili_multiclass,566,71496458,44,7,orf_style,0,0,0.38,0.1,0.52
dili_multiclass,7,2726,44,7,bworf_no_mi,2,2,0.155,0.24,0.605
dili_multiclass,12,3385,44,7,bworf_no_mi,2,1,0.225,0.465,0.31
dili_multiclass,15,3637,44,7,bworf_no_mi,2,1,0.125,0.445,0.43
dili_multiclass,24,5591,44,7,bworf_no_mi,2,1,0.25,0.595,0.155
dili_multiclass,38,441401,44,7,bworf_no_mi,2,0,0.715,0.085,0.2
dili_multiclass,56,23925,44,7,bworf_no_mi,2,2,0.35,0.245,0.405
dili_multiclass,57,23978,44,7,bworf_no_mi,2,0,0.585,0.17,0.245
dili_multiclass,62,1302,44,7,bworf_no_mi,2,2,0.155,0.31,0.535
dili_multiclass,104,43815,44,7,bworf_no_mi,2,1,0.235,0.55,0.215
dili_multiclass,110,60606,44,7,bworf_no_mi,2,1,0.225,0.53,0.245
dili_multiclass,123,1548972,44,7,bworf_no_mi,2,1,0.215,0.415,0.37
dili_multiclass,124,2733526,44,7,bworf_no_mi,2,0,0.66,0.065,0.275
dili_multiclass,137,135398737,44,7,bworf_no_mi,2,2,0.375,0.14,0.485
dili_multiclass,138,135398738,44,7,bworf_no_mi,2,0,0.4,0.3,0.3
dili_multiclass,158,3463,44,7,bworf_no_mi,1,2,0.255,0.35,0.395
dili_multiclass,159,3652,44,7,bworf_no_mi,1,0,0.455,0.11,0.435
dili_multiclass,169,4173,44,7,bworf_no_mi,1,2,0.36,0.215,0.425
dili_multiclass,186,8982,44,7,bworf_no_mi,1,1,0.125,0.475,0.4
dili_multiclass,194,60198,44,7,bworf_no_mi,1,0,0.46,0.12,0.42
dili_multiclass,204,148124,44,7,bworf_no_mi,1,0,0.485,0.255,0.26
dili_multiclass,208,383414,44,7,bworf_no_mi,1,0,0.555,0.25,0.195
dili_multiclass,220,5310966,44,7,bworf_no_mi,1,0,0.49,0.075,0.435
dili_multiclass,228,9853053,44,7,bworf_no_mi,1,0,0.54,0.325,0.135
dili_multiclass,237,4158,44,7,bworf_no_mi,1,0,0.48,0.405,0.115
dili_multiclass,251,2564,44,7,bworf_no_mi,0,0,0.54,0.085,0.375
dili_multiclass,254,2754,44,7,bworf_no_mi,0,1,0.135,0.675,0.19
dili_multiclass,261,3100,44,7,bworf_no_mi,0,0,0.47,0.2,0.33
dili_multiclass,265,3333,44,7,bworf_no_mi,0,1,0.065,0.65,0.285
dili_multiclass,282,4499,44,7,bworf_no_mi,0,1,0.185,0.43,0.385
dili_multiclass,296,5719,44,7,bworf_no_mi,0,1,0.065,0.66,0.275
dili_multiclass,297,5732,44,7,bworf_no_mi,0,0,0.61,0.16,0.23
dili_multiclass,299,5918,44,7,bworf_no_mi,0,1,0.265,0.375,0.36
dili_multiclass,301,6037,44,7,bworf_no_mi,0,0,0.515,0.115,0.37
dili_multiclass,304,6256,44,7,bworf_no_mi,0,2,0.335,0.24,0.425
dili_multiclass,323,37464,44,7,bworf_no_mi,0,0,0.63,0.255,0.115
dili_multiclass,331,59868,44,7,bworf_no_mi,0,1,0.185,0.48,0.335
dili_multiclass,337,62816,44,7,bworf_no_mi,0,0,0.755,0.08,0.165
dili_multiclass,344,71815,44,7,bworf_no_mi,0,2,0.25,0.37,0.38
dili_multiclass,355,213046,44,7,bworf_no_mi,0,0,0.55,0.215,0.235
dili_multiclass,357,441314,44,7,bworf_no_mi,0,0,0.74,0.055,0.205
dili_multiclass,361,636380,44,7,bworf_no_mi,0,1,0.105,0.46,0.435
dili_multiclass,363,708857,44,7,bworf_no_mi,0,0,0.61,0.03,0.36
dili_multiclass,377,9854012,44,7,bworf_no_mi,0,0,0.48,0.145,0.375
dili_multiclass,395,220495,44,7,bworf_no_mi,0,0,0.7,0.055,0.245
dili_multiclass,432,5462328,44,7,bworf_no_mi,0,0,0.755,0.025,0.22
dili_multiclass,434,5484725,44,7,bworf_no_mi,0,0,0.46,0.41,0.13
dili_multiclass,436,56843331,44,7,bworf_no_mi,0,0,0.495,0.18,0.325
dili_multiclass,443,90472060,44,7,bworf_no_mi,0,0,0.735,0.06,0.205
dili_multiclass,448,401,44,7,bworf_no_mi,0,0,0.42,0.365,0.215
dili_multiclass,454,3157,44,7,bworf_no_mi,0,0,0.545,0.235,0.22
dili_multiclass,464,4923,44,7,bworf_no_mi,0,0,0.54,0.195,0.265
dili_multiclass,467,5556,44,7,bworf_no_mi,0,0,0.41,0.165,0.425
dili_multiclass,484,73303,44,7,bworf_no_mi,0,1,0.065,0.715,0.22
dili_multiclass,486,99428,44,7,bworf_no_mi,0,2,0.365,0.15,0.485
dili_multiclass,491,132971,44,7,bworf_no_mi,0,0,0.61,0.14,0.25
dili_multiclass,523,42611257,44,7,bworf_no_mi,0,2,0.17,0.3,0.53
dili_multiclass,566,71496458,44,7,bworf_no_mi,0,2,0.34,0.12,0.54
dili_multiclass,7,2726,44,7,bworf_mi,2,1,0.4033333333333334,0.2883333333333333,0.30833333333333335
dili_multiclass,12,3385,44,7,bworf_mi,2,2,0.39,0.14,0.47
dili_multiclass,15,3637,44,7,bworf_mi,2,2,0.42500000000000004,0.19499999999999995,0.38
dili_multiclass,24,5591,44,7,bworf_mi,2,1,0.27166666666666667,0.42666666666666664,0.30166666666666664
dili_multiclass,38,441401,44,7,bworf_mi,2,2,0.3483333333333334,0.3433333333333334,0.30833333333333335
dili_multiclass,56,23925,44,7,bworf_mi,2,0,0.585,0.11,0.305
dili_multiclass,57,23978,44,7,bworf_mi,2,0,0.575,0.095,0.33
dili_multiclass,62,1302,44,7,bworf_mi,2,1,0.30333333333333334,0.33333333333333326,0.36333333333333334
dili_multiclass,104,43815,44,7,bworf_mi,2,0,0.5483333333333333,0.33333333333333337,0.11833333333333335
dili_multiclass,110,60606,44,7,bworf_mi,2,2,0.325,0.29,0.38500000000000006
dili_multiclass,123,1548972,44,7,bworf_mi,2,1,0.4366666666666667,0.3466666666666666,0.21666666666666665
dili_multiclass,124,2733526,44,7,bworf_mi,2,1,0.41666666666666674,0.40666666666666673,0.17666666666666667
dili_multiclass,137,135398737,44,7,bworf_mi,2,2,0.39,0.25499999999999995,0.355
dili_multiclass,138,135398738,44,7,bworf_mi,2,2,0.475,0.11500000000000002,0.41
dili_multiclass,158,3463,44,7,bworf_mi,1,0,0.5,0.19,0.31
dili_multiclass,159,3652,44,7,bworf_mi,1,1,0.42833333333333334,0.29333333333333333,0.2783333333333333
dili_multiclass,169,4173,44,7,bworf_mi,1,2,0.425,0.12500000000000003,0.45
dili_multiclass,186,8982,44,7,bworf_mi,1,1,0.2783333333333333,0.3483333333333333,0.37333333333333335
dili_multiclass,194,60198,44,7,bworf_mi,1,1,0.32333333333333336,0.30333333333333334,0.3733333333333333
dili_multiclass,204,148124,44,7,bworf_mi,1,0,0.455,0.16,0.385
dili_multiclass,208,383414,44,7,bworf_mi,1,0,0.46833333333333343,0.39333333333333337,0.13833333333333334
dili_multiclass,220,5310966,44,7,bworf_mi,1,2,0.415,0.175,0.41
dili_multiclass,228,9853053,44,7,bworf_mi,1,0,0.5483333333333333,0.16833333333333336,0.2833333333333333
dili_multiclass,237,4158,44,7,bworf_mi,1,1,0.39000000000000007,0.375,0.23499999999999996
dili_multiclass,251,2564,44,7,bworf_mi,0,1,0.3933333333333334,0.3633333333333333,0.24333333333333326
dili_multiclass,254,2754,44,7,bworf_mi,0,0,0.4833333333333333,0.32833333333333337,0.18833333333333335
dili_multiclass,261,3100,44,7,bworf_mi,0,0,0.4733333333333334,0.21833333333333332,0.30833333333333335
dili_multiclass,265,3333,44,7,bworf_mi,0,2,0.31666666666666665,0.29166666666666663,0.39166666666666666
dili_multiclass,282,4499,44,7,bworf_mi,0,2,0.44333333333333336,0.24333333333333332,0.3133333333333333
dili_multiclass,296,5719,44,7,bworf_mi,0,1,0.3933333333333333,0.34333333333333327,0.2633333333333333
dili_multiclass,297,5732,44,7,bworf_mi,0,1,0.3916666666666667,0.3716666666666666,0.2366666666666667
dili_multiclass,299,5918,44,7,bworf_mi,0,2,0.39666666666666667,0.21666666666666667,0.38666666666666666
dili_multiclass,301,6037,44,7,bworf_mi,0,0,0.49666666666666665,0.09166666666666666,0.4116666666666666
dili_multiclass,304,6256,44,7,bworf_mi,0,2,0.29,0.285,0.425
dili_multiclass,323,37464,44,7,bworf_mi,0,0,0.625,0.11,0.265
dili_multiclass,331,59868,44,7,bworf_mi,0,1,0.32666666666666666,0.33666666666666667,0.33666666666666667
dili_multiclass,337,62816,44,7,bworf_mi,0,0,0.5166666666666666,0.17666666666666667,0.3066666666666667
dili_multiclass,344,71815,44,7,bworf_mi,0,2,0.44000000000000006,0.085,0.475
dili_multiclass,355,213046,44,7,bworf_mi,0,0,0.55,0.155,0.295
dili_multiclass,357,441314,44,7,bworf_mi,0,0,0.4566666666666667,0.21166666666666667,0.33166666666666667
dili_multiclass,361,636380,44,7,bworf_mi,0,1,0.3133333333333333,0.38833333333333336,0.29833333333333334
dili_multiclass,363,708857,44,7,bworf_mi,0,0,0.4,0.335,0.265
dili_multiclass,377,9854012,44,7,bworf_mi,0,0,0.54,0.185,0.275
dili_multiclass,395,220495,44,7,bworf_mi,0,0,0.5883333333333334,0.18833333333333335,0.22333333333333333
dili_multiclass,432,5462328,44,7,bworf_mi,0,0,0.635,0.05,0.315
dili_multiclass,434,5484725,44,7,bworf_mi,0,0,0.4766666666666666,0.30166666666666664,0.22166666666666668
dili_multiclass,436,56843331,44,7,bworf_mi,0,0,0.63,0.105,0.265
dili_multiclass,443,90472060,44,7,bworf_mi,0,0,0.645,0.06,0.295
dili_multiclass,448,401,44,7,bworf_mi,0,0,0.52,0.095,0.385
dili_multiclass,454,3157,44,7,bworf_mi,0,0,0.5066666666666667,0.19666666666666668,0.29666666666666663
dili_multiclass,464,4923,44,7,bworf_mi,0,1,0.24833333333333332,0.4483333333333333,0.30333333333333334
dili_multiclass,467,5556,44,7,bworf_mi,0,2,0.4033333333333334,0.2833333333333333,0.31333333333333335
dili_multiclass,484,73303,44,7,bworf_mi,0,1,0.28833333333333333,0.40333333333333327,0.30833333333333335
dili_multiclass,486,99428,44,7,bworf_mi,0,1,0.31,0.49,0.2
dili_multiclass,491,132971,44,7,bworf_mi,0,0,0.42333333333333334,0.23333333333333336,0.3433333333333334
dili_multiclass,523,42611257,44,7,bworf_mi,0,2,0.3983333333333334,0.2833333333333333,0.3183333333333333
dili_multiclass,566,71496458,44,7,bworf_mi,0,0,0.5166666666666668,0.32666666666666666,0.15666666666666668
dili_multiclass,19,4449,44,8,orf_style,2,0,0.41,0.22,0.37
dili_multiclass,31,54454,44,8,orf_style,2,0,0.385,0.295,0.32
dili_multiclass,35,126941,44,8,orf_style,2,0,0.685,0.165,0.15
dili_multiclass,37,441074,44,8,orf_style,2,0,0.335,0.16,0.505
dili_multiclass,39,657298,44,8,orf_style,2,2,0.21,0.165,0.625
dili_multiclass,50,938,44,8,orf_style,2,0,0.73,0.04,0.23
dili_multiclass,64,2160,44,8,orf_style,2,0,0.62,0.195,0.185
dili_multiclass,79,3763,44,8,orf_style,2,2,0.085,0.42,0.495
dili_multiclass,83,4485,44,8,orf_style,2,0,0.54,0.14,0.32
dili_multiclass,108,55283,44,8,orf_style,2,0,0.555,0.125,0.32
dili_multiclass,118,176870,44,8,orf_style,2,0,0.54,0.335,0.125
dili_multiclass,126,3081884,44,8,orf_style,2,0,0.77,0.02,0.21
dili_multiclass,131,5362119,44,8,orf_style,2,0,0.435,0.345,0.22
dili_multiclass,132,6439133,44,8,orf_style,2,0,0.6,0.205,0.195
dili_multiclass,143,2019,44,8,orf_style,1,0,0.525,0.405,0.07
dili_multiclass,161,3675,44,8,orf_style,1,0,0.465,0.28,0.255
dili_multiclass,163,3749,44,8,orf_style,1,1,0.305,0.62,0.075
dili_multiclass,173,4539,44,8,orf_style,1,0,0.31,0.195,0.495
dili_multiclass,174,4543,44,8,orf_style,1,0,0.495,0.38,0.125
dili_multiclass,175,4614,44,8,orf_style,1,1,0.165,0.66,0.175
dili_multiclass,197,65140,44,8,orf_style,1,0,0.46,0.07,0.47
dili_multiclass,203,134018,44,8,orf_style,1,1,0.3,0.485,0.215
dili_multiclass,223,5362440,44,8,orf_style,1,0,0.47,0.36,0.17
dili_multiclass,238,6468,44,8,orf_style,1,0,0.57,0.115,0.315
dili_multiclass,253,2707,44,8,orf_style,0,0,0.305,0.11,0.585
dili_multiclass,271,3658,44,8,orf_style,0,0,0.69,0.085,0.225
dili_multiclass,272,3784,44,8,orf_style,0,1,0.29,0.51,0.2
dili_multiclass,276,4034,44,8,orf_style,0,0,0.625,0.14,0.235
dili_multiclass,285,4771,44,8,orf_style,0,0,0.455,0.125,0.42
dili_multiclass,292,5253,44,8,orf_style,0,0,0.52,0.235,0.245
dili_multiclass,310,9354,44,8,orf_style,0,2,0.165,0.28,0.555
dili_multiclass,312,12035,44,8,orf_style,0,2,0.19,0.45,0.36
dili_multiclass,313,14985,44,8,orf_style,0,0,0.565,0.195,0.24
dili_multiclass,321,28486,44,8,orf_style,0,0,0.38,0.13,0.49
dili_multiclass,322,33624,44,8,orf_style,0,0,0.75,0.08,0.17
dili_multiclass,327,51634,44,8,orf_style,0,0,0.59,0.18,0.23
dili_multiclass,338,63006,44,8,orf_style,0,0,0.395,0.29,0.315
dili_multiclass,353,174174,44,8,orf_style,0,0,0.58,0.27,0.15
dili_multiclass,360,449193,44,8,orf_style,0,0,0.305,0.405,0.29
dili_multiclass,364,969472,44,8,orf_style,0,0,0.545,0.235,0.22
dili_multiclass,366,3052762,44,8,orf_style,0,1,0.125,0.73,0.145
dili_multiclass,405,115358,44,8,orf_style,0,0,0.425,0.38,0.195
dili_multiclass,406,11753673,44,8,orf_style,0,0,0.54,0.225,0.235
dili_multiclass,408,121892,44,8,orf_style,0,2,0.135,0.49,0.375
dili_multiclass,412,154234,44,8,orf_style,0,0,0.62,0.185,0.195
dili_multiclass,415,16078,44,8,orf_style,0,0,0.415,0.36,0.225
dili_multiclass,417,176077,44,8,orf_style,0,0,0.68,0.13,0.19
dili_multiclass,429,5280483,44,8,orf_style,0,0,0.515,0.265,0.22
dili_multiclass,493,148121,44,8,orf_style,0,0,0.54,0.395,0.065
dili_multiclass,498,3010818,44,8,orf_style,0,0,0.64,0.185,0.175
dili_multiclass,522,25154714,44,8,orf_style,0,0,0.75,0.035,0.215
dili_multiclass,528,54680690,44,8,orf_style,0,2,0.25,0.125,0.625
dili_multiclass,530,90311989,44,8,orf_style,0,0,0.67,0.035,0.295
dili_multiclass,548,237,44,8,orf_style,0,1,0.25,0.44,0.31
dili_multiclass,550,24958200,44,8,orf_style,0,1,0.16,0.605,0.235
dili_multiclass,558,54697325,44,8,orf_style,0,0,0.645,0.1,0.255
dili_multiclass,571,9829523,44,8,orf_style,0,0,0.58,0.175,0.245
dili_multiclass,19,4449,44,8,bworf_no_mi,2,2,0.265,0.37,0.365
dili_multiclass,31,54454,44,8,bworf_no_mi,2,2,0.265,0.35,0.385
dili_multiclass,35,126941,44,8,bworf_no_mi,2,0,0.655,0.26,0.085
dili_multiclass,37,441074,44,8,bworf_no_mi,2,2,0.265,0.23,0.505
dili_multiclass,39,657298,44,8,bworf_no_mi,2,2,0.23,0.19,0.58
dili_multiclass,50,938,44,8,bworf_no_mi,2,0,0.595,0.085,0.32
dili_multiclass,64,2160,44,8,bworf_no_mi,2,1,0.39,0.445,0.165
dili_multiclass,79,3763,44,8,bworf_no_mi,2,2,0.065,0.485,0.45
dili_multiclass,83,4485,44,8,bworf_no_mi,2,0,0.425,0.21,0.365
dili_multiclass,108,55283,44,8,bworf_no_mi,2,0,0.495,0.22,0.285
dili_multiclass,118,176870,44,8,bworf_no_mi,2,0,0.43,0.405,0.165
dili_multiclass,126,3081884,44,8,bworf_no_mi,2,0,0.67,0.11,0.22
dili_multiclass,131,5362119,44,8,bworf_no_mi,2,1,0.24,0.56,0.2
dili_multiclass,132,6439133,44,8,bworf_no_mi,2,0,0.37,0.39,0.24
dili_multiclass,143,2019,44,8,bworf_no_mi,1,1,0.425,0.5,0.075
dili_multiclass,161,3675,44,8,bworf_no_mi,1,0,0.37,0.35,0.28
dili_multiclass,163,3749,44,8,bworf_no_mi,1,1,0.155,0.705,0.14
dili_multiclass,173,4539,44,8,bworf_no_mi,1,2,0.135,0.375,0.49
dili_multiclass,174,4543,44,8,bworf_no_mi,1,1,0.26,0.57,0.17
dili_multiclass,175,4614,44,8,bworf_no_mi,1,1,0.015,0.785,0.2
dili_multiclass,197,65140,44,8,bworf_no_mi,1,2,0.35,0.17,0.48
dili_multiclass,203,134018,44,8,bworf_no_mi,1,1,0.24,0.535,0.225
dili_multiclass,223,5362440,44,8,bworf_no_mi,1,1,0.285,0.49,0.225
dili_multiclass,238,6468,44,8,bworf_no_mi,1,0,0.515,0.135,0.35
dili_multiclass,253,2707,44,8,bworf_no_mi,0,2,0.3,0.17,0.53
dili_multiclass,271,3658,44,8,bworf_no_mi,0,0,0.545,0.19,0.265
dili_multiclass,272,3784,44,8,bworf_no_mi,0,1,0.2,0.57,0.23
dili_multiclass,276,4034,44,8,bworf_no_mi,0,0,0.44,0.27,0.29
dili_multiclass,285,4771,44,8,bworf_no_mi,0,0,0.41,0.205,0.385
dili_multiclass,292,5253,44,8,bworf_no_mi,0,0,0.465,0.28,0.255
dili_multiclass,310,9354,44,8,bworf_no_mi,0,2,0.115,0.35,0.535
dili_multiclass,312,12035,44,8,bworf_no_mi,0,1,0.1,0.485,0.415
dili_multiclass,313,14985,44,8,bworf_no_mi,0,0,0.44,0.285,0.275
dili_multiclass,321,28486,44,8,bworf_no_mi,0,2,0.375,0.145,0.48
dili_multiclass,322,33624,44,8,bworf_no_mi,0,0,0.645,0.205,0.15
dili_multiclass,327,51634,44,8,bworf_no_mi,0,0,0.56,0.195,0.245
dili_multiclass,338,63006,44,8,bworf_no_mi,0,2,0.31,0.33,0.36
dili_multiclass,353,174174,44,8,bworf_no_mi,0,0,0.47,0.28,0.25
dili_multiclass,360,449193,44,8,bworf_no_mi,0,1,0.285,0.485,0.23
dili_multiclass,364,969472,44,8,bworf_no_mi,0,0,0.395,0.39,0.215
dili_multiclass,366,3052762,44,8,bworf_no_mi,0,1,0.04,0.75,0.21
dili_multiclass,405,115358,44,8,bworf_no_mi,0,1,0.21,0.565,0.225
dili_multiclass,406,11753673,44,8,bworf_no_mi,0,0,0.495,0.215,0.29
dili_multiclass,408,121892,44,8,bworf_no_mi,0,2,0.1,0.46,0.44
dili_multiclass,412,154234,44,8,bworf_no_mi,0,0,0.495,0.355,0.15
dili_multiclass,415,16078,44,8,bworf_no_mi,0,1,0.305,0.42,0.275
dili_multiclass,417,176077,44,8,bworf_no_mi,0,0,0.63,0.185,0.185
dili_multiclass,429,5280483,44,8,bworf_no_mi,0,1,0.315,0.455,0.23
dili_multiclass,493,148121,44,8,bworf_no_mi,0,1,0.46,0.51,0.03
dili_multiclass,498,3010818,44,8,bworf_no_mi,0,0,0.415,0.395,0.19
dili_multiclass,522,25154714,44,8,bworf_no_mi,0,0,0.645,0.14,0.215
dili_multiclass,528,54680690,44,8,bworf_no_mi,0,2,0.205,0.2,0.595
dili_multiclass,530,90311989,44,8,bworf_no_mi,0,0,0.565,0.08,0.355
dili_multiclass,548,237,44,8,bworf_no_mi,0,1,0.135,0.54,0.325
dili_multiclass,550,24958200,44,8,bworf_no_mi,0,1,0.025,0.745,0.23
dili_multiclass,558,54697325,44,8,bworf_no_mi,0,0,0.49,0.19,0.32
dili_multiclass,571,9829523,44,8,bworf_no_mi,0,0,0.48,0.265,0.255
dili_multiclass,19,4449,44,8,bworf_mi,2,0,0.4716666666666666,0.2516666666666667,0.27666666666666667
dili_multiclass,31,54454,44,8,bworf_mi,2,2,0.31,0.295,0.3949999999999999
dili_multiclass,35,126941,44,8,bworf_mi,2,0,0.5666666666666668,0.19166666666666668,0.24166666666666664
dili_multiclass,37,441074,44,8,bworf_mi,2,2,0.4016666666666667,0.16666666666666669,0.4316666666666667
dili_multiclass,39,657298,44,8,bworf_mi,2,2,0.33833333333333326,0.22333333333333333,0.43833333333333335
dili_multiclass,50,938,44,8,bworf_mi,2,2,0.445,0.06,0.495
dili_multiclass,64,2160,44,8,bworf_mi,2,0,0.43000000000000005,0.30999999999999994,0.25999999999999995
dili_multiclass,79,3763,44,8,bworf_mi,2,2,0.23,0.3,0.47
dili_multiclass,83,4485,44,8,bworf_mi,2,2,0.4033333333333334,0.2783333333333333,0.3183333333333333
dili_multiclass,108,55283,44,8,bworf_mi,2,0,0.5166666666666666,0.2016666666666667,0.2816666666666667
dili_multiclass,118,176870,44,8,bworf_mi,2,0,0.48833333333333334,0.27833333333333327,0.2333333333333333
dili_multiclass,126,3081884,44,8,bworf_mi,2,2,0.45000000000000007,0.09500000000000001,0.45500000000000007
dili_multiclass,131,5362119,44,8,bworf_mi,2,0,0.395,0.43,0.175
dili_multiclass,132,6439133,44,8,bworf_mi,2,1,0.2883333333333333,0.4933333333333334,0.2183333333333333
dili_multiclass,143,2019,44,8,bworf_mi,1,0,0.6133333333333334,0.08833333333333333,0.29833333333333334
dili_multiclass,161,3675,44,8,bworf_mi,1,2,0.5016666666666667,0.10666666666666667,0.3916666666666667
dili_multiclass,163,3749,44,8,bworf_mi,1,0,0.52,0.345,0.135
dili_multiclass,173,4539,44,8,bworf_mi,1,2,0.4500000000000001,0.09,0.4600000000000001
dili_multiclass,174,4543,44,8,bworf_mi,1,0,0.4466666666666667,0.2766666666666666,0.2766666666666666
dili_multiclass,175,4614,44,8,bworf_mi,1,0,0.4750000000000001,0.255,0.26999999999999996
dili_multiclass,197,65140,44,8,bworf_mi,1,0,0.5066666666666667,0.35666666666666663,0.1366666666666667
dili_multiclass,203,134018,44,8,bworf_mi,1,2,0.4050000000000001,0.27999999999999997,0.31499999999999995
dili_multiclass,223,5362440,44,8,bworf_mi,1,0,0.46166666666666667,0.34166666666666656,0.19666666666666668
dili_multiclass,238,6468,44,8,bworf_mi,1,0,0.4416666666666667,0.24666666666666665,0.3116666666666666
dili_multiclass,253,2707,44,8,bworf_mi,0,2,0.51,0.06,0.43
dili_multiclass,271,3658,44,8,bworf_mi,0,1,0.3283333333333333,0.3533333333333333,0.31833333333333325
dili_multiclass,272,3784,44,8,bworf_mi,0,0,0.47333333333333344,0.2633333333333333,0.2633333333333333
dili_multiclass,276,4034,44,8,bworf_mi,0,1,0.36333333333333334,0.2633333333333333,0.3733333333333334
dili_multiclass,285,4771,44,8,bworf_mi,0,2,0.44000000000000006,0.23499999999999996,0.325
dili_multiclass,292,5253,44,8,bworf_mi,0,2,0.37,0.22999999999999993,0.4000000000000001
dili_multiclass,310,9354,44,8,bworf_mi,0,2,0.40333333333333327,0.08833333333333332,0.5083333333333333
dili_multiclass,312,12035,44,8,bworf_mi,0,2,0.4116666666666666,0.16666666666666669,0.42166666666666663
dili_multiclass,313,14985,44,8,bworf_mi,0,1,0.33666666666666667,0.30666666666666664,0.35666666666666663
dili_multiclass,321,28486,44,8,bworf_mi,0,2,0.46,0.14500000000000002,0.395
dili_multiclass,322,33624,44,8,bworf_mi,0,0,0.6283333333333334,0.18333333333333332,0.18833333333333332
dili_multiclass,327,51634,44,8,bworf_mi,0,0,0.47000000000000014,0.30499999999999994,0.22499999999999992
dili_multiclass,338,63006,44,8,bworf_mi,0,2,0.4616666666666667,0.13166666666666668,0.40666666666666673
dili_multiclass,353,174174,44,8,bworf_mi,0,0,0.43000000000000005,0.3,0.26999999999999996
dili_multiclass,360,449193,44,8,bworf_mi,0,2,0.3916666666666667,0.21666666666666665,0.39166666666666666
dili_multiclass,364,969472,44,8,bworf_mi,0,2,0.46333333333333343,0.17833333333333332,0.35833333333333334
dili_multiclass,366,3052762,44,8,bworf_mi,0,0,0.5850000000000001,0.20499999999999996,0.20999999999999996
dili_multiclass,405,115358,44,8,bworf_mi,0,0,0.5683333333333334,0.3183333333333333,0.11333333333333334
dili_multiclass,406,11753673,44,8,bworf_mi,0,0,0.41666666666666674,0.3016666666666667,0.2816666666666667
dili_multiclass,408,121892,44,8,bworf_mi,0,2,0.4583333333333334,0.1833333333333333,0.35833333333333334
dili_multiclass,412,154234,44,8,bworf_mi,0,1,0.38000000000000006,0.36,0.25999999999999995
dili_multiclass,415,16078,44,8,bworf_mi,0,1,0.30499999999999994,0.3549999999999999,0.3399999999999999
dili_multiclass,417,176077,44,8,bworf_mi,0,2,0.46833333333333327,0.17833333333333334,0.3533333333333333
dili_multiclass,429,5280483,44,8,bworf_mi,0,1,0.23666666666666664,0.47166666666666673,0.2916666666666667
dili_multiclass,493,148121,44,8,bworf_mi,0,0,0.49500000000000005,0.31499999999999995,0.19000000000000003
dili_multiclass,498,3010818,44,8,bworf_mi,0,0,0.6183333333333334,0.15833333333333333,0.22333333333333333
dili_multiclass,522,25154714,44,8,bworf_mi,0,0,0.77,0.06,0.17
dili_multiclass,528,54680690,44,8,bworf_mi,0,2,0.36666666666666664,0.13166666666666665,0.5016666666666666
dili_multiclass,530,90311989,44,8,bworf_mi,0,2,0.485,0.155,0.36
dili_multiclass,548,237,44,8,bworf_mi,0,0,0.4316666666666667,0.3316666666666667,0.23666666666666664
dili_multiclass,550,24958200,44,8,bworf_mi,0,0,0.5150000000000001,0.24999999999999997,0.23499999999999996
dili_multiclass,558,54697325,44,8,bworf_mi,0,2,0.465,0.145,0.39
dili_multiclass,571,9829523,44,8,bworf_mi,0,0,0.4866666666666667,0.19166666666666665,0.32166666666666666
dili_multiclass,20,4463,44,9,orf_style,2,1,0.255,0.58,0.165
dili_multiclass,40,667490,44,9,orf_style,2,2,0.275,0.155,0.57
dili_multiclass,48,135398739,44,9,orf_style,2,0,0.62,0.145,0.235
dili_multiclass,51,1983,44,9,orf_style,2,0,0.515,0.035,0.45
dili_multiclass,53,3007,44,9,orf_style,2,0,0.555,0.115,0.33
dili_multiclass,70,2764,44,9,orf_style,2,0,0.235,0.415,0.35
dili_multiclass,74,3331,44,9,orf_style,2,0,0.745,0.025,0.23
dili_multiclass,91,5402,44,9,orf_style,2,0,0.575,0.055,0.37
dili_multiclass,105,44093,44,9,orf_style,2,0,0.49,0.15,0.36
dili_multiclass,111,60835,44,9,orf_style,2,0,0.57,0.185,0.245
dili_multiclass,112,60838,44,9,orf_style,2,0,0.705,0.055,0.24
dili_multiclass,114,71616,44,9,orf_style,2,1,0.24,0.455,0.305
dili_multiclass,119,208908,44,9,orf_style,2,0,0.605,0.135,0.26
dili_multiclass,135,54671203,44,9,orf_style,2,0,0.47,0.145,0.385
dili_multiclass,141,444,44,9,orf_style,1,0,0.615,0.115,0.27
dili_multiclass,149,2771,44,9,orf_style,1,0,0.575,0.2,0.225
dili_multiclass,155,3386,44,9,orf_style,1,1,0.15,0.71,0.14
dili_multiclass,171,4205,44,9,orf_style,1,0,0.38,0.405,0.215
dili_multiclass,183,5717,44,9,orf_style,1,0,0.53,0.27,0.2
dili_multiclass,195,60750,44,9,orf_style,1,0,0.36,0.44,0.2
dili_multiclass,199,65628,44,9,orf_style,1,0,0.41,0.12,0.47
dili_multiclass,201,93860,44,9,orf_style,1,1,0.15,0.665,0.185
dili_multiclass,224,5493444,44,9,orf_style,1,0,0.645,0.075,0.28
dili_multiclass,233,25126798,44,9,orf_style,1,0,0.55,0.265,0.185
dili_multiclass,255,2789,44,9,orf_style,0,0,0.47,0.135,0.395
dili_multiclass,258,2812,44,9,orf_style,0,0,0.4,0.22,0.38
dili_multiclass,286,4828,44,9,orf_style,0,0,0.78,0.0,0.22
dili_multiclass,287,4908,44,9,orf_style,0,0,0.365,0.305,0.33
dili_multiclass,340,71301,44,9,orf_style,0,0,0.59,0.07,0.34
dili_multiclass,348,121396,44,9,orf_style,0,2,0.28,0.15,0.57
dili_multiclass,372,5284596,44,9,orf_style,0,0,0.69,0.035,0.275
dili_multiclass,378,9865528,44,9,orf_style,0,0,0.67,0.11,0.22
dili_multiclass,380,10220503,44,9,orf_style,0,0,0.665,0.055,0.28
dili_multiclass,385,16130199,44,9,orf_style,0,0,0.77,0.0,0.23
dili_multiclass,387,16133850,44,9,orf_style,0,0,0.74,0.004999999999999999,0.255
dili_multiclass,389,23673837,44,9,orf_style,0,1,0.325,0.53,0.145
dili_multiclass,394,135413536,44,9,orf_style,0,0,0.565,0.215,0.22
dili_multiclass,411,131682,44,9,orf_style,0,0,0.605,0.19,0.205
dili_multiclass,413,1548994,44,9,orf_style,0,0,0.55,0.14,0.31
dili_multiclass,420,23725625,44,9,orf_style,0,0,0.57,0.195,0.235
dili_multiclass,422,25025298,44,9,orf_style,0,0,0.715,0.055,0.23
dili_multiclass,425,42613186,44,9,orf_style,0,0,0.355,0.26,0.385
dili_multiclass,433,54732242,44,9,orf_style,0,0,0.78,0.0,0.22
dili_multiclass,440,65015,44,9,orf_style,0,0,0.65,0.18,0.17
dili_multiclass,441,65305,44,9,orf_style,0,0,0.54,0.235,0.225
dili_multiclass,449,2123,44,9,orf_style,0,0,0.635,0.085,0.28
dili_multiclass,456,3759,44,9,orf_style,0,0,0.44,0.2,0.36
dili_multiclass,460,4211,44,9,orf_style,0,0,0.42,0.25,0.33
dili_multiclass,470,5625,44,9,orf_style,0,0,0.535,0.255,0.21
dili_multiclass,481,60953,44,9,orf_style,0,0,0.585,0.09,0.325
dili_multiclass,482,65999,44,9,orf_style,0,0,0.575,0.23,0.195
dili_multiclass,511,9915743,44,9,orf_style,0,0,0.625,0.07,0.305
dili_multiclass,524,44462760,44,9,orf_style,0,0,0.365,0.46,0.175
dili_multiclass,532,135400189,44,9,orf_style,0,1,0.205,0.69,0.105
dili_multiclass,538,10275777,44,9,orf_style,0,1,0.32,0.49,0.19
dili_multiclass,539,10280735,44,9,orf_style,0,0,0.355,0.325,0.32
dili_multiclass,552,46188928,44,9,orf_style,0,0,0.575,0.2,0.225
dili_multiclass,20,4463,44,9,bworf_no_mi,2,1,0.17,0.655,0.175
dili_multiclass,40,667490,44,9,bworf_no_mi,2,2,0.165,0.21,0.625
dili_multiclass,48,135398739,44,9,bworf_no_mi,2,0,0.53,0.275,0.195
dili_multiclass,51,1983,44,9,bworf_no_mi,2,0,0.48,0.06,0.46
dili_multiclass,53,3007,44,9,bworf_no_mi,2,0,0.53,0.21,0.26
dili_multiclass,70,2764,44,9,bworf_no_mi,2,2,0.185,0.395,0.42
dili_multiclass,74,3331,44,9,bworf_no_mi,2,0,0.73,0.12,0.15
dili_multiclass,91,5402,44,9,bworf_no_mi,2,0,0.475,0.09,0.435
dili_multiclass,105,44093,44,9,bworf_no_mi,2,0,0.49,0.1,0.41
dili_multiclass,111,60835,44,9,bworf_no_mi,2,0,0.465,0.295,0.24
dili_multiclass,112,60838,44,9,bworf_no_mi,2,0,0.68,0.095,0.225
dili_multiclass,114,71616,44,9,bworf_no_mi,2,1,0.16,0.51,0.33
dili_multiclass,119,208908,44,9,bworf_no_mi,2,0,0.625,0.13,0.245
dili_multiclass,135,54671203,44,9,bworf_no_mi,2,2,0.355,0.21,0.435
dili_multiclass,141,444,44,9,bworf_no_mi,1,0,0.535,0.165,0.3
dili_multiclass,149,2771,44,9,bworf_no_mi,1,0,0.545,0.325,0.13
dili_multiclass,155,3386,44,9,bworf_no_mi,1,1,0.11,0.695,0.195
dili_multiclass,171,4205,44,9,bworf_no_mi,1,1,0.22,0.54,0.24
dili_multiclass,183,5717,44,9,bworf_no_mi,1,1,0.37,0.46,0.17
dili_multiclass,195,60750,44,9,bworf_no_mi,1,1,0.22,0.555,0.225
dili_multiclass,199,65628,44,9,bworf_no_mi,1,2,0.26,0.22,0.52
dili_multiclass,201,93860,44,9,bworf_no_mi,1,1,0.11,0.72,0.17
dili_multiclass,224,5493444,44,9,bworf_no_mi,1,0,0.575,0.225,0.2
dili_multiclass,233,25126798,44,9,bworf_no_mi,1,0,0.48,0.405,0.11500000000000002
dili_multiclass,255,2789,44,9,bworf_no_mi,0,2,0.345,0.225,0.43
dili_multiclass,258,2812,44,9,bworf_no_mi,0,2,0.22,0.28,0.5
dili_multiclass,286,4828,44,9,bworf_no_mi,0,0,0.82,0.02,0.16
dili_multiclass,287,4908,44,9,bworf_no_mi,0,1,0.22,0.5,0.28
dili_multiclass,340,71301,44,9,bworf_no_mi,0,2,0.42,0.07500000000000001,0.505
dili_multiclass,348,121396,44,9,bworf_no_mi,0,2,0.23,0.225,0.545
dili_multiclass,372,5284596,44,9,bworf_no_mi,0,0,0.62,0.03,0.35
dili_multiclass,378,9865528,44,9,bworf_no_mi,0,0,0.625,0.17,0.205
dili_multiclass,380,10220503,44,9,bworf_no_mi,0,0,0.51,0.22,0.27
dili_multiclass,385,16130199,44,9,bworf_no_mi,0,0,0.8,0.01,0.19
dili_multiclass,387,16133850,44,9,bworf_no_mi,0,0,0.745,0.035,0.22
dili_multiclass,389,23673837,44,9,bworf_no_mi,0,1,0.205,0.66,0.135
dili_multiclass,394,135413536,44,9,bworf_no_mi,0,0,0.465,0.335,0.2
dili_multiclass,411,131682,44,9,bworf_no_mi,0,0,0.495,0.345,0.16
dili_multiclass,413,1548994,44,9,bworf_no_mi,0,0,0.515,0.265,0.22
dili_multiclass,420,23725625,44,9,bworf_no_mi,0,0,0.535,0.255,0.21
dili_multiclass,422,25025298,44,9,bworf_no_mi,0,0,0.63,0.235,0.135
dili_multiclass,425,42613186,44,9,bworf_no_mi,0,2,0.345,0.28,0.375
dili_multiclass,433,54732242,44,9,bworf_no_mi,0,0,0.84,0.0,0.16
dili_multiclass,440,65015,44,9,bworf_no_mi,0,0,0.745,0.12,0.135
dili_multiclass,441,65305,44,9,bworf_no_mi,0,1,0.38,0.435,0.185
dili_multiclass,449,2123,44,9,bworf_no_mi,0,0,0.475,0.13,0.395
dili_multiclass,456,3759,44,9,bworf_no_mi,0,2,0.28,0.345,0.375
dili_multiclass,460,4211,44,9,bworf_no_mi,0,2,0.31,0.28,0.41
dili_multiclass,470,5625,44,9,bworf_no_mi,0,0,0.465,0.36,0.175
dili_multiclass,481,60953,44,9,bworf_no_mi,0,0,0.475,0.18,0.345
dili_multiclass,482,65999,44,9,bworf_no_mi,0,0,0.555,0.29,0.155
dili_multiclass,511,9915743,44,9,bworf_no_mi,0,0,0.63,0.055,0.315
dili_multiclass,524,44462760,44,9,bworf_no_mi,0,1,0.21,0.66,0.13
dili_multiclass,532,135400189,44,9,bworf_no_mi,0,1,0.03,0.805,0.165
dili_multiclass,538,10275777,44,9,bworf_no_mi,0,1,0.32,0.5,0.18
dili_multiclass,539,10280735,44,9,bworf_no_mi,0,0,0.38,0.385,0.235
dili_multiclass,552,46188928,44,9,bworf_no_mi,0,0,0.495,0.39,0.115
dili_multiclass,20,4463,44,9,bworf_mi,2,2,0.37833333333333335,0.2633333333333333,0.3583333333333333
dili_multiclass,40,667490,44,9,bworf_mi,2,2,0.2583333333333333,0.3233333333333333,0.41833333333333333
dili_multiclass,48,135398739,44,9,bworf_mi,2,0,0.41666666666666674,0.22666666666666666,0.35666666666666663
dili_multiclass,51,1983,44,9,bworf_mi,2,0,0.4,0.275,0.325
dili_multiclass,53,3007,44,9,bworf_mi,2,0,0.5316666666666667,0.25666666666666665,0.21166666666666661
dili_multiclass,70,2764,44,9,bworf_mi,2,0,0.3583333333333333,0.3633333333333333,0.2783333333333333
dili_multiclass,74,3331,44,9,bworf_mi,2,1,0.33333333333333326,0.3183333333333333,0.3483333333333333
dili_multiclass,91,5402,44,9,bworf_mi,2,0,0.45333333333333337,0.2733333333333333,0.2733333333333333
dili_multiclass,105,44093,44,9,bworf_mi,2,0,0.5333333333333333,0.16833333333333336,0.29833333333333334
dili_multiclass,111,60835,44,9,bworf_mi,2,1,0.3666666666666667,0.41166666666666674,0.22166666666666668
dili_multiclass,112,60838,44,9,bworf_mi,2,0,0.5516666666666667,0.23166666666666663,0.21666666666666665
dili_multiclass,114,71616,44,9,bworf_mi,2,2,0.3,0.30999999999999994,0.3899999999999999
dili_multiclass,119,208908,44,9,bworf_mi,2,2,0.34333333333333327,0.2533333333333333,0.4033333333333334
dili_multiclass,135,54671203,44,9,bworf_mi,2,2,0.33666666666666667,0.21666666666666665,0.44666666666666666
dili_multiclass,141,444,44,9,bworf_mi,1,2,0.37666666666666665,0.2866666666666666,0.33666666666666667
dili_multiclass,149,2771,44,9,bworf_mi,1,1,0.3483333333333334,0.3733333333333333,0.27833333333333327
dili_multiclass,155,3386,44,9,bworf_mi,1,2,0.365,0.29,0.345
dili_multiclass,171,4205,44,9,bworf_mi,1,2,0.39166666666666666,0.19666666666666666,0.41166666666666674
dili_multiclass,183,5717,44,9,bworf_mi,1,1,0.30333333333333334,0.6233333333333334,0.07333333333333333
dili_multiclass,195,60750,44,9,bworf_mi,1,2,0.2866666666666667,0.3466666666666666,0.36666666666666664
dili_multiclass,199,65628,44,9,bworf_mi,1,2,0.40666666666666673,0.13166666666666665,0.46166666666666667
dili_multiclass,201,93860,44,9,bworf_mi,1,0,0.3583333333333333,0.29833333333333334,0.34333333333333327
dili_multiclass,224,5493444,44,9,bworf_mi,1,0,0.5483333333333333,0.2333333333333333,0.21833333333333335
dili_multiclass,233,25126798,44,9,bworf_mi,1,0,0.455,0.375,0.17
dili_multiclass,255,2789,44,9,bworf_mi,0,0,0.5516666666666667,0.06666666666666667,0.3816666666666667
dili_multiclass,258,2812,44,9,bworf_mi,0,2,0.39166666666666666,0.22666666666666666,0.38166666666666665
dili_multiclass,286,4828,44,9,bworf_mi,0,0,0.38499999999999995,0.3299999999999999,0.2849999999999999
dili_multiclass,287,4908,44,9,bworf_mi,0,1,0.22833333333333328,0.4683333333333334,0.30333333333333334
dili_multiclass,340,71301,44,9,bworf_mi,0,0,0.4966666666666667,0.19666666666666666,0.30666666666666664
dili_multiclass,348,121396,44,9,bworf_mi,0,2,0.32333333333333336,0.3383333333333334,0.3383333333333334
dili_multiclass,372,5284596,44,9,bworf_mi,0,0,0.535,0.07999999999999999,0.385
dili_multiclass,378,9865528,44,9,bworf_mi,0,1,0.195,0.495,0.31
dili_multiclass,380,10220503,44,9,bworf_mi,0,0,0.5033333333333334,0.2483333333333333,0.24833333333333332
dili_multiclass,385,16130199,44,9,bworf_mi,0,0,0.6933333333333335,0.05333333333333333,0.2533333333333333
dili_multiclass,387,16133850,44,9,bworf_mi,0,0,0.6633333333333334,0.11333333333333333,0.22333333333333333
dili_multiclass,389,23673837,44,9,bworf_mi,0,0,0.39,0.395,0.215
dili_multiclass,394,135413536,44,9,bworf_mi,0,0,0.5466666666666667,0.21166666666666664,0.24166666666666664
dili_multiclass,411,131682,44,9,bworf_mi,0,0,0.3766666666666667,0.29166666666666663,0.33166666666666667
dili_multiclass,413,1548994,44,9,bworf_mi,0,0,0.5100000000000001,0.155,0.3350000000000001
dili_multiclass,420,23725625,44,9,bworf_mi,0,1,0.4233333333333333,0.4433333333333333,0.13333333333333333
dili_multiclass,422,25025298,44,9,bworf_mi,0,0,0.56,0.075,0.36500000000000005
dili_multiclass,425,42613186,44,9,bworf_mi,0,0,0.5333333333333333,0.19833333333333336,0.2683333333333333
dili_multiclass,433,54732242,44,9,bworf_mi,0,0,0.5716666666666668,0.13166666666666665,0.29666666666666663
dili_multiclass,440,65015,44,9,bworf_mi,0,0,0.5366666666666666,0.26166666666666666,0.2016666666666667
dili_multiclass,441,65305,44,9,bworf_mi,0,2,0.32833333333333337,0.3433333333333334,0.3283333333333333
dili_multiclass,449,2123,44,9,bworf_mi,0,2,0.42,0.185,0.395
dili_multiclass,456,3759,44,9,bworf_mi,0,2,0.38833333333333336,0.19833333333333336,0.41333333333333333
dili_multiclass,460,4211,44,9,bworf_mi,0,2,0.3516666666666666,0.24666666666666665,0.4016666666666667
dili_multiclass,470,5625,44,9,bworf_mi,0,2,0.2583333333333333,0.3683333333333333,0.3733333333333333
dili_multiclass,481,60953,44,9,bworf_mi,0,2,0.3499999999999999,0.295,0.355
dili_multiclass,482,65999,44,9,bworf_mi,0,0,0.4016666666666667,0.2766666666666666,0.32166666666666655
dili_multiclass,511,9915743,44,9,bworf_mi,0,0,0.5633333333333334,0.07833333333333334,0.3583333333333333
dili_multiclass,524,44462760,44,9,bworf_mi,0,2,0.33666666666666667,0.29166666666666663,0.37166666666666665
dili_multiclass,532,135400189,44,9,bworf_mi,0,1,0.25999999999999995,0.48500000000000015,0.25499999999999995
dili_multiclass,538,10275777,44,9,bworf_mi,0,1,0.40333333333333327,0.46833333333333327,0.12833333333333333
dili_multiclass,539,10280735,44,9,bworf_mi,0,0,0.4733333333333334,0.20333333333333337,0.3233333333333333
dili_multiclass,552,46188928,44,9,bworf_mi,0,0,0.52,0.21499999999999997,0.265
dili_multiclass,0,1775,44,10,orf_style,2,0,0.315,0.31,0.375
dili_multiclass,11,3117,44,10,orf_style,2,0,0.565,0.1,0.335
dili_multiclass,18,3878,44,10,orf_style,2,0,0.6,0.28,0.12
dili_multiclass,22,4583,44,10,orf_style,2,0,0.28,0.155,0.565
dili_multiclass,27,12560,44,10,orf_style,2,2,0.26,0.09,0.65
dili_multiclass,44,5388906,44,10,orf_style,0,0,0.46,0.19,0.35
dili_multiclass,46,9887054,44,10,orf_style,2,0,0.595,0.17,0.235
dili_multiclass,55,5760,44,10,orf_style,2,0,0.63,0.16,0.21
dili_multiclass,77,3559,44,10,orf_style,2,0,0.295,0.25,0.455
dili_multiclass,81,3899,44,10,orf_style,2,0,0.595,0.08,0.325
dili_multiclass,102,35370,44,10,orf_style,2,0,0.305,0.28,0.415
dili_multiclass,121,441141,44,10,orf_style,2,0,0.58,0.205,0.215
dili_multiclass,127,5281040,44,10,orf_style,2,0,0.435,0.185,0.38
dili_multiclass,136,54676228,44,10,orf_style,2,1,0.065,0.775,0.16
dili_multiclass,139,4053,44,10,orf_style,2,0,0.41,0.45,0.14
dili_multiclass,152,3325,44,10,orf_style,1,0,0.325,0.455,0.22
dili_multiclass,168,4168,44,10,orf_style,1,0,0.25,0.435,0.315
dili_multiclass,172,4493,44,10,orf_style,1,0,0.525,0.055,0.42
dili_multiclass,176,4679,44,10,orf_style,1,0,0.38,0.045,0.575
dili_multiclass,192,42113,44,10,orf_style,1,0,0.335,0.245,0.42
dili_multiclass,207,216237,44,10,orf_style,1,0,0.41,0.38,0.21
dili_multiclass,219,5284627,44,10,orf_style,1,1,0.225,0.47,0.305
dili_multiclass,222,5362129,44,10,orf_style,1,0,0.68,0.03,0.29
dili_multiclass,226,6436030,44,10,orf_style,1,0,0.545,0.24,0.215
dili_multiclass,236,135398744,44,10,orf_style,1,0,0.49,0.315,0.195
dili_multiclass,242,942,44,10,orf_style,0,0,0.645,0.055,0.3
dili_multiclass,245,2170,44,10,orf_style,0,0,0.18,0.415,0.405
dili_multiclass,259,2973,44,10,orf_style,0,0,0.545,0.265,0.19
dili_multiclass,268,3467,44,10,orf_style,0,0,0.645,0.06,0.295
dili_multiclass,273,3911,44,10,orf_style,0,0,0.76,0.0,0.24
dili_multiclass,305,6726,44,10,orf_style,0,0,0.66,0.07,0.27
dili_multiclass,306,6832,44,10,orf_style,0,0,0.695,0.05,0.255
dili_multiclass,326,41684,44,10,orf_style,0,0,0.37,0.285,0.345
dili_multiclass,335,60825,44,10,orf_style,0,0,0.385,0.36,0.255
dili_multiclass,352,160051,44,10,orf_style,0,0,0.745,0.03,0.225
dili_multiclass,369,5282443,44,10,orf_style,0,0,0.755,0.01,0.235
dili_multiclass,376,6918837,44,10,orf_style,0,0,0.4,0.495,0.105
dili_multiclass,386,16132446,44,10,orf_style,0,0,0.755,0.01,0.235
dili_multiclass,401,10311306,44,10,orf_style,0,0,0.495,0.33,0.175
dili_multiclass,407,11978813,44,10,orf_style,0,0,0.285,0.215,0.5
dili_multiclass,421,24965990,44,10,orf_style,0,0,0.405,0.465,0.13
dili_multiclass,423,36511,44,10,orf_style,0,0,0.7,0.09,0.21
dili_multiclass,437,56959087,44,10,orf_style,0,0,0.71,0.0,0.29
dili_multiclass,438,6018,44,10,orf_style,0,0,0.7,0.075,0.225
dili_multiclass,453,3108,44,10,orf_style,0,0,0.6,0.17,0.23
dili_multiclass,455,3291,44,10,orf_style,0,1,0.29,0.525,0.185
dili_multiclass,457,3826,44,10,orf_style,0,0,0.295,0.44,0.265
dili_multiclass,459,4064,44,10,orf_style,0,0,0.38,0.38,0.24
dili_multiclass,466,5479,44,10,orf_style,0,0,0.3,0.26,0.44
dili_multiclass,472,9444,44,10,orf_style,0,0,0.4,0.375,0.225
dili_multiclass,473,10133,44,10,orf_style,0,0,0.44,0.25,0.31
dili_multiclass,501,5312125,44,10,orf_style,0,0,0.41,0.42,0.17
dili_multiclass,521,25102847,44,10,orf_style,0,0,0.46,0.019999999999999997,0.52
dili_multiclass,541,11234049,44,10,orf_style,0,0,0.59,0.095,0.315
dili_multiclass,543,11671467,44,10,orf_style,0,0,0.745,0.01,0.245
dili_multiclass,559,54726192,44,10,orf_style,0,0,0.66,0.01,0.33
dili_multiclass,569,89683805,44,10,orf_style,0,0,0.465,0.295,0.24
dili_multiclass,0,1775,44,10,bworf_no_mi,2,1,0.325,0.405,0.27
dili_multiclass,11,3117,44,10,bworf_no_mi,2,0,0.525,0.155,0.32
dili_multiclass,18,3878,44,10,bworf_no_mi,2,0,0.635,0.275,0.09
dili_multiclass,22,4583,44,10,bworf_no_mi,2,2,0.17,0.22,0.61
dili_multiclass,27,12560,44,10,bworf_no_mi,2,2,0.16,0.165,0.675
dili_multiclass,44,5388906,44,10,bworf_no_mi,0,0,0.41,0.19,0.4
dili_multiclass,46,9887054,44,10,bworf_no_mi,2,0,0.57,0.27,0.16
dili_multiclass,55,5760,44,10,bworf_no_mi,2,0,0.49,0.38,0.13
dili_multiclass,77,3559,44,10,bworf_no_mi,2,2,0.22,0.235,0.545
dili_multiclass,81,3899,44,10,bworf_no_mi,2,0,0.375,0.225,0.4
dili_multiclass,102,35370,44,10,bworf_no_mi,2,2,0.135,0.335,0.53
dili_multiclass,121,441141,44,10,bworf_no_mi,2,0,0.525,0.355,0.12
dili_multiclass,127,5281040,44,10,bworf_no_mi,2,2,0.265,0.19,0.545
dili_multiclass,136,54676228,44,10,bworf_no_mi,2,1,0.06,0.7,0.24
dili_multiclass,139,4053,44,10,bworf_no_mi,2,1,0.445,0.485,0.07
dili_multiclass,152,3325,44,10,bworf_no_mi,1,1,0.28,0.535,0.185
dili_multiclass,168,4168,44,10,bworf_no_mi,1,1,0.14,0.575,0.285
dili_multiclass,172,4493,44,10,bworf_no_mi,1,2,0.44,0.08,0.48
dili_multiclass,176,4679,44,10,bworf_no_mi,1,2,0.34,0.07,0.59
dili_multiclass,192,42113,44,10,bworf_no_mi,1,2,0.205,0.34,0.455
dili_multiclass,207,216237,44,10,bworf_no_mi,1,0,0.4,0.39,0.21
dili_multiclass,219,5284627,44,10,bworf_no_mi,1,1,0.12,0.525,0.355
dili_multiclass,222,5362129,44,10,bworf_no_mi,1,0,0.71,0.085,0.205
dili_multiclass,226,6436030,44,10,bworf_no_mi,1,0,0.38,0.385,0.235
dili_multiclass,236,135398744,44,10,bworf_no_mi,1,1,0.23,0.65,0.12
dili_multiclass,242,942,44,10,bworf_no_mi,0,0,0.55,0.11,0.34
dili_multiclass,245,2170,44,10,bworf_no_mi,0,2,0.17,0.39,0.44
dili_multiclass,259,2973,44,10,bworf_no_mi,0,0,0.525,0.395,0.08
dili_multiclass,268,3467,44,10,bworf_no_mi,0,0,0.65,0.07,0.28
dili_multiclass,273,3911,44,10,bworf_no_mi,0,0,0.815,0.03,0.155
dili_multiclass,305,6726,44,10,bworf_no_mi,0,0,0.68,0.14,0.18
dili_multiclass,306,6832,44,10,bworf_no_mi,0,0,0.69,0.15,0.16
dili_multiclass,326,41684,44,10,bworf_no_mi,0,0,0.375,0.22,0.405
dili_multiclass,335,60825,44,10,bworf_no_mi,0,1,0.36,0.415,0.225
dili_multiclass,352,160051,44,10,bworf_no_mi,0,0,0.81,0.03,0.16
dili_multiclass,369,5282443,44,10,bworf_no_mi,0,0,0.785,0.055,0.16
dili_multiclass,376,6918837,44,10,bworf_no_mi,0,1,0.37,0.52,0.11
dili_multiclass,386,16132446,44,10,bworf_no_mi,0,0,0.77,0.02,0.21
dili_multiclass,401,10311306,44,10,bworf_no_mi,0,0,0.435,0.41,0.155
dili_multiclass,407,11978813,44,10,bworf_no_mi,0,2,0.26,0.22,0.52
dili_multiclass,421,24965990,44,10,bworf_no_mi,0,1,0.385,0.5,0.115
dili_multiclass,423,36511,44,10,bworf_no_mi,0,0,0.715,0.16,0.125
dili_multiclass,437,56959087,44,10,bworf_no_mi,0,0,0.67,0.015,0.315
dili_multiclass,438,6018,44,10,bworf_no_mi,0,0,0.625,0.23,0.145
dili_multiclass,453,3108,44,10,bworf_no_mi,0,0,0.62,0.21,0.17
dili_multiclass,455,3291,44,10,bworf_no_mi,0,1,0.12,0.68,0.2
dili_multiclass,457,3826,44,10,bworf_no_mi,0,1,0.22,0.495,0.285
dili_multiclass,459,4064,44,10,bworf_no_mi,0,1,0.24,0.52,0.24
dili_multiclass,466,5479,44,10,bworf_no_mi,0,2,0.15,0.265,0.585
dili_multiclass,472,9444,44,10,bworf_no_mi,0,1,0.385,0.39,0.225
dili_multiclass,473,10133,44,10,bworf_no_mi,0,0,0.51,0.265,0.225
dili_multiclass,501,5312125,44,10,bworf_no_mi,0,1,0.315,0.565,0.12
dili_multiclass,521,25102847,44,10,bworf_no_mi,0,2,0.35,0.06,0.59
dili_multiclass,541,11234049,44,10,bworf_no_mi,0,0,0.575,0.145,0.28
dili_multiclass,543,11671467,44,10,bworf_no_mi,0,0,0.75,0.04,0.21
dili_multiclass,559,54726192,44,10,bworf_no_mi,0,0,0.68,0.015,0.305
dili_multiclass,569,89683805,44,10,bworf_no_mi,0,0,0.38,0.36,0.26
dili_multiclass,0,1775,44,10,bworf_mi,2,1,0.15833333333333335,0.41833333333333333,0.42333333333333334
dili_multiclass,11,3117,44,10,bworf_mi,2,2,0.355,0.28,0.365
dili_multiclass,18,3878,44,10,bworf_mi,2,2,0.415,0.16,0.425
dili_multiclass,22,4583,44,10,bworf_mi,2,2,0.35333333333333333,0.1733333333333333,0.4733333333333334
dili_multiclass,27,12560,44,10,bworf_mi,2,2,0.29,0.23,0.4800000000000001
dili_multiclass,44,5388906,44,10,bworf_mi,0,2,0.3266666666666667,0.26666666666666666,0.40666666666666673
dili_multiclass,46,9887054,44,10,bworf_mi,2,0,0.54,0.25,0.21
dili_multiclass,55,5760,44,10,bworf_mi,2,0,0.5383333333333334,0.2633333333333333,0.19833333333333333
dili_multiclass,77,3559,44,10,bworf_mi,2,0,0.41666666666666663,0.26166666666666666,0.32166666666666666
dili_multiclass,81,3899,44,10,bworf_mi,2,2,0.2833333333333334,0.2533333333333333,0.4633333333333334
dili_multiclass,102,35370,44,10,bworf_mi,2,0,0.4616666666666667,0.18166666666666664,0.3566666666666667
dili_multiclass,121,441141,44,10,bworf_mi,2,0,0.465,0.375,0.16
dili_multiclass,127,5281040,44,10,bworf_mi,2,0,0.4016666666666666,0.24166666666666664,0.3566666666666667
dili_multiclass,136,54676228,44,10,bworf_mi,2,1,0.12,0.45,0.43
dili_multiclass,139,4053,44,10,bworf_mi,2,1,0.42500000000000004,0.30999999999999994,0.26499999999999996
dili_multiclass,152,3325,44,10,bworf_mi,1,2,0.34333333333333327,0.28833333333333333,0.3683333333333333
dili_multiclass,168,4168,44,10,bworf_mi,1,1,0.37500000000000006,0.3950000000000001,0.22999999999999995
dili_multiclass,172,4493,44,10,bworf_mi,1,2,0.2683333333333333,0.28833333333333333,0.44333333333333336
dili_multiclass,176,4679,44,10,bworf_mi,1,2,0.155,0.38500000000000006,0.46
dili_multiclass,192,42113,44,10,bworf_mi,1,2,0.31,0.185,0.505
dili_multiclass,207,216237,44,10,bworf_mi,1,1,0.3683333333333333,0.3683333333333333,0.2633333333333333
dili_multiclass,219,5284627,44,10,bworf_mi,1,2,0.40333333333333327,0.23833333333333337,0.35833333333333334
dili_multiclass,222,5362129,44,10,bworf_mi,1,0,0.46833333333333327,0.22333333333333336,0.30833333333333335
dili_multiclass,226,6436030,44,10,bworf_mi,1,1,0.34,0.49,0.17
dili_multiclass,236,135398744,44,10,bworf_mi,1,0,0.53,0.255,0.215
dili_multiclass,242,942,44,10,bworf_mi,0,1,0.32666666666666666,0.4016666666666667,0.27166666666666667
dili_multiclass,245,2170,44,10,bworf_mi,0,2,0.3066666666666667,0.2816666666666667,0.4116666666666666
dili_multiclass,259,2973,44,10,bworf_mi,0,0,0.485,0.185,0.33
dili_multiclass,268,3467,44,10,bworf_mi,0,0,0.5216666666666666,0.19166666666666668,0.2866666666666667
dili_multiclass,273,3911,44,10,bworf_mi,0,0,0.535,0.29,0.175
dili_multiclass,305,6726,44,10,bworf_mi,0,2,0.39,0.24999999999999997,0.35999999999999993
dili_multiclass,306,6832,44,10,bworf_mi,0,1,0.44166666666666676,0.4216666666666667,0.1366666666666667
dili_multiclass,326,41684,44,10,bworf_mi,0,2,0.3183333333333333,0.18833333333333332,0.4933333333333333
dili_multiclass,335,60825,44,10,bworf_mi,0,2,0.12500000000000003,0.425,0.45000000000000007
dili_multiclass,352,160051,44,10,bworf_mi,0,0,0.535,0.255,0.21
dili_multiclass,369,5282443,44,10,bworf_mi,0,0,0.4616666666666667,0.36166666666666664,0.17666666666666667
dili_multiclass,376,6918837,44,10,bworf_mi,0,1,0.3600000000000001,0.42500000000000004,0.215
dili_multiclass,386,16132446,44,10,bworf_mi,0,0,0.645,0.105,0.25
dili_multiclass,401,10311306,44,10,bworf_mi,0,0,0.4383333333333333,0.31833333333333336,0.24333333333333332
dili_multiclass,407,11978813,44,10,bworf_mi,0,0,0.36333333333333334,0.3383333333333334,0.29833333333333334
dili_multiclass,421,24965990,44,10,bworf_mi,0,0,0.4733333333333333,0.2333333333333333,0.29333333333333333
dili_multiclass,423,36511,44,10,bworf_mi,0,1,0.4183333333333333,0.4383333333333333,0.14333333333333334
dili_multiclass,437,56959087,44,10,bworf_mi,0,0,0.4933333333333333,0.16333333333333336,0.34333333333333327
dili_multiclass,438,6018,44,10,bworf_mi,0,0,0.5333333333333333,0.21333333333333335,0.25333333333333335
dili_multiclass,453,3108,44,10,bworf_mi,0,0,0.545,0.295,0.16
dili_multiclass,455,3291,44,10,bworf_mi,0,0,0.4933333333333333,0.24333333333333335,0.2633333333333333
dili_multiclass,457,3826,44,10,bworf_mi,0,1,0.25999999999999995,0.3950000000000001,0.345
dili_multiclass,459,4064,44,10,bworf_mi,0,0,0.43666666666666665,0.2816666666666667,0.2816666666666666
dili_multiclass,466,5479,44,10,bworf_mi,0,2,0.235,0.305,0.46
dili_multiclass,472,9444,44,10,bworf_mi,0,1,0.33,0.345,0.325
dili_multiclass,473,10133,44,10,bworf_mi,0,0,0.47666666666666674,0.17666666666666667,0.3466666666666666
dili_multiclass,501,5312125,44,10,bworf_mi,0,0,0.42166666666666663,0.25166666666666665,0.32666666666666666
dili_multiclass,521,25102847,44,10,bworf_mi,0,0,0.565,0.185,0.25
dili_multiclass,541,11234049,44,10,bworf_mi,0,0,0.4616666666666667,0.17166666666666663,0.3666666666666667
dili_multiclass,543,11671467,44,10,bworf_mi,0,0,0.47,0.395,0.135
dili_multiclass,559,54726192,44,10,bworf_mi,0,0,0.5833333333333333,0.06333333333333332,0.35333333333333333
dili_multiclass,569,89683805,44,10,bworf_mi,0,0,0.39,0.28,0.33
dili_multiclass,0,1775,45,1,orf_style,2,0,0.355,0.24,0.405
dili_multiclass,7,2726,45,1,orf_style,2,2,0.195,0.23,0.575
dili_multiclass,16,3672,45,1,orf_style,2,0,0.41,0.295,0.295
dili_multiclass,25,5790,45,1,orf_style,2,0,0.715,0.015000000000000005,0.27
dili_multiclass,33,60823,45,1,orf_style,2,0,0.47,0.32,0.21
dili_multiclass,50,938,45,1,orf_style,2,0,0.74,0.06,0.2
dili_multiclass,58,29051,45,1,orf_style,2,0,0.315,0.27,0.415
dili_multiclass,61,298,45,1,orf_style,2,0,0.38,0.225,0.395
dili_multiclass,69,2756,45,1,orf_style,2,0,0.5,0.265,0.235
dili_multiclass,78,3696,45,1,orf_style,2,0,0.32,0.21,0.47
dili_multiclass,102,35370,45,1,orf_style,2,0,0.405,0.195,0.4
dili_multiclass,104,43815,45,1,orf_style,2,0,0.33,0.365,0.305
dili_multiclass,124,2733526,45,1,orf_style,2,0,0.675,0.14,0.185
dili_multiclass,126,3081884,45,1,orf_style,2,0,0.815,0.01,0.175
dili_multiclass,149,2771,45,1,orf_style,1,0,0.36,0.41,0.23
dili_multiclass,155,3386,45,1,orf_style,1,1,0.13,0.58,0.29
dili_multiclass,165,3869,45,1,orf_style,1,0,0.8,0.035,0.165
dili_multiclass,166,3883,45,1,orf_style,1,0,0.365,0.1,0.535
dili_multiclass,171,4205,45,1,orf_style,1,0,0.515,0.285,0.2
dili_multiclass,196,60854,45,1,orf_style,1,0,0.675,0.11,0.215
dili_multiclass,208,383414,45,1,orf_style,1,0,0.665,0.19,0.145
dili_multiclass,227,6437841,45,1,orf_style,1,2,0.095,0.61,0.295
dili_multiclass,232,24776445,45,1,orf_style,1,0,0.505,0.145,0.35
dili_multiclass,238,6468,45,1,orf_style,1,0,0.565,0.07,0.365
dili_multiclass,240,247,45,1,orf_style,0,0,0.665,0.075,0.26
dili_multiclass,247,2381,45,1,orf_style,0,0,0.585,0.075,0.34
dili_multiclass,256,2794,45,1,orf_style,0,2,0.185,0.305,0.51
dili_multiclass,265,3333,45,1,orf_style,0,2,0.175,0.51,0.315
dili_multiclass,272,3784,45,1,orf_style,0,2,0.165,0.425,0.41
dili_multiclass,286,4828,45,1,orf_style,0,0,0.81,0.02,0.17
dili_multiclass,289,4946,45,1,orf_style,0,0,0.565,0.255,0.18
dili_multiclass,297,5732,45,1,orf_style,0,0,0.585,0.24,0.175
dili_multiclass,305,6726,45,1,orf_style,0,0,0.795,0.01,0.195
dili_multiclass,322,33624,45,1,orf_style,0,0,0.785,0.05,0.165
dili_multiclass,342,71360,45,1,orf_style,0,0,0.3,0.35,0.35
dili_multiclass,350,152945,45,1,orf_style,0,0,0.815,0.015,0.17
dili_multiclass,354,197712,45,1,orf_style,0,2,0.14,0.3,0.56
dili_multiclass,366,3052762,45,1,orf_style,0,1,0.17,0.635,0.195
dili_multiclass,370,5284514,45,1,orf_style,0,0,0.44,0.36,0.2
dili_multiclass,378,9865528,45,1,orf_style,0,0,0.685,0.125,0.19
dili_multiclass,379,9924495,45,1,orf_style,0,0,0.36,0.425,0.215
dili_multiclass,388,16137828,45,1,orf_style,0,0,0.79,0.025,0.185
dili_multiclass,394,135413536,45,1,orf_style,0,0,0.68,0.155,0.165
dili_multiclass,405,115358,45,1,orf_style,0,0,0.425,0.385,0.19
dili_multiclass,415,16078,45,1,orf_style,0,0,0.56,0.29,0.15
dili_multiclass,423,36511,45,1,orf_style,0,0,0.69,0.155,0.155
dili_multiclass,430,53465279,45,1,orf_style,0,0,0.55,0.185,0.265
dili_multiclass,438,6018,45,1,orf_style,0,0,0.745,0.1,0.155
dili_multiclass,442,70693500,45,1,orf_style,0,0,0.3,0.38,0.32
dili_multiclass,446,9837243,45,1,orf_style,0,1,0.33,0.53,0.14
dili_multiclass,459,4064,45,1,orf_style,0,0,0.5,0.34,0.16
dili_multiclass,461,4409,45,1,orf_style,0,0,0.56,0.155,0.285
dili_multiclass,462,4893,45,1,orf_style,0,0,0.6,0.085,0.315
dili_multiclass,474,30323,45,1,orf_style,0,0,0.475,0.115,0.41
dili_multiclass,507,6450551,45,1,orf_style,0,2,0.205,0.48,0.315
dili_multiclass,528,54680690,45,1,orf_style,0,2,0.295,0.205,0.5
dili_multiclass,560,58031952,45,1,orf_style,0,0,0.835,0.0,0.165
dili_multiclass,563,68165256,45,1,orf_style,0,0,0.735,0.045,0.22
dili_multiclass,0,1775,45,1,bworf_no_mi,2,0,0.37,0.21,0.42
dili_multiclass,7,2726,45,1,bworf_no_mi,2,2,0.205,0.215,0.58
dili_multiclass,16,3672,45,1,bworf_no_mi,2,1,0.28,0.425,0.295
dili_multiclass,25,5790,45,1,bworf_no_mi,2,0,0.63,0.065,0.305
dili_multiclass,33,60823,45,1,bworf_no_mi,2,0,0.39,0.31,0.3
dili_multiclass,50,938,45,1,bworf_no_mi,2,0,0.535,0.155,0.31
dili_multiclass,58,29051,45,1,bworf_no_mi,2,1,0.235,0.39,0.375
dili_multiclass,61,298,45,1,bworf_no_mi,2,1,0.275,0.365,0.36
dili_multiclass,69,2756,45,1,bworf_no_mi,2,1,0.335,0.415,0.25
dili_multiclass,78,3696,45,1,bworf_no_mi,2,2,0.29,0.235,0.475
dili_multiclass,102,35370,45,1,bworf_no_mi,2,2,0.25,0.315,0.435
dili_multiclass,104,43815,45,1,bworf_no_mi,2,1,0.27,0.425,0.305
dili_multiclass,124,2733526,45,1,bworf_no_mi,2,0,0.615,0.145,0.24
dili_multiclass,126,3081884,45,1,bworf_no_mi,2,0,0.68,0.11,0.21
dili_multiclass,149,2771,45,1,bworf_no_mi,1,1,0.29,0.57,0.14
dili_multiclass,155,3386,45,1,bworf_no_mi,1,1,0.015,0.755,0.23
dili_multiclass,165,3869,45,1,bworf_no_mi,1,0,0.79,0.05,0.16
dili_multiclass,166,3883,45,1,bworf_no_mi,1,2,0.235,0.21,0.555
dili_multiclass,171,4205,45,1,bworf_no_mi,1,1,0.305,0.445,0.25
dili_multiclass,196,60854,45,1,bworf_no_mi,1,0,0.615,0.15,0.235
dili_multiclass,208,383414,45,1,bworf_no_mi,1,0,0.52,0.305,0.175
dili_multiclass,227,6437841,45,1,bworf_no_mi,1,1,0.06,0.61,0.33
dili_multiclass,232,24776445,45,1,bworf_no_mi,1,0,0.42,0.145,0.435
dili_multiclass,238,6468,45,1,bworf_no_mi,1,0,0.57,0.09,0.34
dili_multiclass,240,247,45,1,bworf_no_mi,0,0,0.62,0.095,0.285
dili_multiclass,247,2381,45,1,bworf_no_mi,0,0,0.56,0.07,0.37
dili_multiclass,256,2794,45,1,bworf_no_mi,0,2,0.215,0.27,0.515
dili_multiclass,265,3333,45,1,bworf_no_mi,0,1,0.075,0.605,0.32
dili_multiclass,272,3784,45,1,bworf_no_mi,0,1,0.125,0.49,0.385
dili_multiclass,286,4828,45,1,bworf_no_mi,0,0,0.765,0.08,0.155
dili_multiclass,289,4946,45,1,bworf_no_mi,0,1,0.39,0.415,0.195
dili_multiclass,297,5732,45,1,bworf_no_mi,0,0,0.425,0.35,0.225
dili_multiclass,305,6726,45,1,bworf_no_mi,0,0,0.655,0.095,0.25
dili_multiclass,322,33624,45,1,bworf_no_mi,0,0,0.64,0.145,0.215
dili_multiclass,342,71360,45,1,bworf_no_mi,0,1,0.19,0.475,0.335
dili_multiclass,350,152945,45,1,bworf_no_mi,0,0,0.755,0.05,0.195
dili_multiclass,354,197712,45,1,bworf_no_mi,0,2,0.08,0.395,0.525
dili_multiclass,366,3052762,45,1,bworf_no_mi,0,1,0.08,0.725,0.195
dili_multiclass,370,5284514,45,1,bworf_no_mi,0,1,0.25,0.51,0.24
dili_multiclass,378,9865528,45,1,bworf_no_mi,0,0,0.62,0.185,0.195
dili_multiclass,379,9924495,45,1,bworf_no_mi,0,1,0.225,0.535,0.24
dili_multiclass,388,16137828,45,1,bworf_no_mi,0,0,0.8,0.004999999999999999,0.195
dili_multiclass,394,135413536,45,1,bworf_no_mi,0,0,0.52,0.275,0.205
dili_multiclass,405,115358,45,1,bworf_no_mi,0,1,0.2,0.6,0.2
dili_multiclass,415,16078,45,1,bworf_no_mi,0,1,0.34,0.465,0.195
dili_multiclass,423,36511,45,1,bworf_no_mi,0,0,0.66,0.21,0.13
dili_multiclass,430,53465279,45,1,bworf_no_mi,0,0,0.46,0.24,0.3
dili_multiclass,438,6018,45,1,bworf_no_mi,0,0,0.675,0.165,0.16
dili_multiclass,442,70693500,45,1,bworf_no_mi,0,1,0.225,0.59,0.185
dili_multiclass,446,9837243,45,1,bworf_no_mi,0,1,0.17,0.67,0.16
dili_multiclass,459,4064,45,1,bworf_no_mi,0,1,0.35,0.45,0.2
dili_multiclass,461,4409,45,1,bworf_no_mi,0,0,0.395,0.34,0.265
dili_multiclass,462,4893,45,1,bworf_no_mi,0,2,0.32,0.28,0.4
dili_multiclass,474,30323,45,1,bworf_no_mi,0,0,0.41,0.17,0.42
dili_multiclass,507,6450551,45,1,bworf_no_mi,0,1,0.14,0.5,0.36
dili_multiclass,528,54680690,45,1,bworf_no_mi,0,2,0.225,0.225,0.55
dili_multiclass,560,58031952,45,1,bworf_no_mi,0,0,0.805,0.015,0.18
dili_multiclass,563,68165256,45,1,bworf_no_mi,0,0,0.74,0.04,0.22
dili_multiclass,0,1775,45,1,bworf_mi,2,2,0.27,0.32,0.41
dili_multiclass,7,2726,45,1,bworf_mi,2,2,0.40666666666666673,0.18666666666666665,0.40666666666666673
dili_multiclass,16,3672,45,1,bworf_mi,2,0,0.42,0.37999999999999995,0.2
dili_multiclass,25,5790,45,1,bworf_mi,2,2,0.34666666666666673,0.29666666666666663,0.3566666666666667
dili_multiclass,33,60823,45,1,bworf_mi,2,1,0.44,0.44,0.12
dili_multiclass,50,938,45,1,bworf_mi,2,2,0.3183333333333333,0.21333333333333335,0.4683333333333334
dili_multiclass,58,29051,45,1,bworf_mi,2,0,0.4733333333333334,0.19833333333333336,0.32833333333333337
dili_multiclass,61,298,45,1,bworf_mi,2,2,0.42833333333333334,0.15833333333333333,0.41333333333333333
dili_multiclass,69,2756,45,1,bworf_mi,2,1,0.27166666666666667,0.43166666666666664,0.2966666666666667
dili_multiclass,78,3696,45,1,bworf_mi,2,0,0.43166666666666664,0.2516666666666667,0.31666666666666665
dili_multiclass,102,35370,45,1,bworf_mi,2,2,0.4916666666666667,0.1716666666666667,0.33666666666666667
dili_multiclass,104,43815,45,1,bworf_mi,2,0,0.425,0.175,0.4
dili_multiclass,124,2733526,45,1,bworf_mi,2,1,0.3666666666666667,0.5166666666666667,0.11666666666666668
dili_multiclass,126,3081884,45,1,bworf_mi,2,0,0.485,0.195,0.31999999999999995
dili_multiclass,149,2771,45,1,bworf_mi,1,2,0.4,0.25999999999999995,0.34
dili_multiclass,155,3386,45,1,bworf_mi,1,1,0.17666666666666667,0.5116666666666667,0.31166666666666665
dili_multiclass,165,3869,45,1,bworf_mi,1,0,0.42333333333333345,0.27833333333333327,0.29833333333333334
dili_multiclass,166,3883,45,1,bworf_mi,1,2,0.23166666666666663,0.3766666666666667,0.3916666666666667
dili_multiclass,171,4205,45,1,bworf_mi,1,2,0.42166666666666663,0.17666666666666667,0.4016666666666666
dili_multiclass,196,60854,45,1,bworf_mi,1,0,0.385,0.26499999999999996,0.3499999999999999
dili_multiclass,208,383414,45,1,bworf_mi,1,0,0.46,0.375,0.165
dili_multiclass,227,6437841,45,1,bworf_mi,1,1,0.22666666666666666,0.5466666666666667,0.22666666666666666
dili_multiclass,232,24776445,45,1,bworf_mi,1,2,0.335,0.24,0.425
dili_multiclass,238,6468,45,1,bworf_mi,1,0,0.4866666666666667,0.22666666666666668,0.2866666666666667
dili_multiclass,240,247,45,1,bworf_mi,0,0,0.42333333333333334,0.2733333333333333,0.30333333333333334
dili_multiclass,247,2381,45,1,bworf_mi,0,0,0.4316666666666667,0.25666666666666665,0.3116666666666667
dili_multiclass,256,2794,45,1,bworf_mi,0,0,0.35666666666666663,0.36166666666666664,0.2816666666666667
dili_multiclass,265,3333,45,1,bworf_mi,0,2,0.33666666666666667,0.30166666666666664,0.36166666666666664
dili_multiclass,272,3784,45,1,bworf_mi,0,2,0.28833333333333333,0.30333333333333334,0.4083333333333334
dili_multiclass,286,4828,45,1,bworf_mi,0,1,0.44166666666666665,0.37166666666666665,0.18666666666666668
dili_multiclass,289,4946,45,1,bworf_mi,0,0,0.45166666666666666,0.27166666666666667,0.2766666666666666
dili_multiclass,297,5732,45,1,bworf_mi,0,1,0.3533333333333333,0.3633333333333333,0.2833333333333333
dili_multiclass,305,6726,45,1,bworf_mi,0,0,0.5166666666666667,0.19666666666666668,0.2866666666666667
dili_multiclass,322,33624,45,1,bworf_mi,0,0,0.41666666666666663,0.3316666666666667,0.2516666666666667
dili_multiclass,342,71360,45,1,bworf_mi,0,0,0.41166666666666674,0.22666666666666666,0.36166666666666664
dili_multiclass,350,152945,45,1,bworf_mi,0,0,0.4633333333333334,0.22833333333333336,0.30833333333333335
dili_multiclass,354,197712,45,1,bworf_mi,0,2,0.34166666666666673,0.29666666666666663,0.36166666666666664
dili_multiclass,366,3052762,45,1,bworf_mi,0,0,0.4683333333333334,0.10833333333333334,0.42333333333333334
dili_multiclass,370,5284514,45,1,bworf_mi,0,0,0.4466666666666667,0.26166666666666666,0.29166666666666663
dili_multiclass,378,9865528,45,1,bworf_mi,0,1,0.35833333333333334,0.4083333333333334,0.2333333333333333
dili_multiclass,379,9924495,45,1,bworf_mi,0,0,0.5000000000000001,0.235,0.265
dili_multiclass,388,16137828,45,1,bworf_mi,0,0,0.595,0.07,0.335
dili_multiclass,394,135413536,45,1,bworf_mi,0,0,0.41333333333333333,0.35833333333333334,0.22833333333333336
dili_multiclass,405,115358,45,1,bworf_mi,0,1,0.39166666666666666,0.4466666666666667,0.16166666666666668
dili_multiclass,415,16078,45,1,bworf_mi,0,1,0.21499999999999997,0.54,0.245
dili_multiclass,423,36511,45,1,bworf_mi,0,0,0.6033333333333334,0.12833333333333333,0.2683333333333333
dili_multiclass,430,53465279,45,1,bworf_mi,0,2,0.4150000000000001,0.17500000000000004,0.41
dili_multiclass,438,6018,45,1,bworf_mi,0,0,0.505,0.13,0.365
dili_multiclass,442,70693500,45,1,bworf_mi,0,1,0.31,0.515,0.175
dili_multiclass,446,9837243,45,1,bworf_mi,0,1,0.44666666666666666,0.44166666666666665,0.11166666666666666
dili_multiclass,459,4064,45,1,bworf_mi,0,0,0.47666666666666674,0.27666666666666667,0.24666666666666667
dili_multiclass,461,4409,45,1,bworf_mi,0,0,0.3833333333333334,0.3133333333333333,0.3033333333333333
dili_multiclass,462,4893,45,1,bworf_mi,0,0,0.5116666666666666,0.18666666666666668,0.3016666666666667
dili_multiclass,474,30323,45,1,bworf_mi,0,0,0.5316666666666666,0.20166666666666663,0.26666666666666666
dili_multiclass,507,6450551,45,1,bworf_mi,0,1,0.26999999999999996,0.3550000000000001,0.375
dili_multiclass,528,54680690,45,1,bworf_mi,0,2,0.29,0.27,0.44
dili_multiclass,560,58031952,45,1,bworf_mi,0,0,0.485,0.215,0.3
dili_multiclass,563,68165256,45,1,bworf_mi,0,0,0.4783333333333333,0.1433333333333333,0.37833333333333335
dili_multiclass,3,2165,45,2,orf_style,2,0,0.63,0.08,0.29
dili_multiclass,5,2478,45,2,orf_style,2,0,0.695,0.045,0.26
dili_multiclass,36,149096,45,2,orf_style,2,0,0.27,0.25,0.48
dili_multiclass,42,2723601,45,2,orf_style,2,0,0.315,0.23,0.455
dili_multiclass,56,23925,45,2,orf_style,2,0,0.325,0.145,0.53
dili_multiclass,70,2764,45,2,orf_style,2,0,0.38,0.235,0.385
dili_multiclass,72,3114,45,2,orf_style,2,0,0.635,0.065,0.3
dili_multiclass,90,5394,45,2,orf_style,2,0,0.335,0.165,0.5
dili_multiclass,91,5402,45,2,orf_style,2,0,0.61,0.05,0.34
dili_multiclass,94,5533,45,2,orf_style,2,0,0.485,0.11,0.405
dili_multiclass,114,71616,45,2,orf_style,2,0,0.3,0.4,0.3
dili_multiclass,120,216239,45,2,orf_style,2,0,0.715,0.01,0.275
dili_multiclass,122,441184,45,2,orf_style,2,0,0.745,0.01,0.245
dili_multiclass,134,11167602,45,2,orf_style,2,0,0.705,0.004999999999999999,0.29
dili_multiclass,147,2541,45,2,orf_style,1,0,0.635,0.135,0.23
dili_multiclass,154,3372,45,2,orf_style,1,0,0.37,0.26,0.37
dili_multiclass,164,3825,45,2,orf_style,1,2,0.185,0.425,0.39
dili_multiclass,176,4679,45,2,orf_style,1,0,0.47,0.035,0.495
dili_multiclass,197,65140,45,2,orf_style,1,0,0.455,0.075,0.47
dili_multiclass,199,65628,45,2,orf_style,1,0,0.335,0.12,0.545
dili_multiclass,205,150311,45,2,orf_style,1,0,0.435,0.12,0.445
dili_multiclass,206,208898,45,2,orf_style,1,0,0.39,0.405,0.205
dili_multiclass,209,392622,45,2,orf_style,1,0,0.475,0.135,0.39
dili_multiclass,231,16129629,45,2,orf_style,1,0,0.27,0.395,0.335
dili_multiclass,248,2391,45,2,orf_style,0,0,0.415,0.125,0.46
dili_multiclass,255,2789,45,2,orf_style,0,0,0.405,0.175,0.42
dili_multiclass,258,2812,45,2,orf_style,0,0,0.305,0.235,0.46
dili_multiclass,264,3324,45,2,orf_style,0,0,0.665,0.07,0.265
dili_multiclass,270,3599,45,2,orf_style,0,0,0.395,0.41,0.195
dili_multiclass,271,3658,45,2,orf_style,0,0,0.645,0.105,0.25
dili_multiclass,275,4033,45,2,orf_style,0,0,0.485,0.325,0.19
dili_multiclass,276,4034,45,2,orf_style,0,0,0.36,0.39,0.25
dili_multiclass,290,4999,45,2,orf_style,0,0,0.28,0.225,0.495
dili_multiclass,311,9651,45,2,orf_style,0,1,0.36,0.5,0.14
dili_multiclass,313,14985,45,2,orf_style,0,0,0.65,0.12,0.23
dili_multiclass,321,28486,45,2,orf_style,0,0,0.46,0.075,0.465
dili_multiclass,325,39147,45,2,orf_style,0,0,0.52,0.3,0.18
dili_multiclass,339,71158,45,2,orf_style,0,0,0.61,0.11,0.28
dili_multiclass,353,174174,45,2,orf_style,0,0,0.665,0.13,0.205
dili_multiclass,384,16129703,45,2,orf_style,0,0,0.64,0.09,0.27
dili_multiclass,413,1548994,45,2,orf_style,0,0,0.66,0.085,0.255
dili_multiclass,417,176077,45,2,orf_style,0,0,0.67,0.15,0.18
dili_multiclass,419,23652731,45,2,orf_style,0,0,0.455,0.36,0.185
dili_multiclass,424,4021,45,2,orf_style,0,1,0.145,0.565,0.29
dili_multiclass,428,49846579,45,2,orf_style,0,1,0.115,0.685,0.2
dili_multiclass,449,2123,45,2,orf_style,0,0,0.61,0.08,0.31
dili_multiclass,458,3957,45,2,orf_style,0,0,0.58,0.065,0.355
dili_multiclass,489,107970,45,2,orf_style,0,0,0.735,0.055,0.21
dili_multiclass,502,5360515,45,2,orf_style,0,0,0.755,0.0,0.245
dili_multiclass,512,9926791,45,2,orf_style,0,1,0.25,0.5,0.25
dili_multiclass,513,9966051,45,2,orf_style,0,1,0.09,0.67,0.24
dili_multiclass,524,44462760,45,2,orf_style,0,0,0.45,0.315,0.235
dili_multiclass,533,135403821,45,2,orf_style,0,0,0.62,0.15,0.23
dili_multiclass,538,10275777,45,2,orf_style,0,1,0.36,0.515,0.125
dili_multiclass,545,135565082,45,2,orf_style,0,0,0.575,0.275,0.15
dili_multiclass,548,237,45,2,orf_style,0,0,0.355,0.325,0.32
dili_multiclass,550,24958200,45,2,orf_style,0,1,0.11,0.72,0.17
dili_multiclass,556,50922675,45,2,orf_style,0,0,0.605,0.055,0.34
dili_multiclass,3,2165,45,2,bworf_no_mi,2,0,0.545,0.18,0.275
dili_multiclass,5,2478,45,2,bworf_no_mi,2,0,0.615,0.105,0.28
dili_multiclass,36,149096,45,2,bworf_no_mi,2,2,0.22,0.22,0.56
dili_multiclass,42,2723601,45,2,bworf_no_mi,2,2,0.29,0.28,0.43
dili_multiclass,56,23925,45,2,bworf_no_mi,2,2,0.235,0.155,0.61
dili_multiclass,70,2764,45,2,bworf_no_mi,2,2,0.26,0.29,0.45
dili_multiclass,72,3114,45,2,bworf_no_mi,2,0,0.58,0.205,0.215
dili_multiclass,90,5394,45,2,bworf_no_mi,2,2,0.225,0.24,0.535
dili_multiclass,91,5402,45,2,bworf_no_mi,2,0,0.55,0.155,0.295
dili_multiclass,94,5533,45,2,bworf_no_mi,2,2,0.415,0.11,0.475
dili_multiclass,114,71616,45,2,bworf_no_mi,2,1,0.205,0.44,0.355
dili_multiclass,120,216239,45,2,bworf_no_mi,2,0,0.78,0.0,0.22
dili_multiclass,122,441184,45,2,bworf_no_mi,2,0,0.755,0.055,0.19
dili_multiclass,134,11167602,45,2,bworf_no_mi,2,0,0.78,0.0,0.22
dili_multiclass,147,2541,45,2,bworf_no_mi,1,0,0.595,0.21,0.195
dili_multiclass,154,3372,45,2,bworf_no_mi,1,1,0.31,0.33,0.36
dili_multiclass,164,3825,45,2,bworf_no_mi,1,1,0.07,0.51,0.42
dili_multiclass,176,4679,45,2,bworf_no_mi,1,2,0.425,0.085,0.49
dili_multiclass,197,65140,45,2,bworf_no_mi,1,2,0.34,0.15,0.51
dili_multiclass,199,65628,45,2,bworf_no_mi,1,2,0.255,0.23,0.515
dili_multiclass,205,150311,45,2,bworf_no_mi,1,2,0.325,0.18,0.495
dili_multiclass,206,208898,45,2,bworf_no_mi,1,1,0.25,0.56,0.19
dili_multiclass,209,392622,45,2,bworf_no_mi,1,2,0.32,0.18,0.5
dili_multiclass,231,16129629,45,2,bworf_no_mi,1,1,0.17,0.43,0.4
dili_multiclass,248,2391,45,2,bworf_no_mi,0,2,0.325,0.14,0.535
dili_multiclass,255,2789,45,2,bworf_no_mi,0,2,0.35,0.195,0.455
dili_multiclass,258,2812,45,2,bworf_no_mi,0,2,0.205,0.285,0.51
dili_multiclass,264,3324,45,2,bworf_no_mi,0,0,0.585,0.155,0.26
dili_multiclass,270,3599,45,2,bworf_no_mi,0,1,0.355,0.435,0.21
dili_multiclass,271,3658,45,2,bworf_no_mi,0,0,0.55,0.22,0.23
dili_multiclass,275,4033,45,2,bworf_no_mi,0,0,0.48,0.355,0.165
dili_multiclass,276,4034,45,2,bworf_no_mi,0,1,0.255,0.495,0.25
dili_multiclass,290,4999,45,2,bworf_no_mi,0,2,0.275,0.27,0.455
dili_multiclass,311,9651,45,2,bworf_no_mi,0,1,0.24,0.64,0.12
dili_multiclass,313,14985,45,2,bworf_no_mi,0,0,0.5,0.285,0.215
dili_multiclass,321,28486,45,2,bworf_no_mi,0,2,0.345,0.105,0.55
dili_multiclass,325,39147,45,2,bworf_no_mi,0,1,0.36,0.46,0.18
dili_multiclass,339,71158,45,2,bworf_no_mi,0,0,0.465,0.18,0.355
dili_multiclass,353,174174,45,2,bworf_no_mi,0,0,0.53,0.23,0.24
dili_multiclass,384,16129703,45,2,bworf_no_mi,0,0,0.52,0.325,0.155
dili_multiclass,413,1548994,45,2,bworf_no_mi,0,0,0.555,0.175,0.27
dili_multiclass,417,176077,45,2,bworf_no_mi,0,0,0.575,0.245,0.18
dili_multiclass,419,23652731,45,2,bworf_no_mi,0,1,0.25,0.57,0.18
dili_multiclass,424,4021,45,2,bworf_no_mi,0,1,0.04,0.6,0.36
dili_multiclass,428,49846579,45,2,bworf_no_mi,0,1,0.055,0.71,0.235
dili_multiclass,449,2123,45,2,bworf_no_mi,0,0,0.595,0.135,0.27
dili_multiclass,458,3957,45,2,bworf_no_mi,0,0,0.56,0.085,0.355
dili_multiclass,489,107970,45,2,bworf_no_mi,0,0,0.695,0.19,0.115
dili_multiclass,502,5360515,45,2,bworf_no_mi,0,0,0.7,0.01,0.29
dili_multiclass,512,9926791,45,2,bworf_no_mi,0,1,0.11,0.625,0.265
dili_multiclass,513,9966051,45,2,bworf_no_mi,0,1,0.04,0.685,0.275
dili_multiclass,524,44462760,45,2,bworf_no_mi,0,1,0.27,0.54,0.19
dili_multiclass,533,135403821,45,2,bworf_no_mi,0,0,0.64,0.205,0.155
dili_multiclass,538,10275777,45,2,bworf_no_mi,0,1,0.285,0.59,0.125
dili_multiclass,545,135565082,45,2,bworf_no_mi,0,0,0.575,0.27,0.155
dili_multiclass,548,237,45,2,bworf_no_mi,0,1,0.14,0.46,0.4
dili_multiclass,550,24958200,45,2,bworf_no_mi,0,1,0.06,0.755,0.185
dili_multiclass,556,50922675,45,2,bworf_no_mi,0,0,0.525,0.165,0.31
dili_multiclass,3,2165,45,2,bworf_mi,2,2,0.325,0.29,0.385
dili_multiclass,5,2478,45,2,bworf_mi,2,2,0.345,0.3,0.3549999999999999
dili_multiclass,36,149096,45,2,bworf_mi,2,2,0.3133333333333333,0.20333333333333337,0.48333333333333334
dili_multiclass,42,2723601,45,2,bworf_mi,2,2,0.2816666666666667,0.29666666666666663,0.42166666666666663
dili_multiclass,56,23925,45,2,bworf_mi,2,2,0.415,0.14,0.445
dili_multiclass,70,2764,45,2,bworf_mi,2,2,0.265,0.375,0.36
dili_multiclass,72,3114,45,2,bworf_mi,2,1,0.32333333333333336,0.4483333333333333,0.22833333333333336
dili_multiclass,90,5394,45,2,bworf_mi,2,2,0.31999999999999995,0.225,0.455
dili_multiclass,91,5402,45,2,bworf_mi,2,0,0.57,0.27,0.16
dili_multiclass,94,5533,45,2,bworf_mi,2,1,0.36333333333333334,0.2783333333333333,0.35833333333333334
dili_multiclass,114,71616,45,2,bworf_mi,2,2,0.2916666666666667,0.3216666666666667,0.3866666666666667
dili_multiclass,120,216239,45,2,bworf_mi,2,0,0.7,0.125,0.175
dili_multiclass,122,441184,45,2,bworf_mi,2,0,0.725,0.09,0.185
dili_multiclass,134,11167602,45,2,bworf_mi,2,0,0.71,0.125,0.165
dili_multiclass,147,2541,45,2,bworf_mi,1,2,0.3383333333333334,0.28833333333333333,0.37333333333333335
dili_multiclass,154,3372,45,2,bworf_mi,1,0,0.6583333333333334,0.24833333333333335,0.09333333333333332
dili_multiclass,164,3825,45,2,bworf_mi,1,1,0.2533333333333333,0.41833333333333333,0.3283333333333333
dili_multiclass,176,4679,45,2,bworf_mi,1,1,0.32166666666666666,0.38166666666666665,0.29666666666666663
dili_multiclass,197,65140,45,2,bworf_mi,1,0,0.6683333333333334,0.19333333333333336,0.13833333333333334
dili_multiclass,199,65628,45,2,bworf_mi,1,2,0.45666666666666667,0.10166666666666668,0.44166666666666665
dili_multiclass,205,150311,45,2,bworf_mi,1,2,0.27,0.305,0.425
dili_multiclass,206,208898,45,2,bworf_mi,1,0,0.465,0.32,0.215
dili_multiclass,209,392622,45,2,bworf_mi,1,2,0.2766666666666666,0.36166666666666664,0.3616666666666667
dili_multiclass,231,16129629,45,2,bworf_mi,1,0,0.635,0.195,0.17
dili_multiclass,248,2391,45,2,bworf_mi,0,1,0.30833333333333324,0.3633333333333333,0.3283333333333333
dili_multiclass,255,2789,45,2,bworf_mi,0,2,0.27166666666666667,0.35166666666666674,0.37666666666666665
dili_multiclass,258,2812,45,2,bworf_mi,0,2,0.36,0.33,0.31
dili_multiclass,264,3324,45,2,bworf_mi,0,2,0.355,0.285,0.36
dili_multiclass,270,3599,45,2,bworf_mi,0,0,0.61,0.28,0.11
dili_multiclass,271,3658,45,2,bworf_mi,0,1,0.30333333333333334,0.3783333333333333,0.3183333333333333
dili_multiclass,275,4033,45,2,bworf_mi,0,0,0.575,0.15,0.275
dili_multiclass,276,4034,45,2,bworf_mi,0,2,0.36166666666666664,0.26166666666666666,0.37666666666666665
dili_multiclass,290,4999,45,2,bworf_mi,0,2,0.3183333333333333,0.29333333333333333,0.3883333333333333
dili_multiclass,311,9651,45,2,bworf_mi,0,2,0.30499999999999994,0.295,0.4
dili_multiclass,313,14985,45,2,bworf_mi,0,0,0.5916666666666667,0.25666666666666665,0.15166666666666667
dili_multiclass,321,28486,45,2,bworf_mi,0,2,0.3833333333333333,0.24833333333333335,0.3683333333333333
dili_multiclass,325,39147,45,2,bworf_mi,0,0,0.5066666666666666,0.16166666666666668,0.33166666666666667
dili_multiclass,339,71158,45,2,bworf_mi,0,2,0.37166666666666665,0.20666666666666667,0.42166666666666663
dili_multiclass,353,174174,45,2,bworf_mi,0,0,0.5683333333333334,0.31333333333333335,0.11833333333333335
dili_multiclass,384,16129703,45,2,bworf_mi,0,0,0.775,0.05,0.175
dili_multiclass,413,1548994,45,2,bworf_mi,0,0,0.425,0.305,0.27
dili_multiclass,417,176077,45,2,bworf_mi,0,0,0.4233333333333333,0.30833333333333335,0.2683333333333333
dili_multiclass,419,23652731,45,2,bworf_mi,0,0,0.6183333333333333,0.19833333333333336,0.18333333333333332
dili_multiclass,424,4021,45,2,bworf_mi,0,2,0.3183333333333333,0.2683333333333333,0.41333333333333333
dili_multiclass,428,49846579,45,2,bworf_mi,0,1,0.2533333333333333,0.4433333333333333,0.30333333333333334
dili_multiclass,449,2123,45,2,bworf_mi,0,2,0.34666666666666673,0.32666666666666666,0.32666666666666666
dili_multiclass,458,3957,45,2,bworf_mi,0,0,0.43,0.23999999999999996,0.33
dili_multiclass,489,107970,45,2,bworf_mi,0,0,0.685,0.195,0.12
dili_multiclass,502,5360515,45,2,bworf_mi,0,0,0.63,0.065,0.305
dili_multiclass,512,9926791,45,2,bworf_mi,0,1,0.2,0.46,0.3399999999999999
dili_multiclass,513,9966051,45,2,bworf_mi,0,1,0.31666666666666665,0.4216666666666667,0.26166666666666666
dili_multiclass,524,44462760,45,2,bworf_mi,0,1,0.38,0.455,0.165
dili_multiclass,533,135403821,45,2,bworf_mi,0,1,0.4,0.395,0.205
dili_multiclass,538,10275777,45,2,bworf_mi,0,1,0.2133333333333333,0.4083333333333334,0.37833333333333335
dili_multiclass,545,135565082,45,2,bworf_mi,0,0,0.6633333333333334,0.09833333333333334,0.23833333333333337
dili_multiclass,548,237,45,2,bworf_mi,0,1,0.38833333333333336,0.3083333333333333,0.3033333333333333
dili_multiclass,550,24958200,45,2,bworf_mi,0,1,0.3183333333333333,0.38333333333333336,0.29833333333333334
dili_multiclass,556,50922675,45,2,bworf_mi,0,2,0.3933333333333333,0.2783333333333334,0.3283333333333333
dili_multiclass,8,2952,45,3,orf_style,2,0,0.63,0.075,0.295
dili_multiclass,11,3117,45,3,orf_style,2,0,0.405,0.19,0.405
dili_multiclass,18,3878,45,3,orf_style,2,0,0.81,0.08,0.11
dili_multiclass,31,54454,45,3,orf_style,2,0,0.48,0.165,0.355
dili_multiclass,34,64139,45,3,orf_style,2,0,0.545,0.13,0.325
dili_multiclass,43,5353830,45,3,orf_style,2,0,0.515,0.06,0.425
dili_multiclass,52,2244,45,3,orf_style,2,2,0.295,0.415,0.29
dili_multiclass,53,3007,45,3,orf_style,2,0,0.625,0.13,0.245
dili_multiclass,57,23978,45,3,orf_style,2,0,0.69,0.065,0.245
dili_multiclass,111,60835,45,3,orf_style,2,0,0.585,0.205,0.21
dili_multiclass,112,60838,45,3,orf_style,2,0,0.66,0.05,0.29
dili_multiclass,116,123631,45,3,orf_style,2,0,0.73,0.03,0.24
dili_multiclass,123,1548972,45,3,orf_style,2,2,0.285,0.255,0.46
dili_multiclass,139,4053,45,3,orf_style,2,1,0.255,0.53,0.215
dili_multiclass,141,444,45,3,orf_style,1,0,0.795,0.045,0.16
dili_multiclass,143,2019,45,3,orf_style,1,0,0.765,0.125,0.11
dili_multiclass,162,3715,45,3,orf_style,1,0,0.32,0.275,0.405
dili_multiclass,185,6253,45,3,orf_style,1,0,0.73,0.04,0.23
dili_multiclass,204,148124,45,3,orf_style,1,0,0.595,0.16,0.245
dili_multiclass,210,439492,45,3,orf_style,1,0,0.35,0.43,0.22
dili_multiclass,214,464205,45,3,orf_style,1,0,0.59,0.205,0.205
dili_multiclass,229,10113978,45,3,orf_style,1,0,0.635,0.135,0.23
dili_multiclass,236,135398744,45,3,orf_style,1,0,0.465,0.355,0.18
dili_multiclass,242,942,45,3,orf_style,0,0,0.665,0.09,0.245
dili_multiclass,257,2803,45,3,orf_style,0,0,0.35,0.165,0.485
dili_multiclass,267,3348,45,3,orf_style,0,2,0.17,0.325,0.505
dili_multiclass,268,3467,45,3,orf_style,0,0,0.625,0.105,0.27
dili_multiclass,277,4107,45,3,orf_style,0,2,0.205,0.285,0.51
dili_multiclass,280,4236,45,3,orf_style,0,2,0.095,0.495,0.41
dili_multiclass,306,6832,45,3,orf_style,0,0,0.725,0.135,0.14
dili_multiclass,324,37768,45,3,orf_style,0,0,0.595,0.19,0.215
dili_multiclass,331,59868,45,3,orf_style,0,2,0.165,0.495,0.34
dili_multiclass,333,60648,45,3,orf_style,0,2,0.1,0.42,0.48
dili_multiclass,334,60795,45,3,orf_style,0,0,0.515,0.155,0.33
dili_multiclass,351,159269,45,3,orf_style,0,2,0.17,0.185,0.645
dili_multiclass,372,5284596,45,3,orf_style,0,0,0.75,0.055,0.195
dili_multiclass,392,54678501,45,3,orf_style,0,1,0.185,0.625,0.19
dili_multiclass,395,220495,45,3,orf_style,0,0,0.75,0.045,0.205
dili_multiclass,396,2782115,45,3,orf_style,0,0,0.465,0.275,0.26
dili_multiclass,399,10071196,45,3,orf_style,0,0,0.65,0.155,0.195
dili_multiclass,403,11250647,45,3,orf_style,0,0,0.555,0.14,0.305
dili_multiclass,421,24965990,45,3,orf_style,0,0,0.56,0.265,0.175
dili_multiclass,439,6324616,45,3,orf_style,0,0,0.745,0.09,0.165
dili_multiclass,441,65305,45,3,orf_style,0,0,0.47,0.26,0.27
dili_multiclass,448,401,45,3,orf_style,0,0,0.43,0.365,0.205
dili_multiclass,456,3759,45,3,orf_style,0,2,0.285,0.25,0.465
dili_multiclass,473,10133,45,3,orf_style,0,0,0.52,0.25,0.23
dili_multiclass,475,30751,45,3,orf_style,0,0,0.82,0.04,0.14
dili_multiclass,479,60026,45,3,orf_style,0,2,0.21,0.265,0.525
dili_multiclass,485,91270,45,3,orf_style,0,0,0.71,0.1,0.19
dili_multiclass,504,5486971,45,3,orf_style,1,2,0.275,0.415,0.31
dili_multiclass,511,9915743,45,3,orf_style,0,0,0.71,0.03,0.26
dili_multiclass,521,25102847,45,3,orf_style,0,0,0.57,0.05,0.38
dili_multiclass,535,135410875,45,3,orf_style,0,1,0.24,0.5,0.26
dili_multiclass,537,46220502,45,3,orf_style,0,0,0.84,0.0,0.16
dili_multiclass,555,50905713,45,3,orf_style,0,0,0.5,0.125,0.375
dili_multiclass,564,6918248,45,3,orf_style,0,2,0.305,0.28,0.415
dili_multiclass,570,91669168,45,3,orf_style,0,0,0.835,0.015,0.15
dili_multiclass,8,2952,45,3,bworf_no_mi,2,0,0.525,0.085,0.39
dili_multiclass,11,3117,45,3,bworf_no_mi,2,2,0.33,0.205,0.465
dili_multiclass,18,3878,45,3,bworf_no_mi,2,0,0.775,0.145,0.08
dili_multiclass,31,54454,45,3,bworf_no_mi,2,2,0.325,0.23,0.445
dili_multiclass,34,64139,45,3,bworf_no_mi,2,0,0.485,0.205,0.31
dili_multiclass,43,5353830,45,3,bworf_no_mi,2,2,0.45,0.08,0.47
dili_multiclass,52,2244,45,3,bworf_no_mi,2,1,0.33,0.37,0.3
dili_multiclass,53,3007,45,3,bworf_no_mi,2,0,0.525,0.235,0.24
dili_multiclass,57,23978,45,3,bworf_no_mi,2,0,0.575,0.145,0.28
dili_multiclass,111,60835,45,3,bworf_no_mi,2,0,0.55,0.22,0.23
dili_multiclass,112,60838,45,3,bworf_no_mi,2,0,0.565,0.115,0.32
dili_multiclass,116,123631,45,3,bworf_no_mi,2,0,0.6,0.11,0.29
dili_multiclass,123,1548972,45,3,bworf_no_mi,2,2,0.155,0.36,0.485
dili_multiclass,139,4053,45,3,bworf_no_mi,2,1,0.16,0.615,0.225
dili_multiclass,141,444,45,3,bworf_no_mi,1,0,0.77,0.055,0.175
dili_multiclass,143,2019,45,3,bworf_no_mi,1,0,0.68,0.27,0.05
dili_multiclass,162,3715,45,3,bworf_no_mi,1,2,0.115,0.4,0.485
dili_multiclass,185,6253,45,3,bworf_no_mi,1,0,0.51,0.1,0.39
dili_multiclass,204,148124,45,3,bworf_no_mi,1,0,0.425,0.325,0.25
dili_multiclass,210,439492,45,3,bworf_no_mi,1,1,0.18,0.54,0.28
dili_multiclass,214,464205,45,3,bworf_no_mi,1,0,0.435,0.415,0.15
dili_multiclass,229,10113978,45,3,bworf_no_mi,1,0,0.49,0.21,0.3
dili_multiclass,236,135398744,45,3,bworf_no_mi,1,1,0.355,0.46,0.185
dili_multiclass,242,942,45,3,bworf_no_mi,0,0,0.575,0.16,0.265
dili_multiclass,257,2803,45,3,bworf_no_mi,0,2,0.37,0.155,0.475
dili_multiclass,267,3348,45,3,bworf_no_mi,0,2,0.135,0.375,0.49
dili_multiclass,268,3467,45,3,bworf_no_mi,0,0,0.54,0.1,0.36
dili_multiclass,277,4107,45,3,bworf_no_mi,0,2,0.165,0.3,0.535
dili_multiclass,280,4236,45,3,bworf_no_mi,0,1,0.07,0.54,0.39
dili_multiclass,306,6832,45,3,bworf_no_mi,0,0,0.605,0.285,0.11
dili_multiclass,324,37768,45,3,bworf_no_mi,0,1,0.42,0.42,0.16
dili_multiclass,331,59868,45,3,bworf_no_mi,0,1,0.105,0.565,0.33
dili_multiclass,333,60648,45,3,bworf_no_mi,0,1,0.055,0.46,0.485
dili_multiclass,334,60795,45,3,bworf_no_mi,0,2,0.28,0.285,0.435
dili_multiclass,351,159269,45,3,bworf_no_mi,0,2,0.16,0.185,0.655
dili_multiclass,372,5284596,45,3,bworf_no_mi,0,0,0.68,0.01,0.31
dili_multiclass,392,54678501,45,3,bworf_no_mi,0,1,0.11,0.675,0.215
dili_multiclass,395,220495,45,3,bworf_no_mi,0,0,0.695,0.11,0.195
dili_multiclass,396,2782115,45,3,bworf_no_mi,0,1,0.265,0.455,0.28
dili_multiclass,399,10071196,45,3,bworf_no_mi,0,1,0.4,0.41,0.19
dili_multiclass,403,11250647,45,3,bworf_no_mi,0,0,0.47,0.145,0.385
dili_multiclass,421,24965990,45,3,bworf_no_mi,0,0,0.47,0.395,0.135
dili_multiclass,439,6324616,45,3,bworf_no_mi,0,0,0.605,0.215,0.18
dili_multiclass,441,65305,45,3,bworf_no_mi,0,1,0.405,0.425,0.17
dili_multiclass,448,401,45,3,bworf_no_mi,0,1,0.24,0.495,0.265
dili_multiclass,456,3759,45,3,bworf_no_mi,0,2,0.275,0.28,0.445
dili_multiclass,473,10133,45,3,bworf_no_mi,0,1,0.4,0.435,0.165
dili_multiclass,475,30751,45,3,bworf_no_mi,0,0,0.755,0.15,0.095
dili_multiclass,479,60026,45,3,bworf_no_mi,0,2,0.165,0.245,0.59
dili_multiclass,485,91270,45,3,bworf_no_mi,0,0,0.415,0.31,0.275
dili_multiclass,504,5486971,45,3,bworf_no_mi,1,1,0.21,0.51,0.28
dili_multiclass,511,9915743,45,3,bworf_no_mi,0,0,0.64,0.055,0.305
dili_multiclass,521,25102847,45,3,bworf_no_mi,0,2,0.44,0.08,0.48
dili_multiclass,535,135410875,45,3,bworf_no_mi,0,1,0.07,0.7,0.23
dili_multiclass,537,46220502,45,3,bworf_no_mi,0,0,0.85,0.015,0.135
dili_multiclass,555,50905713,45,3,bworf_no_mi,0,0,0.445,0.2,0.355
dili_multiclass,564,6918248,45,3,bworf_no_mi,0,1,0.225,0.38,0.395
dili_multiclass,570,91669168,45,3,bworf_no_mi,0,0,0.775,0.085,0.14
dili_multiclass,8,2952,45,3,bworf_mi,2,2,0.30499999999999994,0.25999999999999995,0.435
dili_multiclass,11,3117,45,3,bworf_mi,2,1,0.3433333333333334,0.4083333333333334,0.24833333333333332
dili_multiclass,18,3878,45,3,bworf_mi,2,2,0.325,0.235,0.44
dili_multiclass,31,54454,45,3,bworf_mi,2,0,0.44999999999999996,0.205,0.3449999999999999
dili_multiclass,34,64139,45,3,bworf_mi,2,2,0.36333333333333334,0.2783333333333333,0.35833333333333334
dili_multiclass,43,5353830,45,3,bworf_mi,2,2,0.28,0.28,0.44
dili_multiclass,52,2244,45,3,bworf_mi,2,2,0.345,0.25,0.405
dili_multiclass,53,3007,45,3,bworf_mi,2,1,0.43,0.41,0.16
dili_multiclass,57,23978,45,3,bworf_mi,2,2,0.44,0.085,0.475
dili_multiclass,111,60835,45,3,bworf_mi,2,0,0.42666666666666664,0.2866666666666667,0.2866666666666667
dili_multiclass,112,60838,45,3,bworf_mi,2,0,0.6533333333333333,0.14833333333333334,0.19833333333333333
dili_multiclass,116,123631,45,3,bworf_mi,2,0,0.37333333333333335,0.33333333333333337,0.29333333333333333
dili_multiclass,123,1548972,45,3,bworf_mi,2,1,0.2533333333333333,0.4083333333333334,0.33833333333333326
dili_multiclass,139,4053,45,3,bworf_mi,2,1,0.34,0.345,0.315
dili_multiclass,141,444,45,3,bworf_mi,1,2,0.36,0.24499999999999997,0.395
dili_multiclass,143,2019,45,3,bworf_mi,1,2,0.535,0.145,0.32
dili_multiclass,162,3715,45,3,bworf_mi,1,2,0.37666666666666665,0.22166666666666665,0.4016666666666666
dili_multiclass,185,6253,45,3,bworf_mi,1,2,0.38333333333333336,0.19333333333333333,0.42333333333333334
dili_multiclass,204,148124,45,3,bworf_mi,1,0,0.6233333333333334,0.07333333333333333,0.30333333333333334
dili_multiclass,210,439492,45,3,bworf_mi,1,2,0.39166666666666666,0.24666666666666665,0.3616666666666667
dili_multiclass,214,464205,45,3,bworf_mi,1,2,0.36333333333333334,0.21333333333333335,0.4233333333333333
dili_multiclass,229,10113978,45,3,bworf_mi,1,2,0.33666666666666667,0.2766666666666666,0.38666666666666666
dili_multiclass,236,135398744,45,3,bworf_mi,1,2,0.38166666666666665,0.30166666666666664,0.3166666666666666
dili_multiclass,242,942,45,3,bworf_mi,0,0,0.4366666666666667,0.33166666666666667,0.23166666666666663
dili_multiclass,257,2803,45,3,bworf_mi,0,2,0.415,0.18,0.405
dili_multiclass,267,3348,45,3,bworf_mi,0,1,0.285,0.36,0.355
dili_multiclass,268,3467,45,3,bworf_mi,0,2,0.475,0.16,0.365
dili_multiclass,277,4107,45,3,bworf_mi,0,1,0.365,0.38500000000000006,0.25
dili_multiclass,280,4236,45,3,bworf_mi,0,1,0.205,0.41,0.385
dili_multiclass,306,6832,45,3,bworf_mi,0,1,0.38833333333333336,0.4033333333333334,0.2083333333333333
dili_multiclass,324,37768,45,3,bworf_mi,0,2,0.45333333333333337,0.19833333333333336,0.3483333333333334
dili_multiclass,331,59868,45,3,bworf_mi,0,0,0.5433333333333333,0.19333333333333336,0.2633333333333333
dili_multiclass,333,60648,45,3,bworf_mi,0,1,0.30499999999999994,0.445,0.25
dili_multiclass,334,60795,45,3,bworf_mi,0,2,0.41333333333333333,0.15833333333333335,0.42833333333333334
dili_multiclass,351,159269,45,3,bworf_mi,0,2,0.3866666666666667,0.20666666666666664,0.40666666666666673
dili_multiclass,372,5284596,45,3,bworf_mi,0,2,0.53,0.155,0.315
dili_multiclass,392,54678501,45,3,bworf_mi,0,2,0.335,0.27,0.395
dili_multiclass,395,220495,45,3,bworf_mi,0,0,0.515,0.315,0.17
dili_multiclass,396,2782115,45,3,bworf_mi,0,2,0.2383333333333333,0.2783333333333333,0.48333333333333334
dili_multiclass,399,10071196,45,3,bworf_mi,0,0,0.6116666666666667,0.15166666666666667,0.2366666666666667
dili_multiclass,403,11250647,45,3,bworf_mi,0,0,0.4566666666666667,0.4216666666666667,0.12166666666666667
dili_multiclass,421,24965990,45,3,bworf_mi,0,2,0.495,0.115,0.3899999999999999
dili_multiclass,439,6324616,45,3,bworf_mi,0,0,0.49166666666666664,0.22166666666666668,0.2866666666666667
dili_multiclass,441,65305,45,3,bworf_mi,0,0,0.5666666666666667,0.16666666666666669,0.26666666666666666
dili_multiclass,448,401,45,3,bworf_mi,0,0,0.56,0.1,0.34
dili_multiclass,456,3759,45,3,bworf_mi,0,1,0.30333333333333334,0.3883333333333333,0.30833333333333335
dili_multiclass,473,10133,45,3,bworf_mi,0,0,0.5066666666666666,0.2766666666666666,0.21666666666666667
dili_multiclass,475,30751,45,3,bworf_mi,0,2,0.43166666666666664,0.18166666666666667,0.3866666666666667
dili_multiclass,479,60026,45,3,bworf_mi,0,1,0.33833333333333326,0.5133333333333333,0.14833333333333332
dili_multiclass,485,91270,45,3,bworf_mi,0,0,0.4633333333333334,0.24833333333333332,0.28833333333333333
dili_multiclass,504,5486971,45,3,bworf_mi,1,1,0.37833333333333335,0.4333333333333333,0.18833333333333335
dili_multiclass,511,9915743,45,3,bworf_mi,0,0,0.48333333333333334,0.2333333333333333,0.2833333333333333
dili_multiclass,521,25102847,45,3,bworf_mi,0,0,0.39666666666666667,0.3016666666666667,0.30166666666666664
dili_multiclass,535,135410875,45,3,bworf_mi,0,0,0.4716666666666666,0.21666666666666667,0.3116666666666667
dili_multiclass,537,46220502,45,3,bworf_mi,0,0,0.695,0.17,0.135
dili_multiclass,555,50905713,45,3,bworf_mi,0,2,0.4100000000000001,0.225,0.365
dili_multiclass,564,6918248,45,3,bworf_mi,0,0,0.5583333333333332,0.30333333333333334,0.1383333333333333
dili_multiclass,570,91669168,45,3,bworf_mi,0,0,0.73,0.08,0.19
dili_multiclass,1,1935,45,4,orf_style,2,0,0.595,0.22,0.185
dili_multiclass,2,2157,45,4,orf_style,2,0,0.475,0.29,0.235
dili_multiclass,15,3637,45,4,orf_style,2,2,0.13,0.45,0.42
dili_multiclass,24,5591,45,4,orf_style,2,0,0.505,0.36,0.135
dili_multiclass,32,55185,45,4,orf_style,2,2,0.185,0.17,0.645
dili_multiclass,41,1349907,45,4,orf_style,2,0,0.61,0.06,0.33
dili_multiclass,44,5388906,45,4,orf_style,0,0,0.45,0.14,0.41
dili_multiclass,54,5161,45,4,orf_style,2,2,0.255,0.25,0.495
dili_multiclass,62,1302,45,4,orf_style,2,0,0.33,0.26,0.41
dili_multiclass,79,3763,45,4,orf_style,2,2,0.125,0.44,0.435
dili_multiclass,95,5646,45,4,orf_style,2,0,0.49,0.425,0.085
dili_multiclass,100,29029,45,4,orf_style,2,0,0.47,0.175,0.355
dili_multiclass,103,43672,45,4,orf_style,2,0,0.44,0.335,0.225
dili_multiclass,127,5281040,45,4,orf_style,2,0,0.615,0.075,0.31
dili_multiclass,132,6439133,45,4,orf_style,2,0,0.59,0.24,0.17
dili_multiclass,142,1978,45,4,orf_style,1,0,0.765,0.06,0.175
dili_multiclass,159,3652,45,4,orf_style,1,0,0.6,0.095,0.305
dili_multiclass,160,3657,45,4,orf_style,1,0,0.48,0.085,0.435
dili_multiclass,177,4829,45,4,orf_style,1,0,0.68,0.145,0.175
dili_multiclass,178,4913,45,4,orf_style,1,2,0.285,0.245,0.47
dili_multiclass,188,21844,45,4,orf_style,1,0,0.42,0.12,0.46
dili_multiclass,195,60750,45,4,orf_style,1,0,0.45,0.34,0.21
dili_multiclass,198,65404,45,4,orf_style,1,2,0.18,0.255,0.565
dili_multiclass,202,104865,45,4,orf_style,1,0,0.805,0.025,0.17
dili_multiclass,211,441140,45,4,orf_style,1,2,0.26,0.42,0.32
dili_multiclass,224,5493444,45,4,orf_style,1,0,0.76,0.055,0.185
dili_multiclass,241,896,45,4,orf_style,0,0,0.77,0.04,0.19
dili_multiclass,245,2170,45,4,orf_style,0,2,0.135,0.385,0.48
dili_multiclass,283,4601,45,4,orf_style,0,0,0.495,0.375,0.13
dili_multiclass,284,4616,45,4,orf_style,0,0,0.685,0.065,0.25
dili_multiclass,291,5071,45,4,orf_style,0,0,0.72,0.015,0.265
dili_multiclass,298,5770,45,4,orf_style,0,0,0.435,0.08,0.485
dili_multiclass,300,6005,45,4,orf_style,0,0,0.55,0.24,0.21
dili_multiclass,303,6167,45,4,orf_style,0,0,0.595,0.135,0.27
dili_multiclass,307,7029,45,4,orf_style,0,0,0.44,0.26,0.3
dili_multiclass,315,16362,45,4,orf_style,0,0,0.545,0.22,0.235
dili_multiclass,316,16960,45,4,orf_style,0,0,0.445,0.28,0.275
dili_multiclass,326,41684,45,4,orf_style,0,0,0.43,0.325,0.245
dili_multiclass,332,60613,45,4,orf_style,0,0,0.685,0.16,0.155
dili_multiclass,361,636380,45,4,orf_style,0,2,0.19,0.425,0.385
dili_multiclass,369,5282443,45,4,orf_style,0,0,0.81,0.015,0.175
dili_multiclass,380,10220503,45,4,orf_style,0,0,0.575,0.16,0.265
dili_multiclass,382,11953884,45,4,orf_style,0,1,0.25,0.51,0.24
dili_multiclass,397,11561674,45,4,orf_style,0,0,0.415,0.265,0.32
dili_multiclass,400,10077130,45,4,orf_style,0,0,0.59,0.01,0.4
dili_multiclass,401,10311306,45,4,orf_style,0,0,0.37,0.435,0.195
dili_multiclass,408,121892,45,4,orf_style,0,0,0.31,0.315,0.375
dili_multiclass,433,54732242,45,4,orf_style,0,0,0.82,0.01,0.17
dili_multiclass,454,3157,45,4,orf_style,0,0,0.7,0.055,0.245
dili_multiclass,467,5556,45,4,orf_style,0,0,0.585,0.12,0.295
dili_multiclass,476,37542,45,4,orf_style,0,0,0.53,0.215,0.255
dili_multiclass,499,3011155,45,4,orf_style,0,0,0.59,0.195,0.215
dili_multiclass,500,3081361,45,4,orf_style,0,0,0.43,0.195,0.375
dili_multiclass,515,11354606,45,4,orf_style,0,2,0.215,0.39,0.395
dili_multiclass,534,135409400,45,4,orf_style,0,2,0.255,0.23,0.515
dili_multiclass,552,46188928,45,4,orf_style,0,0,0.62,0.215,0.165
dili_multiclass,553,487101,45,4,orf_style,0,0,0.44,0.115,0.445
dili_multiclass,573,9931954,45,4,orf_style,0,0,0.475,0.38,0.145
dili_multiclass,1,1935,45,4,bworf_no_mi,2,1,0.285,0.455,0.26
dili_multiclass,2,2157,45,4,bworf_no_mi,2,0,0.41,0.37,0.22
dili_multiclass,15,3637,45,4,bworf_no_mi,2,1,0.175,0.415,0.41
dili_multiclass,24,5591,45,4,bworf_no_mi,2,1,0.33,0.545,0.125
dili_multiclass,32,55185,45,4,bworf_no_mi,2,2,0.165,0.175,0.66
dili_multiclass,41,1349907,45,4,bworf_no_mi,2,0,0.485,0.12,0.395
dili_multiclass,44,5388906,45,4,bworf_no_mi,0,2,0.37,0.135,0.495
dili_multiclass,54,5161,45,4,bworf_no_mi,2,2,0.27,0.18,0.55
dili_multiclass,62,1302,45,4,bworf_no_mi,2,2,0.19,0.265,0.545
dili_multiclass,79,3763,45,4,bworf_no_mi,2,1,0.07,0.52,0.41
dili_multiclass,95,5646,45,4,bworf_no_mi,2,1,0.4,0.535,0.065
dili_multiclass,100,29029,45,4,bworf_no_mi,2,0,0.375,0.285,0.34
dili_multiclass,103,43672,45,4,bworf_no_mi,2,1,0.38,0.41,0.21
dili_multiclass,127,5281040,45,4,bworf_no_mi,2,0,0.395,0.165,0.44
dili_multiclass,132,6439133,45,4,bworf_no_mi,2,0,0.41,0.37,0.22
dili_multiclass,142,1978,45,4,bworf_no_mi,1,0,0.66,0.165,0.175
dili_multiclass,159,3652,45,4,bworf_no_mi,1,0,0.49,0.075,0.435
dili_multiclass,160,3657,45,4,bworf_no_mi,1,2,0.42,0.085,0.495
dili_multiclass,177,4829,45,4,bworf_no_mi,1,0,0.56,0.325,0.115
dili_multiclass,178,4913,45,4,bworf_no_mi,1,2,0.135,0.395,0.47
dili_multiclass,188,21844,45,4,bworf_no_mi,1,2,0.335,0.15,0.515
dili_multiclass,195,60750,45,4,bworf_no_mi,1,1,0.275,0.485,0.24
dili_multiclass,198,65404,45,4,bworf_no_mi,1,2,0.14,0.315,0.545
dili_multiclass,202,104865,45,4,bworf_no_mi,1,0,0.755,0.085,0.16
dili_multiclass,211,441140,45,4,bworf_no_mi,1,1,0.18,0.5,0.32
dili_multiclass,224,5493444,45,4,bworf_no_mi,1,0,0.68,0.11,0.21
dili_multiclass,241,896,45,4,bworf_no_mi,0,0,0.66,0.095,0.245
dili_multiclass,245,2170,45,4,bworf_no_mi,0,1,0.105,0.455,0.44
dili_multiclass,283,4601,45,4,bworf_no_mi,0,1,0.33,0.55,0.12
dili_multiclass,284,4616,45,4,bworf_no_mi,0,0,0.545,0.155,0.3
dili_multiclass,291,5071,45,4,bworf_no_mi,0,0,0.635,0.035,0.33
dili_multiclass,298,5770,45,4,bworf_no_mi,0,2,0.43,0.07500000000000001,0.495
dili_multiclass,300,6005,45,4,bworf_no_mi,0,1,0.31,0.46,0.23
dili_multiclass,303,6167,45,4,bworf_no_mi,0,0,0.485,0.205,0.31
dili_multiclass,307,7029,45,4,bworf_no_mi,0,1,0.265,0.415,0.32
dili_multiclass,315,16362,45,4,bworf_no_mi,0,0,0.445,0.22,0.335
dili_multiclass,316,16960,45,4,bworf_no_mi,0,0,0.405,0.29,0.305
dili_multiclass,326,41684,45,4,bworf_no_mi,0,1,0.285,0.395,0.32
dili_multiclass,332,60613,45,4,bworf_no_mi,0,0,0.59,0.26,0.15
dili_multiclass,361,636380,45,4,bworf_no_mi,0,1,0.21,0.475,0.315
dili_multiclass,369,5282443,45,4,bworf_no_mi,0,0,0.76,0.1,0.14
dili_multiclass,380,10220503,45,4,bworf_no_mi,0,0,0.455,0.225,0.32
dili_multiclass,382,11953884,45,4,bworf_no_mi,0,1,0.07,0.71,0.22
dili_multiclass,397,11561674,45,4,bworf_no_mi,0,0,0.405,0.315,0.28
dili_multiclass,400,10077130,45,4,bworf_no_mi,0,0,0.465,0.08,0.455
dili_multiclass,401,10311306,45,4,bworf_no_mi,0,1,0.345,0.495,0.16
dili_multiclass,408,121892,45,4,bworf_no_mi,0,1,0.24,0.405,0.355
dili_multiclass,433,54732242,45,4,bworf_no_mi,0,0,0.78,0.02,0.2
dili_multiclass,454,3157,45,4,bworf_no_mi,0,0,0.58,0.155,0.265
dili_multiclass,467,5556,45,4,bworf_no_mi,0,2,0.405,0.135,0.46
dili_multiclass,476,37542,45,4,bworf_no_mi,0,1,0.28,0.365,0.355
dili_multiclass,499,3011155,45,4,bworf_no_mi,0,0,0.365,0.355,0.28
dili_multiclass,500,3081361,45,4,bworf_no_mi,0,0,0.41,0.21,0.38
dili_multiclass,515,11354606,45,4,bworf_no_mi,0,1,0.195,0.415,0.39
dili_multiclass,534,135409400,45,4,bworf_no_mi,0,2,0.245,0.215,0.54
dili_multiclass,552,46188928,45,4,bworf_no_mi,0,0,0.49,0.335,0.175
dili_multiclass,553,487101,45,4,bworf_no_mi,0,0,0.37,0.24,0.39
dili_multiclass,573,9931954,45,4,bworf_no_mi,0,1,0.185,0.68,0.135
dili_multiclass,1,1935,45,4,bworf_mi,2,1,0.29,0.42500000000000004,0.2849999999999999
dili_multiclass,2,2157,45,4,bworf_mi,2,0,0.3816666666666667,0.33166666666666667,0.2866666666666667
dili_multiclass,15,3637,45,4,bworf_mi,2,2,0.3183333333333333,0.27833333333333327,0.40333333333333327
dili_multiclass,24,5591,45,4,bworf_mi,2,1,0.32666666666666655,0.3466666666666666,0.32666666666666655
dili_multiclass,32,55185,45,4,bworf_mi,2,2,0.17666666666666667,0.32666666666666666,0.4966666666666667
dili_multiclass,41,1349907,45,4,bworf_mi,2,0,0.46,0.2,0.34
dili_multiclass,44,5388906,45,4,bworf_mi,0,1,0.3416666666666666,0.37166666666666665,0.2866666666666667
dili_multiclass,54,5161,45,4,bworf_mi,2,1,0.14833333333333334,0.5033333333333334,0.3483333333333333
dili_multiclass,62,1302,45,4,bworf_mi,2,1,0.29499999999999993,0.30999999999999994,0.3950000000000001
dili_multiclass,79,3763,45,4,bworf_mi,2,2,0.2766666666666666,0.2816666666666666,0.44166666666666665
dili_multiclass,95,5646,45,4,bworf_mi,2,2,0.27166666666666667,0.30666666666666664,0.4216666666666667
dili_multiclass,100,29029,45,4,bworf_mi,2,1,0.3533333333333332,0.33833333333333326,0.30833333333333324
dili_multiclass,103,43672,45,4,bworf_mi,2,1,0.3416666666666666,0.35166666666666674,0.3066666666666666
dili_multiclass,127,5281040,45,4,bworf_mi,2,1,0.33333333333333326,0.3833333333333334,0.28333333333333327
dili_multiclass,132,6439133,45,4,bworf_mi,2,1,0.36833333333333323,0.2933333333333333,0.33833333333333326
dili_multiclass,142,1978,45,4,bworf_mi,1,0,0.52,0.16000000000000003,0.3199999999999999
dili_multiclass,159,3652,45,4,bworf_mi,1,0,0.5283333333333333,0.16333333333333336,0.30833333333333335
dili_multiclass,160,3657,45,4,bworf_mi,1,0,0.4733333333333333,0.11333333333333333,0.41333333333333333
dili_multiclass,177,4829,45,4,bworf_mi,1,1,0.31833333333333325,0.3183333333333332,0.3633333333333333
dili_multiclass,178,4913,45,4,bworf_mi,1,0,0.5266666666666668,0.2516666666666666,0.22166666666666665
dili_multiclass,188,21844,45,4,bworf_mi,1,0,0.4150000000000001,0.23999999999999996,0.3449999999999999
dili_multiclass,195,60750,45,4,bworf_mi,1,1,0.29666666666666663,0.35166666666666674,0.3516666666666666
dili_multiclass,198,65404,45,4,bworf_mi,1,2,0.24833333333333332,0.2683333333333333,0.48333333333333334
dili_multiclass,202,104865,45,4,bworf_mi,1,0,0.5416666666666666,0.23166666666666663,0.22666666666666666
dili_multiclass,211,441140,45,4,bworf_mi,1,1,0.2833333333333333,0.40833333333333344,0.30833333333333335
dili_multiclass,224,5493444,45,4,bworf_mi,1,0,0.5016666666666667,0.2016666666666667,0.29666666666666663
dili_multiclass,241,896,45,4,bworf_mi,0,1,0.36999999999999994,0.35999999999999993,0.26999999999999996
dili_multiclass,245,2170,45,4,bworf_mi,0,2,0.3433333333333334,0.18333333333333335,0.4733333333333334
dili_multiclass,283,4601,45,4,bworf_mi,0,1,0.3033333333333333,0.47333333333333344,0.22333333333333327
dili_multiclass,284,4616,45,4,bworf_mi,0,2,0.34333333333333327,0.22333333333333333,0.4333333333333333
dili_multiclass,291,5071,45,4,bworf_mi,0,1,0.3783333333333333,0.3683333333333333,0.2533333333333333
dili_multiclass,298,5770,45,4,bworf_mi,0,0,0.415,0.3,0.285
dili_multiclass,300,6005,45,4,bworf_mi,0,2,0.36333333333333334,0.27833333333333327,0.35833333333333334
dili_multiclass,303,6167,45,4,bworf_mi,0,1,0.355,0.3449999999999999,0.29999999999999993
dili_multiclass,307,7029,45,4,bworf_mi,0,1,0.4049999999999999,0.35999999999999993,0.23499999999999993
dili_multiclass,315,16362,45,4,bworf_mi,0,1,0.39333333333333337,0.3383333333333334,0.26833333333333337
dili_multiclass,316,16960,45,4,bworf_mi,0,1,0.43666666666666676,0.29166666666666663,0.27166666666666667
dili_multiclass,326,41684,45,4,bworf_mi,0,2,0.21333333333333332,0.3283333333333333,0.45833333333333337
dili_multiclass,332,60613,45,4,bworf_mi,0,2,0.41333333333333333,0.22333333333333333,0.3633333333333333
dili_multiclass,361,636380,45,4,bworf_mi,0,1,0.2916666666666667,0.36666666666666664,0.34166666666666673
dili_multiclass,369,5282443,45,4,bworf_mi,0,0,0.4333333333333333,0.29833333333333334,0.26833333333333326
dili_multiclass,380,10220503,45,4,bworf_mi,0,1,0.38166666666666665,0.33166666666666655,0.28666666666666657
dili_multiclass,382,11953884,45,4,bworf_mi,0,1,0.18999999999999997,0.5800000000000001,0.22999999999999995
dili_multiclass,397,11561674,45,4,bworf_mi,0,1,0.2933333333333332,0.40833333333333344,0.2983333333333333
dili_multiclass,400,10077130,45,4,bworf_mi,0,0,0.5650000000000001,0.15500000000000003,0.2799999999999999
dili_multiclass,401,10311306,45,4,bworf_mi,0,0,0.57,0.2,0.23
dili_multiclass,408,121892,45,4,bworf_mi,0,1,0.3683333333333333,0.30333333333333323,0.3283333333333332
dili_multiclass,433,54732242,45,4,bworf_mi,0,0,0.63,0.025,0.345
dili_multiclass,454,3157,45,4,bworf_mi,0,0,0.4966666666666667,0.1466666666666667,0.35666666666666663
dili_multiclass,467,5556,45,4,bworf_mi,0,2,0.3683333333333333,0.28333333333333327,0.3483333333333334
dili_multiclass,476,37542,45,4,bworf_mi,0,1,0.3466666666666666,0.31666666666666665,0.33666666666666667
dili_multiclass,499,3011155,45,4,bworf_mi,0,2,0.41,0.19500000000000003,0.395
dili_multiclass,500,3081361,45,4,bworf_mi,0,0,0.3983333333333334,0.27833333333333327,0.3233333333333332
dili_multiclass,515,11354606,45,4,bworf_mi,0,1,0.31166666666666665,0.38666666666666666,0.3016666666666667
dili_multiclass,534,135409400,45,4,bworf_mi,0,2,0.3,0.24,0.46
dili_multiclass,552,46188928,45,4,bworf_mi,0,0,0.645,0.09000000000000002,0.26499999999999996
dili_multiclass,553,487101,45,4,bworf_mi,0,0,0.4216666666666667,0.2616666666666666,0.3166666666666666
dili_multiclass,573,9931954,45,4,bworf_mi,0,0,0.41,0.24999999999999997,0.3399999999999999
dili_multiclass,28,18283,45,5,orf_style,2,0,0.52,0.105,0.375
dili_multiclass,39,657298,45,5,orf_style,2,0,0.305,0.13,0.565
dili_multiclass,60,54675776,45,5,orf_style,2,0,0.34,0.08,0.58
dili_multiclass,64,2160,45,5,orf_style,2,0,0.355,0.455,0.19
dili_multiclass,77,3559,45,5,orf_style,2,2,0.27,0.125,0.605
dili_multiclass,80,3821,45,5,orf_style,2,2,0.175,0.39,0.435
dili_multiclass,85,4763,45,5,orf_style,2,2,0.18,0.245,0.575
dili_multiclass,86,4917,45,5,orf_style,2,0,0.305,0.185,0.51
dili_multiclass,97,6196,45,5,orf_style,2,1,0.155,0.515,0.33
dili_multiclass,107,54687,45,5,orf_style,2,0,0.505,0.07,0.425
dili_multiclass,115,84029,45,5,orf_style,2,2,0.26,0.12,0.62
dili_multiclass,131,5362119,45,5,orf_style,2,1,0.155,0.7,0.145
dili_multiclass,133,9875401,45,5,orf_style,2,0,0.53,0.14,0.33
dili_multiclass,137,135398737,45,5,orf_style,2,0,0.335,0.23,0.435
dili_multiclass,146,2187,45,5,orf_style,1,0,0.56,0.12,0.32
dili_multiclass,152,3325,45,5,orf_style,1,0,0.36,0.325,0.315
dili_multiclass,156,3394,45,5,orf_style,1,1,0.14,0.495,0.365
dili_multiclass,163,3749,45,5,orf_style,1,1,0.155,0.75,0.095
dili_multiclass,170,4178,45,5,orf_style,1,0,0.63,0.065,0.305
dili_multiclass,173,4539,45,5,orf_style,1,2,0.22,0.205,0.575
dili_multiclass,182,5487,45,5,orf_style,1,0,0.365,0.22,0.415
dili_multiclass,187,14956,45,5,orf_style,1,0,0.53,0.035,0.435
dili_multiclass,190,36462,45,5,orf_style,1,0,0.755,0.01,0.235
dili_multiclass,228,9853053,45,5,orf_style,1,0,0.445,0.42,0.135
dili_multiclass,269,3519,45,5,orf_style,0,0,0.55,0.07,0.38
dili_multiclass,314,15459,45,5,orf_style,0,0,0.4,0.12,0.48
dili_multiclass,318,23994,45,5,orf_style,0,0,0.365,0.115,0.52
dili_multiclass,335,60825,45,5,orf_style,0,0,0.57,0.17,0.26
dili_multiclass,338,63006,45,5,orf_style,0,0,0.245,0.455,0.3
dili_multiclass,362,656719,45,5,orf_style,0,0,0.425,0.42,0.155
dili_multiclass,363,708857,45,5,orf_style,0,0,0.65,0.04,0.31
dili_multiclass,376,6918837,45,5,orf_style,0,1,0.305,0.6,0.095
dili_multiclass,385,16130199,45,5,orf_style,0,0,0.765,0.04,0.195
dili_multiclass,386,16132446,45,5,orf_style,0,0,0.74,0.01,0.25
dili_multiclass,390,25077179,45,5,orf_style,0,0,0.795,0.01,0.195
dili_multiclass,391,44151801,45,5,orf_style,0,0,0.42,0.2,0.38
dili_multiclass,393,135398740,45,5,orf_style,0,0,0.655,0.02,0.325
dili_multiclass,398,10034073,45,5,orf_style,0,2,0.29,0.195,0.515
dili_multiclass,404,11304743,45,5,orf_style,0,0,0.655,0.055,0.29
dili_multiclass,406,11753673,45,5,orf_style,0,0,0.675,0.1,0.225
dili_multiclass,414,15951529,45,5,orf_style,0,0,0.52,0.235,0.245
dili_multiclass,444,92786,45,5,orf_style,0,0,0.605,0.23,0.165
dili_multiclass,450,2578,45,5,orf_style,0,2,0.24,0.235,0.525
dili_multiclass,451,2895,45,5,orf_style,0,0,0.605,0.13,0.265
dili_multiclass,453,3108,45,5,orf_style,0,0,0.71,0.055,0.235
dili_multiclass,464,4923,45,5,orf_style,0,0,0.615,0.065,0.32
dili_multiclass,466,5479,45,5,orf_style,0,2,0.17,0.38,0.45
dili_multiclass,478,54892,45,5,orf_style,0,1,0.23,0.535,0.235
dili_multiclass,482,65999,45,5,orf_style,0,0,0.505,0.34,0.155
dili_multiclass,494,150310,45,5,orf_style,0,0,0.525,0.145,0.33
dili_multiclass,496,208902,45,5,orf_style,0,0,0.6,0.19,0.21
dili_multiclass,506,6445540,45,5,orf_style,0,2,0.155,0.46,0.385
dili_multiclass,514,10324367,45,5,orf_style,0,0,0.515,0.31,0.175
dili_multiclass,529,54686904,45,5,orf_style,0,0,0.735,0.015,0.25
dili_multiclass,547,1727,45,5,orf_style,0,0,0.645,0.055,0.3
dili_multiclass,559,54726192,45,5,orf_style,0,0,0.765,0.005000000000000001,0.23
dili_multiclass,567,71657455,45,5,orf_style,0,1,0.32,0.5,0.18
dili_multiclass,28,18283,45,5,bworf_no_mi,2,2,0.365,0.185,0.45
dili_multiclass,39,657298,45,5,bworf_no_mi,2,2,0.28,0.115,0.605
dili_multiclass,60,54675776,45,5,bworf_no_mi,2,2,0.22,0.155,0.625
dili_multiclass,64,2160,45,5,bworf_no_mi,2,1,0.18,0.63,0.19
dili_multiclass,77,3559,45,5,bworf_no_mi,2,2,0.225,0.145,0.63
dili_multiclass,80,3821,45,5,bworf_no_mi,2,1,0.065,0.525,0.41
dili_multiclass,85,4763,45,5,bworf_no_mi,2,2,0.175,0.245,0.58
dili_multiclass,86,4917,45,5,bworf_no_mi,2,2,0.19,0.185,0.625
dili_multiclass,97,6196,45,5,bworf_no_mi,2,1,0.105,0.46,0.435
dili_multiclass,107,54687,45,5,bworf_no_mi,2,2,0.345,0.135,0.52
dili_multiclass,115,84029,45,5,bworf_no_mi,2,2,0.185,0.135,0.68
dili_multiclass,131,5362119,45,5,bworf_no_mi,2,1,0.055,0.79,0.155
dili_multiclass,133,9875401,45,5,bworf_no_mi,2,2,0.355,0.225,0.42
dili_multiclass,137,135398737,45,5,bworf_no_mi,2,2,0.305,0.21,0.485
dili_multiclass,146,2187,45,5,bworf_no_mi,1,0,0.51,0.1,0.39
dili_multiclass,152,3325,45,5,bworf_no_mi,1,1,0.205,0.515,0.28
dili_multiclass,156,3394,45,5,bworf_no_mi,1,1,0.085,0.59,0.325
dili_multiclass,163,3749,45,5,bworf_no_mi,1,1,0.08,0.82,0.1
dili_multiclass,170,4178,45,5,bworf_no_mi,1,0,0.445,0.17,0.385
dili_multiclass,173,4539,45,5,bworf_no_mi,1,2,0.18,0.315,0.505
dili_multiclass,182,5487,45,5,bworf_no_mi,1,2,0.22,0.275,0.505
dili_multiclass,187,14956,45,5,bworf_no_mi,1,2,0.445,0.05,0.505
dili_multiclass,190,36462,45,5,bworf_no_mi,1,0,0.715,0.025,0.26
dili_multiclass,228,9853053,45,5,bworf_no_mi,1,1,0.33,0.615,0.055
dili_multiclass,269,3519,45,5,bworf_no_mi,0,0,0.425,0.145,0.43
dili_multiclass,314,15459,45,5,bworf_no_mi,0,2,0.305,0.18,0.515
dili_multiclass,318,23994,45,5,bworf_no_mi,0,2,0.31,0.12000000000000002,0.57
dili_multiclass,335,60825,45,5,bworf_no_mi,0,0,0.46,0.22,0.32
dili_multiclass,338,63006,45,5,bworf_no_mi,0,1,0.215,0.465,0.32
dili_multiclass,362,656719,45,5,bworf_no_mi,0,1,0.27,0.49,0.24
dili_multiclass,363,708857,45,5,bworf_no_mi,0,0,0.515,0.055,0.43
dili_multiclass,376,6918837,45,5,bworf_no_mi,0,1,0.235,0.665,0.1
dili_multiclass,385,16130199,45,5,bworf_no_mi,0,0,0.735,0.06,0.205
dili_multiclass,386,16132446,45,5,bworf_no_mi,0,0,0.655,0.04,0.305
dili_multiclass,390,25077179,45,5,bworf_no_mi,0,0,0.785,0.025,0.19
dili_multiclass,391,44151801,45,5,bworf_no_mi,0,0,0.435,0.225,0.34
dili_multiclass,393,135398740,45,5,bworf_no_mi,0,0,0.555,0.09,0.355
dili_multiclass,398,10034073,45,5,bworf_no_mi,0,2,0.29,0.2,0.51
dili_multiclass,404,11304743,45,5,bworf_no_mi,0,0,0.54,0.105,0.355
dili_multiclass,406,11753673,45,5,bworf_no_mi,0,0,0.45,0.275,0.275
dili_multiclass,414,15951529,45,5,bworf_no_mi,0,0,0.4,0.355,0.245
dili_multiclass,444,92786,45,5,bworf_no_mi,0,0,0.51,0.315,0.175
dili_multiclass,450,2578,45,5,bworf_no_mi,0,2,0.19,0.195,0.615
dili_multiclass,451,2895,45,5,bworf_no_mi,0,0,0.395,0.285,0.32
dili_multiclass,453,3108,45,5,bworf_no_mi,0,0,0.61,0.085,0.305
dili_multiclass,464,4923,45,5,bworf_no_mi,0,0,0.61,0.08,0.31
dili_multiclass,466,5479,45,5,bworf_no_mi,0,2,0.165,0.355,0.48
dili_multiclass,478,54892,45,5,bworf_no_mi,0,1,0.085,0.655,0.26
dili_multiclass,482,65999,45,5,bworf_no_mi,0,1,0.325,0.505,0.17
dili_multiclass,494,150310,45,5,bworf_no_mi,0,0,0.505,0.175,0.32
dili_multiclass,496,208902,45,5,bworf_no_mi,0,0,0.4,0.345,0.255
dili_multiclass,506,6445540,45,5,bworf_no_mi,0,1,0.14,0.425,0.435
dili_multiclass,514,10324367,45,5,bworf_no_mi,0,0,0.52,0.375,0.105
dili_multiclass,529,54686904,45,5,bworf_no_mi,0,0,0.655,0.03,0.315
dili_multiclass,547,1727,45,5,bworf_no_mi,0,0,0.57,0.16,0.27
dili_multiclass,559,54726192,45,5,bworf_no_mi,0,0,0.645,0.025,0.33
dili_multiclass,567,71657455,45,5,bworf_no_mi,0,1,0.155,0.68,0.165
dili_multiclass,28,18283,45,5,bworf_mi,2,2,0.35166666666666674,0.21666666666666667,0.43166666666666664
dili_multiclass,39,657298,45,5,bworf_mi,2,2,0.35833333333333334,0.19333333333333333,0.44833333333333336
dili_multiclass,60,54675776,45,5,bworf_mi,2,2,0.3950000000000001,0.21999999999999997,0.385
dili_multiclass,64,2160,45,5,bworf_mi,2,1,0.29833333333333334,0.4083333333333334,0.29333333333333333
dili_multiclass,77,3559,45,5,bworf_mi,2,2,0.30833333333333335,0.29833333333333334,0.3933333333333333
dili_multiclass,80,3821,45,5,bworf_mi,2,2,0.26166666666666666,0.3116666666666667,0.4266666666666667
dili_multiclass,85,4763,45,5,bworf_mi,2,2,0.22333333333333333,0.3133333333333333,0.4633333333333334
dili_multiclass,86,4917,45,5,bworf_mi,2,2,0.41833333333333333,0.17333333333333337,0.4083333333333334
dili_multiclass,97,6196,45,5,bworf_mi,2,1,0.2,0.415,0.385
dili_multiclass,107,54687,45,5,bworf_mi,2,1,0.38,0.36,0.26
dili_multiclass,115,84029,45,5,bworf_mi,2,2,0.335,0.185,0.48
dili_multiclass,131,5362119,45,5,bworf_mi,2,0,0.4683333333333334,0.39333333333333337,0.13833333333333334
dili_multiclass,133,9875401,45,5,bworf_mi,2,2,0.37333333333333335,0.2733333333333333,0.3533333333333333
dili_multiclass,137,135398737,45,5,bworf_mi,2,1,0.39,0.30999999999999994,0.3
dili_multiclass,146,2187,45,5,bworf_mi,1,0,0.4566666666666667,0.17666666666666667,0.36666666666666664
dili_multiclass,152,3325,45,5,bworf_mi,1,2,0.42833333333333334,0.12833333333333333,0.44333333333333336
dili_multiclass,156,3394,45,5,bworf_mi,1,2,0.18166666666666667,0.4066666666666666,0.4116666666666666
dili_multiclass,163,3749,45,5,bworf_mi,1,0,0.49000000000000005,0.3999999999999999,0.11
dili_multiclass,170,4178,45,5,bworf_mi,1,0,0.47166666666666673,0.12166666666666667,0.4066666666666666
dili_multiclass,173,4539,45,5,bworf_mi,1,2,0.25,0.265,0.485
dili_multiclass,182,5487,45,5,bworf_mi,1,2,0.45833333333333337,0.11333333333333334,0.42833333333333334
dili_multiclass,187,14956,45,5,bworf_mi,1,0,0.41666666666666663,0.22166666666666665,0.3616666666666667
dili_multiclass,190,36462,45,5,bworf_mi,1,0,0.5816666666666667,0.05666666666666667,0.36166666666666664
dili_multiclass,228,9853053,45,5,bworf_mi,1,0,0.625,0.04,0.335
dili_multiclass,269,3519,45,5,bworf_mi,0,2,0.41,0.15,0.44
dili_multiclass,314,15459,45,5,bworf_mi,0,0,0.4866666666666667,0.12666666666666665,0.3866666666666667
dili_multiclass,318,23994,45,5,bworf_mi,0,2,0.445,0.06,0.495
dili_multiclass,335,60825,45,5,bworf_mi,0,2,0.28,0.37,0.35
dili_multiclass,338,63006,45,5,bworf_mi,0,0,0.4783333333333333,0.22333333333333336,0.29833333333333334
dili_multiclass,362,656719,45,5,bworf_mi,0,0,0.3916666666666667,0.36166666666666664,0.24666666666666665
dili_multiclass,363,708857,45,5,bworf_mi,0,0,0.45333333333333337,0.36833333333333335,0.17833333333333332
dili_multiclass,376,6918837,45,5,bworf_mi,0,1,0.39833333333333326,0.4283333333333333,0.1733333333333333
dili_multiclass,385,16130199,45,5,bworf_mi,0,0,0.625,0.055,0.32
dili_multiclass,386,16132446,45,5,bworf_mi,0,0,0.645,0.025,0.33
dili_multiclass,390,25077179,45,5,bworf_mi,0,0,0.67,0.08,0.25
dili_multiclass,391,44151801,45,5,bworf_mi,0,1,0.41,0.42,0.17
dili_multiclass,393,135398740,45,5,bworf_mi,0,2,0.415,0.14,0.445
dili_multiclass,398,10034073,45,5,bworf_mi,0,2,0.425,0.115,0.46
dili_multiclass,404,11304743,45,5,bworf_mi,0,0,0.555,0.04,0.405
dili_multiclass,406,11753673,45,5,bworf_mi,0,0,0.49333333333333335,0.07833333333333332,0.42833333333333334
dili_multiclass,414,15951529,45,5,bworf_mi,0,0,0.4683333333333334,0.07833333333333332,0.45333333333333337
dili_multiclass,444,92786,45,5,bworf_mi,0,0,0.405,0.405,0.19
dili_multiclass,450,2578,45,5,bworf_mi,0,2,0.425,0.175,0.4
dili_multiclass,451,2895,45,5,bworf_mi,0,1,0.27,0.49,0.24
dili_multiclass,453,3108,45,5,bworf_mi,0,0,0.5383333333333333,0.10833333333333334,0.3533333333333333
dili_multiclass,464,4923,45,5,bworf_mi,0,2,0.27166666666666667,0.3416666666666666,0.38666666666666666
dili_multiclass,466,5479,45,5,bworf_mi,0,0,0.35833333333333334,0.36333333333333334,0.2783333333333334
dili_multiclass,478,54892,45,5,bworf_mi,0,1,0.34333333333333327,0.4033333333333334,0.2533333333333333
dili_multiclass,482,65999,45,5,bworf_mi,0,0,0.3983333333333334,0.37333333333333335,0.22833333333333333
dili_multiclass,494,150310,45,5,bworf_mi,0,0,0.5416666666666667,0.08166666666666667,0.37666666666666665
dili_multiclass,496,208902,45,5,bworf_mi,0,0,0.5150000000000001,0.37,0.11500000000000002
dili_multiclass,506,6445540,45,5,bworf_mi,0,1,0.285,0.44,0.275
dili_multiclass,514,10324367,45,5,bworf_mi,0,0,0.52,0.24,0.24
dili_multiclass,529,54686904,45,5,bworf_mi,0,0,0.47666666666666674,0.14666666666666667,0.37666666666666665
dili_multiclass,547,1727,45,5,bworf_mi,0,0,0.565,0.025,0.41
dili_multiclass,559,54726192,45,5,bworf_mi,0,0,0.43000000000000005,0.21,0.36
dili_multiclass,567,71657455,45,5,bworf_mi,0,0,0.565,0.11,0.325
dili_multiclass,4,2265,45,6,orf_style,2,0,0.28,0.185,0.535
dili_multiclass,12,3385,45,6,orf_style,2,0,0.28,0.29,0.43
dili_multiclass,13,3397,45,6,orf_style,2,1,0.195,0.525,0.28
dili_multiclass,26,5852,45,6,orf_style,2,0,0.52,0.16,0.32
dili_multiclass,45,5464436,45,6,orf_style,1,0,0.37,0.045,0.585
dili_multiclass,48,135398739,45,6,orf_style,2,0,0.58,0.13,0.29
dili_multiclass,65,2333,45,6,orf_style,2,0,0.455,0.31,0.235
dili_multiclass,67,2662,45,6,orf_style,2,1,0.3,0.525,0.175
dili_multiclass,71,2907,45,6,orf_style,2,0,0.575,0.09,0.335
dili_multiclass,75,3339,45,6,orf_style,2,0,0.37,0.185,0.445
dili_multiclass,83,4485,45,6,orf_style,2,0,0.585,0.055,0.36
dili_multiclass,98,8549,45,6,orf_style,2,0,0.41,0.145,0.445
dili_multiclass,99,18381,45,6,orf_style,2,1,0.1,0.64,0.26
dili_multiclass,106,53232,45,6,orf_style,2,0,0.385,0.12,0.495
dili_multiclass,129,5329102,45,6,orf_style,2,0,0.51,0.13,0.36
dili_multiclass,148,2678,45,6,orf_style,1,0,0.56,0.0,0.44
dili_multiclass,191,39186,45,6,orf_style,1,0,0.345,0.175,0.48
dili_multiclass,212,441203,45,6,orf_style,1,0,0.485,0.24,0.275
dili_multiclass,215,667477,45,6,orf_style,1,0,0.36,0.255,0.385
dili_multiclass,216,3034010,45,6,orf_style,1,0,0.42,0.35,0.23
dili_multiclass,222,5362129,45,6,orf_style,1,0,0.695,0.005000000000000001,0.3
dili_multiclass,233,25126798,45,6,orf_style,1,0,0.59,0.2,0.21
dili_multiclass,234,54677470,45,6,orf_style,1,0,0.225,0.37,0.405
dili_multiclass,237,4158,45,6,orf_style,1,0,0.57,0.19,0.24
dili_multiclass,246,2369,45,6,orf_style,0,0,0.68,0.01,0.31
dili_multiclass,251,2564,45,6,orf_style,0,0,0.645,0.009999999999999998,0.345
dili_multiclass,253,2707,45,6,orf_style,0,0,0.355,0.2,0.445
dili_multiclass,254,2754,45,6,orf_style,0,1,0.205,0.68,0.115
dili_multiclass,278,4192,45,6,orf_style,0,0,0.61,0.005000000000000001,0.385
dili_multiclass,292,5253,45,6,orf_style,0,0,0.55,0.185,0.265
dili_multiclass,293,5311,45,6,orf_style,0,0,0.5,0.12,0.38
dili_multiclass,310,9354,45,6,orf_style,0,0,0.36,0.145,0.495
dili_multiclass,317,20279,45,6,orf_style,0,0,0.48,0.225,0.295
dili_multiclass,319,26757,45,6,orf_style,0,0,0.555,0.04,0.405
dili_multiclass,327,51634,45,6,orf_style,0,0,0.57,0.18,0.25
dili_multiclass,336,60855,45,6,orf_style,0,0,0.57,0.08,0.35
dili_multiclass,337,62816,45,6,orf_style,0,0,0.675,0.075,0.25
dili_multiclass,346,115237,45,6,orf_style,0,0,0.35,0.465,0.185
dili_multiclass,348,121396,45,6,orf_style,0,0,0.285,0.115,0.6
dili_multiclass,357,441314,45,6,orf_style,0,0,0.66,0.06,0.28
dili_multiclass,364,969472,45,6,orf_style,0,0,0.525,0.05,0.425
dili_multiclass,365,3000502,45,6,orf_style,0,0,0.605,0.095,0.3
dili_multiclass,373,5311454,45,6,orf_style,0,1,0.21,0.655,0.135
dili_multiclass,452,2972,45,6,orf_style,0,0,0.57,0.145,0.285
dili_multiclass,465,4976,45,6,orf_style,0,1,0.27,0.595,0.135
dili_multiclass,480,60879,45,6,orf_style,0,0,0.395,0.195,0.41
dili_multiclass,481,60953,45,6,orf_style,0,0,0.53,0.03,0.44
dili_multiclass,483,71349,45,6,orf_style,0,1,0.3,0.505,0.195
dili_multiclass,488,107807,45,6,orf_style,0,0,0.685,0.025,0.29
dili_multiclass,492,147912,45,6,orf_style,0,0,0.57,0.039999999999999994,0.39
dili_multiclass,498,3010818,45,6,orf_style,0,0,0.655,0.07,0.275
dili_multiclass,510,9869929,45,6,orf_style,0,0,0.485,0.3,0.215
dili_multiclass,516,11450633,45,6,orf_style,0,0,0.505,0.24,0.255
dili_multiclass,522,25154714,45,6,orf_style,0,0,0.675,0.085,0.24
dili_multiclass,526,49800073,45,6,orf_style,0,0,0.525,0.08,0.395
dili_multiclass,554,49803313,45,6,orf_style,0,0,0.72,0.01,0.27
dili_multiclass,562,644019,45,6,orf_style,0,1,0.31,0.52,0.17
dili_multiclass,4,2265,45,6,bworf_no_mi,2,2,0.235,0.265,0.5
dili_multiclass,12,3385,45,6,bworf_no_mi,2,2,0.125,0.415,0.46
dili_multiclass,13,3397,45,6,bworf_no_mi,2,1,0.11,0.685,0.205
dili_multiclass,26,5852,45,6,bworf_no_mi,2,0,0.505,0.15,0.345
dili_multiclass,45,5464436,45,6,bworf_no_mi,1,2,0.35,0.095,0.555
dili_multiclass,48,135398739,45,6,bworf_no_mi,2,0,0.485,0.275,0.24
dili_multiclass,65,2333,45,6,bworf_no_mi,2,0,0.42,0.31,0.27
dili_multiclass,67,2662,45,6,bworf_no_mi,2,1,0.245,0.51,0.245
dili_multiclass,71,2907,45,6,bworf_no_mi,2,0,0.61,0.045,0.345
dili_multiclass,75,3339,45,6,bworf_no_mi,2,2,0.23,0.255,0.515
dili_multiclass,83,4485,45,6,bworf_no_mi,2,0,0.545,0.15,0.305
dili_multiclass,98,8549,45,6,bworf_no_mi,2,2,0.29,0.19,0.52
dili_multiclass,99,18381,45,6,bworf_no_mi,2,1,0.03,0.74,0.23
dili_multiclass,106,53232,45,6,bworf_no_mi,2,2,0.225,0.235,0.54
dili_multiclass,129,5329102,45,6,bworf_no_mi,2,0,0.43,0.205,0.365
dili_multiclass,148,2678,45,6,bworf_no_mi,1,0,0.52,0.03,0.45
dili_multiclass,191,39186,45,6,bworf_no_mi,1,2,0.365,0.195,0.44
dili_multiclass,212,441203,45,6,bworf_no_mi,1,0,0.605,0.19,0.205
dili_multiclass,215,667477,45,6,bworf_no_mi,1,2,0.295,0.28,0.425
dili_multiclass,216,3034010,45,6,bworf_no_mi,1,1,0.35,0.515,0.135
dili_multiclass,222,5362129,45,6,bworf_no_mi,1,0,0.68,0.035,0.285
dili_multiclass,233,25126798,45,6,bworf_no_mi,1,0,0.42,0.39,0.19
dili_multiclass,234,54677470,45,6,bworf_no_mi,1,2,0.175,0.355,0.47
dili_multiclass,237,4158,45,6,bworf_no_mi,1,0,0.525,0.35,0.125
dili_multiclass,246,2369,45,6,bworf_no_mi,0,0,0.68,0.05,0.27
dili_multiclass,251,2564,45,6,bworf_no_mi,0,0,0.57,0.029999999999999995,0.4
dili_multiclass,253,2707,45,6,bworf_no_mi,0,2,0.35,0.175,0.475
dili_multiclass,254,2754,45,6,bworf_no_mi,0,1,0.215,0.655,0.13
dili_multiclass,278,4192,45,6,bworf_no_mi,0,0,0.54,0.07,0.39
dili_multiclass,292,5253,45,6,bworf_no_mi,0,0,0.455,0.275,0.27
dili_multiclass,293,5311,45,6,bworf_no_mi,0,0,0.46,0.185,0.355
dili_multiclass,310,9354,45,6,bworf_no_mi,0,2,0.26,0.21,0.53
dili_multiclass,317,20279,45,6,bworf_no_mi,0,0,0.41,0.33,0.26
dili_multiclass,319,26757,45,6,bworf_no_mi,0,0,0.49,0.105,0.405
dili_multiclass,327,51634,45,6,bworf_no_mi,0,0,0.455,0.255,0.29
dili_multiclass,336,60855,45,6,bworf_no_mi,0,0,0.55,0.065,0.385
dili_multiclass,337,62816,45,6,bworf_no_mi,0,0,0.705,0.08,0.215
dili_multiclass,346,115237,45,6,bworf_no_mi,0,1,0.195,0.61,0.195
dili_multiclass,348,121396,45,6,bworf_no_mi,0,2,0.2,0.21,0.59
dili_multiclass,357,441314,45,6,bworf_no_mi,0,0,0.605,0.085,0.31
dili_multiclass,364,969472,45,6,bworf_no_mi,0,0,0.505,0.08,0.415
dili_multiclass,365,3000502,45,6,bworf_no_mi,0,0,0.56,0.22,0.22
dili_multiclass,373,5311454,45,6,bworf_no_mi,0,1,0.11,0.705,0.185
dili_multiclass,452,2972,45,6,bworf_no_mi,0,0,0.535,0.17,0.295
dili_multiclass,465,4976,45,6,bworf_no_mi,0,1,0.075,0.755,0.17
dili_multiclass,480,60879,45,6,bworf_no_mi,0,2,0.28,0.22,0.5
dili_multiclass,481,60953,45,6,bworf_no_mi,0,0,0.505,0.08,0.415
dili_multiclass,483,71349,45,6,bworf_no_mi,0,1,0.175,0.595,0.23
dili_multiclass,488,107807,45,6,bworf_no_mi,0,0,0.72,0.07,0.21
dili_multiclass,492,147912,45,6,bworf_no_mi,0,0,0.53,0.095,0.375
dili_multiclass,498,3010818,45,6,bworf_no_mi,0,0,0.7,0.075,0.225
dili_multiclass,510,9869929,45,6,bworf_no_mi,0,1,0.315,0.475,0.21
dili_multiclass,516,11450633,45,6,bworf_no_mi,0,0,0.49,0.365,0.145
dili_multiclass,522,25154714,45,6,bworf_no_mi,0,0,0.71,0.055,0.235
dili_multiclass,526,49800073,45,6,bworf_no_mi,0,0,0.6,0.07,0.33
dili_multiclass,554,49803313,45,6,bworf_no_mi,0,0,0.745,0.08,0.175
dili_multiclass,562,644019,45,6,bworf_no_mi,0,1,0.225,0.6,0.175
dili_multiclass,4,2265,45,6,bworf_mi,2,2,0.32666666666666666,0.2316666666666667,0.4416666666666667
dili_multiclass,12,3385,45,6,bworf_mi,2,2,0.325,0.165,0.51
dili_multiclass,13,3397,45,6,bworf_mi,2,2,0.22666666666666666,0.38166666666666665,0.3916666666666667
dili_multiclass,26,5852,45,6,bworf_mi,2,2,0.385,0.23,0.385
dili_multiclass,45,5464436,45,6,bworf_mi,1,0,0.5433333333333333,0.14333333333333334,0.3133333333333333
dili_multiclass,48,135398739,45,6,bworf_mi,2,2,0.45166666666666666,0.20166666666666663,0.3466666666666666
dili_multiclass,65,2333,45,6,bworf_mi,2,2,0.26666666666666666,0.33166666666666667,0.4016666666666666
dili_multiclass,67,2662,45,6,bworf_mi,2,2,0.3466666666666666,0.36666666666666664,0.2866666666666667
dili_multiclass,71,2907,45,6,bworf_mi,2,2,0.37,0.29,0.34
dili_multiclass,75,3339,45,6,bworf_mi,2,1,0.38833333333333336,0.37333333333333335,0.2383333333333333
dili_multiclass,83,4485,45,6,bworf_mi,2,0,0.4816666666666667,0.23666666666666664,0.2816666666666667
dili_multiclass,98,8549,45,6,bworf_mi,2,2,0.275,0.29,0.435
dili_multiclass,99,18381,45,6,bworf_mi,2,2,0.21333333333333332,0.38833333333333336,0.3983333333333334
dili_multiclass,106,53232,45,6,bworf_mi,2,0,0.4366666666666667,0.20666666666666667,0.35666666666666663
dili_multiclass,129,5329102,45,6,bworf_mi,2,1,0.29,0.43,0.28
dili_multiclass,148,2678,45,6,bworf_mi,1,2,0.4633333333333334,0.13333333333333333,0.4033333333333334
dili_multiclass,191,39186,45,6,bworf_mi,1,1,0.3,0.365,0.335
dili_multiclass,212,441203,45,6,bworf_mi,1,1,0.195,0.42,0.385
dili_multiclass,215,667477,45,6,bworf_mi,1,0,0.425,0.29,0.285
dili_multiclass,216,3034010,45,6,bworf_mi,1,0,0.55,0.24,0.21
dili_multiclass,222,5362129,45,6,bworf_mi,1,1,0.35333333333333333,0.42833333333333334,0.21833333333333332
dili_multiclass,233,25126798,45,6,bworf_mi,1,1,0.39833333333333326,0.3933333333333333,0.20833333333333331
dili_multiclass,234,54677470,45,6,bworf_mi,1,2,0.22,0.37,0.41
dili_multiclass,237,4158,45,6,bworf_mi,1,0,0.38833333333333336,0.3233333333333333,0.2883333333333333
dili_multiclass,246,2369,45,6,bworf_mi,0,0,0.5566666666666668,0.23166666666666663,0.21166666666666667
dili_multiclass,251,2564,45,6,bworf_mi,0,2,0.4083333333333334,0.22833333333333333,0.3633333333333333
dili_multiclass,253,2707,45,6,bworf_mi,0,0,0.545,0.04,0.415
dili_multiclass,254,2754,45,6,bworf_mi,0,0,0.5116666666666667,0.32166666666666666,0.16666666666666669
dili_multiclass,278,4192,45,6,bworf_mi,0,2,0.39666666666666667,0.26166666666666666,0.34166666666666673
dili_multiclass,292,5253,45,6,bworf_mi,0,2,0.22833333333333333,0.40833333333333327,0.3633333333333333
dili_multiclass,293,5311,45,6,bworf_mi,0,0,0.41333333333333333,0.3633333333333333,0.22333333333333333
dili_multiclass,310,9354,45,6,bworf_mi,0,2,0.34333333333333327,0.24333333333333332,0.41333333333333333
dili_multiclass,317,20279,45,6,bworf_mi,0,0,0.4650000000000001,0.27999999999999997,0.25499999999999995
dili_multiclass,319,26757,45,6,bworf_mi,0,0,0.365,0.315,0.32
dili_multiclass,327,51634,45,6,bworf_mi,0,0,0.42999999999999994,0.25499999999999995,0.31499999999999995
dili_multiclass,336,60855,45,6,bworf_mi,0,0,0.535,0.115,0.3499999999999999
dili_multiclass,337,62816,45,6,bworf_mi,0,0,0.635,0.1,0.265
dili_multiclass,346,115237,45,6,bworf_mi,0,1,0.3766666666666667,0.3866666666666667,0.2366666666666666
dili_multiclass,348,121396,45,6,bworf_mi,0,0,0.405,0.195,0.4
dili_multiclass,357,441314,45,6,bworf_mi,0,2,0.39333333333333337,0.23833333333333329,0.36833333333333335
dili_multiclass,364,969472,45,6,bworf_mi,0,0,0.465,0.175,0.36
dili_multiclass,365,3000502,45,6,bworf_mi,0,0,0.515,0.15,0.335
dili_multiclass,373,5311454,45,6,bworf_mi,0,0,0.42,0.325,0.255
dili_multiclass,452,2972,45,6,bworf_mi,0,0,0.5,0.085,0.415
dili_multiclass,465,4976,45,6,bworf_mi,0,1,0.19333333333333333,0.4983333333333334,0.3083333333333333
dili_multiclass,480,60879,45,6,bworf_mi,0,1,0.285,0.43,0.285
dili_multiclass,481,60953,45,6,bworf_mi,0,0,0.455,0.22,0.32499999999999996
dili_multiclass,483,71349,45,6,bworf_mi,0,1,0.245,0.61,0.145
dili_multiclass,488,107807,45,6,bworf_mi,0,1,0.3449999999999999,0.3399999999999999,0.315
dili_multiclass,492,147912,45,6,bworf_mi,0,0,0.46,0.205,0.335
dili_multiclass,498,3010818,45,6,bworf_mi,0,0,0.55,0.145,0.305
dili_multiclass,510,9869929,45,6,bworf_mi,0,1,0.39333333333333337,0.28833333333333333,0.31833333333333336
dili_multiclass,516,11450633,45,6,bworf_mi,0,0,0.4616666666666667,0.17666666666666667,0.36166666666666664
dili_multiclass,522,25154714,45,6,bworf_mi,0,0,0.5683333333333334,0.20333333333333337,0.22833333333333333
dili_multiclass,526,49800073,45,6,bworf_mi,0,0,0.475,0.3,0.225
dili_multiclass,554,49803313,45,6,bworf_mi,0,0,0.565,0.11,0.325
dili_multiclass,562,644019,45,6,bworf_mi,0,0,0.4416666666666667,0.33166666666666667,0.22666666666666666
dili_multiclass,22,4583,45,7,orf_style,2,0,0.285,0.17,0.545
dili_multiclass,23,5352,45,7,orf_style,2,0,0.45,0.32,0.23
dili_multiclass,40,667490,45,7,orf_style,2,2,0.215,0.19,0.595
dili_multiclass,49,135401907,45,7,orf_style,2,2,0.225,0.215,0.56
dili_multiclass,63,2082,45,7,orf_style,2,0,0.66,0.145,0.195
dili_multiclass,68,2733,45,7,orf_style,2,0,0.34,0.33,0.33
dili_multiclass,73,3226,45,7,orf_style,2,0,0.29,0.39,0.32
dili_multiclass,76,3365,45,7,orf_style,2,1,0.16,0.52,0.32
dili_multiclass,84,4594,45,7,orf_style,2,0,0.315,0.45,0.235
dili_multiclass,87,5002,45,7,orf_style,2,1,0.19,0.685,0.125
dili_multiclass,88,5206,45,7,orf_style,2,1,0.245,0.48,0.275
dili_multiclass,110,60606,45,7,orf_style,2,0,0.32,0.395,0.285
dili_multiclass,128,5284537,45,7,orf_style,2,0,0.635,0.12,0.245
dili_multiclass,138,135398738,45,7,orf_style,2,0,0.44,0.165,0.395
dili_multiclass,145,2162,45,7,orf_style,1,0,0.455,0.135,0.41
dili_multiclass,150,2913,45,7,orf_style,1,0,0.785,0.01,0.205
dili_multiclass,167,3961,45,7,orf_style,1,0,0.55,0.28,0.17
dili_multiclass,168,4168,45,7,orf_style,1,1,0.175,0.53,0.295
dili_multiclass,174,4543,45,7,orf_style,1,0,0.54,0.235,0.225
dili_multiclass,175,4614,45,7,orf_style,1,1,0.26,0.525,0.215
dili_multiclass,183,5717,45,7,orf_style,1,0,0.43,0.405,0.165
dili_multiclass,194,60198,45,7,orf_style,1,0,0.625,0.15,0.225
dili_multiclass,213,441341,45,7,orf_style,1,0,0.71,0.01,0.28
dili_multiclass,230,11626560,45,7,orf_style,1,0,0.435,0.06,0.505
dili_multiclass,244,2153,45,7,orf_style,0,2,0.285,0.11,0.605
dili_multiclass,250,2477,45,7,orf_style,0,0,0.74,0.055,0.205
dili_multiclass,259,2973,45,7,orf_style,0,0,0.63,0.165,0.205
dili_multiclass,260,3080,45,7,orf_style,0,0,0.425,0.365,0.21
dili_multiclass,261,3100,45,7,orf_style,0,0,0.56,0.09,0.35
dili_multiclass,262,3162,45,7,orf_style,0,0,0.45,0.24,0.31
dili_multiclass,263,3261,45,7,orf_style,0,0,0.675,0.045,0.28
dili_multiclass,274,3958,45,7,orf_style,0,0,0.715,0.03,0.255
dili_multiclass,308,7077,45,7,orf_style,0,0,0.605,0.18,0.215
dili_multiclass,323,37464,45,7,orf_style,0,0,0.7,0.13,0.17
dili_multiclass,329,59227,45,7,orf_style,0,0,0.44,0.135,0.425
dili_multiclass,330,59768,45,7,orf_style,0,0,0.635,0.2,0.165
dili_multiclass,344,71815,45,7,orf_style,0,0,0.265,0.36,0.375
dili_multiclass,352,160051,45,7,orf_style,0,0,0.72,0.075,0.205
dili_multiclass,358,443940,45,7,orf_style,0,0,0.345,0.09,0.565
dili_multiclass,360,449193,45,7,orf_style,0,0,0.31,0.245,0.445
dili_multiclass,371,5284594,45,7,orf_style,0,0,0.715,0.0,0.285
dili_multiclass,411,131682,45,7,orf_style,0,0,0.41,0.345,0.245
dili_multiclass,418,1794427,45,7,orf_style,0,0,0.47,0.085,0.445
dili_multiclass,425,42613186,45,7,orf_style,0,0,0.31,0.275,0.415
dili_multiclass,427,4775,45,7,orf_style,0,2,0.25,0.345,0.405
dili_multiclass,432,5462328,45,7,orf_style,0,0,0.78,0.0,0.22
dili_multiclass,434,5484725,45,7,orf_style,0,0,0.605,0.255,0.14
dili_multiclass,437,56959087,45,7,orf_style,0,0,0.675,0.02,0.305
dili_multiclass,445,936,45,7,orf_style,0,0,0.46,0.055,0.485
dili_multiclass,469,5583,45,7,orf_style,0,0,0.475,0.285,0.24
dili_multiclass,505,6442177,45,7,orf_style,0,1,0.12,0.73,0.15
dili_multiclass,509,9854073,45,7,orf_style,0,1,0.06,0.74,0.2
dili_multiclass,519,24826799,45,7,orf_style,0,0,0.36,0.37,0.27
dili_multiclass,523,42611257,45,7,orf_style,0,0,0.375,0.22,0.405
dili_multiclass,532,135400189,45,7,orf_style,0,1,0.32,0.605,0.075
dili_multiclass,568,71731823,45,7,orf_style,0,0,0.405,0.205,0.39
dili_multiclass,569,89683805,45,7,orf_style,0,0,0.48,0.3,0.22
dili_multiclass,22,4583,45,7,bworf_no_mi,2,2,0.205,0.21,0.585
dili_multiclass,23,5352,45,7,bworf_no_mi,2,1,0.325,0.53,0.145
dili_multiclass,40,667490,45,7,bworf_no_mi,2,2,0.215,0.19,0.595
dili_multiclass,49,135401907,45,7,bworf_no_mi,2,2,0.155,0.295,0.55
dili_multiclass,63,2082,45,7,bworf_no_mi,2,0,0.605,0.23,0.165
dili_multiclass,68,2733,45,7,bworf_no_mi,2,1,0.185,0.43,0.385
dili_multiclass,73,3226,45,7,bworf_no_mi,2,1,0.255,0.42,0.325
dili_multiclass,76,3365,45,7,bworf_no_mi,2,1,0.195,0.435,0.37
dili_multiclass,84,4594,45,7,bworf_no_mi,2,1,0.15,0.695,0.155
dili_multiclass,87,5002,45,7,bworf_no_mi,2,1,0.09,0.79,0.12
dili_multiclass,88,5206,45,7,bworf_no_mi,2,1,0.185,0.57,0.245
dili_multiclass,110,60606,45,7,bworf_no_mi,2,1,0.195,0.525,0.28
dili_multiclass,128,5284537,45,7,bworf_no_mi,2,0,0.445,0.23,0.325
dili_multiclass,138,135398738,45,7,bworf_no_mi,2,2,0.31,0.22,0.47
dili_multiclass,145,2162,45,7,bworf_no_mi,1,2,0.335,0.275,0.39
dili_multiclass,150,2913,45,7,bworf_no_mi,1,0,0.76,0.08,0.16
dili_multiclass,167,3961,45,7,bworf_no_mi,1,1,0.36,0.52,0.12
dili_multiclass,168,4168,45,7,bworf_no_mi,1,1,0.02,0.755,0.225
dili_multiclass,174,4543,45,7,bworf_no_mi,1,1,0.37,0.425,0.205
dili_multiclass,175,4614,45,7,bworf_no_mi,1,1,0.105,0.72,0.175
dili_multiclass,183,5717,45,7,bworf_no_mi,1,0,0.465,0.44,0.095
dili_multiclass,194,60198,45,7,bworf_no_mi,1,0,0.515,0.18,0.305
dili_multiclass,213,441341,45,7,bworf_no_mi,1,0,0.605,0.03,0.365
dili_multiclass,230,11626560,45,7,bworf_no_mi,1,2,0.28,0.115,0.605
dili_multiclass,244,2153,45,7,bworf_no_mi,0,2,0.255,0.195,0.55
dili_multiclass,250,2477,45,7,bworf_no_mi,0,0,0.705,0.145,0.15
dili_multiclass,259,2973,45,7,bworf_no_mi,0,0,0.57,0.235,0.195
dili_multiclass,260,3080,45,7,bworf_no_mi,0,1,0.32,0.46,0.22
dili_multiclass,261,3100,45,7,bworf_no_mi,0,0,0.445,0.2,0.355
dili_multiclass,262,3162,45,7,bworf_no_mi,0,2,0.33,0.28,0.39
dili_multiclass,263,3261,45,7,bworf_no_mi,0,0,0.475,0.16,0.365
dili_multiclass,274,3958,45,7,bworf_no_mi,0,0,0.62,0.03,0.35
dili_multiclass,308,7077,45,7,bworf_no_mi,0,0,0.52,0.255,0.225
dili_multiclass,323,37464,45,7,bworf_no_mi,0,0,0.655,0.215,0.13
dili_multiclass,329,59227,45,7,bworf_no_mi,0,2,0.34,0.27,0.39
dili_multiclass,330,59768,45,7,bworf_no_mi,0,0,0.55,0.255,0.195
dili_multiclass,344,71815,45,7,bworf_no_mi,0,2,0.165,0.37,0.465
dili_multiclass,352,160051,45,7,bworf_no_mi,0,0,0.67,0.14,0.19
dili_multiclass,358,443940,45,7,bworf_no_mi,0,2,0.27,0.11,0.62
dili_multiclass,360,449193,45,7,bworf_no_mi,0,2,0.275,0.28,0.445
dili_multiclass,371,5284594,45,7,bworf_no_mi,0,0,0.725,0.01,0.265
dili_multiclass,411,131682,45,7,bworf_no_mi,0,1,0.335,0.425,0.24
dili_multiclass,418,1794427,45,7,bworf_no_mi,0,2,0.415,0.095,0.49
dili_multiclass,425,42613186,45,7,bworf_no_mi,0,2,0.19,0.355,0.455
dili_multiclass,427,4775,45,7,bworf_no_mi,0,1,0.19,0.46,0.35
dili_multiclass,432,5462328,45,7,bworf_no_mi,0,0,0.76,0.005,0.235
dili_multiclass,434,5484725,45,7,bworf_no_mi,0,1,0.415,0.475,0.11
dili_multiclass,437,56959087,45,7,bworf_no_mi,0,0,0.605,0.055,0.34
dili_multiclass,445,936,45,7,bworf_no_mi,0,2,0.41,0.065,0.525
dili_multiclass,469,5583,45,7,bworf_no_mi,0,1,0.335,0.405,0.26
dili_multiclass,505,6442177,45,7,bworf_no_mi,0,1,0.065,0.79,0.145
dili_multiclass,509,9854073,45,7,bworf_no_mi,0,1,0.01,0.81,0.18
dili_multiclass,519,24826799,45,7,bworf_no_mi,0,1,0.27,0.46,0.27
dili_multiclass,523,42611257,45,7,bworf_no_mi,0,2,0.32,0.175,0.505
dili_multiclass,532,135400189,45,7,bworf_no_mi,0,1,0.16,0.74,0.1
dili_multiclass,568,71731823,45,7,bworf_no_mi,0,2,0.295,0.275,0.43
dili_multiclass,569,89683805,45,7,bworf_no_mi,0,1,0.345,0.38,0.275
dili_multiclass,22,4583,45,7,bworf_mi,2,2,0.32833333333333337,0.20833333333333331,0.4633333333333334
dili_multiclass,23,5352,45,7,bworf_mi,2,1,0.1433333333333333,0.5433333333333333,0.31333333333333335
dili_multiclass,40,667490,45,7,bworf_mi,2,2,0.305,0.25,0.445
dili_multiclass,49,135401907,45,7,bworf_mi,2,2,0.3383333333333334,0.24333333333333332,0.41833333333333333
dili_multiclass,63,2082,45,7,bworf_mi,2,1,0.26666666666666666,0.4316666666666667,0.30166666666666664
dili_multiclass,68,2733,45,7,bworf_mi,2,2,0.24833333333333332,0.3233333333333333,0.42833333333333334
dili_multiclass,73,3226,45,7,bworf_mi,2,2,0.205,0.405,0.39
dili_multiclass,76,3365,45,7,bworf_mi,2,2,0.2533333333333333,0.36833333333333335,0.37833333333333335
dili_multiclass,84,4594,45,7,bworf_mi,2,1,0.2483333333333333,0.4933333333333334,0.2583333333333333
dili_multiclass,87,5002,45,7,bworf_mi,2,0,0.5083333333333334,0.30333333333333334,0.1883333333333333
dili_multiclass,88,5206,45,7,bworf_mi,2,2,0.43,0.235,0.335
dili_multiclass,110,60606,45,7,bworf_mi,2,2,0.38333333333333336,0.14333333333333334,0.4733333333333334
dili_multiclass,128,5284537,45,7,bworf_mi,2,0,0.465,0.215,0.32
dili_multiclass,138,135398738,45,7,bworf_mi,2,0,0.55,0.115,0.335
dili_multiclass,145,2162,45,7,bworf_mi,1,0,0.40666666666666673,0.3066666666666667,0.2866666666666667
dili_multiclass,150,2913,45,7,bworf_mi,1,0,0.5133333333333333,0.14833333333333334,0.3383333333333334
dili_multiclass,167,3961,45,7,bworf_mi,1,1,0.34333333333333343,0.4583333333333334,0.19833333333333333
dili_multiclass,168,4168,45,7,bworf_mi,1,1,0.23499999999999996,0.42500000000000004,0.3400000000000001
dili_multiclass,174,4543,45,7,bworf_mi,1,0,0.515,0.165,0.32
dili_multiclass,175,4614,45,7,bworf_mi,1,2,0.35166666666666674,0.29166666666666663,0.3566666666666667
dili_multiclass,183,5717,45,7,bworf_mi,1,0,0.37333333333333335,0.37333333333333335,0.2533333333333333
dili_multiclass,194,60198,45,7,bworf_mi,1,1,0.335,0.4,0.265
dili_multiclass,213,441341,45,7,bworf_mi,1,1,0.405,0.345,0.24999999999999997
dili_multiclass,230,11626560,45,7,bworf_mi,1,2,0.4633333333333334,0.14833333333333334,0.38833333333333336
dili_multiclass,244,2153,45,7,bworf_mi,0,2,0.37833333333333335,0.18333333333333332,0.43833333333333335
dili_multiclass,250,2477,45,7,bworf_mi,0,0,0.47833333333333333,0.18833333333333332,0.33333333333333326
dili_multiclass,259,2973,45,7,bworf_mi,0,0,0.525,0.26,0.215
dili_multiclass,260,3080,45,7,bworf_mi,0,2,0.415,0.195,0.39
dili_multiclass,261,3100,45,7,bworf_mi,0,0,0.5333333333333333,0.13333333333333333,0.33333333333333337
dili_multiclass,262,3162,45,7,bworf_mi,0,0,0.44833333333333336,0.2783333333333333,0.2733333333333333
dili_multiclass,263,3261,45,7,bworf_mi,0,0,0.38333333333333336,0.30833333333333335,0.30833333333333335
dili_multiclass,274,3958,45,7,bworf_mi,0,2,0.415,0.145,0.44
dili_multiclass,308,7077,45,7,bworf_mi,0,0,0.4016666666666667,0.33166666666666667,0.2666666666666666
dili_multiclass,323,37464,45,7,bworf_mi,0,0,0.6233333333333334,0.08333333333333331,0.29333333333333333
dili_multiclass,329,59227,45,7,bworf_mi,0,1,0.3416666666666666,0.3716666666666667,0.2866666666666666
dili_multiclass,330,59768,45,7,bworf_mi,0,0,0.5133333333333333,0.2033333333333333,0.2833333333333333
dili_multiclass,344,71815,45,7,bworf_mi,0,2,0.335,0.34,0.32499999999999996
dili_multiclass,352,160051,45,7,bworf_mi,0,0,0.5233333333333333,0.29333333333333333,0.18333333333333332
dili_multiclass,358,443940,45,7,bworf_mi,0,2,0.32166666666666666,0.2916666666666667,0.3866666666666667
dili_multiclass,360,449193,45,7,bworf_mi,0,2,0.37833333333333335,0.15333333333333332,0.4683333333333334
dili_multiclass,371,5284594,45,7,bworf_mi,0,0,0.69,0.045,0.265
dili_multiclass,411,131682,45,7,bworf_mi,0,0,0.4033333333333334,0.2833333333333334,0.31333333333333335
dili_multiclass,418,1794427,45,7,bworf_mi,0,2,0.385,0.21,0.405
dili_multiclass,425,42613186,45,7,bworf_mi,0,0,0.55,0.26,0.19
dili_multiclass,427,4775,45,7,bworf_mi,0,1,0.22833333333333328,0.41333333333333344,0.35833333333333345
dili_multiclass,432,5462328,45,7,bworf_mi,0,0,0.65,0.06,0.29
dili_multiclass,434,5484725,45,7,bworf_mi,0,0,0.535,0.205,0.26
dili_multiclass,437,56959087,45,7,bworf_mi,0,0,0.625,0.12,0.255
dili_multiclass,445,936,45,7,bworf_mi,0,2,0.4033333333333334,0.14833333333333334,0.44833333333333336
dili_multiclass,469,5583,45,7,bworf_mi,0,0,0.3966666666666667,0.31166666666666665,0.29166666666666663
dili_multiclass,505,6442177,45,7,bworf_mi,0,1,0.08833333333333333,0.7533333333333333,0.15833333333333335
dili_multiclass,509,9854073,45,7,bworf_mi,0,1,0.15833333333333333,0.5583333333333333,0.2833333333333333
dili_multiclass,519,24826799,45,7,bworf_mi,0,1,0.37833333333333335,0.41833333333333333,0.2033333333333333
dili_multiclass,523,42611257,45,7,bworf_mi,0,2,0.41833333333333333,0.12833333333333333,0.45333333333333337
dili_multiclass,532,135400189,45,7,bworf_mi,0,1,0.18166666666666664,0.6966666666666668,0.12166666666666667
dili_multiclass,568,71731823,45,7,bworf_mi,0,0,0.59,0.15,0.26
dili_multiclass,569,89683805,45,7,bworf_mi,0,0,0.565,0.19,0.245
dili_multiclass,6,2554,45,8,orf_style,2,0,0.38,0.23,0.39
dili_multiclass,14,3562,45,8,orf_style,2,0,0.4,0.195,0.405
dili_multiclass,17,3767,45,8,orf_style,2,2,0.15,0.235,0.615
dili_multiclass,20,4463,45,8,orf_style,2,1,0.355,0.495,0.15
dili_multiclass,35,126941,45,8,orf_style,2,0,0.765,0.035,0.2
dili_multiclass,37,441074,45,8,orf_style,2,0,0.35,0.14,0.51
dili_multiclass,47,54675783,45,8,orf_style,2,0,0.585,0.1,0.315
dili_multiclass,55,5760,45,8,orf_style,2,0,0.735,0.12,0.145
dili_multiclass,74,3331,45,8,orf_style,2,0,0.72,0.135,0.145
dili_multiclass,81,3899,45,8,orf_style,2,0,0.44,0.16,0.4
dili_multiclass,96,5656,45,8,orf_style,2,0,0.685,0.07,0.245
dili_multiclass,113,68617,45,8,orf_style,2,0,0.61,0.15,0.24
dili_multiclass,117,152946,45,8,orf_style,2,0,0.3,0.315,0.385
dili_multiclass,119,208908,45,8,orf_style,2,0,0.675,0.115,0.21
dili_multiclass,144,2092,45,8,orf_style,1,0,0.73,0.015,0.255
dili_multiclass,157,3446,45,8,orf_style,1,0,0.665,0.075,0.26
dili_multiclass,169,4173,45,8,orf_style,1,0,0.665,0.055,0.28
dili_multiclass,180,5073,45,8,orf_style,1,0,0.815,0.015,0.17
dili_multiclass,184,6249,45,8,orf_style,1,2,0.15,0.22,0.63
dili_multiclass,207,216237,45,8,orf_style,1,0,0.61,0.19,0.2
dili_multiclass,218,5282379,45,8,orf_style,1,0,0.395,0.4,0.205
dili_multiclass,226,6436030,45,8,orf_style,1,0,0.525,0.285,0.19
dili_multiclass,235,54678486,45,8,orf_style,1,1,0.29,0.51,0.2
dili_multiclass,239,108150,45,8,orf_style,1,0,0.545,0.25,0.205
dili_multiclass,249,2405,45,8,orf_style,0,0,0.675,0.13,0.195
dili_multiclass,266,3345,45,8,orf_style,0,0,0.785,0.055,0.16
dili_multiclass,281,4497,45,8,orf_style,0,0,0.555,0.21,0.235
dili_multiclass,285,4771,45,8,orf_style,0,0,0.4,0.125,0.475
dili_multiclass,288,4927,45,8,orf_style,0,2,0.27,0.115,0.615
dili_multiclass,294,5391,45,8,orf_style,0,0,0.75,0.03,0.22
dili_multiclass,304,6256,45,8,orf_style,0,0,0.46,0.175,0.365
dili_multiclass,320,26987,45,8,orf_style,0,0,0.55,0.285,0.165
dili_multiclass,375,6436173,45,8,orf_style,0,1,0.215,0.595,0.19
dili_multiclass,383,11963622,45,8,orf_style,0,0,0.42,0.075,0.505
dili_multiclass,402,10413,45,8,orf_style,0,0,0.54,0.15,0.31
dili_multiclass,407,11978813,45,8,orf_style,0,0,0.385,0.07,0.545
dili_multiclass,416,163183936,45,8,orf_style,0,0,0.61,0.175,0.215
dili_multiclass,420,23725625,45,8,orf_style,0,0,0.775,0.055,0.17
dili_multiclass,422,25025298,45,8,orf_style,0,0,0.83,0.0,0.17
dili_multiclass,440,65015,45,8,orf_style,0,0,0.74,0.115,0.145
dili_multiclass,447,9913767,45,8,orf_style,0,0,0.555,0.27,0.175
dili_multiclass,457,3826,45,8,orf_style,0,1,0.12,0.595,0.285
dili_multiclass,463,4909,45,8,orf_style,0,2,0.135,0.32,0.545
dili_multiclass,468,5572,45,8,orf_style,0,0,0.775,0.045,0.18
dili_multiclass,471,6476,45,8,orf_style,0,1,0.205,0.475,0.32
dili_multiclass,472,9444,45,8,orf_style,0,0,0.57,0.235,0.195
dili_multiclass,486,99428,45,8,orf_style,0,0,0.355,0.1,0.545
dili_multiclass,487,104741,45,8,orf_style,0,0,0.555,0.27,0.175
dili_multiclass,490,129228,45,8,orf_style,0,2,0.25,0.16,0.59
dili_multiclass,530,90311989,45,8,orf_style,0,0,0.615,0.055,0.33
dili_multiclass,540,11154555,45,8,orf_style,0,0,0.725,0.015,0.26
dili_multiclass,542,11511120,45,8,orf_style,0,0,0.64,0.03,0.33
dili_multiclass,543,11671467,45,8,orf_style,0,0,0.805,0.01,0.185
dili_multiclass,551,25166913,45,8,orf_style,0,0,0.765,0.035,0.2
dili_multiclass,565,6918606,45,8,orf_style,0,0,0.675,0.02,0.305
dili_multiclass,566,71496458,45,8,orf_style,0,0,0.39,0.15,0.46
dili_multiclass,571,9829523,45,8,orf_style,0,0,0.545,0.18,0.275
dili_multiclass,6,2554,45,8,bworf_no_mi,2,1,0.215,0.455,0.33
dili_multiclass,14,3562,45,8,bworf_no_mi,2,2,0.36,0.17,0.47
dili_multiclass,17,3767,45,8,bworf_no_mi,2,2,0.145,0.24,0.615
dili_multiclass,20,4463,45,8,bworf_no_mi,2,1,0.22,0.61,0.17
dili_multiclass,35,126941,45,8,bworf_no_mi,2,0,0.71,0.13,0.16
dili_multiclass,37,441074,45,8,bworf_no_mi,2,2,0.28,0.24,0.48
dili_multiclass,47,54675783,45,8,bworf_no_mi,2,0,0.515,0.155,0.33
dili_multiclass,55,5760,45,8,bworf_no_mi,2,0,0.665,0.2,0.135
dili_multiclass,74,3331,45,8,bworf_no_mi,2,0,0.71,0.17,0.12
dili_multiclass,81,3899,45,8,bworf_no_mi,2,0,0.435,0.225,0.34
dili_multiclass,96,5656,45,8,bworf_no_mi,2,0,0.61,0.12,0.27
dili_multiclass,113,68617,45,8,bworf_no_mi,2,0,0.485,0.315,0.2
dili_multiclass,117,152946,45,8,bworf_no_mi,2,1,0.245,0.41,0.345
dili_multiclass,119,208908,45,8,bworf_no_mi,2,0,0.56,0.165,0.275
dili_multiclass,144,2092,45,8,bworf_no_mi,1,0,0.77,0.005,0.225
dili_multiclass,157,3446,45,8,bworf_no_mi,1,0,0.595,0.14,0.265
dili_multiclass,169,4173,45,8,bworf_no_mi,1,0,0.485,0.175,0.34
dili_multiclass,180,5073,45,8,bworf_no_mi,1,0,0.82,0.025,0.155
dili_multiclass,184,6249,45,8,bworf_no_mi,1,2,0.1,0.29,0.61
dili_multiclass,207,216237,45,8,bworf_no_mi,1,0,0.585,0.235,0.18
dili_multiclass,218,5282379,45,8,bworf_no_mi,1,1,0.225,0.51,0.265
dili_multiclass,226,6436030,45,8,bworf_no_mi,1,1,0.31,0.495,0.195
dili_multiclass,235,54678486,45,8,bworf_no_mi,1,1,0.155,0.555,0.29
dili_multiclass,239,108150,45,8,bworf_no_mi,1,0,0.43,0.29,0.28
dili_multiclass,249,2405,45,8,bworf_no_mi,0,0,0.58,0.255,0.165
dili_multiclass,266,3345,45,8,bworf_no_mi,0,0,0.68,0.17,0.15
dili_multiclass,281,4497,45,8,bworf_no_mi,0,1,0.26,0.475,0.265
dili_multiclass,285,4771,45,8,bworf_no_mi,0,2,0.305,0.185,0.51
dili_multiclass,288,4927,45,8,bworf_no_mi,0,2,0.175,0.18,0.645
dili_multiclass,294,5391,45,8,bworf_no_mi,0,0,0.68,0.12,0.2
dili_multiclass,304,6256,45,8,bworf_no_mi,0,2,0.27,0.325,0.405
dili_multiclass,320,26987,45,8,bworf_no_mi,0,1,0.305,0.49,0.205
dili_multiclass,375,6436173,45,8,bworf_no_mi,0,1,0.085,0.715,0.2
dili_multiclass,383,11963622,45,8,bworf_no_mi,0,0,0.5,0.06,0.44
dili_multiclass,402,10413,45,8,bworf_no_mi,0,0,0.435,0.26,0.305
dili_multiclass,407,11978813,45,8,bworf_no_mi,0,2,0.295,0.135,0.57
dili_multiclass,416,163183936,45,8,bworf_no_mi,0,0,0.535,0.345,0.12
dili_multiclass,420,23725625,45,8,bworf_no_mi,0,0,0.67,0.185,0.145
dili_multiclass,422,25025298,45,8,bworf_no_mi,0,0,0.715,0.12,0.165
dili_multiclass,440,65015,45,8,bworf_no_mi,0,0,0.685,0.17,0.145
dili_multiclass,447,9913767,45,8,bworf_no_mi,0,1,0.395,0.375,0.23
dili_multiclass,457,3826,45,8,bworf_no_mi,0,1,0.1,0.565,0.335
dili_multiclass,463,4909,45,8,bworf_no_mi,0,2,0.07,0.35,0.58
dili_multiclass,468,5572,45,8,bworf_no_mi,0,0,0.695,0.12,0.185
dili_multiclass,471,6476,45,8,bworf_no_mi,0,1,0.1,0.62,0.28
dili_multiclass,472,9444,45,8,bworf_no_mi,0,0,0.45,0.32,0.23
dili_multiclass,486,99428,45,8,bworf_no_mi,0,2,0.285,0.165,0.55
dili_multiclass,487,104741,45,8,bworf_no_mi,0,0,0.505,0.33,0.165
dili_multiclass,490,129228,45,8,bworf_no_mi,0,2,0.23,0.18,0.59
dili_multiclass,530,90311989,45,8,bworf_no_mi,0,0,0.54,0.07,0.39
dili_multiclass,540,11154555,45,8,bworf_no_mi,0,0,0.58,0.08,0.34
dili_multiclass,542,11511120,45,8,bworf_no_mi,0,0,0.6,0.029999999999999995,0.37
dili_multiclass,543,11671467,45,8,bworf_no_mi,0,0,0.815,0.04,0.145
dili_multiclass,551,25166913,45,8,bworf_no_mi,0,0,0.73,0.07,0.2
dili_multiclass,565,6918606,45,8,bworf_no_mi,0,0,0.57,0.08,0.35
dili_multiclass,566,71496458,45,8,bworf_no_mi,0,2,0.375,0.135,0.49
dili_multiclass,571,9829523,45,8,bworf_no_mi,0,0,0.49,0.295,0.215
dili_multiclass,6,2554,45,8,bworf_mi,2,2,0.18166666666666667,0.3816666666666667,0.43666666666666665
dili_multiclass,14,3562,45,8,bworf_mi,2,2,0.375,0.19,0.435
dili_multiclass,17,3767,45,8,bworf_mi,2,0,0.4766666666666666,0.08666666666666666,0.43666666666666665
dili_multiclass,20,4463,45,8,bworf_mi,2,1,0.25666666666666665,0.4716666666666666,0.27166666666666667
dili_multiclass,35,126941,45,8,bworf_mi,2,0,0.5950000000000001,0.12,0.285
dili_multiclass,37,441074,45,8,bworf_mi,2,2,0.37833333333333335,0.16333333333333336,0.45833333333333337
dili_multiclass,47,54675783,45,8,bworf_mi,2,1,0.29166666666666663,0.4016666666666667,0.30666666666666664
dili_multiclass,55,5760,45,8,bworf_mi,2,0,0.4516666666666667,0.17666666666666667,0.3716666666666667
dili_multiclass,74,3331,45,8,bworf_mi,2,0,0.34333333333333327,0.25833333333333325,0.3983333333333334
dili_multiclass,81,3899,45,8,bworf_mi,2,2,0.17666666666666667,0.37166666666666665,0.45166666666666666
dili_multiclass,96,5656,45,8,bworf_mi,2,0,0.5216666666666666,0.3216666666666667,0.15666666666666665
dili_multiclass,113,68617,45,8,bworf_mi,2,2,0.3066666666666666,0.25166666666666665,0.44166666666666665
dili_multiclass,117,152946,45,8,bworf_mi,2,0,0.5383333333333333,0.27833333333333327,0.18333333333333332
dili_multiclass,119,208908,45,8,bworf_mi,2,2,0.295,0.35,0.3550000000000001
dili_multiclass,144,2092,45,8,bworf_mi,1,0,0.5833333333333333,0.11333333333333333,0.30333333333333334
dili_multiclass,157,3446,45,8,bworf_mi,1,0,0.5416666666666667,0.24666666666666667,0.21166666666666667
dili_multiclass,169,4173,45,8,bworf_mi,1,0,0.5633333333333334,0.11333333333333333,0.32333333333333336
dili_multiclass,180,5073,45,8,bworf_mi,1,0,0.5933333333333334,0.11333333333333333,0.29333333333333333
dili_multiclass,184,6249,45,8,bworf_mi,1,2,0.2333333333333333,0.33333333333333337,0.43333333333333335
dili_multiclass,207,216237,45,8,bworf_mi,1,0,0.4116666666666668,0.22666666666666666,0.3616666666666668
dili_multiclass,218,5282379,45,8,bworf_mi,1,0,0.4,0.43000000000000005,0.17
dili_multiclass,226,6436030,45,8,bworf_mi,1,1,0.34,0.495,0.165
dili_multiclass,235,54678486,45,8,bworf_mi,1,1,0.15166666666666667,0.5466666666666667,0.3016666666666666
dili_multiclass,239,108150,45,8,bworf_mi,1,0,0.5116666666666666,0.21666666666666667,0.27166666666666667
dili_multiclass,249,2405,45,8,bworf_mi,0,0,0.49166666666666664,0.15666666666666668,0.35166666666666674
dili_multiclass,266,3345,45,8,bworf_mi,0,0,0.5183333333333333,0.18333333333333335,0.29833333333333334
dili_multiclass,281,4497,45,8,bworf_mi,0,1,0.38833333333333336,0.36833333333333335,0.24333333333333332
dili_multiclass,285,4771,45,8,bworf_mi,0,0,0.3516666666666666,0.2866666666666666,0.36166666666666664
dili_multiclass,288,4927,45,8,bworf_mi,0,2,0.33666666666666667,0.3416666666666666,0.32166666666666666
dili_multiclass,294,5391,45,8,bworf_mi,0,2,0.3633333333333333,0.21833333333333332,0.41833333333333345
dili_multiclass,304,6256,45,8,bworf_mi,0,2,0.375,0.325,0.3
dili_multiclass,320,26987,45,8,bworf_mi,0,0,0.4666666666666666,0.1716666666666667,0.3616666666666667
dili_multiclass,375,6436173,45,8,bworf_mi,0,0,0.53,0.265,0.205
dili_multiclass,383,11963622,45,8,bworf_mi,0,2,0.3,0.31,0.39
dili_multiclass,402,10413,45,8,bworf_mi,0,0,0.65,0.04,0.31
dili_multiclass,407,11978813,45,8,bworf_mi,0,0,0.41166666666666674,0.2666666666666666,0.32166666666666666
dili_multiclass,416,163183936,45,8,bworf_mi,0,2,0.48833333333333334,0.11833333333333332,0.39333333333333337
dili_multiclass,420,23725625,45,8,bworf_mi,0,0,0.48833333333333334,0.2633333333333333,0.24833333333333332
dili_multiclass,422,25025298,45,8,bworf_mi,0,0,0.4716666666666666,0.23166666666666663,0.29666666666666663
dili_multiclass,440,65015,45,8,bworf_mi,0,0,0.44,0.25,0.31
dili_multiclass,447,9913767,45,8,bworf_mi,0,1,0.42166666666666663,0.35666666666666663,0.22166666666666668
dili_multiclass,457,3826,45,8,bworf_mi,0,1,0.20833333333333331,0.4183333333333333,0.37333333333333335
dili_multiclass,463,4909,45,8,bworf_mi,0,2,0.16,0.39,0.45
dili_multiclass,468,5572,45,8,bworf_mi,0,0,0.5383333333333333,0.24833333333333335,0.21333333333333335
dili_multiclass,471,6476,45,8,bworf_mi,0,2,0.22833333333333333,0.3533333333333333,0.41833333333333333
dili_multiclass,472,9444,45,8,bworf_mi,0,2,0.3866666666666667,0.3066666666666666,0.30666666666666664
dili_multiclass,486,99428,45,8,bworf_mi,0,1,0.335,0.46,0.205
dili_multiclass,487,104741,45,8,bworf_mi,0,0,0.515,0.33,0.155
dili_multiclass,490,129228,45,8,bworf_mi,0,2,0.21666666666666667,0.3516666666666666,0.43166666666666664
dili_multiclass,530,90311989,45,8,bworf_mi,0,0,0.5216666666666667,0.22666666666666666,0.2516666666666667
dili_multiclass,540,11154555,45,8,bworf_mi,0,0,0.5633333333333332,0.12333333333333332,0.3133333333333333
dili_multiclass,542,11511120,45,8,bworf_mi,0,0,0.48,0.23,0.2899999999999999
dili_multiclass,543,11671467,45,8,bworf_mi,0,0,0.715,0.05,0.235
dili_multiclass,551,25166913,45,8,bworf_mi,0,0,0.4333333333333334,0.35833333333333334,0.20833333333333331
dili_multiclass,565,6918606,45,8,bworf_mi,0,0,0.5133333333333333,0.22833333333333336,0.2583333333333333
dili_multiclass,566,71496458,45,8,bworf_mi,0,1,0.3433333333333334,0.3533333333333333,0.30333333333333334
dili_multiclass,571,9829523,45,8,bworf_mi,0,0,0.4233333333333333,0.20333333333333337,0.37333333333333335
dili_multiclass,10,3033,45,9,orf_style,2,0,0.335,0.15,0.515
dili_multiclass,19,4449,45,9,orf_style,2,0,0.42,0.225,0.355
dili_multiclass,27,12560,45,9,orf_style,2,2,0.225,0.09,0.685
dili_multiclass,29,38853,45,9,orf_style,2,0,0.465,0.05,0.485
dili_multiclass,30,47576,45,9,orf_style,2,0,0.43,0.14,0.43
dili_multiclass,38,441401,45,9,orf_style,2,0,0.66,0.01,0.33
dili_multiclass,51,1983,45,9,orf_style,2,0,0.415,0.03,0.555
dili_multiclass,59,518740,45,9,orf_style,2,2,0.2,0.32,0.48
dili_multiclass,109,56069,45,9,orf_style,2,0,0.495,0.15,0.355
dili_multiclass,121,441141,45,9,orf_style,2,0,0.61,0.195,0.195
dili_multiclass,130,5362032,45,9,orf_style,2,0,0.555,0.175,0.27
dili_multiclass,135,54671203,45,9,orf_style,2,0,0.505,0.095,0.4
dili_multiclass,136,54676228,45,9,orf_style,2,1,0.155,0.635,0.21
dili_multiclass,140,5746,45,9,orf_style,2,1,0.255,0.47,0.275
dili_multiclass,151,3308,45,9,orf_style,1,0,0.535,0.2,0.265
dili_multiclass,153,3356,45,9,orf_style,1,0,0.72,0.075,0.205
dili_multiclass,161,3675,45,9,orf_style,1,0,0.43,0.245,0.325
dili_multiclass,172,4493,45,9,orf_style,1,0,0.655,0.01,0.335
dili_multiclass,181,5090,45,9,orf_style,1,1,0.22,0.455,0.325
dili_multiclass,189,34312,45,9,orf_style,1,0,0.33,0.185,0.485
dili_multiclass,193,54841,45,9,orf_style,1,0,0.66,0.105,0.235
dili_multiclass,201,93860,45,9,orf_style,1,1,0.215,0.555,0.23
dili_multiclass,217,4659569,45,9,orf_style,1,0,0.395,0.05,0.555
dili_multiclass,221,5352062,45,9,orf_style,1,0,0.35,0.26,0.39
dili_multiclass,243,2130,45,9,orf_style,0,0,0.315,0.14,0.545
dili_multiclass,279,4201,45,9,orf_style,0,0,0.6,0.2,0.2
dili_multiclass,295,5401,45,9,orf_style,0,0,0.585,0.245,0.17
dili_multiclass,299,5918,45,9,orf_style,0,0,0.355,0.185,0.46
dili_multiclass,301,6037,45,9,orf_style,0,0,0.635,0.085,0.28
dili_multiclass,302,6047,45,9,orf_style,0,0,0.495,0.055,0.45
dili_multiclass,340,71301,45,9,orf_style,0,0,0.57,0.055,0.375
dili_multiclass,343,71433,45,9,orf_style,0,0,0.745,0.04,0.215
dili_multiclass,349,132999,45,9,orf_style,0,1,0.29,0.54,0.17
dili_multiclass,355,213046,45,9,orf_style,0,0,0.535,0.255,0.21
dili_multiclass,359,445154,45,9,orf_style,0,0,0.485,0.04,0.475
dili_multiclass,368,3086319,45,9,orf_style,0,0,0.285,0.175,0.54
dili_multiclass,374,5742832,45,9,orf_style,0,0,0.36,0.465,0.175
dili_multiclass,387,16133850,45,9,orf_style,0,0,0.555,0.08,0.365
dili_multiclass,389,23673837,45,9,orf_style,0,1,0.245,0.55,0.205
dili_multiclass,410,12684604,45,9,orf_style,0,0,0.475,0.31,0.215
dili_multiclass,412,154234,45,9,orf_style,0,0,0.585,0.195,0.22
dili_multiclass,426,45138674,45,9,orf_style,0,0,0.64,0.03,0.33
dili_multiclass,435,56842239,45,9,orf_style,0,0,0.655,0.025,0.32
dili_multiclass,436,56843331,45,9,orf_style,0,0,0.535,0.175,0.29
dili_multiclass,443,90472060,45,9,orf_style,0,0,0.52,0.26,0.22
dili_multiclass,455,3291,45,9,orf_style,0,1,0.35,0.525,0.125
dili_multiclass,470,5625,45,9,orf_style,0,0,0.655,0.18,0.165
dili_multiclass,484,73303,45,9,orf_style,0,1,0.1,0.66,0.24
dili_multiclass,497,451668,45,9,orf_style,0,0,0.695,0.065,0.24
dili_multiclass,508,6918314,45,9,orf_style,0,0,0.665,0.15,0.185
dili_multiclass,520,25084151,45,9,orf_style,0,0,0.695,0.09,0.215
dili_multiclass,539,10280735,45,9,orf_style,0,0,0.44,0.21,0.35
dili_multiclass,544,135423438,45,9,orf_style,0,0,0.59,0.155,0.255
dili_multiclass,546,135565596,45,9,orf_style,0,0,0.755,0.01,0.235
dili_multiclass,557,54681908,45,9,orf_style,0,0,0.53,0.11,0.36
dili_multiclass,558,54697325,45,9,orf_style,0,0,0.55,0.14,0.31
dili_multiclass,572,9883933,45,9,orf_style,0,0,0.545,0.025,0.43
dili_multiclass,10,3033,45,9,bworf_no_mi,2,2,0.235,0.23,0.535
dili_multiclass,19,4449,45,9,bworf_no_mi,2,1,0.19,0.48,0.33
dili_multiclass,27,12560,45,9,bworf_no_mi,2,2,0.15,0.205,0.645
dili_multiclass,29,38853,45,9,bworf_no_mi,2,0,0.52,0.08,0.4
dili_multiclass,30,47576,45,9,bworf_no_mi,2,2,0.215,0.29,0.495
dili_multiclass,38,441401,45,9,bworf_no_mi,2,0,0.65,0.045,0.305
dili_multiclass,51,1983,45,9,bworf_no_mi,2,0,0.47,0.06,0.47
dili_multiclass,59,518740,45,9,bworf_no_mi,2,2,0.235,0.345,0.42
dili_multiclass,109,56069,45,9,bworf_no_mi,2,2,0.315,0.335,0.35
dili_multiclass,121,441141,45,9,bworf_no_mi,2,0,0.625,0.185,0.19
dili_multiclass,130,5362032,45,9,bworf_no_mi,2,0,0.42,0.245,0.335
dili_multiclass,135,54671203,45,9,bworf_no_mi,2,2,0.345,0.185,0.47
dili_multiclass,136,54676228,45,9,bworf_no_mi,2,1,0.095,0.645,0.26
dili_multiclass,140,5746,45,9,bworf_no_mi,2,1,0.15,0.585,0.265
dili_multiclass,151,3308,45,9,bworf_no_mi,1,0,0.485,0.195,0.32
dili_multiclass,153,3356,45,9,bworf_no_mi,1,0,0.665,0.18,0.155
dili_multiclass,161,3675,45,9,bworf_no_mi,1,0,0.365,0.32,0.315
dili_multiclass,172,4493,45,9,bworf_no_mi,1,0,0.6,0.04,0.36
dili_multiclass,181,5090,45,9,bworf_no_mi,1,1,0.08,0.555,0.365
dili_multiclass,189,34312,45,9,bworf_no_mi,1,2,0.21,0.27,0.52
dili_multiclass,193,54841,45,9,bworf_no_mi,1,0,0.555,0.18,0.265
dili_multiclass,201,93860,45,9,bworf_no_mi,1,1,0.115,0.6,0.285
dili_multiclass,217,4659569,45,9,bworf_no_mi,1,2,0.28,0.155,0.565
dili_multiclass,221,5352062,45,9,bworf_no_mi,1,2,0.235,0.255,0.51
dili_multiclass,243,2130,45,9,bworf_no_mi,0,2,0.225,0.19,0.585
dili_multiclass,279,4201,45,9,bworf_no_mi,0,0,0.52,0.345,0.135
dili_multiclass,295,5401,45,9,bworf_no_mi,0,0,0.455,0.37,0.175
dili_multiclass,299,5918,45,9,bworf_no_mi,0,2,0.19,0.38,0.43
dili_multiclass,301,6037,45,9,bworf_no_mi,0,0,0.58,0.11,0.31
dili_multiclass,302,6047,45,9,bworf_no_mi,0,0,0.47,0.12,0.41
dili_multiclass,340,71301,45,9,bworf_no_mi,0,0,0.56,0.075,0.365
dili_multiclass,343,71433,45,9,bworf_no_mi,0,0,0.84,0.005000000000000001,0.155
dili_multiclass,349,132999,45,9,bworf_no_mi,0,1,0.11,0.69,0.2
dili_multiclass,355,213046,45,9,bworf_no_mi,0,0,0.46,0.345,0.195
dili_multiclass,359,445154,45,9,bworf_no_mi,0,0,0.48,0.08,0.44
dili_multiclass,368,3086319,45,9,bworf_no_mi,0,2,0.175,0.27,0.555
dili_multiclass,374,5742832,45,9,bworf_no_mi,0,1,0.28,0.57,0.15
dili_multiclass,387,16133850,45,9,bworf_no_mi,0,0,0.605,0.075,0.32
dili_multiclass,389,23673837,45,9,bworf_no_mi,0,1,0.13,0.64,0.23
dili_multiclass,410,12684604,45,9,bworf_no_mi,0,0,0.5,0.325,0.175
dili_multiclass,412,154234,45,9,bworf_no_mi,0,1,0.385,0.415,0.2
dili_multiclass,426,45138674,45,9,bworf_no_mi,0,0,0.585,0.07,0.345
dili_multiclass,435,56842239,45,9,bworf_no_mi,0,0,0.635,0.07,0.295
dili_multiclass,436,56843331,45,9,bworf_no_mi,0,0,0.6,0.135,0.265
dili_multiclass,443,90472060,45,9,bworf_no_mi,0,0,0.61,0.225,0.165
dili_multiclass,455,3291,45,9,bworf_no_mi,0,1,0.245,0.515,0.24
dili_multiclass,470,5625,45,9,bworf_no_mi,0,0,0.61,0.22,0.17
dili_multiclass,484,73303,45,9,bworf_no_mi,0,1,0.02,0.71,0.27
dili_multiclass,497,451668,45,9,bworf_no_mi,0,0,0.695,0.11,0.195
dili_multiclass,508,6918314,45,9,bworf_no_mi,0,0,0.595,0.275,0.13
dili_multiclass,520,25084151,45,9,bworf_no_mi,0,0,0.735,0.135,0.13
dili_multiclass,539,10280735,45,9,bworf_no_mi,0,1,0.275,0.4,0.325
dili_multiclass,544,135423438,45,9,bworf_no_mi,0,0,0.49,0.17,0.34
dili_multiclass,546,135565596,45,9,bworf_no_mi,0,0,0.75,0.045,0.205
dili_multiclass,557,54681908,45,9,bworf_no_mi,0,2,0.39,0.26,0.35
dili_multiclass,558,54697325,45,9,bworf_no_mi,0,2,0.37,0.26,0.37
dili_multiclass,572,9883933,45,9,bworf_no_mi,0,0,0.48,0.09,0.43
dili_multiclass,10,3033,45,9,bworf_mi,2,2,0.46,0.085,0.455
dili_multiclass,19,4449,45,9,bworf_mi,2,1,0.3633333333333333,0.48333333333333334,0.15333333333333335
dili_multiclass,27,12560,45,9,bworf_mi,2,2,0.30333333333333334,0.20333333333333337,0.4933333333333333
dili_multiclass,29,38853,45,9,bworf_mi,2,1,0.305,0.35,0.345
dili_multiclass,30,47576,45,9,bworf_mi,2,2,0.45,0.09,0.46
dili_multiclass,38,441401,45,9,bworf_mi,2,0,0.415,0.25,0.335
dili_multiclass,51,1983,45,9,bworf_mi,2,2,0.25333333333333335,0.3483333333333334,0.3983333333333334
dili_multiclass,59,518740,45,9,bworf_mi,2,0,0.39,0.36,0.25
dili_multiclass,109,56069,45,9,bworf_mi,2,2,0.22,0.35,0.43
dili_multiclass,121,441141,45,9,bworf_mi,2,1,0.345,0.53,0.125
dili_multiclass,130,5362032,45,9,bworf_mi,2,1,0.2516666666666667,0.4816666666666667,0.26666666666666666
dili_multiclass,135,54671203,45,9,bworf_mi,2,2,0.445,0.165,0.39
dili_multiclass,136,54676228,45,9,bworf_mi,2,1,0.07333333333333333,0.5233333333333333,0.40333333333333327
dili_multiclass,140,5746,45,9,bworf_mi,2,0,0.46333333333333326,0.21333333333333332,0.3233333333333333
dili_multiclass,151,3308,45,9,bworf_mi,1,0,0.39666666666666667,0.3616666666666667,0.24166666666666667
dili_multiclass,153,3356,45,9,bworf_mi,1,0,0.66,0.115,0.225
dili_multiclass,161,3675,45,9,bworf_mi,1,2,0.4483333333333333,0.12333333333333334,0.42833333333333334
dili_multiclass,172,4493,45,9,bworf_mi,1,2,0.38333333333333336,0.1383333333333333,0.47833333333333333
dili_multiclass,181,5090,45,9,bworf_mi,1,2,0.25,0.36,0.39
dili_multiclass,189,34312,45,9,bworf_mi,1,2,0.3483333333333334,0.3183333333333333,0.33333333333333326
dili_multiclass,193,54841,45,9,bworf_mi,1,2,0.5116666666666666,0.14666666666666667,0.34166666666666673
dili_multiclass,201,93860,45,9,bworf_mi,1,1,0.38,0.47,0.15
dili_multiclass,217,4659569,45,9,bworf_mi,1,2,0.2016666666666667,0.3416666666666666,0.45666666666666667
dili_multiclass,221,5352062,45,9,bworf_mi,1,0,0.40833333333333327,0.33333333333333326,0.25833333333333336
dili_multiclass,243,2130,45,9,bworf_mi,0,0,0.40333333333333327,0.33333333333333337,0.26333333333333336
dili_multiclass,279,4201,45,9,bworf_mi,0,1,0.335,0.385,0.28
dili_multiclass,295,5401,45,9,bworf_mi,0,0,0.4883333333333333,0.4183333333333333,0.09333333333333332
dili_multiclass,299,5918,45,9,bworf_mi,0,2,0.41833333333333333,0.1433333333333333,0.4383333333333333
dili_multiclass,301,6037,45,9,bworf_mi,0,0,0.5433333333333333,0.11333333333333333,0.3433333333333334
dili_multiclass,302,6047,45,9,bworf_mi,0,0,0.38333333333333336,0.2833333333333334,0.33333333333333337
dili_multiclass,340,71301,45,9,bworf_mi,0,0,0.4916666666666667,0.22666666666666666,0.2816666666666667
dili_multiclass,343,71433,45,9,bworf_mi,0,0,0.535,0.1,0.365
dili_multiclass,349,132999,45,9,bworf_mi,0,2,0.3916666666666667,0.24666666666666665,0.3616666666666667
dili_multiclass,355,213046,45,9,bworf_mi,0,0,0.545,0.19,0.265
dili_multiclass,359,445154,45,9,bworf_mi,0,1,0.39833333333333326,0.3483333333333333,0.2533333333333333
dili_multiclass,368,3086319,45,9,bworf_mi,0,2,0.17666666666666667,0.4066666666666666,0.41666666666666674
dili_multiclass,374,5742832,45,9,bworf_mi,0,2,0.175,0.415,0.41
dili_multiclass,387,16133850,45,9,bworf_mi,0,0,0.57,0.175,0.255
dili_multiclass,389,23673837,45,9,bworf_mi,0,0,0.49833333333333335,0.3983333333333334,0.10333333333333333
dili_multiclass,410,12684604,45,9,bworf_mi,0,0,0.5033333333333333,0.2783333333333334,0.21833333333333335
dili_multiclass,412,154234,45,9,bworf_mi,0,0,0.495,0.31,0.195
dili_multiclass,426,45138674,45,9,bworf_mi,0,0,0.59,0.205,0.205
dili_multiclass,435,56842239,45,9,bworf_mi,0,0,0.5,0.265,0.235
dili_multiclass,436,56843331,45,9,bworf_mi,0,0,0.675,0.1,0.225
dili_multiclass,443,90472060,45,9,bworf_mi,0,0,0.645,0.145,0.21
dili_multiclass,455,3291,45,9,bworf_mi,0,2,0.36666666666666664,0.25666666666666665,0.37666666666666665
dili_multiclass,470,5625,45,9,bworf_mi,0,1,0.33333333333333337,0.5583333333333332,0.10833333333333332
dili_multiclass,484,73303,45,9,bworf_mi,0,2,0.43,0.19,0.38
dili_multiclass,497,451668,45,9,bworf_mi,0,2,0.435,0.21,0.355
dili_multiclass,508,6918314,45,9,bworf_mi,0,0,0.49,0.395,0.115
dili_multiclass,520,25084151,45,9,bworf_mi,0,0,0.56,0.24,0.2
dili_multiclass,539,10280735,45,9,bworf_mi,0,0,0.6083333333333333,0.13333333333333333,0.25833333333333336
dili_multiclass,544,135423438,45,9,bworf_mi,0,1,0.33,0.575,0.095
dili_multiclass,546,135565596,45,9,bworf_mi,0,0,0.535,0.155,0.31
dili_multiclass,557,54681908,45,9,bworf_mi,0,2,0.48,0.14,0.38
dili_multiclass,558,54697325,45,9,bworf_mi,0,2,0.545,0.065,0.39
dili_multiclass,572,9883933,45,9,bworf_mi,0,0,0.45833333333333337,0.3183333333333333,0.22333333333333333
dili_multiclass,9,2955,45,10,orf_style,2,1,0.12,0.665,0.215
dili_multiclass,21,4495,45,10,orf_style,2,2,0.215,0.35,0.435
dili_multiclass,46,9887054,45,10,orf_style,2,0,0.52,0.235,0.245
dili_multiclass,66,2520,45,10,orf_style,2,1,0.3,0.525,0.175
dili_multiclass,82,4091,45,10,orf_style,2,0,0.64,0.09,0.27
dili_multiclass,89,5291,45,10,orf_style,2,0,0.575,0.205,0.22
dili_multiclass,92,5426,45,10,orf_style,2,1,0.255,0.54,0.205
dili_multiclass,93,5452,45,10,orf_style,2,0,0.56,0.115,0.325
dili_multiclass,101,33613,45,10,orf_style,2,2,0.21,0.35,0.44
dili_multiclass,105,44093,45,10,orf_style,2,0,0.53,0.09,0.38
dili_multiclass,108,55283,45,10,orf_style,2,0,0.48,0.155,0.365
dili_multiclass,118,176870,45,10,orf_style,2,0,0.56,0.215,0.225
dili_multiclass,125,3001055,45,10,orf_style,2,0,0.615,0.2,0.185
dili_multiclass,158,3463,45,10,orf_style,1,0,0.395,0.255,0.35
dili_multiclass,179,5070,45,10,orf_style,1,2,0.155,0.485,0.36
dili_multiclass,186,8982,45,10,orf_style,1,0,0.255,0.35,0.395
dili_multiclass,192,42113,45,10,orf_style,1,0,0.28,0.415,0.305
dili_multiclass,200,77999,45,10,orf_style,1,0,0.46,0.26,0.28
dili_multiclass,203,134018,45,10,orf_style,1,0,0.44,0.235,0.325
dili_multiclass,219,5284627,45,10,orf_style,1,0,0.34,0.38,0.28
dili_multiclass,220,5310966,45,10,orf_style,1,0,0.565,0.04,0.395
dili_multiclass,223,5362440,45,10,orf_style,1,0,0.605,0.22,0.175
dili_multiclass,225,6435893,45,10,orf_style,1,0,0.54,0.185,0.275
dili_multiclass,252,2576,45,10,orf_style,0,0,0.74,0.085,0.175
dili_multiclass,273,3911,45,10,orf_style,0,0,0.795,0.0,0.205
dili_multiclass,282,4499,45,10,orf_style,0,0,0.37,0.3,0.33
dili_multiclass,287,4908,45,10,orf_style,0,0,0.285,0.4,0.315
dili_multiclass,296,5719,45,10,orf_style,0,0,0.255,0.445,0.3
dili_multiclass,309,8969,45,10,orf_style,0,0,0.725,0.045,0.23
dili_multiclass,312,12035,45,10,orf_style,0,0,0.315,0.255,0.43
dili_multiclass,328,57363,45,10,orf_style,0,0,0.795,0.0,0.205
dili_multiclass,341,71329,45,10,orf_style,0,0,0.43,0.27,0.3
dili_multiclass,345,83898,45,10,orf_style,0,0,0.495,0.09,0.415
dili_multiclass,347,115355,45,10,orf_style,0,2,0.205,0.435,0.36
dili_multiclass,356,441281,45,10,orf_style,0,0,0.74,0.04,0.22
dili_multiclass,367,3052776,45,10,orf_style,0,0,0.375,0.285,0.34
dili_multiclass,377,9854012,45,10,orf_style,0,0,0.485,0.11,0.405
dili_multiclass,381,11658860,45,10,orf_style,0,2,0.095,0.51,0.395
dili_multiclass,409,124081876,45,10,orf_style,0,0,0.5,0.075,0.425
dili_multiclass,429,5280483,45,10,orf_style,0,0,0.595,0.125,0.28
dili_multiclass,431,5460135,45,10,orf_style,0,0,0.45,0.42,0.13
dili_multiclass,460,4211,45,10,orf_style,0,0,0.41,0.285,0.305
dili_multiclass,477,47811,45,10,orf_style,0,0,0.755,0.02,0.225
dili_multiclass,491,132971,45,10,orf_style,0,0,0.705,0.075,0.22
dili_multiclass,493,148121,45,10,orf_style,0,0,0.355,0.44,0.205
dili_multiclass,495,150610,45,10,orf_style,0,0,0.43,0.14,0.43
dili_multiclass,501,5312125,45,10,orf_style,0,1,0.335,0.53,0.135
dili_multiclass,503,5462516,45,10,orf_style,2,0,0.565,0.18,0.255
dili_multiclass,517,11707110,45,10,orf_style,0,2,0.265,0.16,0.575
dili_multiclass,518,16004692,45,10,orf_style,0,0,0.51,0.25,0.24
dili_multiclass,525,45375808,45,10,orf_style,0,0,0.46,0.13,0.41
dili_multiclass,527,54671008,45,10,orf_style,0,0,0.575,0.085,0.34
dili_multiclass,531,135398508,45,10,orf_style,0,0,0.255,0.415,0.33
dili_multiclass,536,24872560,45,10,orf_style,0,1,0.255,0.57,0.175
dili_multiclass,541,11234049,45,10,orf_style,0,0,0.58,0.125,0.295
dili_multiclass,549,24775005,45,10,orf_style,0,0,0.62,0.22,0.16
dili_multiclass,561,58460047,45,10,orf_style,0,0,0.555,0.14,0.305
dili_multiclass,9,2955,45,10,bworf_no_mi,2,1,0.08,0.715,0.205
dili_multiclass,21,4495,45,10,bworf_no_mi,2,2,0.195,0.29,0.515
dili_multiclass,46,9887054,45,10,bworf_no_mi,2,0,0.475,0.215,0.31
dili_multiclass,66,2520,45,10,bworf_no_mi,2,1,0.195,0.645,0.16
dili_multiclass,82,4091,45,10,bworf_no_mi,2,0,0.62,0.065,0.315
dili_multiclass,89,5291,45,10,bworf_no_mi,2,0,0.575,0.225,0.2
dili_multiclass,92,5426,45,10,bworf_no_mi,2,1,0.3,0.49,0.21
dili_multiclass,93,5452,45,10,bworf_no_mi,2,0,0.42,0.2,0.38
dili_multiclass,101,33613,45,10,bworf_no_mi,2,2,0.135,0.415,0.45
dili_multiclass,105,44093,45,10,bworf_no_mi,2,0,0.585,0.08,0.335
dili_multiclass,108,55283,45,10,bworf_no_mi,2,0,0.36,0.315,0.325
dili_multiclass,118,176870,45,10,bworf_no_mi,2,1,0.42,0.43,0.15
dili_multiclass,125,3001055,45,10,bworf_no_mi,2,0,0.575,0.24,0.185
dili_multiclass,158,3463,45,10,bworf_no_mi,1,2,0.27,0.32,0.41
dili_multiclass,179,5070,45,10,bworf_no_mi,1,1,0.11,0.47,0.42
dili_multiclass,186,8982,45,10,bworf_no_mi,1,1,0.125,0.475,0.4
dili_multiclass,192,42113,45,10,bworf_no_mi,1,1,0.165,0.525,0.31
dili_multiclass,200,77999,45,10,bworf_no_mi,1,1,0.3,0.485,0.215
dili_multiclass,203,134018,45,10,bworf_no_mi,1,1,0.19,0.44,0.37
dili_multiclass,219,5284627,45,10,bworf_no_mi,1,1,0.26,0.43,0.31
dili_multiclass,220,5310966,45,10,bworf_no_mi,1,2,0.375,0.1,0.525
dili_multiclass,223,5362440,45,10,bworf_no_mi,1,1,0.4,0.475,0.125
dili_multiclass,225,6435893,45,10,bworf_no_mi,1,0,0.45,0.215,0.335
dili_multiclass,252,2576,45,10,bworf_no_mi,0,0,0.755,0.105,0.14
dili_multiclass,273,3911,45,10,bworf_no_mi,0,0,0.84,0.0,0.16
dili_multiclass,282,4499,45,10,bworf_no_mi,0,1,0.255,0.4,0.345
dili_multiclass,287,4908,45,10,bworf_no_mi,0,1,0.23,0.55,0.22
dili_multiclass,296,5719,45,10,bworf_no_mi,0,1,0.075,0.585,0.34
dili_multiclass,309,8969,45,10,bworf_no_mi,0,0,0.715,0.06,0.225
dili_multiclass,312,12035,45,10,bworf_no_mi,0,2,0.215,0.385,0.4
dili_multiclass,328,57363,45,10,bworf_no_mi,0,0,0.815,0.025,0.16
dili_multiclass,341,71329,45,10,bworf_no_mi,0,1,0.31,0.35,0.34
dili_multiclass,345,83898,45,10,bworf_no_mi,0,2,0.435,0.065,0.5
dili_multiclass,347,115355,45,10,bworf_no_mi,0,1,0.11,0.54,0.35
dili_multiclass,356,441281,45,10,bworf_no_mi,0,0,0.74,0.075,0.185
dili_multiclass,367,3052776,45,10,bworf_no_mi,0,1,0.275,0.48,0.245
dili_multiclass,377,9854012,45,10,bworf_no_mi,0,0,0.53,0.105,0.365
dili_multiclass,381,11658860,45,10,bworf_no_mi,0,1,0.09,0.535,0.375
dili_multiclass,409,124081876,45,10,bworf_no_mi,0,2,0.345,0.13,0.525
dili_multiclass,429,5280483,45,10,bworf_no_mi,0,0,0.46,0.31,0.23
dili_multiclass,431,5460135,45,10,bworf_no_mi,0,1,0.32,0.54,0.14
dili_multiclass,460,4211,45,10,bworf_no_mi,0,2,0.345,0.23,0.425
dili_multiclass,477,47811,45,10,bworf_no_mi,0,0,0.65,0.05,0.3
dili_multiclass,491,132971,45,10,bworf_no_mi,0,0,0.555,0.22,0.225
dili_multiclass,493,148121,45,10,bworf_no_mi,0,1,0.11,0.645,0.245
dili_multiclass,495,150610,45,10,bworf_no_mi,0,2,0.335,0.28,0.385
dili_multiclass,501,5312125,45,10,bworf_no_mi,0,1,0.14,0.72,0.14
dili_multiclass,503,5462516,45,10,bworf_no_mi,2,0,0.425,0.315,0.26
dili_multiclass,517,11707110,45,10,bworf_no_mi,0,2,0.215,0.16,0.625
dili_multiclass,518,16004692,45,10,bworf_no_mi,0,0,0.5,0.195,0.305
dili_multiclass,525,45375808,45,10,bworf_no_mi,0,2,0.28,0.14,0.58
dili_multiclass,527,54671008,45,10,bworf_no_mi,0,2,0.42,0.175,0.405
dili_multiclass,531,135398508,45,10,bworf_no_mi,0,1,0.205,0.62,0.175
dili_multiclass,536,24872560,45,10,bworf_no_mi,0,1,0.12,0.72,0.16
dili_multiclass,541,11234049,45,10,bworf_no_mi,0,0,0.44,0.28,0.28
dili_multiclass,549,24775005,45,10,bworf_no_mi,0,1,0.345,0.475,0.18
dili_multiclass,561,58460047,45,10,bworf_no_mi,0,2,0.395,0.23,0.375
dili_multiclass,9,2955,45,10,bworf_mi,2,1,0.135,0.595,0.27
dili_multiclass,21,4495,45,10,bworf_mi,2,2,0.19333333333333336,0.34333333333333327,0.46333333333333326
dili_multiclass,46,9887054,45,10,bworf_mi,2,0,0.6333333333333333,0.18833333333333332,0.17833333333333332
dili_multiclass,66,2520,45,10,bworf_mi,2,0,0.3983333333333334,0.2983333333333333,0.3033333333333333
dili_multiclass,82,4091,45,10,bworf_mi,2,0,0.4633333333333334,0.29833333333333334,0.2383333333333333
dili_multiclass,89,5291,45,10,bworf_mi,2,0,0.5016666666666668,0.1466666666666667,0.35166666666666657
dili_multiclass,92,5426,45,10,bworf_mi,2,2,0.31999999999999995,0.23999999999999996,0.44
dili_multiclass,93,5452,45,10,bworf_mi,2,2,0.405,0.245,0.35
dili_multiclass,101,33613,45,10,bworf_mi,2,1,0.21333333333333335,0.47833333333333333,0.3083333333333333
dili_multiclass,105,44093,45,10,bworf_mi,2,2,0.3233333333333333,0.2783333333333333,0.3983333333333334
dili_multiclass,108,55283,45,10,bworf_mi,2,0,0.635,0.075,0.29
dili_multiclass,118,176870,45,10,bworf_mi,2,0,0.4933333333333334,0.24333333333333332,0.26333333333333325
dili_multiclass,125,3001055,45,10,bworf_mi,2,2,0.4333333333333333,0.2033333333333333,0.36333333333333334
dili_multiclass,158,3463,45,10,bworf_mi,1,2,0.48,0.15500000000000003,0.365
dili_multiclass,179,5070,45,10,bworf_mi,1,2,0.33,0.215,0.455
dili_multiclass,186,8982,45,10,bworf_mi,1,2,0.31666666666666665,0.25666666666666665,0.4266666666666667
dili_multiclass,192,42113,45,10,bworf_mi,1,2,0.33,0.155,0.515
dili_multiclass,200,77999,45,10,bworf_mi,1,1,0.30999999999999994,0.355,0.3349999999999999
dili_multiclass,203,134018,45,10,bworf_mi,1,2,0.32166666666666666,0.2616666666666666,0.41666666666666663
dili_multiclass,219,5284627,45,10,bworf_mi,1,2,0.4033333333333334,0.20833333333333331,0.38833333333333336
dili_multiclass,220,5310966,45,10,bworf_mi,1,2,0.36166666666666664,0.22166666666666668,0.41666666666666663
dili_multiclass,223,5362440,45,10,bworf_mi,1,2,0.4716666666666666,0.18166666666666667,0.34666666666666657
dili_multiclass,225,6435893,45,10,bworf_mi,1,1,0.27666666666666667,0.42166666666666663,0.3016666666666667
dili_multiclass,252,2576,45,10,bworf_mi,0,0,0.43166666666666664,0.36666666666666664,0.2016666666666667
dili_multiclass,273,3911,45,10,bworf_mi,0,0,0.69,0.175,0.135
dili_multiclass,282,4499,45,10,bworf_mi,0,1,0.3683333333333333,0.3483333333333333,0.28333333333333327
dili_multiclass,287,4908,45,10,bworf_mi,0,1,0.36833333333333335,0.41333333333333344,0.21833333333333332
dili_multiclass,296,5719,45,10,bworf_mi,0,1,0.2816666666666666,0.4066666666666666,0.31166666666666665
dili_multiclass,309,8969,45,10,bworf_mi,0,2,0.5033333333333334,0.09833333333333333,0.39833333333333326
dili_multiclass,312,12035,45,10,bworf_mi,0,2,0.34,0.305,0.355
dili_multiclass,328,57363,45,10,bworf_mi,0,0,0.47,0.13,0.4
dili_multiclass,341,71329,45,10,bworf_mi,0,2,0.36166666666666664,0.2366666666666667,0.4016666666666666
dili_multiclass,345,83898,45,10,bworf_mi,0,0,0.5683333333333334,0.10833333333333332,0.3233333333333333
dili_multiclass,347,115355,45,10,bworf_mi,0,2,0.28,0.245,0.475
dili_multiclass,356,441281,45,10,bworf_mi,0,0,0.685,0.1,0.215
dili_multiclass,367,3052776,45,10,bworf_mi,0,2,0.37,0.3,0.3299999999999999
dili_multiclass,377,9854012,45,10,bworf_mi,0,0,0.45166666666666666,0.2766666666666666,0.27166666666666667
dili_multiclass,381,11658860,45,10,bworf_mi,0,2,0.44666666666666666,0.16666666666666669,0.38666666666666666
dili_multiclass,409,124081876,45,10,bworf_mi,0,0,0.4333333333333333,0.22833333333333333,0.33833333333333326
dili_multiclass,429,5280483,45,10,bworf_mi,0,1,0.3583333333333333,0.36333333333333334,0.2783333333333334
dili_multiclass,431,5460135,45,10,bworf_mi,0,0,0.59,0.24,0.17
dili_multiclass,460,4211,45,10,bworf_mi,0,2,0.2683333333333333,0.3183333333333333,0.41333333333333333
dili_multiclass,477,47811,45,10,bworf_mi,0,2,0.46166666666666667,0.22166666666666668,0.31666666666666665
dili_multiclass,491,132971,45,10,bworf_mi,0,0,0.40833333333333344,0.30833333333333335,0.28333333333333327
dili_multiclass,493,148121,45,10,bworf_mi,0,2,0.29833333333333334,0.29333333333333333,0.4083333333333334
dili_multiclass,495,150610,45,10,bworf_mi,0,2,0.41,0.205,0.385
dili_multiclass,501,5312125,45,10,bworf_mi,0,0,0.49,0.365,0.145
dili_multiclass,503,5462516,45,10,bworf_mi,2,2,0.42833333333333334,0.22333333333333327,0.3483333333333333
dili_multiclass,517,11707110,45,10,bworf_mi,0,0,0.47166666666666673,0.2916666666666667,0.2366666666666667
dili_multiclass,518,16004692,45,10,bworf_mi,0,2,0.2833333333333333,0.3483333333333334,0.36833333333333335
dili_multiclass,525,45375808,45,10,bworf_mi,0,2,0.3733333333333333,0.26833333333333337,0.3583333333333333
dili_multiclass,527,54671008,45,10,bworf_mi,0,0,0.5166666666666666,0.29666666666666663,0.18666666666666668
dili_multiclass,531,135398508,45,10,bworf_mi,0,1,0.3949999999999999,0.28,0.32499999999999996
dili_multiclass,536,24872560,45,10,bworf_mi,0,0,0.45666666666666667,0.2816666666666667,0.26166666666666666
dili_multiclass,541,11234049,45,10,bworf_mi,0,0,0.4283333333333333,0.22833333333333333,0.34333333333333327
dili_multiclass,549,24775005,45,10,bworf_mi,0,0,0.73,0.095,0.175
dili_multiclass,561,58460047,45,10,bworf_mi,0,2,0.29166666666666663,0.3466666666666666,0.36166666666666664
dili_multiclass,1,1935,46,1,orf_style,2,0,0.565,0.12,0.315
dili_multiclass,7,2726,46,1,orf_style,2,2,0.225,0.175,0.6
dili_multiclass,20,4463,46,1,orf_style,2,0,0.365,0.4,0.235
dili_multiclass,36,149096,46,1,orf_style,2,0,0.32,0.175,0.505
dili_multiclass,45,5464436,46,1,orf_style,1,0,0.36,0.085,0.555
dili_multiclass,62,1302,46,1,orf_style,2,0,0.3,0.385,0.315
dili_multiclass,63,2082,46,1,orf_style,2,0,0.61,0.175,0.215
dili_multiclass,74,3331,46,1,orf_style,2,0,0.685,0.145,0.17
dili_multiclass,78,3696,46,1,orf_style,2,0,0.395,0.18,0.425
dili_multiclass,82,4091,46,1,orf_style,2,0,0.715,0.045,0.24
dili_multiclass,87,5002,46,1,orf_style,2,1,0.135,0.73,0.135
dili_multiclass,89,5291,46,1,orf_style,2,0,0.495,0.28,0.225
dili_multiclass,94,5533,46,1,orf_style,2,0,0.34,0.18,0.48
dili_multiclass,112,60838,46,1,orf_style,2,0,0.66,0.065,0.275
dili_multiclass,125,3001055,46,1,orf_style,2,0,0.68,0.09,0.23
dili_multiclass,159,3652,46,1,orf_style,1,0,0.535,0.14,0.325
dili_multiclass,161,3675,46,1,orf_style,1,0,0.61,0.21,0.18
dili_multiclass,165,3869,46,1,orf_style,1,0,0.73,0.03,0.24
dili_multiclass,185,6253,46,1,orf_style,1,0,0.72,0.005,0.275
dili_multiclass,192,42113,46,1,orf_style,1,2,0.19,0.365,0.445
dili_multiclass,201,93860,46,1,orf_style,1,1,0.21,0.58,0.21
dili_multiclass,223,5362440,46,1,orf_style,1,0,0.605,0.18,0.215
dili_multiclass,234,54677470,46,1,orf_style,1,2,0.18,0.395,0.425
dili_multiclass,235,54678486,46,1,orf_style,1,0,0.35,0.455,0.195
dili_multiclass,250,2477,46,1,orf_style,0,0,0.68,0.125,0.195
dili_multiclass,261,3100,46,1,orf_style,0,0,0.625,0.09,0.285
dili_multiclass,265,3333,46,1,orf_style,0,1,0.24,0.485,0.275
dili_multiclass,266,3345,46,1,orf_style,0,0,0.71,0.08,0.21
dili_multiclass,296,5719,46,1,orf_style,0,1,0.17,0.55,0.28
dili_multiclass,300,6005,46,1,orf_style,0,0,0.495,0.16,0.345
dili_multiclass,314,15459,46,1,orf_style,0,0,0.535,0.125,0.34
dili_multiclass,329,59227,46,1,orf_style,0,0,0.455,0.07,0.475
dili_multiclass,330,59768,46,1,orf_style,0,0,0.65,0.16,0.19
dili_multiclass,358,443940,46,1,orf_style,0,0,0.45,0.06,0.49
dili_multiclass,360,449193,46,1,orf_style,0,0,0.445,0.22,0.335
dili_multiclass,363,708857,46,1,orf_style,0,0,0.72,0.01,0.27
dili_multiclass,369,5282443,46,1,orf_style,0,0,0.74,0.035,0.225
dili_multiclass,376,6918837,46,1,orf_style,0,0,0.605,0.21,0.185
dili_multiclass,384,16129703,46,1,orf_style,0,0,0.495,0.24,0.265
dili_multiclass,392,54678501,46,1,orf_style,0,1,0.125,0.545,0.33
dili_multiclass,393,135398740,46,1,orf_style,0,0,0.635,0.045,0.32
dili_multiclass,395,220495,46,1,orf_style,0,0,0.675,0.055,0.27
dili_multiclass,405,115358,46,1,orf_style,0,0,0.37,0.45,0.18000000000000005
dili_multiclass,415,16078,46,1,orf_style,0,0,0.59,0.21,0.2
dili_multiclass,420,23725625,46,1,orf_style,0,0,0.68,0.04,0.28
dili_multiclass,439,6324616,46,1,orf_style,0,0,0.46,0.28,0.26
dili_multiclass,441,65305,46,1,orf_style,0,0,0.46,0.335,0.205
dili_multiclass,465,4976,46,1,orf_style,0,1,0.11,0.745,0.145
dili_multiclass,491,132971,46,1,orf_style,0,0,0.51,0.225,0.265
dili_multiclass,498,3010818,46,1,orf_style,0,0,0.63,0.095,0.275
dili_multiclass,505,6442177,46,1,orf_style,0,1,0.035,0.775,0.19
dili_multiclass,510,9869929,46,1,orf_style,0,0,0.505,0.215,0.28
dili_multiclass,533,135403821,46,1,orf_style,0,0,0.495,0.265,0.24
dili_multiclass,536,24872560,46,1,orf_style,0,0,0.425,0.42,0.155
dili_multiclass,544,135423438,46,1,orf_style,0,0,0.57,0.135,0.295
dili_multiclass,551,25166913,46,1,orf_style,0,0,0.715,0.05,0.235
dili_multiclass,558,54697325,46,1,orf_style,0,0,0.635,0.055,0.31
dili_multiclass,566,71496458,46,1,orf_style,0,0,0.43,0.095,0.475
dili_multiclass,1,1935,46,1,bworf_no_mi,2,0,0.445,0.275,0.28
dili_multiclass,7,2726,46,1,bworf_no_mi,2,2,0.185,0.15,0.665
dili_multiclass,20,4463,46,1,bworf_no_mi,2,1,0.31,0.51,0.18
dili_multiclass,36,149096,46,1,bworf_no_mi,2,2,0.2,0.19,0.61
dili_multiclass,45,5464436,46,1,bworf_no_mi,1,2,0.285,0.085,0.63
dili_multiclass,62,1302,46,1,bworf_no_mi,2,1,0.225,0.435,0.34
dili_multiclass,63,2082,46,1,bworf_no_mi,2,0,0.525,0.255,0.22
dili_multiclass,74,3331,46,1,bworf_no_mi,2,0,0.63,0.23,0.14
dili_multiclass,78,3696,46,1,bworf_no_mi,2,2,0.33,0.195,0.475
dili_multiclass,82,4091,46,1,bworf_no_mi,2,0,0.66,0.08,0.26
dili_multiclass,87,5002,46,1,bworf_no_mi,2,1,0.07,0.81,0.12
dili_multiclass,89,5291,46,1,bworf_no_mi,2,0,0.415,0.4,0.185
dili_multiclass,94,5533,46,1,bworf_no_mi,2,2,0.225,0.21,0.565
dili_multiclass,112,60838,46,1,bworf_no_mi,2,0,0.66,0.07,0.27
dili_multiclass,125,3001055,46,1,bworf_no_mi,2,0,0.665,0.1,0.235
dili_multiclass,159,3652,46,1,bworf_no_mi,1,0,0.535,0.15,0.315
dili_multiclass,161,3675,46,1,bworf_no_mi,1,0,0.55,0.29,0.16
dili_multiclass,165,3869,46,1,bworf_no_mi,1,0,0.655,0.115,0.23
dili_multiclass,185,6253,46,1,bworf_no_mi,1,0,0.565,0.02,0.415
dili_multiclass,192,42113,46,1,bworf_no_mi,1,1,0.105,0.5,0.395
dili_multiclass,201,93860,46,1,bworf_no_mi,1,1,0.105,0.75,0.145
dili_multiclass,223,5362440,46,1,bworf_no_mi,1,1,0.365,0.48,0.155
dili_multiclass,234,54677470,46,1,bworf_no_mi,1,2,0.155,0.27,0.575
dili_multiclass,235,54678486,46,1,bworf_no_mi,1,1,0.27,0.54,0.19
dili_multiclass,250,2477,46,1,bworf_no_mi,0,0,0.51,0.365,0.125
dili_multiclass,261,3100,46,1,bworf_no_mi,0,0,0.51,0.16,0.33
dili_multiclass,265,3333,46,1,bworf_no_mi,0,1,0.155,0.46,0.385
dili_multiclass,266,3345,46,1,bworf_no_mi,0,0,0.69,0.1,0.21
dili_multiclass,296,5719,46,1,bworf_no_mi,0,1,0.06,0.725,0.215
dili_multiclass,300,6005,46,1,bworf_no_mi,0,0,0.385,0.255,0.36
dili_multiclass,314,15459,46,1,bworf_no_mi,0,2,0.41,0.17,0.42
dili_multiclass,329,59227,46,1,bworf_no_mi,0,2,0.32,0.11,0.57
dili_multiclass,330,59768,46,1,bworf_no_mi,0,0,0.635,0.2,0.165
dili_multiclass,358,443940,46,1,bworf_no_mi,0,2,0.265,0.105,0.63
dili_multiclass,360,449193,46,1,bworf_no_mi,0,0,0.45,0.25,0.3
dili_multiclass,363,708857,46,1,bworf_no_mi,0,0,0.565,0.025,0.41
dili_multiclass,369,5282443,46,1,bworf_no_mi,0,0,0.735,0.06,0.205
dili_multiclass,376,6918837,46,1,bworf_no_mi,0,0,0.46,0.415,0.125
dili_multiclass,384,16129703,46,1,bworf_no_mi,0,0,0.465,0.27,0.265
dili_multiclass,392,54678501,46,1,bworf_no_mi,0,1,0.065,0.695,0.24
dili_multiclass,393,135398740,46,1,bworf_no_mi,0,0,0.485,0.12,0.395
dili_multiclass,395,220495,46,1,bworf_no_mi,0,0,0.675,0.055,0.27
dili_multiclass,405,115358,46,1,bworf_no_mi,0,1,0.295,0.58,0.125
dili_multiclass,415,16078,46,1,bworf_no_mi,0,1,0.32,0.55,0.13
dili_multiclass,420,23725625,46,1,bworf_no_mi,0,0,0.685,0.07,0.245
dili_multiclass,439,6324616,46,1,bworf_no_mi,0,1,0.34,0.48,0.18
dili_multiclass,441,65305,46,1,bworf_no_mi,0,1,0.27,0.59,0.14
dili_multiclass,465,4976,46,1,bworf_no_mi,0,1,0.05,0.835,0.115
dili_multiclass,491,132971,46,1,bworf_no_mi,0,0,0.4,0.375,0.225
dili_multiclass,498,3010818,46,1,bworf_no_mi,0,0,0.57,0.2,0.23
dili_multiclass,505,6442177,46,1,bworf_no_mi,0,1,0.05,0.83,0.12
dili_multiclass,510,9869929,46,1,bworf_no_mi,0,0,0.38,0.375,0.245
dili_multiclass,533,135403821,46,1,bworf_no_mi,0,1,0.31,0.52,0.17
dili_multiclass,536,24872560,46,1,bworf_no_mi,0,1,0.19,0.665,0.145
dili_multiclass,544,135423438,46,1,bworf_no_mi,0,0,0.465,0.21,0.325
dili_multiclass,551,25166913,46,1,bworf_no_mi,0,0,0.665,0.125,0.21
dili_multiclass,558,54697325,46,1,bworf_no_mi,0,0,0.5,0.095,0.405
dili_multiclass,566,71496458,46,1,bworf_no_mi,0,2,0.295,0.15,0.555
dili_multiclass,1,1935,46,1,bworf_mi,2,1,0.3066666666666666,0.42666666666666664,0.26666666666666666
dili_multiclass,7,2726,46,1,bworf_mi,2,2,0.3133333333333333,0.2383333333333333,0.44833333333333336
dili_multiclass,20,4463,46,1,bworf_mi,2,1,0.3766666666666667,0.33166666666666667,0.2916666666666667
dili_multiclass,36,149096,46,1,bworf_mi,2,2,0.32499999999999996,0.20999999999999994,0.4650000000000001
dili_multiclass,45,5464436,46,1,bworf_mi,1,0,0.4766666666666668,0.14666666666666667,0.37666666666666676
dili_multiclass,62,1302,46,1,bworf_mi,2,1,0.37833333333333335,0.31833333333333325,0.3033333333333333
dili_multiclass,63,2082,46,1,bworf_mi,2,1,0.25999999999999995,0.365,0.37500000000000006
dili_multiclass,74,3331,46,1,bworf_mi,2,0,0.5416666666666665,0.11166666666666666,0.3466666666666666
dili_multiclass,78,3696,46,1,bworf_mi,2,1,0.28333333333333327,0.41833333333333345,0.2983333333333333
dili_multiclass,82,4091,46,1,bworf_mi,2,2,0.31,0.255,0.435
dili_multiclass,87,5002,46,1,bworf_mi,2,0,0.4150000000000001,0.31499999999999995,0.27
dili_multiclass,89,5291,46,1,bworf_mi,2,0,0.6766666666666665,0.09666666666666666,0.22666666666666668
dili_multiclass,94,5533,46,1,bworf_mi,2,2,0.33666666666666667,0.31166666666666665,0.3516666666666666
dili_multiclass,112,60838,46,1,bworf_mi,2,0,0.5683333333333334,0.16833333333333336,0.2633333333333333
dili_multiclass,125,3001055,46,1,bworf_mi,2,1,0.32499999999999996,0.34,0.335
dili_multiclass,159,3652,46,1,bworf_mi,1,1,0.31333333333333335,0.3433333333333334,0.3433333333333334
dili_multiclass,161,3675,46,1,bworf_mi,1,2,0.39833333333333326,0.18333333333333335,0.41833333333333333
dili_multiclass,165,3869,46,1,bworf_mi,1,0,0.4966666666666667,0.2366666666666667,0.26666666666666666
dili_multiclass,185,6253,46,1,bworf_mi,1,2,0.48333333333333345,0.16833333333333333,0.3483333333333333
dili_multiclass,192,42113,46,1,bworf_mi,1,2,0.335,0.165,0.5
dili_multiclass,201,93860,46,1,bworf_mi,1,0,0.585,0.185,0.23
dili_multiclass,223,5362440,46,1,bworf_mi,1,0,0.58,0.215,0.205
dili_multiclass,234,54677470,46,1,bworf_mi,1,2,0.2,0.405,0.395
dili_multiclass,235,54678486,46,1,bworf_mi,1,2,0.2583333333333333,0.35833333333333334,0.38333333333333336
dili_multiclass,250,2477,46,1,bworf_mi,0,0,0.6316666666666666,0.13166666666666668,0.2366666666666667
dili_multiclass,261,3100,46,1,bworf_mi,0,0,0.655,0.12,0.225
dili_multiclass,265,3333,46,1,bworf_mi,0,2,0.4016666666666666,0.21666666666666667,0.3816666666666667
dili_multiclass,266,3345,46,1,bworf_mi,0,0,0.5583333333333335,0.23333333333333328,0.2083333333333333
dili_multiclass,296,5719,46,1,bworf_mi,0,2,0.33000000000000007,0.36,0.30999999999999994
dili_multiclass,300,6005,46,1,bworf_mi,0,1,0.29666666666666663,0.4466666666666667,0.25666666666666665
dili_multiclass,314,15459,46,1,bworf_mi,0,1,0.3,0.4,0.3
dili_multiclass,329,59227,46,1,bworf_mi,0,0,0.4616666666666667,0.25666666666666665,0.2816666666666666
dili_multiclass,330,59768,46,1,bworf_mi,0,0,0.645,0.105,0.25
dili_multiclass,358,443940,46,1,bworf_mi,0,2,0.4100000000000001,0.165,0.425
dili_multiclass,360,449193,46,1,bworf_mi,0,2,0.365,0.225,0.41
dili_multiclass,363,708857,46,1,bworf_mi,0,0,0.44000000000000006,0.27499999999999997,0.285
dili_multiclass,369,5282443,46,1,bworf_mi,0,0,0.5083333333333333,0.2783333333333333,0.21333333333333332
dili_multiclass,376,6918837,46,1,bworf_mi,0,1,0.3716666666666667,0.3166666666666666,0.31166666666666665
dili_multiclass,384,16129703,46,1,bworf_mi,0,0,0.58,0.11,0.31
dili_multiclass,392,54678501,46,1,bworf_mi,0,2,0.39833333333333326,0.23833333333333337,0.36333333333333334
dili_multiclass,393,135398740,46,1,bworf_mi,0,2,0.47666666666666674,0.12166666666666666,0.4016666666666667
dili_multiclass,395,220495,46,1,bworf_mi,0,0,0.675,0.115,0.21
dili_multiclass,405,115358,46,1,bworf_mi,0,0,0.47666666666666674,0.27166666666666667,0.25166666666666665
dili_multiclass,415,16078,46,1,bworf_mi,0,0,0.3816666666666667,0.3416666666666666,0.2766666666666666
dili_multiclass,420,23725625,46,1,bworf_mi,0,0,0.5183333333333334,0.2133333333333333,0.2683333333333333
dili_multiclass,439,6324616,46,1,bworf_mi,0,1,0.27666666666666667,0.49666666666666665,0.22666666666666668
dili_multiclass,441,65305,46,1,bworf_mi,0,1,0.35833333333333334,0.3483333333333334,0.2933333333333333
dili_multiclass,465,4976,46,1,bworf_mi,0,1,0.3366666666666667,0.4116666666666668,0.25166666666666665
dili_multiclass,491,132971,46,1,bworf_mi,0,0,0.40833333333333344,0.3183333333333333,0.2733333333333333
dili_multiclass,498,3010818,46,1,bworf_mi,0,0,0.535,0.195,0.27
dili_multiclass,505,6442177,46,1,bworf_mi,0,1,0.13333333333333333,0.6933333333333335,0.17333333333333337
dili_multiclass,510,9869929,46,1,bworf_mi,0,0,0.5566666666666666,0.19666666666666668,0.24666666666666665
dili_multiclass,533,135403821,46,1,bworf_mi,0,1,0.2633333333333333,0.5833333333333334,0.15333333333333335
dili_multiclass,536,24872560,46,1,bworf_mi,0,2,0.31666666666666665,0.2866666666666666,0.3966666666666667
dili_multiclass,544,135423438,46,1,bworf_mi,0,0,0.48666666666666664,0.31166666666666665,0.2016666666666667
dili_multiclass,551,25166913,46,1,bworf_mi,0,0,0.525,0.23499999999999996,0.23999999999999996
dili_multiclass,558,54697325,46,1,bworf_mi,0,2,0.445,0.17,0.385
dili_multiclass,566,71496458,46,1,bworf_mi,0,1,0.43833333333333335,0.3483333333333333,0.2133333333333333
dili_multiclass,0,1775,46,2,orf_style,2,0,0.31,0.41,0.28
dili_multiclass,8,2952,46,2,orf_style,2,0,0.605,0.08,0.315
dili_multiclass,14,3562,46,2,orf_style,2,2,0.21,0.2,0.59
dili_multiclass,24,5591,46,2,orf_style,2,0,0.455,0.39,0.155
dili_multiclass,33,60823,46,2,orf_style,2,0,0.465,0.165,0.37
dili_multiclass,34,64139,46,2,orf_style,2,1,0.165,0.525,0.31
dili_multiclass,39,657298,46,2,orf_style,2,2,0.27,0.24,0.49
dili_multiclass,60,54675776,46,2,orf_style,2,0,0.345,0.115,0.54
dili_multiclass,71,2907,46,2,orf_style,2,0,0.49,0.09,0.42
dili_multiclass,86,4917,46,2,orf_style,2,2,0.205,0.3,0.495
dili_multiclass,88,5206,46,2,orf_style,2,0,0.34,0.44,0.22
dili_multiclass,104,43815,46,2,orf_style,2,0,0.42,0.4,0.18
dili_multiclass,106,53232,46,2,orf_style,2,2,0.28,0.13,0.59
dili_multiclass,131,5362119,46,2,orf_style,2,0,0.355,0.465,0.18
dili_multiclass,141,444,46,2,orf_style,1,0,0.655,0.09,0.255
dili_multiclass,142,1978,46,2,orf_style,1,0,0.75,0.03,0.22
dili_multiclass,170,4178,46,2,orf_style,1,0,0.685,0.075,0.24
dili_multiclass,172,4493,46,2,orf_style,1,0,0.675,0.02,0.305
dili_multiclass,186,8982,46,2,orf_style,1,2,0.18,0.32,0.5
dili_multiclass,191,39186,46,2,orf_style,1,0,0.43,0.11,0.46
dili_multiclass,213,441341,46,2,orf_style,1,0,0.805,0.0,0.195
dili_multiclass,224,5493444,46,2,orf_style,1,0,0.685,0.14,0.175
dili_multiclass,227,6437841,46,2,orf_style,1,1,0.12,0.65,0.23
dili_multiclass,228,9853053,46,2,orf_style,1,0,0.495,0.39,0.115
dili_multiclass,245,2170,46,2,orf_style,0,1,0.205,0.53,0.265
dili_multiclass,249,2405,46,2,orf_style,0,0,0.735,0.1,0.165
dili_multiclass,253,2707,46,2,orf_style,0,2,0.19,0.18,0.63
dili_multiclass,262,3162,46,2,orf_style,0,0,0.59,0.145,0.265
dili_multiclass,293,5311,46,2,orf_style,0,0,0.595,0.1,0.305
dili_multiclass,301,6037,46,2,orf_style,0,0,0.68,0.085,0.235
dili_multiclass,306,6832,46,2,orf_style,0,0,0.7,0.12,0.18
dili_multiclass,308,7077,46,2,orf_style,0,0,0.685,0.105,0.21
dili_multiclass,313,14985,46,2,orf_style,0,0,0.705,0.15,0.145
dili_multiclass,325,39147,46,2,orf_style,0,0,0.73,0.075,0.195
dili_multiclass,326,41684,46,2,orf_style,0,0,0.445,0.22,0.335
dili_multiclass,328,57363,46,2,orf_style,0,0,0.815,0.0,0.185
dili_multiclass,342,71360,46,2,orf_style,0,0,0.375,0.265,0.36
dili_multiclass,351,159269,46,2,orf_style,0,2,0.22,0.13,0.65
dili_multiclass,355,213046,46,2,orf_style,0,0,0.635,0.175,0.19
dili_multiclass,364,969472,46,2,orf_style,0,0,0.525,0.16,0.315
dili_multiclass,367,3052776,46,2,orf_style,0,0,0.375,0.27,0.355
dili_multiclass,379,9924495,46,2,orf_style,0,1,0.255,0.56,0.185
dili_multiclass,391,44151801,46,2,orf_style,0,0,0.425,0.18,0.395
dili_multiclass,401,10311306,46,2,orf_style,0,0,0.355,0.45,0.195
dili_multiclass,410,12684604,46,2,orf_style,0,0,0.75,0.085,0.165
dili_multiclass,425,42613186,46,2,orf_style,0,0,0.52,0.055,0.425
dili_multiclass,428,49846579,46,2,orf_style,0,1,0.155,0.595,0.25
dili_multiclass,440,65015,46,2,orf_style,0,0,0.75,0.07,0.18
dili_multiclass,469,5583,46,2,orf_style,0,0,0.495,0.345,0.16
dili_multiclass,474,30323,46,2,orf_style,0,0,0.42,0.075,0.505
dili_multiclass,507,6450551,46,2,orf_style,0,0,0.25,0.42,0.33
dili_multiclass,514,10324367,46,2,orf_style,0,0,0.79,0.035,0.175
dili_multiclass,530,90311989,46,2,orf_style,0,0,0.575,0.04,0.385
dili_multiclass,540,11154555,46,2,orf_style,0,0,0.5,0.125,0.375
dili_multiclass,559,54726192,46,2,orf_style,0,0,0.785,0.0,0.215
dili_multiclass,560,58031952,46,2,orf_style,0,0,0.805,0.0,0.195
dili_multiclass,562,644019,46,2,orf_style,0,0,0.37,0.425,0.205
dili_multiclass,572,9883933,46,2,orf_style,0,0,0.445,0.075,0.48
dili_multiclass,0,1775,46,2,bworf_no_mi,2,1,0.225,0.5,0.275
dili_multiclass,8,2952,46,2,bworf_no_mi,2,0,0.58,0.1,0.32
dili_multiclass,14,3562,46,2,bworf_no_mi,2,2,0.34,0.13,0.53
dili_multiclass,24,5591,46,2,bworf_no_mi,2,1,0.315,0.6,0.085
dili_multiclass,33,60823,46,2,bworf_no_mi,2,2,0.37,0.125,0.505
dili_multiclass,34,64139,46,2,bworf_no_mi,2,1,0.24,0.515,0.245
dili_multiclass,39,657298,46,2,bworf_no_mi,2,2,0.275,0.26,0.465
dili_multiclass,60,54675776,46,2,bworf_no_mi,2,2,0.27,0.12,0.61
dili_multiclass,71,2907,46,2,bworf_no_mi,2,2,0.425,0.1,0.475
dili_multiclass,86,4917,46,2,bworf_no_mi,2,2,0.145,0.37,0.485
dili_multiclass,88,5206,46,2,bworf_no_mi,2,1,0.23,0.395,0.375
dili_multiclass,104,43815,46,2,bworf_no_mi,2,1,0.205,0.575,0.22
dili_multiclass,106,53232,46,2,bworf_no_mi,2,2,0.185,0.205,0.61
dili_multiclass,131,5362119,46,2,bworf_no_mi,2,1,0.195,0.665,0.14
dili_multiclass,141,444,46,2,bworf_no_mi,1,0,0.48,0.14,0.38
dili_multiclass,142,1978,46,2,bworf_no_mi,1,0,0.54,0.185,0.275
dili_multiclass,170,4178,46,2,bworf_no_mi,1,0,0.59,0.105,0.305
dili_multiclass,172,4493,46,2,bworf_no_mi,1,0,0.6,0.045,0.355
dili_multiclass,186,8982,46,2,bworf_no_mi,1,1,0.11,0.54,0.35
dili_multiclass,191,39186,46,2,bworf_no_mi,1,2,0.34,0.115,0.545
dili_multiclass,213,441341,46,2,bworf_no_mi,1,0,0.73,0.01,0.26
dili_multiclass,224,5493444,46,2,bworf_no_mi,1,0,0.595,0.195,0.21
dili_multiclass,227,6437841,46,2,bworf_no_mi,1,1,0.085,0.775,0.14
dili_multiclass,228,9853053,46,2,bworf_no_mi,1,1,0.385,0.49,0.125
dili_multiclass,245,2170,46,2,bworf_no_mi,0,1,0.16,0.545,0.295
dili_multiclass,249,2405,46,2,bworf_no_mi,0,0,0.535,0.36,0.105
dili_multiclass,253,2707,46,2,bworf_no_mi,0,2,0.27,0.125,0.605
dili_multiclass,262,3162,46,2,bworf_no_mi,0,0,0.465,0.15,0.385
dili_multiclass,293,5311,46,2,bworf_no_mi,0,0,0.5,0.08,0.42
dili_multiclass,301,6037,46,2,bworf_no_mi,0,0,0.585,0.155,0.26
dili_multiclass,306,6832,46,2,bworf_no_mi,0,0,0.45,0.345,0.205
dili_multiclass,308,7077,46,2,bworf_no_mi,0,0,0.545,0.18,0.275
dili_multiclass,313,14985,46,2,bworf_no_mi,0,0,0.56,0.3,0.14
dili_multiclass,325,39147,46,2,bworf_no_mi,0,0,0.65,0.19,0.16
dili_multiclass,326,41684,46,2,bworf_no_mi,0,2,0.36,0.345,0.295
dili_multiclass,328,57363,46,2,bworf_no_mi,0,0,0.775,0.02,0.205
dili_multiclass,342,71360,46,2,bworf_no_mi,0,2,0.275,0.33,0.395
dili_multiclass,351,159269,46,2,bworf_no_mi,0,2,0.21,0.125,0.665
dili_multiclass,355,213046,46,2,bworf_no_mi,0,0,0.455,0.29,0.255
dili_multiclass,364,969472,46,2,bworf_no_mi,0,2,0.365,0.255,0.38
dili_multiclass,367,3052776,46,2,bworf_no_mi,0,1,0.26,0.44,0.3
dili_multiclass,379,9924495,46,2,bworf_no_mi,0,1,0.17,0.61,0.22
dili_multiclass,391,44151801,46,2,bworf_no_mi,0,0,0.45,0.215,0.335
dili_multiclass,401,10311306,46,2,bworf_no_mi,0,1,0.26,0.595,0.145
dili_multiclass,410,12684604,46,2,bworf_no_mi,0,0,0.58,0.23,0.19
dili_multiclass,425,42613186,46,2,bworf_no_mi,0,2,0.425,0.085,0.49
dili_multiclass,428,49846579,46,2,bworf_no_mi,0,1,0.095,0.775,0.13
dili_multiclass,440,65015,46,2,bworf_no_mi,0,0,0.605,0.285,0.11
dili_multiclass,469,5583,46,2,bworf_no_mi,0,1,0.215,0.565,0.22
dili_multiclass,474,30323,46,2,bworf_no_mi,0,2,0.39,0.075,0.535
dili_multiclass,507,6450551,46,2,bworf_no_mi,0,1,0.21,0.52,0.27
dili_multiclass,514,10324367,46,2,bworf_no_mi,0,0,0.66,0.165,0.175
dili_multiclass,530,90311989,46,2,bworf_no_mi,0,2,0.44,0.045,0.515
dili_multiclass,540,11154555,46,2,bworf_no_mi,0,2,0.47,0.11,0.42
dili_multiclass,559,54726192,46,2,bworf_no_mi,0,0,0.73,0.009999999999999998,0.26
dili_multiclass,560,58031952,46,2,bworf_no_mi,0,0,0.74,0.005,0.255
dili_multiclass,562,644019,46,2,bworf_no_mi,0,1,0.24,0.58,0.18
dili_multiclass,572,9883933,46,2,bworf_no_mi,0,2,0.375,0.085,0.54
dili_multiclass,0,1775,46,2,bworf_mi,2,2,0.19333333333333333,0.3983333333333334,0.4083333333333334
dili_multiclass,8,2952,46,2,bworf_mi,2,0,0.44833333333333336,0.26333333333333336,0.28833333333333333
dili_multiclass,14,3562,46,2,bworf_mi,2,2,0.415,0.155,0.43
dili_multiclass,24,5591,46,2,bworf_mi,2,0,0.45833333333333337,0.17833333333333334,0.3633333333333333
dili_multiclass,33,60823,46,2,bworf_mi,2,1,0.29666666666666663,0.45666666666666667,0.24666666666666665
dili_multiclass,34,64139,46,2,bworf_mi,2,2,0.165,0.41,0.425
dili_multiclass,39,657298,46,2,bworf_mi,2,2,0.175,0.405,0.42
dili_multiclass,60,54675776,46,2,bworf_mi,2,2,0.26166666666666666,0.32166666666666666,0.41666666666666663
dili_multiclass,71,2907,46,2,bworf_mi,2,0,0.475,0.135,0.39
dili_multiclass,86,4917,46,2,bworf_mi,2,2,0.37999999999999995,0.215,0.4049999999999999
dili_multiclass,88,5206,46,2,bworf_mi,2,1,0.095,0.45,0.455
dili_multiclass,104,43815,46,2,bworf_mi,2,0,0.45666666666666667,0.29666666666666663,0.24666666666666665
dili_multiclass,106,53232,46,2,bworf_mi,2,0,0.48,0.155,0.365
dili_multiclass,131,5362119,46,2,bworf_mi,2,1,0.26666666666666666,0.4066666666666666,0.32666666666666655
dili_multiclass,141,444,46,2,bworf_mi,1,2,0.29166666666666663,0.3166666666666666,0.39166666666666666
dili_multiclass,142,1978,46,2,bworf_mi,1,0,0.5533333333333332,0.08333333333333331,0.36333333333333334
dili_multiclass,170,4178,46,2,bworf_mi,1,0,0.4716666666666666,0.1716666666666667,0.35666666666666663
dili_multiclass,172,4493,46,2,bworf_mi,1,2,0.33,0.31,0.36
dili_multiclass,186,8982,46,2,bworf_mi,1,2,0.15500000000000003,0.4,0.445
dili_multiclass,191,39186,46,2,bworf_mi,1,0,0.48833333333333334,0.13833333333333334,0.37333333333333335
dili_multiclass,213,441341,46,2,bworf_mi,1,0,0.5,0.215,0.285
dili_multiclass,224,5493444,46,2,bworf_mi,1,0,0.51,0.21,0.28
dili_multiclass,227,6437841,46,2,bworf_mi,1,1,0.15000000000000002,0.485,0.365
dili_multiclass,228,9853053,46,2,bworf_mi,1,0,0.505,0.085,0.41
dili_multiclass,245,2170,46,2,bworf_mi,0,2,0.29666666666666663,0.24666666666666667,0.45666666666666667
dili_multiclass,249,2405,46,2,bworf_mi,0,0,0.545,0.04,0.415
dili_multiclass,253,2707,46,2,bworf_mi,0,0,0.515,0.05,0.435
dili_multiclass,262,3162,46,2,bworf_mi,0,1,0.26999999999999996,0.37,0.36
dili_multiclass,293,5311,46,2,bworf_mi,0,0,0.5866666666666667,0.19166666666666665,0.22166666666666668
dili_multiclass,301,6037,46,2,bworf_mi,0,2,0.38,0.2,0.42
dili_multiclass,306,6832,46,2,bworf_mi,0,0,0.36166666666666664,0.4016666666666666,0.23666666666666664
dili_multiclass,308,7077,46,2,bworf_mi,0,0,0.5083333333333333,0.2033333333333333,0.28833333333333333
dili_multiclass,313,14985,46,2,bworf_mi,0,0,0.45833333333333337,0.2783333333333333,0.2633333333333333
dili_multiclass,325,39147,46,2,bworf_mi,0,0,0.52,0.035,0.445
dili_multiclass,326,41684,46,2,bworf_mi,0,1,0.1416666666666667,0.38666666666666655,0.4716666666666666
dili_multiclass,328,57363,46,2,bworf_mi,0,0,0.5633333333333334,0.13333333333333333,0.30333333333333334
dili_multiclass,342,71360,46,2,bworf_mi,0,1,0.31166666666666665,0.3466666666666666,0.3416666666666666
dili_multiclass,351,159269,46,2,bworf_mi,0,2,0.4516666666666667,0.19166666666666668,0.3566666666666666
dili_multiclass,355,213046,46,2,bworf_mi,0,1,0.385,0.48,0.135
dili_multiclass,364,969472,46,2,bworf_mi,0,1,0.335,0.395,0.27
dili_multiclass,367,3052776,46,2,bworf_mi,0,0,0.43,0.39,0.18
dili_multiclass,379,9924495,46,2,bworf_mi,0,1,0.3733333333333333,0.3783333333333333,0.24833333333333332
dili_multiclass,391,44151801,46,2,bworf_mi,0,0,0.48,0.24,0.28
dili_multiclass,401,10311306,46,2,bworf_mi,0,0,0.41,0.36,0.22999999999999995
dili_multiclass,410,12684604,46,2,bworf_mi,0,0,0.505,0.16,0.335
dili_multiclass,425,42613186,46,2,bworf_mi,0,0,0.52,0.145,0.335
dili_multiclass,428,49846579,46,2,bworf_mi,0,1,0.37666666666666665,0.42166666666666663,0.2016666666666667
dili_multiclass,440,65015,46,2,bworf_mi,0,1,0.325,0.44,0.235
dili_multiclass,469,5583,46,2,bworf_mi,0,1,0.205,0.435,0.36
dili_multiclass,474,30323,46,2,bworf_mi,0,2,0.425,0.175,0.4
dili_multiclass,507,6450551,46,2,bworf_mi,0,0,0.3766666666666667,0.4066666666666666,0.21666666666666667
dili_multiclass,514,10324367,46,2,bworf_mi,0,0,0.47833333333333333,0.25833333333333336,0.2633333333333333
dili_multiclass,530,90311989,46,2,bworf_mi,0,0,0.555,0.095,0.35
dili_multiclass,540,11154555,46,2,bworf_mi,0,0,0.4683333333333334,0.19333333333333336,0.33833333333333326
dili_multiclass,559,54726192,46,2,bworf_mi,0,0,0.5583333333333333,0.1383333333333333,0.30333333333333334
dili_multiclass,560,58031952,46,2,bworf_mi,0,0,0.5383333333333333,0.2333333333333333,0.22833333333333333
dili_multiclass,562,644019,46,2,bworf_mi,0,1,0.34333333333333327,0.3533333333333333,0.3033333333333333
dili_multiclass,572,9883933,46,2,bworf_mi,0,0,0.515,0.16,0.325
dili_multiclass,4,2265,46,3,orf_style,2,2,0.21,0.315,0.475
dili_multiclass,11,3117,46,3,orf_style,2,0,0.53,0.105,0.365
dili_multiclass,19,4449,46,3,orf_style,2,0,0.335,0.22,0.445
dili_multiclass,31,54454,46,3,orf_style,2,0,0.62,0.085,0.295
dili_multiclass,40,667490,46,3,orf_style,2,2,0.29,0.195,0.515
dili_multiclass,41,1349907,46,3,orf_style,2,0,0.565,0.06,0.375
dili_multiclass,48,135398739,46,3,orf_style,2,0,0.65,0.14,0.21
dili_multiclass,73,3226,46,3,orf_style,2,0,0.425,0.21,0.365
dili_multiclass,81,3899,46,3,orf_style,2,0,0.595,0.065,0.34
dili_multiclass,111,60835,46,3,orf_style,2,0,0.585,0.145,0.27
dili_multiclass,127,5281040,46,3,orf_style,2,0,0.48,0.18,0.34
dili_multiclass,133,9875401,46,3,orf_style,2,0,0.49,0.235,0.275
dili_multiclass,134,11167602,46,3,orf_style,2,0,0.385,0.085,0.53
dili_multiclass,140,5746,46,3,orf_style,2,1,0.13,0.59,0.28
dili_multiclass,144,2092,46,3,orf_style,1,0,0.725,0.005000000000000001,0.27
dili_multiclass,149,2771,46,3,orf_style,1,0,0.655,0.09,0.255
dili_multiclass,158,3463,46,3,orf_style,1,0,0.45,0.27,0.28
dili_multiclass,176,4679,46,3,orf_style,1,0,0.385,0.085,0.53
dili_multiclass,177,4829,46,3,orf_style,1,0,0.66,0.125,0.215
dili_multiclass,203,134018,46,3,orf_style,1,0,0.665,0.065,0.27
dili_multiclass,206,208898,46,3,orf_style,1,0,0.45,0.38,0.17
dili_multiclass,207,216237,46,3,orf_style,1,0,0.625,0.16,0.215
dili_multiclass,208,383414,46,3,orf_style,1,0,0.515,0.315,0.17
dili_multiclass,217,4659569,46,3,orf_style,1,2,0.29,0.1,0.61
dili_multiclass,258,2812,46,3,orf_style,0,0,0.385,0.175,0.44
dili_multiclass,260,3080,46,3,orf_style,0,0,0.455,0.315,0.23
dili_multiclass,263,3261,46,3,orf_style,0,0,0.4,0.215,0.385
dili_multiclass,275,4033,46,3,orf_style,0,0,0.575,0.165,0.26
dili_multiclass,278,4192,46,3,orf_style,0,0,0.475,0.065,0.46
dili_multiclass,285,4771,46,3,orf_style,0,0,0.4,0.18,0.42
dili_multiclass,288,4927,46,3,orf_style,0,2,0.28,0.13,0.59
dili_multiclass,302,6047,46,3,orf_style,0,0,0.375,0.105,0.52
dili_multiclass,319,26757,46,3,orf_style,0,0,0.52,0.085,0.395
dili_multiclass,336,60855,46,3,orf_style,0,0,0.485,0.14,0.375
dili_multiclass,348,121396,46,3,orf_style,0,2,0.17,0.32,0.51
dili_multiclass,397,11561674,46,3,orf_style,0,0,0.455,0.205,0.34
dili_multiclass,418,1794427,46,3,orf_style,0,0,0.475,0.05,0.475
dili_multiclass,419,23652731,46,3,orf_style,0,0,0.645,0.13,0.225
dili_multiclass,430,53465279,46,3,orf_style,0,0,0.44,0.125,0.435
dili_multiclass,456,3759,46,3,orf_style,0,0,0.47,0.115,0.415
dili_multiclass,457,3826,46,3,orf_style,0,1,0.14,0.65,0.21
dili_multiclass,459,4064,46,3,orf_style,0,0,0.65,0.085,0.265
dili_multiclass,462,4893,46,3,orf_style,0,0,0.605,0.06,0.335
dili_multiclass,468,5572,46,3,orf_style,0,0,0.705,0.085,0.21
dili_multiclass,470,5625,46,3,orf_style,0,0,0.57,0.265,0.165
dili_multiclass,478,54892,46,3,orf_style,0,1,0.245,0.49,0.265
dili_multiclass,479,60026,46,3,orf_style,0,0,0.38,0.175,0.445
dili_multiclass,511,9915743,46,3,orf_style,0,0,0.545,0.125,0.33
dili_multiclass,519,24826799,46,3,orf_style,0,1,0.115,0.63,0.255
dili_multiclass,527,54671008,46,3,orf_style,0,0,0.56,0.1,0.34
dili_multiclass,528,54680690,46,3,orf_style,0,2,0.265,0.115,0.62
dili_multiclass,539,10280735,46,3,orf_style,0,0,0.39,0.305,0.305
dili_multiclass,543,11671467,46,3,orf_style,0,0,0.775,0.0,0.225
dili_multiclass,545,135565082,46,3,orf_style,0,0,0.66,0.205,0.135
dili_multiclass,564,6918248,46,3,orf_style,0,0,0.385,0.375,0.24
dili_multiclass,567,71657455,46,3,orf_style,0,1,0.1,0.76,0.14
dili_multiclass,568,71731823,46,3,orf_style,0,0,0.365,0.275,0.36
dili_multiclass,569,89683805,46,3,orf_style,0,0,0.51,0.195,0.295
dili_multiclass,4,2265,46,3,bworf_no_mi,2,2,0.195,0.385,0.42
dili_multiclass,11,3117,46,3,bworf_no_mi,2,0,0.445,0.115,0.44
dili_multiclass,19,4449,46,3,bworf_no_mi,2,2,0.16,0.355,0.485
dili_multiclass,31,54454,46,3,bworf_no_mi,2,0,0.395,0.245,0.36
dili_multiclass,40,667490,46,3,bworf_no_mi,2,2,0.215,0.265,0.52
dili_multiclass,41,1349907,46,3,bworf_no_mi,2,0,0.515,0.13,0.355
dili_multiclass,48,135398739,46,3,bworf_no_mi,2,0,0.535,0.25,0.215
dili_multiclass,73,3226,46,3,bworf_no_mi,2,2,0.39,0.245,0.365
dili_multiclass,81,3899,46,3,bworf_no_mi,2,0,0.435,0.135,0.43
dili_multiclass,111,60835,46,3,bworf_no_mi,2,0,0.45,0.24,0.31
dili_multiclass,127,5281040,46,3,bworf_no_mi,2,2,0.325,0.195,0.48
dili_multiclass,133,9875401,46,3,bworf_no_mi,2,2,0.35,0.34,0.31
dili_multiclass,134,11167602,46,3,bworf_no_mi,2,2,0.335,0.15,0.515
dili_multiclass,140,5746,46,3,bworf_no_mi,2,1,0.065,0.625,0.31
dili_multiclass,144,2092,46,3,bworf_no_mi,1,0,0.635,0.055,0.31
dili_multiclass,149,2771,46,3,bworf_no_mi,1,0,0.64,0.17,0.19
dili_multiclass,158,3463,46,3,bworf_no_mi,1,1,0.3,0.355,0.345
dili_multiclass,176,4679,46,3,bworf_no_mi,1,2,0.39,0.13,0.48
dili_multiclass,177,4829,46,3,bworf_no_mi,1,0,0.57,0.28,0.15
dili_multiclass,203,134018,46,3,bworf_no_mi,1,0,0.54,0.18,0.28
dili_multiclass,206,208898,46,3,bworf_no_mi,1,1,0.36,0.52,0.12
dili_multiclass,207,216237,46,3,bworf_no_mi,1,0,0.555,0.22,0.225
dili_multiclass,208,383414,46,3,bworf_no_mi,1,1,0.335,0.435,0.23
dili_multiclass,217,4659569,46,3,bworf_no_mi,1,2,0.345,0.12,0.535
dili_multiclass,258,2812,46,3,bworf_no_mi,0,2,0.23,0.335,0.435
dili_multiclass,260,3080,46,3,bworf_no_mi,0,0,0.51,0.265,0.225
dili_multiclass,263,3261,46,3,bworf_no_mi,0,2,0.315,0.22,0.465
dili_multiclass,275,4033,46,3,bworf_no_mi,0,0,0.535,0.25,0.215
dili_multiclass,278,4192,46,3,bworf_no_mi,0,2,0.44,0.125,0.435
dili_multiclass,285,4771,46,3,bworf_no_mi,0,2,0.375,0.165,0.46
dili_multiclass,288,4927,46,3,bworf_no_mi,0,2,0.245,0.18,0.575
dili_multiclass,302,6047,46,3,bworf_no_mi,0,2,0.385,0.12,0.495
dili_multiclass,319,26757,46,3,bworf_no_mi,0,0,0.53,0.14,0.33
dili_multiclass,336,60855,46,3,bworf_no_mi,0,2,0.355,0.185,0.46
dili_multiclass,348,121396,46,3,bworf_no_mi,0,2,0.125,0.345,0.53
dili_multiclass,397,11561674,46,3,bworf_no_mi,0,0,0.44,0.26,0.3
dili_multiclass,418,1794427,46,3,bworf_no_mi,0,2,0.405,0.105,0.49
dili_multiclass,419,23652731,46,3,bworf_no_mi,0,0,0.415,0.39,0.195
dili_multiclass,430,53465279,46,3,bworf_no_mi,0,2,0.315,0.285,0.4
dili_multiclass,456,3759,46,3,bworf_no_mi,0,2,0.375,0.185,0.44
dili_multiclass,457,3826,46,3,bworf_no_mi,0,1,0.09,0.645,0.265
dili_multiclass,459,4064,46,3,bworf_no_mi,0,0,0.47,0.22,0.31
dili_multiclass,462,4893,46,3,bworf_no_mi,0,0,0.49,0.115,0.395
dili_multiclass,468,5572,46,3,bworf_no_mi,0,0,0.51,0.215,0.275
dili_multiclass,470,5625,46,3,bworf_no_mi,0,0,0.52,0.345,0.135
dili_multiclass,478,54892,46,3,bworf_no_mi,0,1,0.095,0.56,0.345
dili_multiclass,479,60026,46,3,bworf_no_mi,0,2,0.29,0.215,0.495
dili_multiclass,511,9915743,46,3,bworf_no_mi,0,0,0.505,0.13,0.365
dili_multiclass,519,24826799,46,3,bworf_no_mi,0,1,0.075,0.69,0.235
dili_multiclass,527,54671008,46,3,bworf_no_mi,0,0,0.425,0.155,0.42
dili_multiclass,528,54680690,46,3,bworf_no_mi,0,2,0.25,0.18,0.57
dili_multiclass,539,10280735,46,3,bworf_no_mi,0,1,0.34,0.415,0.245
dili_multiclass,543,11671467,46,3,bworf_no_mi,0,0,0.735,0.075,0.19
dili_multiclass,545,135565082,46,3,bworf_no_mi,0,0,0.62,0.28,0.1
dili_multiclass,564,6918248,46,3,bworf_no_mi,0,1,0.245,0.415,0.34
dili_multiclass,567,71657455,46,3,bworf_no_mi,0,1,0.02,0.79,0.19
dili_multiclass,568,71731823,46,3,bworf_no_mi,0,2,0.315,0.335,0.35
dili_multiclass,569,89683805,46,3,bworf_no_mi,0,0,0.375,0.295,0.33
dili_multiclass,4,2265,46,3,bworf_mi,2,1,0.32833333333333337,0.3633333333333333,0.30833333333333335
dili_multiclass,11,3117,46,3,bworf_mi,2,2,0.2733333333333334,0.41833333333333333,0.30833333333333335
dili_multiclass,19,4449,46,3,bworf_mi,2,1,0.2733333333333333,0.3233333333333333,0.4033333333333334
dili_multiclass,31,54454,46,3,bworf_mi,2,2,0.485,0.13,0.385
dili_multiclass,40,667490,46,3,bworf_mi,2,2,0.32,0.225,0.455
dili_multiclass,41,1349907,46,3,bworf_mi,2,2,0.43,0.215,0.355
dili_multiclass,48,135398739,46,3,bworf_mi,2,0,0.46,0.26999999999999996,0.27
dili_multiclass,73,3226,46,3,bworf_mi,2,2,0.205,0.38,0.415
dili_multiclass,81,3899,46,3,bworf_mi,2,2,0.2366666666666667,0.32666666666666666,0.43666666666666665
dili_multiclass,111,60835,46,3,bworf_mi,2,1,0.34666666666666657,0.41666666666666663,0.23666666666666664
dili_multiclass,127,5281040,46,3,bworf_mi,2,2,0.36333333333333334,0.1733333333333333,0.4633333333333334
dili_multiclass,133,9875401,46,3,bworf_mi,2,0,0.455,0.21,0.335
dili_multiclass,134,11167602,46,3,bworf_mi,2,2,0.45833333333333337,0.15833333333333333,0.3833333333333333
dili_multiclass,140,5746,46,3,bworf_mi,2,1,0.2733333333333333,0.44333333333333336,0.2833333333333333
dili_multiclass,144,2092,46,3,bworf_mi,1,0,0.5966666666666667,0.16166666666666668,0.24166666666666664
dili_multiclass,149,2771,46,3,bworf_mi,1,1,0.245,0.49,0.265
dili_multiclass,158,3463,46,3,bworf_mi,1,2,0.30833333333333335,0.2533333333333333,0.4383333333333333
dili_multiclass,176,4679,46,3,bworf_mi,1,1,0.3616666666666666,0.34166666666666656,0.29666666666666663
dili_multiclass,177,4829,46,3,bworf_mi,1,0,0.43333333333333335,0.2533333333333333,0.3133333333333333
dili_multiclass,203,134018,46,3,bworf_mi,1,2,0.23,0.35,0.42
dili_multiclass,206,208898,46,3,bworf_mi,1,1,0.33166666666666667,0.4816666666666667,0.18666666666666668
dili_multiclass,207,216237,46,3,bworf_mi,1,2,0.32833333333333337,0.33833333333333326,0.33333333333333326
dili_multiclass,208,383414,46,3,bworf_mi,1,1,0.425,0.49,0.085
dili_multiclass,217,4659569,46,3,bworf_mi,1,2,0.19,0.38,0.43
dili_multiclass,258,2812,46,3,bworf_mi,0,2,0.28,0.365,0.355
dili_multiclass,260,3080,46,3,bworf_mi,0,2,0.355,0.23,0.415
dili_multiclass,263,3261,46,3,bworf_mi,0,2,0.3533333333333333,0.3233333333333333,0.32333333333333336
dili_multiclass,275,4033,46,3,bworf_mi,0,0,0.5383333333333333,0.15333333333333332,0.30833333333333335
dili_multiclass,278,4192,46,3,bworf_mi,0,1,0.36666666666666664,0.3516666666666666,0.2816666666666667
dili_multiclass,285,4771,46,3,bworf_mi,0,2,0.2816666666666666,0.31666666666666665,0.4016666666666667
dili_multiclass,288,4927,46,3,bworf_mi,0,2,0.3783333333333333,0.22833333333333336,0.3933333333333333
dili_multiclass,302,6047,46,3,bworf_mi,0,2,0.3383333333333334,0.2033333333333333,0.45833333333333337
dili_multiclass,319,26757,46,3,bworf_mi,0,0,0.5050000000000001,0.25499999999999995,0.24
dili_multiclass,336,60855,46,3,bworf_mi,0,0,0.4283333333333333,0.2633333333333333,0.30833333333333335
dili_multiclass,348,121396,46,3,bworf_mi,0,2,0.3783333333333333,0.20333333333333337,0.41833333333333333
dili_multiclass,397,11561674,46,3,bworf_mi,0,1,0.355,0.415,0.22999999999999995
dili_multiclass,418,1794427,46,3,bworf_mi,0,2,0.415,0.22,0.365
dili_multiclass,419,23652731,46,3,bworf_mi,0,0,0.5433333333333333,0.26833333333333337,0.18833333333333332
dili_multiclass,430,53465279,46,3,bworf_mi,0,2,0.29666666666666663,0.2516666666666667,0.45166666666666666
dili_multiclass,456,3759,46,3,bworf_mi,0,2,0.375,0.31999999999999995,0.305
dili_multiclass,457,3826,46,3,bworf_mi,0,1,0.265,0.435,0.3
dili_multiclass,459,4064,46,3,bworf_mi,0,1,0.4383333333333333,0.38333333333333336,0.17833333333333334
dili_multiclass,462,4893,46,3,bworf_mi,0,0,0.5433333333333333,0.29333333333333333,0.16333333333333333
dili_multiclass,468,5572,46,3,bworf_mi,0,0,0.4833333333333333,0.29833333333333334,0.21833333333333335
dili_multiclass,470,5625,46,3,bworf_mi,0,0,0.6433333333333334,0.17833333333333334,0.17833333333333334
dili_multiclass,478,54892,46,3,bworf_mi,0,2,0.24833333333333332,0.3783333333333333,0.3733333333333333
dili_multiclass,479,60026,46,3,bworf_mi,0,0,0.45833333333333337,0.22333333333333333,0.3183333333333333
dili_multiclass,511,9915743,46,3,bworf_mi,0,0,0.5783333333333333,0.23833333333333337,0.18333333333333335
dili_multiclass,519,24826799,46,3,bworf_mi,0,0,0.62,0.135,0.245
dili_multiclass,527,54671008,46,3,bworf_mi,0,0,0.445,0.345,0.21
dili_multiclass,528,54680690,46,3,bworf_mi,0,2,0.30833333333333335,0.16333333333333336,0.5283333333333333
dili_multiclass,539,10280735,46,3,bworf_mi,0,0,0.695,0.13,0.175
dili_multiclass,543,11671467,46,3,bworf_mi,0,0,0.685,0.09,0.225
dili_multiclass,545,135565082,46,3,bworf_mi,0,0,0.5383333333333333,0.2583333333333333,0.2033333333333333
dili_multiclass,564,6918248,46,3,bworf_mi,0,2,0.325,0.3,0.375
dili_multiclass,567,71657455,46,3,bworf_mi,0,0,0.485,0.4,0.115
dili_multiclass,568,71731823,46,3,bworf_mi,0,1,0.35,0.375,0.275
dili_multiclass,569,89683805,46,3,bworf_mi,0,0,0.545,0.21,0.245
dili_multiclass,16,3672,46,4,orf_style,2,0,0.635,0.095,0.27
dili_multiclass,22,4583,46,4,orf_style,2,0,0.325,0.175,0.5
dili_multiclass,25,5790,46,4,orf_style,2,0,0.545,0.04,0.415
dili_multiclass,30,47576,46,4,orf_style,2,0,0.335,0.245,0.42
dili_multiclass,35,126941,46,4,orf_style,2,0,0.64,0.185,0.175
dili_multiclass,37,441074,46,4,orf_style,2,0,0.36,0.15,0.49
dili_multiclass,47,54675783,46,4,orf_style,2,0,0.5,0.16,0.34
dili_multiclass,51,1983,46,4,orf_style,2,0,0.59,0.029999999999999995,0.38
dili_multiclass,57,23978,46,4,orf_style,2,0,0.54,0.095,0.365
dili_multiclass,77,3559,46,4,orf_style,2,0,0.325,0.19,0.485
dili_multiclass,79,3763,46,4,orf_style,2,2,0.11,0.51,0.38
dili_multiclass,80,3821,46,4,orf_style,2,1,0.135,0.555,0.31
dili_multiclass,119,208908,46,4,orf_style,2,0,0.625,0.14,0.235
dili_multiclass,132,6439133,46,4,orf_style,2,0,0.375,0.395,0.23
dili_multiclass,143,2019,46,4,orf_style,1,0,0.645,0.205,0.15
dili_multiclass,153,3356,46,4,orf_style,1,0,0.665,0.14,0.195
dili_multiclass,154,3372,46,4,orf_style,1,0,0.45,0.115,0.435
dili_multiclass,162,3715,46,4,orf_style,1,2,0.17,0.44,0.39
dili_multiclass,168,4168,46,4,orf_style,1,0,0.33,0.43,0.24
dili_multiclass,169,4173,46,4,orf_style,1,0,0.45,0.16,0.39
dili_multiclass,171,4205,46,4,orf_style,1,0,0.545,0.2,0.255
dili_multiclass,173,4539,46,4,orf_style,1,2,0.21,0.365,0.425
dili_multiclass,195,60750,46,4,orf_style,1,0,0.445,0.395,0.16
dili_multiclass,197,65140,46,4,orf_style,1,0,0.49,0.095,0.415
dili_multiclass,200,77999,46,4,orf_style,1,0,0.485,0.145,0.37
dili_multiclass,259,2973,46,4,orf_style,0,0,0.535,0.31,0.155
dili_multiclass,280,4236,46,4,orf_style,0,1,0.07,0.645,0.285
dili_multiclass,281,4497,46,4,orf_style,0,0,0.34,0.33,0.33
dili_multiclass,290,4999,46,4,orf_style,0,0,0.36,0.175,0.465
dili_multiclass,299,5918,46,4,orf_style,0,0,0.52,0.12,0.36
dili_multiclass,304,6256,46,4,orf_style,0,0,0.475,0.15,0.375
dili_multiclass,321,28486,46,4,orf_style,0,0,0.405,0.14,0.455
dili_multiclass,327,51634,46,4,orf_style,0,0,0.54,0.21,0.25
dili_multiclass,340,71301,46,4,orf_style,0,0,0.53,0.08,0.39
dili_multiclass,341,71329,46,4,orf_style,0,0,0.31,0.39,0.3
dili_multiclass,344,71815,46,4,orf_style,0,0,0.36,0.17,0.47
dili_multiclass,356,441281,46,4,orf_style,0,0,0.735,0.06,0.205
dili_multiclass,365,3000502,46,4,orf_style,0,0,0.71,0.07,0.22
dili_multiclass,380,10220503,46,4,orf_style,0,0,0.62,0.04,0.34
dili_multiclass,385,16130199,46,4,orf_style,0,0,0.69,0.085,0.225
dili_multiclass,388,16137828,46,4,orf_style,0,0,0.695,0.03,0.275
dili_multiclass,390,25077179,46,4,orf_style,0,0,0.785,0.01,0.205
dili_multiclass,398,10034073,46,4,orf_style,0,0,0.295,0.225,0.48
dili_multiclass,402,10413,46,4,orf_style,0,0,0.515,0.265,0.22
dili_multiclass,409,124081876,46,4,orf_style,0,0,0.49,0.12,0.39
dili_multiclass,412,154234,46,4,orf_style,0,0,0.38,0.305,0.315
dili_multiclass,416,163183936,46,4,orf_style,0,0,0.535,0.27,0.195
dili_multiclass,421,24965990,46,4,orf_style,0,0,0.495,0.33,0.175
dili_multiclass,431,5460135,46,4,orf_style,0,1,0.34,0.535,0.125
dili_multiclass,442,70693500,46,4,orf_style,0,1,0.12,0.605,0.275
dili_multiclass,473,10133,46,4,orf_style,0,0,0.505,0.27,0.225
dili_multiclass,476,37542,46,4,orf_style,0,0,0.495,0.25,0.255
dili_multiclass,480,60879,46,4,orf_style,0,0,0.36,0.305,0.335
dili_multiclass,481,60953,46,4,orf_style,0,0,0.555,0.08,0.365
dili_multiclass,490,129228,46,4,orf_style,0,2,0.25,0.245,0.505
dili_multiclass,535,135410875,46,4,orf_style,0,0,0.375,0.455,0.17
dili_multiclass,555,50905713,46,4,orf_style,0,0,0.29,0.295,0.415
dili_multiclass,561,58460047,46,4,orf_style,0,0,0.485,0.195,0.32
dili_multiclass,16,3672,46,4,bworf_no_mi,2,0,0.46,0.305,0.235
dili_multiclass,22,4583,46,4,bworf_no_mi,2,2,0.25,0.19,0.56
dili_multiclass,25,5790,46,4,bworf_no_mi,2,0,0.525,0.095,0.38
dili_multiclass,30,47576,46,4,bworf_no_mi,2,2,0.26,0.34,0.4
dili_multiclass,35,126941,46,4,bworf_no_mi,2,0,0.505,0.37,0.125
dili_multiclass,37,441074,46,4,bworf_no_mi,2,2,0.28,0.215,0.505
dili_multiclass,47,54675783,46,4,bworf_no_mi,2,2,0.295,0.205,0.5
dili_multiclass,51,1983,46,4,bworf_no_mi,2,0,0.515,0.055,0.43
dili_multiclass,57,23978,46,4,bworf_no_mi,2,2,0.395,0.195,0.41
dili_multiclass,77,3559,46,4,bworf_no_mi,2,2,0.25,0.195,0.555
dili_multiclass,79,3763,46,4,bworf_no_mi,2,1,0.1,0.49,0.41
dili_multiclass,80,3821,46,4,bworf_no_mi,2,1,0.08,0.655,0.265
dili_multiclass,119,208908,46,4,bworf_no_mi,2,0,0.62,0.15,0.23
dili_multiclass,132,6439133,46,4,bworf_no_mi,2,1,0.225,0.54,0.235
dili_multiclass,143,2019,46,4,bworf_no_mi,1,0,0.585,0.35,0.065
dili_multiclass,153,3356,46,4,bworf_no_mi,1,0,0.58,0.21,0.21
dili_multiclass,154,3372,46,4,bworf_no_mi,1,0,0.445,0.205,0.35
dili_multiclass,162,3715,46,4,bworf_no_mi,1,1,0.1,0.445,0.455
dili_multiclass,168,4168,46,4,bworf_no_mi,1,1,0.155,0.57,0.275
dili_multiclass,169,4173,46,4,bworf_no_mi,1,2,0.38,0.11,0.51
dili_multiclass,171,4205,46,4,bworf_no_mi,1,1,0.31,0.485,0.205
dili_multiclass,173,4539,46,4,bworf_no_mi,1,2,0.145,0.405,0.45
dili_multiclass,195,60750,46,4,bworf_no_mi,1,1,0.265,0.585,0.15
dili_multiclass,197,65140,46,4,bworf_no_mi,1,2,0.365,0.17,0.465
dili_multiclass,200,77999,46,4,bworf_no_mi,1,0,0.38,0.305,0.315
dili_multiclass,259,2973,46,4,bworf_no_mi,0,0,0.5,0.375,0.125
dili_multiclass,280,4236,46,4,bworf_no_mi,0,1,0.05,0.66,0.29
dili_multiclass,281,4497,46,4,bworf_no_mi,0,1,0.205,0.48,0.315
dili_multiclass,290,4999,46,4,bworf_no_mi,0,2,0.31,0.225,0.465
dili_multiclass,299,5918,46,4,bworf_no_mi,0,2,0.33,0.225,0.445
dili_multiclass,304,6256,46,4,bworf_no_mi,0,0,0.425,0.215,0.36
dili_multiclass,321,28486,46,4,bworf_no_mi,0,2,0.305,0.235,0.46
dili_multiclass,327,51634,46,4,bworf_no_mi,0,0,0.48,0.33,0.19
dili_multiclass,340,71301,46,4,bworf_no_mi,0,2,0.485,0.06,0.455
dili_multiclass,341,71329,46,4,bworf_no_mi,0,1,0.16,0.465,0.375
dili_multiclass,344,71815,46,4,bworf_no_mi,0,2,0.305,0.17,0.525
dili_multiclass,356,441281,46,4,bworf_no_mi,0,0,0.66,0.14,0.2
dili_multiclass,365,3000502,46,4,bworf_no_mi,0,0,0.63,0.135,0.235
dili_multiclass,380,10220503,46,4,bworf_no_mi,0,0,0.47,0.125,0.405
dili_multiclass,385,16130199,46,4,bworf_no_mi,0,0,0.67,0.11,0.22
dili_multiclass,388,16137828,46,4,bworf_no_mi,0,0,0.74,0.02,0.24
dili_multiclass,390,25077179,46,4,bworf_no_mi,0,0,0.79,0.015,0.195
dili_multiclass,398,10034073,46,4,bworf_no_mi,0,2,0.305,0.255,0.44
dili_multiclass,402,10413,46,4,bworf_no_mi,0,1,0.305,0.435,0.26
dili_multiclass,409,124081876,46,4,bworf_no_mi,0,2,0.375,0.175,0.45
dili_multiclass,412,154234,46,4,bworf_no_mi,0,1,0.18,0.6,0.22
dili_multiclass,416,163183936,46,4,bworf_no_mi,0,0,0.495,0.355,0.15
dili_multiclass,421,24965990,46,4,bworf_no_mi,0,1,0.325,0.485,0.19
dili_multiclass,431,5460135,46,4,bworf_no_mi,0,1,0.355,0.55,0.095
dili_multiclass,442,70693500,46,4,bworf_no_mi,0,1,0.045,0.74,0.215
dili_multiclass,473,10133,46,4,bworf_no_mi,0,1,0.355,0.435,0.21
dili_multiclass,476,37542,46,4,bworf_no_mi,0,0,0.405,0.345,0.25
dili_multiclass,480,60879,46,4,bworf_no_mi,0,1,0.17,0.405,0.425
dili_multiclass,481,60953,46,4,bworf_no_mi,0,0,0.57,0.175,0.255
dili_multiclass,490,129228,46,4,bworf_no_mi,0,2,0.175,0.245,0.58
dili_multiclass,535,135410875,46,4,bworf_no_mi,0,1,0.17,0.675,0.155
dili_multiclass,555,50905713,46,4,bworf_no_mi,0,2,0.25,0.31,0.44
dili_multiclass,561,58460047,46,4,bworf_no_mi,0,2,0.32,0.31,0.37
dili_multiclass,16,3672,46,4,bworf_mi,2,0,0.4,0.375,0.225
dili_multiclass,22,4583,46,4,bworf_mi,2,2,0.32333333333333336,0.18833333333333332,0.48833333333333345
dili_multiclass,25,5790,46,4,bworf_mi,2,2,0.4066666666666666,0.12166666666666667,0.4716666666666666
dili_multiclass,30,47576,46,4,bworf_mi,2,0,0.495,0.055,0.45
dili_multiclass,35,126941,46,4,bworf_mi,2,0,0.47,0.20999999999999996,0.32
dili_multiclass,37,441074,46,4,bworf_mi,2,0,0.48333333333333334,0.10333333333333333,0.41333333333333333
dili_multiclass,47,54675783,46,4,bworf_mi,2,2,0.42,0.215,0.365
dili_multiclass,51,1983,46,4,bworf_mi,2,2,0.265,0.35,0.385
dili_multiclass,57,23978,46,4,bworf_mi,2,2,0.3833333333333333,0.17833333333333332,0.43833333333333335
dili_multiclass,77,3559,46,4,bworf_mi,2,0,0.47,0.17999999999999997,0.35
dili_multiclass,79,3763,46,4,bworf_mi,2,2,0.185,0.325,0.49
dili_multiclass,80,3821,46,4,bworf_mi,2,1,0.2383333333333333,0.3633333333333333,0.39833333333333326
dili_multiclass,119,208908,46,4,bworf_mi,2,0,0.575,0.185,0.24
dili_multiclass,132,6439133,46,4,bworf_mi,2,0,0.34333333333333327,0.30333333333333334,0.3533333333333333
dili_multiclass,143,2019,46,4,bworf_mi,1,0,0.495,0.25,0.255
dili_multiclass,153,3356,46,4,bworf_mi,1,0,0.64,0.085,0.275
dili_multiclass,154,3372,46,4,bworf_mi,1,0,0.37999999999999995,0.22,0.4
dili_multiclass,162,3715,46,4,bworf_mi,1,2,0.17666666666666667,0.3966666666666667,0.4266666666666667
dili_multiclass,168,4168,46,4,bworf_mi,1,1,0.3433333333333334,0.37333333333333335,0.28333333333333327
dili_multiclass,169,4173,46,4,bworf_mi,1,2,0.31666666666666665,0.26166666666666666,0.4216666666666667
dili_multiclass,171,4205,46,4,bworf_mi,1,0,0.49333333333333335,0.10833333333333334,0.39833333333333343
dili_multiclass,173,4539,46,4,bworf_mi,1,2,0.27999999999999997,0.31499999999999995,0.405
dili_multiclass,195,60750,46,4,bworf_mi,1,2,0.30666666666666664,0.3116666666666666,0.3816666666666667
dili_multiclass,197,65140,46,4,bworf_mi,1,0,0.43333333333333335,0.2883333333333333,0.2783333333333333
dili_multiclass,200,77999,46,4,bworf_mi,1,1,0.2583333333333333,0.39333333333333337,0.3483333333333333
dili_multiclass,259,2973,46,4,bworf_mi,0,0,0.44333333333333336,0.34333333333333327,0.21333333333333332
dili_multiclass,280,4236,46,4,bworf_mi,0,2,0.28833333333333333,0.2783333333333333,0.43333333333333335
dili_multiclass,281,4497,46,4,bworf_mi,0,0,0.3950000000000001,0.355,0.24999999999999997
dili_multiclass,290,4999,46,4,bworf_mi,0,2,0.2983333333333333,0.28333333333333327,0.41833333333333345
dili_multiclass,299,5918,46,4,bworf_mi,0,2,0.2533333333333333,0.2583333333333333,0.48833333333333334
dili_multiclass,304,6256,46,4,bworf_mi,0,2,0.36666666666666664,0.19666666666666668,0.43666666666666665
dili_multiclass,321,28486,46,4,bworf_mi,0,2,0.3733333333333333,0.21333333333333332,0.41333333333333333
dili_multiclass,327,51634,46,4,bworf_mi,0,0,0.43833333333333335,0.19333333333333333,0.36833333333333335
dili_multiclass,340,71301,46,4,bworf_mi,0,0,0.6333333333333333,0.1733333333333333,0.19333333333333336
dili_multiclass,341,71329,46,4,bworf_mi,0,2,0.23,0.375,0.395
dili_multiclass,344,71815,46,4,bworf_mi,0,0,0.47833333333333333,0.14833333333333334,0.3733333333333333
dili_multiclass,356,441281,46,4,bworf_mi,0,0,0.5433333333333333,0.18333333333333332,0.2733333333333333
dili_multiclass,365,3000502,46,4,bworf_mi,0,0,0.6483333333333334,0.11333333333333334,0.2383333333333333
dili_multiclass,380,10220503,46,4,bworf_mi,0,0,0.5900000000000001,0.2,0.20999999999999996
dili_multiclass,385,16130199,46,4,bworf_mi,0,0,0.635,0.15,0.215
dili_multiclass,388,16137828,46,4,bworf_mi,0,0,0.59,0.195,0.215
dili_multiclass,390,25077179,46,4,bworf_mi,0,0,0.695,0.16,0.145
dili_multiclass,398,10034073,46,4,bworf_mi,0,1,0.36333333333333334,0.43833333333333335,0.19833333333333333
dili_multiclass,402,10413,46,4,bworf_mi,0,0,0.40833333333333327,0.20833333333333337,0.38333333333333336
dili_multiclass,409,124081876,46,4,bworf_mi,0,2,0.3883333333333333,0.2833333333333333,0.3283333333333333
dili_multiclass,412,154234,46,4,bworf_mi,0,2,0.3266666666666667,0.31166666666666665,0.3616666666666667
dili_multiclass,416,163183936,46,4,bworf_mi,0,0,0.505,0.105,0.39
dili_multiclass,421,24965990,46,4,bworf_mi,0,0,0.6233333333333334,0.09833333333333334,0.2783333333333333
dili_multiclass,431,5460135,46,4,bworf_mi,0,0,0.42,0.305,0.275
dili_multiclass,442,70693500,46,4,bworf_mi,0,1,0.22,0.56,0.22
dili_multiclass,473,10133,46,4,bworf_mi,0,2,0.30666666666666664,0.2766666666666666,0.41666666666666663
dili_multiclass,476,37542,46,4,bworf_mi,0,1,0.355,0.29,0.355
dili_multiclass,480,60879,46,4,bworf_mi,0,1,0.16166666666666665,0.42666666666666664,0.4116666666666666
dili_multiclass,481,60953,46,4,bworf_mi,0,0,0.5,0.30999999999999994,0.19
dili_multiclass,490,129228,46,4,bworf_mi,0,2,0.26166666666666666,0.2866666666666666,0.4516666666666667
dili_multiclass,535,135410875,46,4,bworf_mi,0,2,0.28833333333333333,0.33333333333333326,0.37833333333333335
dili_multiclass,555,50905713,46,4,bworf_mi,0,0,0.5533333333333332,0.2833333333333334,0.16333333333333333
dili_multiclass,561,58460047,46,4,bworf_mi,0,2,0.38666666666666666,0.16666666666666663,0.44666666666666666
dili_multiclass,26,5852,46,5,orf_style,2,0,0.785,0.02,0.195
dili_multiclass,52,2244,46,5,orf_style,2,0,0.28,0.435,0.285
dili_multiclass,53,3007,46,5,orf_style,2,0,0.625,0.15,0.225
dili_multiclass,55,5760,46,5,orf_style,2,0,0.69,0.14,0.17
dili_multiclass,70,2764,46,5,orf_style,2,0,0.325,0.23,0.445
dili_multiclass,72,3114,46,5,orf_style,2,0,0.555,0.27,0.175
dili_multiclass,92,5426,46,5,orf_style,2,1,0.35,0.515,0.135
dili_multiclass,95,5646,46,5,orf_style,2,0,0.475,0.435,0.08999999999999998
dili_multiclass,103,43672,46,5,orf_style,2,0,0.455,0.28,0.265
dili_multiclass,105,44093,46,5,orf_style,2,0,0.505,0.12,0.375
dili_multiclass,110,60606,46,5,orf_style,2,1,0.145,0.61,0.245
dili_multiclass,129,5329102,46,5,orf_style,2,0,0.535,0.205,0.26
dili_multiclass,137,135398737,46,5,orf_style,2,2,0.275,0.215,0.51
dili_multiclass,160,3657,46,5,orf_style,1,0,0.52,0.065,0.415
dili_multiclass,163,3749,46,5,orf_style,1,0,0.37,0.495,0.135
dili_multiclass,174,4543,46,5,orf_style,1,0,0.37,0.4,0.23
dili_multiclass,180,5073,46,5,orf_style,1,0,0.805,0.01,0.185
dili_multiclass,183,5717,46,5,orf_style,1,0,0.54,0.315,0.145
dili_multiclass,204,148124,46,5,orf_style,1,0,0.395,0.3,0.305
dili_multiclass,210,439492,46,5,orf_style,1,0,0.44,0.25,0.31
dili_multiclass,215,667477,46,5,orf_style,1,2,0.255,0.325,0.42
dili_multiclass,216,3034010,46,5,orf_style,1,0,0.495,0.235,0.27
dili_multiclass,239,108150,46,5,orf_style,1,0,0.675,0.115,0.21
dili_multiclass,241,896,46,5,orf_style,0,0,0.75,0.04,0.21
dili_multiclass,274,3958,46,5,orf_style,0,0,0.735,0.04,0.225
dili_multiclass,276,4034,46,5,orf_style,0,0,0.605,0.165,0.23
dili_multiclass,311,9651,46,5,orf_style,0,0,0.49,0.425,0.085
dili_multiclass,320,26987,46,5,orf_style,0,0,0.365,0.355,0.28
dili_multiclass,322,33624,46,5,orf_style,0,0,0.75,0.065,0.185
dili_multiclass,324,37768,46,5,orf_style,0,0,0.47,0.33,0.2
dili_multiclass,333,60648,46,5,orf_style,0,2,0.115,0.465,0.42
dili_multiclass,347,115355,46,5,orf_style,0,1,0.205,0.58,0.215
dili_multiclass,349,132999,46,5,orf_style,0,0,0.41,0.335,0.255
dili_multiclass,354,197712,46,5,orf_style,0,2,0.11,0.33,0.56
dili_multiclass,371,5284594,46,5,orf_style,0,0,0.775,0.0,0.225
dili_multiclass,377,9854012,46,5,orf_style,0,0,0.61,0.15,0.24
dili_multiclass,381,11658860,46,5,orf_style,0,2,0.13,0.475,0.395
dili_multiclass,382,11953884,46,5,orf_style,0,1,0.275,0.555,0.17
dili_multiclass,394,135413536,46,5,orf_style,0,0,0.61,0.19,0.2
dili_multiclass,408,121892,46,5,orf_style,0,1,0.19,0.495,0.315
dili_multiclass,432,5462328,46,5,orf_style,0,0,0.81,0.01,0.18
dili_multiclass,437,56959087,46,5,orf_style,0,0,0.705,0.004999999999999999,0.29
dili_multiclass,451,2895,46,5,orf_style,0,0,0.46,0.14,0.4
dili_multiclass,458,3957,46,5,orf_style,0,0,0.415,0.17,0.415
dili_multiclass,482,65999,46,5,orf_style,0,0,0.495,0.32,0.185
dili_multiclass,488,107807,46,5,orf_style,0,0,0.69,0.115,0.195
dili_multiclass,494,150310,46,5,orf_style,0,0,0.73,0.05,0.22
dili_multiclass,503,5462516,46,5,orf_style,2,0,0.365,0.305,0.33
dili_multiclass,508,6918314,46,5,orf_style,0,0,0.765,0.06,0.175
dili_multiclass,509,9854073,46,5,orf_style,0,0,0.39,0.3,0.31
dili_multiclass,518,16004692,46,5,orf_style,0,0,0.48,0.135,0.385
dili_multiclass,520,25084151,46,5,orf_style,0,0,0.79,0.04,0.17
dili_multiclass,531,135398508,46,5,orf_style,0,0,0.41,0.315,0.275
dili_multiclass,538,10275777,46,5,orf_style,0,0,0.515,0.34,0.145
dili_multiclass,541,11234049,46,5,orf_style,0,0,0.52,0.16,0.32
dili_multiclass,546,135565596,46,5,orf_style,0,0,0.815,0.0,0.185
dili_multiclass,549,24775005,46,5,orf_style,0,0,0.47,0.38,0.15
dili_multiclass,26,5852,46,5,bworf_no_mi,2,0,0.69,0.06,0.25
dili_multiclass,52,2244,46,5,bworf_no_mi,2,1,0.24,0.455,0.305
dili_multiclass,53,3007,46,5,bworf_no_mi,2,0,0.555,0.145,0.3
dili_multiclass,55,5760,46,5,bworf_no_mi,2,0,0.56,0.315,0.125
dili_multiclass,70,2764,46,5,bworf_no_mi,2,1,0.17,0.435,0.395
dili_multiclass,72,3114,46,5,bworf_no_mi,2,0,0.445,0.42,0.135
dili_multiclass,92,5426,46,5,bworf_no_mi,2,1,0.135,0.74,0.125
dili_multiclass,95,5646,46,5,bworf_no_mi,2,1,0.27,0.665,0.065
dili_multiclass,103,43672,46,5,bworf_no_mi,2,1,0.28,0.445,0.275
dili_multiclass,105,44093,46,5,bworf_no_mi,2,0,0.44,0.1,0.46
dili_multiclass,110,60606,46,5,bworf_no_mi,2,1,0.105,0.705,0.19
dili_multiclass,129,5329102,46,5,bworf_no_mi,2,0,0.485,0.3,0.215
dili_multiclass,137,135398737,46,5,bworf_no_mi,2,2,0.22,0.165,0.615
dili_multiclass,160,3657,46,5,bworf_no_mi,1,2,0.46,0.055,0.485
dili_multiclass,163,3749,46,5,bworf_no_mi,1,1,0.22,0.73,0.05
dili_multiclass,174,4543,46,5,bworf_no_mi,1,1,0.165,0.655,0.18
dili_multiclass,180,5073,46,5,bworf_no_mi,1,0,0.74,0.105,0.155
dili_multiclass,183,5717,46,5,bworf_no_mi,1,1,0.355,0.51,0.135
dili_multiclass,204,148124,46,5,bworf_no_mi,1,1,0.29,0.435,0.275
dili_multiclass,210,439492,46,5,bworf_no_mi,1,2,0.325,0.295,0.38
dili_multiclass,215,667477,46,5,bworf_no_mi,1,1,0.105,0.435,0.46
dili_multiclass,216,3034010,46,5,bworf_no_mi,1,0,0.52,0.275,0.205
dili_multiclass,239,108150,46,5,bworf_no_mi,1,0,0.545,0.26,0.195
dili_multiclass,241,896,46,5,bworf_no_mi,0,0,0.65,0.11,0.24
dili_multiclass,274,3958,46,5,bworf_no_mi,0,0,0.565,0.115,0.32
dili_multiclass,276,4034,46,5,bworf_no_mi,0,0,0.445,0.33,0.225
dili_multiclass,311,9651,46,5,bworf_no_mi,0,1,0.28,0.605,0.115
dili_multiclass,320,26987,46,5,bworf_no_mi,0,1,0.14,0.595,0.265
dili_multiclass,322,33624,46,5,bworf_no_mi,0,0,0.65,0.205,0.145
dili_multiclass,324,37768,46,5,bworf_no_mi,0,1,0.32,0.515,0.165
dili_multiclass,333,60648,46,5,bworf_no_mi,0,1,0.06,0.56,0.38
dili_multiclass,347,115355,46,5,bworf_no_mi,0,1,0.14,0.665,0.195
dili_multiclass,349,132999,46,5,bworf_no_mi,0,1,0.235,0.6,0.165
dili_multiclass,354,197712,46,5,bworf_no_mi,0,1,0.06,0.44,0.5
dili_multiclass,371,5284594,46,5,bworf_no_mi,0,0,0.65,0.004999999999999999,0.345
dili_multiclass,377,9854012,46,5,bworf_no_mi,0,0,0.62,0.175,0.205
dili_multiclass,381,11658860,46,5,bworf_no_mi,0,2,0.155,0.36,0.485
dili_multiclass,382,11953884,46,5,bworf_no_mi,0,1,0.195,0.66,0.145
dili_multiclass,394,135413536,46,5,bworf_no_mi,0,0,0.495,0.345,0.16
dili_multiclass,408,121892,46,5,bworf_no_mi,0,1,0.13,0.59,0.28
dili_multiclass,432,5462328,46,5,bworf_no_mi,0,0,0.77,0.0,0.23
dili_multiclass,437,56959087,46,5,bworf_no_mi,0,0,0.63,0.009999999999999998,0.36
dili_multiclass,451,2895,46,5,bworf_no_mi,0,2,0.245,0.17,0.585
dili_multiclass,458,3957,46,5,bworf_no_mi,0,2,0.36,0.18,0.46
dili_multiclass,482,65999,46,5,bworf_no_mi,0,1,0.36,0.38,0.26
dili_multiclass,488,107807,46,5,bworf_no_mi,0,0,0.53,0.335,0.135
dili_multiclass,494,150310,46,5,bworf_no_mi,0,0,0.73,0.005,0.265
dili_multiclass,503,5462516,46,5,bworf_no_mi,2,1,0.28,0.4,0.32
dili_multiclass,508,6918314,46,5,bworf_no_mi,0,0,0.74,0.135,0.125
dili_multiclass,509,9854073,46,5,bworf_no_mi,0,1,0.27,0.43,0.3
dili_multiclass,518,16004692,46,5,bworf_no_mi,0,0,0.44,0.155,0.405
dili_multiclass,520,25084151,46,5,bworf_no_mi,0,0,0.78,0.07,0.15
dili_multiclass,531,135398508,46,5,bworf_no_mi,0,1,0.305,0.48,0.215
dili_multiclass,538,10275777,46,5,bworf_no_mi,0,1,0.42,0.435,0.145
dili_multiclass,541,11234049,46,5,bworf_no_mi,0,0,0.43,0.27,0.3
dili_multiclass,546,135565596,46,5,bworf_no_mi,0,0,0.81,0.03,0.16
dili_multiclass,549,24775005,46,5,bworf_no_mi,0,1,0.36,0.54,0.1
dili_multiclass,26,5852,46,5,bworf_mi,2,2,0.4083333333333334,0.2333333333333333,0.35833333333333334
dili_multiclass,52,2244,46,5,bworf_mi,2,2,0.26,0.35,0.39
dili_multiclass,53,3007,46,5,bworf_mi,2,1,0.445,0.455,0.1
dili_multiclass,55,5760,46,5,bworf_mi,2,0,0.45333333333333337,0.19333333333333333,0.35333333333333333
dili_multiclass,70,2764,46,5,bworf_mi,2,1,0.17833333333333332,0.41833333333333333,0.4033333333333334
dili_multiclass,72,3114,46,5,bworf_mi,2,2,0.41,0.325,0.265
dili_multiclass,92,5426,46,5,bworf_mi,2,2,0.21333333333333332,0.35833333333333334,0.42833333333333334
dili_multiclass,95,5646,46,5,bworf_mi,2,1,0.2383333333333333,0.4383333333333333,0.32333333333333336
dili_multiclass,103,43672,46,5,bworf_mi,2,0,0.485,0.18,0.335
dili_multiclass,105,44093,46,5,bworf_mi,2,1,0.11,0.49,0.4
dili_multiclass,110,60606,46,5,bworf_mi,2,2,0.2833333333333333,0.3183333333333333,0.3983333333333334
dili_multiclass,129,5329102,46,5,bworf_mi,2,0,0.475,0.375,0.15
dili_multiclass,137,135398737,46,5,bworf_mi,2,2,0.3666666666666667,0.2816666666666667,0.35166666666666674
dili_multiclass,160,3657,46,5,bworf_mi,1,0,0.55,0.065,0.385
dili_multiclass,163,3749,46,5,bworf_mi,1,0,0.52,0.33,0.15
dili_multiclass,174,4543,46,5,bworf_mi,1,1,0.22000000000000003,0.4,0.38
dili_multiclass,180,5073,46,5,bworf_mi,1,0,0.58,0.14,0.28
dili_multiclass,183,5717,46,5,bworf_mi,1,0,0.545,0.19,0.265
dili_multiclass,204,148124,46,5,bworf_mi,1,0,0.47,0.18,0.35
dili_multiclass,210,439492,46,5,bworf_mi,1,2,0.345,0.225,0.43
dili_multiclass,215,667477,46,5,bworf_mi,1,1,0.2833333333333333,0.43333333333333335,0.2833333333333333
dili_multiclass,216,3034010,46,5,bworf_mi,1,0,0.53,0.27,0.2
dili_multiclass,239,108150,46,5,bworf_mi,1,0,0.41,0.29,0.3
dili_multiclass,241,896,46,5,bworf_mi,0,0,0.5683333333333334,0.2033333333333333,0.22833333333333333
dili_multiclass,274,3958,46,5,bworf_mi,0,2,0.4,0.175,0.425
dili_multiclass,276,4034,46,5,bworf_mi,0,0,0.415,0.185,0.4
dili_multiclass,311,9651,46,5,bworf_mi,0,0,0.38333333333333336,0.30833333333333335,0.30833333333333335
dili_multiclass,320,26987,46,5,bworf_mi,0,0,0.48333333333333334,0.24833333333333332,0.2683333333333333
dili_multiclass,322,33624,46,5,bworf_mi,0,0,0.565,0.21,0.225
dili_multiclass,324,37768,46,5,bworf_mi,0,0,0.52,0.07,0.41
dili_multiclass,333,60648,46,5,bworf_mi,0,1,0.21,0.445,0.345
dili_multiclass,347,115355,46,5,bworf_mi,0,2,0.28,0.33,0.39
dili_multiclass,349,132999,46,5,bworf_mi,0,2,0.435,0.12,0.445
dili_multiclass,354,197712,46,5,bworf_mi,0,2,0.27,0.315,0.415
dili_multiclass,371,5284594,46,5,bworf_mi,0,0,0.635,0.025,0.34
dili_multiclass,377,9854012,46,5,bworf_mi,0,1,0.265,0.435,0.3
dili_multiclass,381,11658860,46,5,bworf_mi,0,0,0.385,0.3,0.315
dili_multiclass,382,11953884,46,5,bworf_mi,0,1,0.18,0.575,0.245
dili_multiclass,394,135413536,46,5,bworf_mi,0,0,0.56,0.2,0.24
dili_multiclass,408,121892,46,5,bworf_mi,0,0,0.505,0.12,0.375
dili_multiclass,432,5462328,46,5,bworf_mi,0,0,0.525,0.095,0.38
dili_multiclass,437,56959087,46,5,bworf_mi,0,0,0.58,0.05,0.37
dili_multiclass,451,2895,46,5,bworf_mi,0,1,0.3066666666666667,0.3616666666666667,0.33166666666666667
dili_multiclass,458,3957,46,5,bworf_mi,0,2,0.405,0.25,0.345
dili_multiclass,482,65999,46,5,bworf_mi,0,0,0.57,0.26,0.17
dili_multiclass,488,107807,46,5,bworf_mi,0,1,0.255,0.445,0.3
dili_multiclass,494,150310,46,5,bworf_mi,0,0,0.56,0.05,0.39
dili_multiclass,503,5462516,46,5,bworf_mi,2,0,0.45,0.27,0.28
dili_multiclass,508,6918314,46,5,bworf_mi,0,0,0.47,0.265,0.265
dili_multiclass,509,9854073,46,5,bworf_mi,0,2,0.47,0.185,0.345
dili_multiclass,518,16004692,46,5,bworf_mi,0,2,0.24,0.345,0.415
dili_multiclass,520,25084151,46,5,bworf_mi,0,0,0.745,0.095,0.16
dili_multiclass,531,135398508,46,5,bworf_mi,0,0,0.37833333333333335,0.29333333333333333,0.3283333333333333
dili_multiclass,538,10275777,46,5,bworf_mi,0,1,0.295,0.42,0.285
dili_multiclass,541,11234049,46,5,bworf_mi,0,0,0.45,0.15,0.4
dili_multiclass,546,135565596,46,5,bworf_mi,0,0,0.5183333333333333,0.22833333333333336,0.2533333333333333
dili_multiclass,549,24775005,46,5,bworf_mi,0,0,0.42,0.33,0.25
dili_multiclass,13,3397,46,6,orf_style,2,1,0.235,0.485,0.28
dili_multiclass,21,4495,46,6,orf_style,2,2,0.22,0.255,0.525
dili_multiclass,46,9887054,46,6,orf_style,2,0,0.63,0.205,0.165
dili_multiclass,58,29051,46,6,orf_style,2,0,0.29,0.415,0.295
dili_multiclass,67,2662,46,6,orf_style,2,1,0.245,0.515,0.24
dili_multiclass,69,2756,46,6,orf_style,2,0,0.385,0.35,0.265
dili_multiclass,75,3339,46,6,orf_style,2,2,0.265,0.185,0.55
dili_multiclass,83,4485,46,6,orf_style,2,0,0.48,0.17,0.35
dili_multiclass,85,4763,46,6,orf_style,2,2,0.225,0.28,0.495
dili_multiclass,102,35370,46,6,orf_style,2,0,0.355,0.24,0.405
dili_multiclass,109,56069,46,6,orf_style,2,0,0.48,0.27,0.25
dili_multiclass,113,68617,46,6,orf_style,2,0,0.745,0.07,0.185
dili_multiclass,128,5284537,46,6,orf_style,2,0,0.36,0.27,0.37
dili_multiclass,135,54671203,46,6,orf_style,2,0,0.63,0.06,0.31
dili_multiclass,145,2162,46,6,orf_style,1,0,0.4,0.205,0.395
dili_multiclass,148,2678,46,6,orf_style,1,0,0.67,0.005000000000000001,0.325
dili_multiclass,156,3394,46,6,orf_style,1,2,0.21,0.46,0.33
dili_multiclass,181,5090,46,6,orf_style,1,2,0.145,0.495,0.36
dili_multiclass,188,21844,46,6,orf_style,1,0,0.325,0.22,0.455
dili_multiclass,193,54841,46,6,orf_style,1,0,0.67,0.125,0.205
dili_multiclass,198,65404,46,6,orf_style,1,2,0.105,0.475,0.42
dili_multiclass,222,5362129,46,6,orf_style,1,0,0.74,0.02,0.24
dili_multiclass,231,16129629,46,6,orf_style,1,0,0.36,0.44,0.2
dili_multiclass,237,4158,46,6,orf_style,1,0,0.68,0.155,0.165
dili_multiclass,267,3348,46,6,orf_style,0,0,0.335,0.315,0.35
dili_multiclass,272,3784,46,6,orf_style,0,0,0.385,0.315,0.3
dili_multiclass,273,3911,46,6,orf_style,0,0,0.81,0.0,0.19
dili_multiclass,282,4499,46,6,orf_style,0,0,0.5,0.17,0.33
dili_multiclass,286,4828,46,6,orf_style,0,0,0.8,0.005,0.195
dili_multiclass,292,5253,46,6,orf_style,0,0,0.48,0.3,0.22
dili_multiclass,294,5391,46,6,orf_style,0,0,0.675,0.145,0.18
dili_multiclass,303,6167,46,6,orf_style,0,0,0.365,0.27,0.365
dili_multiclass,315,16362,46,6,orf_style,0,0,0.585,0.115,0.3
dili_multiclass,317,20279,46,6,orf_style,0,0,0.36,0.495,0.145
dili_multiclass,337,62816,46,6,orf_style,0,0,0.755,0.075,0.17
dili_multiclass,338,63006,46,6,orf_style,0,0,0.29,0.34,0.37
dili_multiclass,339,71158,46,6,orf_style,0,2,0.275,0.125,0.6
dili_multiclass,357,441314,46,6,orf_style,0,0,0.76,0.015,0.225
dili_multiclass,366,3052762,46,6,orf_style,0,1,0.185,0.64,0.175
dili_multiclass,368,3086319,46,6,orf_style,0,2,0.205,0.17,0.625
dili_multiclass,389,23673837,46,6,orf_style,0,1,0.21,0.465,0.325
dili_multiclass,400,10077130,46,6,orf_style,0,0,0.62,0.03,0.35
dili_multiclass,413,1548994,46,6,orf_style,0,0,0.695,0.085,0.22
dili_multiclass,446,9837243,46,6,orf_style,0,0,0.465,0.425,0.11
dili_multiclass,447,9913767,46,6,orf_style,0,0,0.33,0.47,0.2
dili_multiclass,450,2578,46,6,orf_style,0,2,0.245,0.27,0.485
dili_multiclass,461,4409,46,6,orf_style,0,0,0.56,0.12,0.32
dili_multiclass,475,30751,46,6,orf_style,0,0,0.73,0.075,0.195
dili_multiclass,484,73303,46,6,orf_style,0,1,0.14,0.665,0.195
dili_multiclass,493,148121,46,6,orf_style,0,0,0.49,0.15,0.36
dili_multiclass,497,451668,46,6,orf_style,0,0,0.765,0.05,0.185
dili_multiclass,506,6445540,46,6,orf_style,0,2,0.23,0.29,0.48
dili_multiclass,521,25102847,46,6,orf_style,0,0,0.42,0.07,0.51
dili_multiclass,525,45375808,46,6,orf_style,0,0,0.35,0.09,0.56
dili_multiclass,547,1727,46,6,orf_style,0,0,0.705,0.055,0.24
dili_multiclass,554,49803313,46,6,orf_style,0,0,0.775,0.05,0.175
dili_multiclass,570,91669168,46,6,orf_style,0,0,0.765,0.075,0.16
dili_multiclass,13,3397,46,6,bworf_no_mi,2,1,0.11,0.675,0.215
dili_multiclass,21,4495,46,6,bworf_no_mi,2,2,0.15,0.25,0.6
dili_multiclass,46,9887054,46,6,bworf_no_mi,2,0,0.475,0.35,0.175
dili_multiclass,58,29051,46,6,bworf_no_mi,2,1,0.2,0.44,0.36
dili_multiclass,67,2662,46,6,bworf_no_mi,2,1,0.175,0.645,0.18
dili_multiclass,69,2756,46,6,bworf_no_mi,2,1,0.185,0.615,0.2
dili_multiclass,75,3339,46,6,bworf_no_mi,2,2,0.215,0.175,0.61
dili_multiclass,83,4485,46,6,bworf_no_mi,2,2,0.3,0.285,0.415
dili_multiclass,85,4763,46,6,bworf_no_mi,2,2,0.125,0.255,0.62
dili_multiclass,102,35370,46,6,bworf_no_mi,2,2,0.27,0.285,0.445
dili_multiclass,109,56069,46,6,bworf_no_mi,2,0,0.355,0.33,0.315
dili_multiclass,113,68617,46,6,bworf_no_mi,2,0,0.73,0.12,0.15
dili_multiclass,128,5284537,46,6,bworf_no_mi,2,2,0.325,0.315,0.36
dili_multiclass,135,54671203,46,6,bworf_no_mi,2,0,0.435,0.145,0.42
dili_multiclass,145,2162,46,6,bworf_no_mi,1,2,0.23,0.3,0.47
dili_multiclass,148,2678,46,6,bworf_no_mi,1,0,0.5,0.025,0.475
dili_multiclass,156,3394,46,6,bworf_no_mi,1,1,0.09,0.56,0.35
dili_multiclass,181,5090,46,6,bworf_no_mi,1,2,0.125,0.405,0.47
dili_multiclass,188,21844,46,6,bworf_no_mi,1,2,0.2,0.315,0.485
dili_multiclass,193,54841,46,6,bworf_no_mi,1,0,0.625,0.17,0.205
dili_multiclass,198,65404,46,6,bworf_no_mi,1,2,0.08,0.34,0.58
dili_multiclass,222,5362129,46,6,bworf_no_mi,1,0,0.685,0.07,0.245
dili_multiclass,231,16129629,46,6,bworf_no_mi,1,1,0.13,0.585,0.285
dili_multiclass,237,4158,46,6,bworf_no_mi,1,0,0.595,0.3,0.105
dili_multiclass,267,3348,46,6,bworf_no_mi,0,2,0.195,0.295,0.51
dili_multiclass,272,3784,46,6,bworf_no_mi,0,2,0.235,0.37,0.395
dili_multiclass,273,3911,46,6,bworf_no_mi,0,0,0.86,0.02,0.12
dili_multiclass,282,4499,46,6,bworf_no_mi,0,0,0.38,0.34,0.28
dili_multiclass,286,4828,46,6,bworf_no_mi,0,0,0.845,0.025,0.13
dili_multiclass,292,5253,46,6,bworf_no_mi,0,1,0.325,0.48,0.195
dili_multiclass,294,5391,46,6,bworf_no_mi,0,0,0.585,0.19,0.225
dili_multiclass,303,6167,46,6,bworf_no_mi,0,2,0.28,0.34,0.38
dili_multiclass,315,16362,46,6,bworf_no_mi,0,0,0.455,0.17,0.375
dili_multiclass,317,20279,46,6,bworf_no_mi,0,1,0.38,0.48,0.14
dili_multiclass,337,62816,46,6,bworf_no_mi,0,0,0.795,0.08,0.125
dili_multiclass,338,63006,46,6,bworf_no_mi,0,1,0.215,0.455,0.33
dili_multiclass,339,71158,46,6,bworf_no_mi,0,2,0.2,0.155,0.645
dili_multiclass,357,441314,46,6,bworf_no_mi,0,0,0.68,0.115,0.205
dili_multiclass,366,3052762,46,6,bworf_no_mi,0,1,0.12,0.705,0.175
dili_multiclass,368,3086319,46,6,bworf_no_mi,0,2,0.165,0.155,0.68
dili_multiclass,389,23673837,46,6,bworf_no_mi,0,1,0.155,0.61,0.235
dili_multiclass,400,10077130,46,6,bworf_no_mi,0,0,0.62,0.025,0.355
dili_multiclass,413,1548994,46,6,bworf_no_mi,0,0,0.55,0.195,0.255
dili_multiclass,446,9837243,46,6,bworf_no_mi,0,1,0.365,0.545,0.09
dili_multiclass,447,9913767,46,6,bworf_no_mi,0,2,0.21,0.39,0.4
dili_multiclass,450,2578,46,6,bworf_no_mi,0,2,0.235,0.21,0.555
dili_multiclass,461,4409,46,6,bworf_no_mi,0,0,0.52,0.16,0.32
dili_multiclass,475,30751,46,6,bworf_no_mi,0,0,0.65,0.18,0.17
dili_multiclass,484,73303,46,6,bworf_no_mi,0,1,0.07,0.735,0.195
dili_multiclass,493,148121,46,6,bworf_no_mi,0,2,0.335,0.205,0.46
dili_multiclass,497,451668,46,6,bworf_no_mi,0,0,0.61,0.22,0.17
dili_multiclass,506,6445540,46,6,bworf_no_mi,0,2,0.135,0.355,0.51
dili_multiclass,521,25102847,46,6,bworf_no_mi,0,2,0.34,0.09,0.57
dili_multiclass,525,45375808,46,6,bworf_no_mi,0,2,0.235,0.125,0.64
dili_multiclass,547,1727,46,6,bworf_no_mi,0,0,0.715,0.065,0.22
dili_multiclass,554,49803313,46,6,bworf_no_mi,0,0,0.78,0.105,0.115
dili_multiclass,570,91669168,46,6,bworf_no_mi,0,0,0.765,0.105,0.13
dili_multiclass,13,3397,46,6,bworf_mi,2,1,0.2333333333333333,0.4733333333333334,0.29333333333333333
dili_multiclass,21,4495,46,6,bworf_mi,2,1,0.22166666666666668,0.4066666666666666,0.37166666666666665
dili_multiclass,46,9887054,46,6,bworf_mi,2,0,0.61,0.13,0.26
dili_multiclass,58,29051,46,6,bworf_mi,2,0,0.3983333333333334,0.29333333333333333,0.30833333333333335
dili_multiclass,67,2662,46,6,bworf_mi,2,1,0.4333333333333333,0.3733333333333333,0.19333333333333333
dili_multiclass,69,2756,46,6,bworf_mi,2,1,0.3116666666666667,0.41666666666666663,0.27166666666666667
dili_multiclass,75,3339,46,6,bworf_mi,2,2,0.3216666666666667,0.38166666666666665,0.29666666666666663
dili_multiclass,83,4485,46,6,bworf_mi,2,1,0.3516666666666666,0.33666666666666656,0.3116666666666666
dili_multiclass,85,4763,46,6,bworf_mi,2,1,0.21666666666666667,0.4016666666666666,0.38166666666666665
dili_multiclass,102,35370,46,6,bworf_mi,2,2,0.4216666666666667,0.22666666666666666,0.3516666666666666
dili_multiclass,109,56069,46,6,bworf_mi,2,0,0.40833333333333327,0.32833333333333337,0.26333333333333336
dili_multiclass,113,68617,46,6,bworf_mi,2,2,0.385,0.22499999999999992,0.39
dili_multiclass,128,5284537,46,6,bworf_mi,2,0,0.585,0.135,0.28
dili_multiclass,135,54671203,46,6,bworf_mi,2,2,0.375,0.18,0.445
dili_multiclass,145,2162,46,6,bworf_mi,1,2,0.3683333333333333,0.28833333333333333,0.34333333333333327
dili_multiclass,148,2678,46,6,bworf_mi,1,2,0.4183333333333333,0.14333333333333337,0.43833333333333335
dili_multiclass,156,3394,46,6,bworf_mi,1,1,0.10833333333333334,0.46333333333333343,0.42833333333333334
dili_multiclass,181,5090,46,6,bworf_mi,1,1,0.20500000000000004,0.44000000000000006,0.3549999999999999
dili_multiclass,188,21844,46,6,bworf_mi,1,0,0.4633333333333334,0.2733333333333333,0.2633333333333333
dili_multiclass,193,54841,46,6,bworf_mi,1,0,0.5033333333333334,0.18833333333333332,0.30833333333333335
dili_multiclass,198,65404,46,6,bworf_mi,1,2,0.32,0.265,0.415
dili_multiclass,222,5362129,46,6,bworf_mi,1,2,0.42999999999999994,0.25,0.31999999999999995
dili_multiclass,231,16129629,46,6,bworf_mi,1,0,0.43833333333333335,0.25333333333333335,0.30833333333333335
dili_multiclass,237,4158,46,6,bworf_mi,1,1,0.35,0.45,0.2
dili_multiclass,267,3348,46,6,bworf_mi,0,2,0.36,0.275,0.365
dili_multiclass,272,3784,46,6,bworf_mi,0,1,0.38833333333333336,0.34333333333333327,0.2683333333333333
dili_multiclass,273,3911,46,6,bworf_mi,0,0,0.71,0.15,0.14
dili_multiclass,282,4499,46,6,bworf_mi,0,1,0.41333333333333344,0.35333333333333333,0.23333333333333328
dili_multiclass,286,4828,46,6,bworf_mi,0,0,0.505,0.385,0.11
dili_multiclass,292,5253,46,6,bworf_mi,0,1,0.17,0.52,0.31
dili_multiclass,294,5391,46,6,bworf_mi,0,2,0.41666666666666663,0.18666666666666668,0.39666666666666667
dili_multiclass,303,6167,46,6,bworf_mi,0,2,0.29333333333333333,0.35333333333333333,0.35333333333333333
dili_multiclass,315,16362,46,6,bworf_mi,0,1,0.38166666666666665,0.4766666666666668,0.1416666666666667
dili_multiclass,317,20279,46,6,bworf_mi,0,2,0.42,0.13,0.45
dili_multiclass,337,62816,46,6,bworf_mi,0,0,0.63,0.125,0.245
dili_multiclass,338,63006,46,6,bworf_mi,0,0,0.675,0.105,0.22
dili_multiclass,339,71158,46,6,bworf_mi,0,1,0.3066666666666666,0.38666666666666666,0.30666666666666664
dili_multiclass,357,441314,46,6,bworf_mi,0,0,0.4183333333333333,0.24833333333333335,0.33333333333333326
dili_multiclass,366,3052762,46,6,bworf_mi,0,0,0.5166666666666667,0.1666666666666667,0.31666666666666665
dili_multiclass,368,3086319,46,6,bworf_mi,0,2,0.335,0.31,0.3549999999999999
dili_multiclass,389,23673837,46,6,bworf_mi,0,0,0.4216666666666667,0.3666666666666667,0.21166666666666667
dili_multiclass,400,10077130,46,6,bworf_mi,0,0,0.44333333333333336,0.2833333333333333,0.2733333333333333
dili_multiclass,413,1548994,46,6,bworf_mi,0,0,0.4616666666666667,0.25166666666666665,0.2866666666666666
dili_multiclass,446,9837243,46,6,bworf_mi,0,1,0.38,0.365,0.25499999999999995
dili_multiclass,447,9913767,46,6,bworf_mi,0,1,0.405,0.435,0.16
dili_multiclass,450,2578,46,6,bworf_mi,0,2,0.3766666666666667,0.15666666666666668,0.46666666666666673
dili_multiclass,461,4409,46,6,bworf_mi,0,0,0.555,0.21,0.23499999999999996
dili_multiclass,475,30751,46,6,bworf_mi,0,2,0.365,0.225,0.41
dili_multiclass,484,73303,46,6,bworf_mi,0,2,0.3383333333333334,0.24333333333333332,0.41833333333333333
dili_multiclass,493,148121,46,6,bworf_mi,0,2,0.38833333333333336,0.18333333333333335,0.4283333333333333
dili_multiclass,497,451668,46,6,bworf_mi,0,1,0.40666666666666673,0.35666666666666663,0.23666666666666664
dili_multiclass,506,6445540,46,6,bworf_mi,0,2,0.325,0.345,0.33
dili_multiclass,521,25102847,46,6,bworf_mi,0,0,0.45833333333333337,0.2383333333333333,0.3033333333333333
dili_multiclass,525,45375808,46,6,bworf_mi,0,1,0.41,0.37,0.22
dili_multiclass,547,1727,46,6,bworf_mi,0,0,0.5150000000000001,0.2,0.285
dili_multiclass,554,49803313,46,6,bworf_mi,0,0,0.635,0.085,0.28
dili_multiclass,570,91669168,46,6,bworf_mi,0,0,0.615,0.17,0.215
dili_multiclass,2,2157,46,7,orf_style,2,0,0.32,0.41,0.27
dili_multiclass,6,2554,46,7,orf_style,2,0,0.515,0.2,0.285
dili_multiclass,9,2955,46,7,orf_style,2,1,0.05,0.75,0.2
dili_multiclass,10,3033,46,7,orf_style,2,0,0.34,0.245,0.415
dili_multiclass,15,3637,46,7,orf_style,2,2,0.21,0.42,0.37
dili_multiclass,38,441401,46,7,orf_style,2,0,0.66,0.019999999999999997,0.32
dili_multiclass,43,5353830,46,7,orf_style,2,0,0.425,0.07,0.505
dili_multiclass,44,5388906,46,7,orf_style,0,0,0.605,0.09,0.305
dili_multiclass,59,518740,46,7,orf_style,2,0,0.37,0.235,0.395
dili_multiclass,84,4594,46,7,orf_style,2,0,0.33,0.315,0.355
dili_multiclass,91,5402,46,7,orf_style,2,0,0.7,0.01,0.29
dili_multiclass,93,5452,46,7,orf_style,2,0,0.41,0.2,0.39
dili_multiclass,108,55283,46,7,orf_style,2,0,0.425,0.155,0.42
dili_multiclass,122,441184,46,7,orf_style,2,0,0.775,0.015,0.21
dili_multiclass,138,135398738,46,7,orf_style,2,0,0.635,0.06,0.305
dili_multiclass,146,2187,46,7,orf_style,1,0,0.69,0.05,0.26
dili_multiclass,150,2913,46,7,orf_style,1,0,0.775,0.035,0.19
dili_multiclass,151,3308,46,7,orf_style,1,0,0.555,0.105,0.34
dili_multiclass,152,3325,46,7,orf_style,1,1,0.31,0.5,0.19
dili_multiclass,166,3883,46,7,orf_style,1,0,0.35,0.16,0.49
dili_multiclass,179,5070,46,7,orf_style,1,2,0.205,0.455,0.34
dili_multiclass,182,5487,46,7,orf_style,1,0,0.315,0.175,0.51
dili_multiclass,199,65628,46,7,orf_style,1,0,0.315,0.235,0.45
dili_multiclass,219,5284627,46,7,orf_style,1,0,0.48,0.305,0.215
dili_multiclass,225,6435893,46,7,orf_style,1,0,0.385,0.34,0.275
dili_multiclass,248,2391,46,7,orf_style,0,0,0.305,0.215,0.48
dili_multiclass,254,2754,46,7,orf_style,0,1,0.295,0.555,0.15
dili_multiclass,264,3324,46,7,orf_style,0,0,0.725,0.03,0.245
dili_multiclass,270,3599,46,7,orf_style,0,0,0.535,0.27,0.195
dili_multiclass,295,5401,46,7,orf_style,0,0,0.565,0.23,0.205
dili_multiclass,309,8969,46,7,orf_style,0,0,0.73,0.06,0.21
dili_multiclass,310,9354,46,7,orf_style,0,2,0.125,0.31,0.565
dili_multiclass,312,12035,46,7,orf_style,0,2,0.18,0.355,0.465
dili_multiclass,352,160051,46,7,orf_style,0,0,0.7,0.115,0.185
dili_multiclass,359,445154,46,7,orf_style,0,0,0.55,0.1,0.35
dili_multiclass,370,5284514,46,7,orf_style,0,0,0.44,0.4,0.16
dili_multiclass,383,11963622,46,7,orf_style,0,0,0.44,0.12,0.44
dili_multiclass,403,11250647,46,7,orf_style,0,0,0.445,0.185,0.37
dili_multiclass,406,11753673,46,7,orf_style,0,0,0.63,0.1,0.27
dili_multiclass,414,15951529,46,7,orf_style,0,0,0.475,0.275,0.25
dili_multiclass,423,36511,46,7,orf_style,0,0,0.68,0.115,0.205
dili_multiclass,435,56842239,46,7,orf_style,0,0,0.48,0.19,0.33
dili_multiclass,445,936,46,7,orf_style,0,0,0.53,0.04,0.43
dili_multiclass,452,2972,46,7,orf_style,0,0,0.58,0.17,0.25
dili_multiclass,453,3108,46,7,orf_style,0,0,0.735,0.05,0.215
dili_multiclass,460,4211,46,7,orf_style,0,0,0.365,0.205,0.43
dili_multiclass,466,5479,46,7,orf_style,0,2,0.215,0.335,0.45
dili_multiclass,471,6476,46,7,orf_style,0,0,0.35,0.425,0.225
dili_multiclass,485,91270,46,7,orf_style,0,0,0.575,0.225,0.2
dili_multiclass,489,107970,46,7,orf_style,0,0,0.745,0.1,0.155
dili_multiclass,516,11450633,46,7,orf_style,0,0,0.55,0.27,0.18
dili_multiclass,517,11707110,46,7,orf_style,0,0,0.335,0.13,0.535
dili_multiclass,522,25154714,46,7,orf_style,0,0,0.76,0.03,0.21
dili_multiclass,542,11511120,46,7,orf_style,0,0,0.505,0.12,0.375
dili_multiclass,550,24958200,46,7,orf_style,0,1,0.145,0.685,0.17
dili_multiclass,556,50922675,46,7,orf_style,0,0,0.67,0.08,0.25
dili_multiclass,571,9829523,46,7,orf_style,0,0,0.505,0.2,0.295
dili_multiclass,2,2157,46,7,bworf_no_mi,2,1,0.155,0.47,0.375
dili_multiclass,6,2554,46,7,bworf_no_mi,2,0,0.485,0.24,0.275
dili_multiclass,9,2955,46,7,bworf_no_mi,2,1,0.04,0.81,0.15
dili_multiclass,10,3033,46,7,bworf_no_mi,2,2,0.26,0.28,0.46
dili_multiclass,15,3637,46,7,bworf_no_mi,2,2,0.105,0.41,0.485
dili_multiclass,38,441401,46,7,bworf_no_mi,2,0,0.645,0.04,0.315
dili_multiclass,43,5353830,46,7,bworf_no_mi,2,2,0.37,0.08,0.55
dili_multiclass,44,5388906,46,7,bworf_no_mi,0,0,0.54,0.09,0.37
dili_multiclass,59,518740,46,7,bworf_no_mi,2,0,0.37,0.235,0.395
dili_multiclass,84,4594,46,7,bworf_no_mi,2,2,0.13,0.42,0.45
dili_multiclass,91,5402,46,7,bworf_no_mi,2,0,0.545,0.035,0.42
dili_multiclass,93,5452,46,7,bworf_no_mi,2,0,0.395,0.16,0.445
dili_multiclass,108,55283,46,7,bworf_no_mi,2,0,0.415,0.145,0.44
dili_multiclass,122,441184,46,7,bworf_no_mi,2,0,0.71,0.085,0.205
dili_multiclass,138,135398738,46,7,bworf_no_mi,2,0,0.44,0.155,0.405
dili_multiclass,146,2187,46,7,bworf_no_mi,1,0,0.57,0.09,0.34
dili_multiclass,150,2913,46,7,bworf_no_mi,1,0,0.76,0.04,0.2
dili_multiclass,151,3308,46,7,bworf_no_mi,1,0,0.465,0.2,0.335
dili_multiclass,152,3325,46,7,bworf_no_mi,1,1,0.2,0.55,0.25
dili_multiclass,166,3883,46,7,bworf_no_mi,1,2,0.205,0.195,0.6
dili_multiclass,179,5070,46,7,bworf_no_mi,1,1,0.14,0.485,0.375
dili_multiclass,182,5487,46,7,bworf_no_mi,1,2,0.285,0.15,0.565
dili_multiclass,199,65628,46,7,bworf_no_mi,1,2,0.165,0.275,0.56
dili_multiclass,219,5284627,46,7,bworf_no_mi,1,1,0.31,0.46,0.23
dili_multiclass,225,6435893,46,7,bworf_no_mi,1,0,0.415,0.225,0.36
dili_multiclass,248,2391,46,7,bworf_no_mi,0,2,0.205,0.22,0.575
dili_multiclass,254,2754,46,7,bworf_no_mi,0,1,0.145,0.71,0.145
dili_multiclass,264,3324,46,7,bworf_no_mi,0,0,0.56,0.145,0.295
dili_multiclass,270,3599,46,7,bworf_no_mi,0,0,0.44,0.395,0.165
dili_multiclass,295,5401,46,7,bworf_no_mi,0,1,0.35,0.465,0.185
dili_multiclass,309,8969,46,7,bworf_no_mi,0,0,0.67,0.155,0.175
dili_multiclass,310,9354,46,7,bworf_no_mi,0,2,0.12,0.255,0.625
dili_multiclass,312,12035,46,7,bworf_no_mi,0,2,0.135,0.265,0.6
dili_multiclass,352,160051,46,7,bworf_no_mi,0,0,0.635,0.245,0.12
dili_multiclass,359,445154,46,7,bworf_no_mi,0,0,0.47,0.15,0.38
dili_multiclass,370,5284514,46,7,bworf_no_mi,0,1,0.255,0.6,0.145
dili_multiclass,383,11963622,46,7,bworf_no_mi,0,0,0.53,0.06,0.41
dili_multiclass,403,11250647,46,7,bworf_no_mi,0,2,0.365,0.175,0.46
dili_multiclass,406,11753673,46,7,bworf_no_mi,0,0,0.665,0.095,0.24
dili_multiclass,414,15951529,46,7,bworf_no_mi,0,1,0.275,0.44,0.285
dili_multiclass,423,36511,46,7,bworf_no_mi,0,0,0.72,0.11,0.17
dili_multiclass,435,56842239,46,7,bworf_no_mi,0,0,0.485,0.17,0.345
dili_multiclass,445,936,46,7,bworf_no_mi,0,2,0.395,0.065,0.54
dili_multiclass,452,2972,46,7,bworf_no_mi,0,0,0.425,0.235,0.34
dili_multiclass,453,3108,46,7,bworf_no_mi,0,0,0.73,0.06,0.21
dili_multiclass,460,4211,46,7,bworf_no_mi,0,2,0.315,0.245,0.44
dili_multiclass,466,5479,46,7,bworf_no_mi,0,2,0.155,0.355,0.49
dili_multiclass,471,6476,46,7,bworf_no_mi,0,1,0.225,0.525,0.25
dili_multiclass,485,91270,46,7,bworf_no_mi,0,0,0.44,0.375,0.185
dili_multiclass,489,107970,46,7,bworf_no_mi,0,0,0.705,0.17,0.125
dili_multiclass,516,11450633,46,7,bworf_no_mi,0,1,0.39,0.48,0.13
dili_multiclass,517,11707110,46,7,bworf_no_mi,0,2,0.3,0.095,0.605
dili_multiclass,522,25154714,46,7,bworf_no_mi,0,0,0.775,0.045,0.18
dili_multiclass,542,11511120,46,7,bworf_no_mi,0,0,0.435,0.135,0.43
dili_multiclass,550,24958200,46,7,bworf_no_mi,0,1,0.03,0.805,0.165
dili_multiclass,556,50922675,46,7,bworf_no_mi,0,0,0.525,0.145,0.33
dili_multiclass,571,9829523,46,7,bworf_no_mi,0,0,0.475,0.29,0.235
dili_multiclass,2,2157,46,7,bworf_mi,2,1,0.36333333333333334,0.36833333333333335,0.2683333333333333
dili_multiclass,6,2554,46,7,bworf_mi,2,2,0.2683333333333333,0.35833333333333334,0.37333333333333335
dili_multiclass,9,2955,46,7,bworf_mi,2,2,0.3383333333333334,0.23333333333333336,0.4283333333333333
dili_multiclass,10,3033,46,7,bworf_mi,2,2,0.38333333333333336,0.1733333333333333,0.44333333333333336
dili_multiclass,15,3637,46,7,bworf_mi,2,2,0.35333333333333333,0.16833333333333333,0.47833333333333333
dili_multiclass,38,441401,46,7,bworf_mi,2,0,0.36833333333333335,0.33833333333333326,0.2933333333333333
dili_multiclass,43,5353830,46,7,bworf_mi,2,2,0.38,0.145,0.475
dili_multiclass,44,5388906,46,7,bworf_mi,0,1,0.18333333333333335,0.4233333333333333,0.3933333333333333
dili_multiclass,59,518740,46,7,bworf_mi,2,2,0.3983333333333334,0.2033333333333333,0.3983333333333334
dili_multiclass,84,4594,46,7,bworf_mi,2,1,0.15666666666666668,0.5216666666666666,0.32166666666666666
dili_multiclass,91,5402,46,7,bworf_mi,2,0,0.45333333333333337,0.2783333333333333,0.2683333333333333
dili_multiclass,93,5452,46,7,bworf_mi,2,0,0.45,0.185,0.365
dili_multiclass,108,55283,46,7,bworf_mi,2,0,0.635,0.065,0.3
dili_multiclass,122,441184,46,7,bworf_mi,2,0,0.575,0.1,0.325
dili_multiclass,138,135398738,46,7,bworf_mi,2,2,0.46,0.195,0.345
dili_multiclass,146,2187,46,7,bworf_mi,1,0,0.5283333333333333,0.19833333333333333,0.2733333333333333
dili_multiclass,150,2913,46,7,bworf_mi,1,0,0.4316666666666667,0.22666666666666666,0.3416666666666666
dili_multiclass,151,3308,46,7,bworf_mi,1,1,0.3883333333333333,0.31833333333333325,0.2933333333333333
dili_multiclass,152,3325,46,7,bworf_mi,1,2,0.34,0.24,0.42
dili_multiclass,166,3883,46,7,bworf_mi,1,2,0.2683333333333333,0.3183333333333333,0.41333333333333333
dili_multiclass,179,5070,46,7,bworf_mi,1,2,0.4,0.095,0.505
dili_multiclass,182,5487,46,7,bworf_mi,1,2,0.4233333333333333,0.10833333333333334,0.4683333333333334
dili_multiclass,199,65628,46,7,bworf_mi,1,0,0.45,0.185,0.365
dili_multiclass,219,5284627,46,7,bworf_mi,1,0,0.575,0.105,0.32
dili_multiclass,225,6435893,46,7,bworf_mi,1,2,0.295,0.385,0.32
dili_multiclass,248,2391,46,7,bworf_mi,0,0,0.4,0.215,0.385
dili_multiclass,254,2754,46,7,bworf_mi,0,0,0.44166666666666665,0.3716666666666667,0.18666666666666668
dili_multiclass,264,3324,46,7,bworf_mi,0,0,0.53,0.26499999999999996,0.205
dili_multiclass,270,3599,46,7,bworf_mi,0,0,0.615,0.155,0.23
dili_multiclass,295,5401,46,7,bworf_mi,0,0,0.5283333333333333,0.2983333333333333,0.17333333333333337
dili_multiclass,309,8969,46,7,bworf_mi,0,2,0.35666666666666663,0.2316666666666667,0.4116666666666666
dili_multiclass,310,9354,46,7,bworf_mi,0,2,0.35,0.145,0.505
dili_multiclass,312,12035,46,7,bworf_mi,0,2,0.355,0.185,0.46
dili_multiclass,352,160051,46,7,bworf_mi,0,0,0.605,0.14,0.255
dili_multiclass,359,445154,46,7,bworf_mi,0,1,0.21666666666666667,0.47666666666666674,0.30666666666666664
dili_multiclass,370,5284514,46,7,bworf_mi,0,1,0.3566666666666666,0.33666666666666667,0.3066666666666666
dili_multiclass,383,11963622,46,7,bworf_mi,0,2,0.415,0.18,0.405
dili_multiclass,403,11250647,46,7,bworf_mi,0,2,0.33833333333333326,0.33833333333333326,0.32333333333333336
dili_multiclass,406,11753673,46,7,bworf_mi,0,0,0.5683333333333332,0.11333333333333334,0.3183333333333333
dili_multiclass,414,15951529,46,7,bworf_mi,0,2,0.39833333333333326,0.17833333333333334,0.4233333333333333
dili_multiclass,423,36511,46,7,bworf_mi,0,0,0.465,0.355,0.18
dili_multiclass,435,56842239,46,7,bworf_mi,0,0,0.5066666666666666,0.2916666666666667,0.2016666666666667
dili_multiclass,445,936,46,7,bworf_mi,0,2,0.36333333333333334,0.16333333333333336,0.4733333333333334
dili_multiclass,452,2972,46,7,bworf_mi,0,2,0.35333333333333333,0.2333333333333333,0.41333333333333333
dili_multiclass,453,3108,46,7,bworf_mi,0,0,0.5783333333333333,0.2333333333333333,0.18833333333333332
dili_multiclass,460,4211,46,7,bworf_mi,0,2,0.42333333333333334,0.1333333333333334,0.44333333333333336
dili_multiclass,466,5479,46,7,bworf_mi,0,2,0.405,0.16999999999999996,0.425
dili_multiclass,471,6476,46,7,bworf_mi,0,1,0.28833333333333333,0.37833333333333335,0.33333333333333337
dili_multiclass,485,91270,46,7,bworf_mi,0,0,0.49166666666666664,0.31666666666666665,0.19166666666666665
dili_multiclass,489,107970,46,7,bworf_mi,0,0,0.585,0.155,0.26
dili_multiclass,516,11450633,46,7,bworf_mi,0,0,0.37,0.24000000000000005,0.39
dili_multiclass,517,11707110,46,7,bworf_mi,0,0,0.5,0.14,0.36
dili_multiclass,522,25154714,46,7,bworf_mi,0,0,0.65,0.09,0.26
dili_multiclass,542,11511120,46,7,bworf_mi,0,0,0.49333333333333335,0.17333333333333337,0.33333333333333337
dili_multiclass,550,24958200,46,7,bworf_mi,0,0,0.42333333333333334,0.3133333333333333,0.2633333333333333
dili_multiclass,556,50922675,46,7,bworf_mi,0,0,0.3916666666666667,0.39666666666666667,0.21166666666666664
dili_multiclass,571,9829523,46,7,bworf_mi,0,2,0.425,0.26,0.315
dili_multiclass,5,2478,46,8,orf_style,2,0,0.645,0.055,0.3
dili_multiclass,17,3767,46,8,orf_style,2,2,0.225,0.225,0.55
dili_multiclass,23,5352,46,8,orf_style,2,1,0.285,0.575,0.14
dili_multiclass,29,38853,46,8,orf_style,2,0,0.63,0.015000000000000003,0.355
dili_multiclass,42,2723601,46,8,orf_style,2,0,0.31,0.245,0.445
dili_multiclass,50,938,46,8,orf_style,2,0,0.64,0.035,0.325
dili_multiclass,54,5161,46,8,orf_style,2,0,0.375,0.155,0.47
dili_multiclass,61,298,46,8,orf_style,2,0,0.28,0.32,0.4
dili_multiclass,65,2333,46,8,orf_style,2,0,0.515,0.215,0.27
dili_multiclass,66,2520,46,8,orf_style,2,1,0.27,0.55,0.18
dili_multiclass,90,5394,46,8,orf_style,2,0,0.28,0.225,0.495
dili_multiclass,99,18381,46,8,orf_style,2,2,0.135,0.495,0.37
dili_multiclass,117,152946,46,8,orf_style,2,0,0.335,0.35,0.315
dili_multiclass,130,5362032,46,8,orf_style,2,0,0.53,0.14,0.33
dili_multiclass,155,3386,46,8,orf_style,1,1,0.11,0.72,0.17
dili_multiclass,175,4614,46,8,orf_style,1,1,0.245,0.565,0.19
dili_multiclass,178,4913,46,8,orf_style,1,0,0.35,0.23,0.42
dili_multiclass,187,14956,46,8,orf_style,1,0,0.445,0.07,0.485
dili_multiclass,194,60198,46,8,orf_style,1,0,0.535,0.1,0.365
dili_multiclass,205,150311,46,8,orf_style,1,0,0.51,0.08,0.41
dili_multiclass,214,464205,46,8,orf_style,1,0,0.39,0.285,0.325
dili_multiclass,218,5282379,46,8,orf_style,1,0,0.4,0.335,0.265
dili_multiclass,226,6436030,46,8,orf_style,1,0,0.59,0.175,0.235
dili_multiclass,236,135398744,46,8,orf_style,1,0,0.41,0.39,0.2
dili_multiclass,240,247,46,8,orf_style,0,0,0.645,0.07,0.285
dili_multiclass,271,3658,46,8,orf_style,0,0,0.645,0.11,0.245
dili_multiclass,277,4107,46,8,orf_style,0,0,0.325,0.155,0.52
dili_multiclass,291,5071,46,8,orf_style,0,0,0.69,0.0,0.31
dili_multiclass,297,5732,46,8,orf_style,0,0,0.62,0.055,0.325
dili_multiclass,307,7029,46,8,orf_style,0,1,0.25,0.48,0.27
dili_multiclass,316,16960,46,8,orf_style,0,0,0.52,0.27,0.21
dili_multiclass,332,60613,46,8,orf_style,0,0,0.605,0.065,0.33
dili_multiclass,335,60825,46,8,orf_style,0,0,0.53,0.22,0.25
dili_multiclass,343,71433,46,8,orf_style,0,0,0.725,0.02,0.255
dili_multiclass,346,115237,46,8,orf_style,0,0,0.33,0.45,0.22
dili_multiclass,350,152945,46,8,orf_style,0,0,0.74,0.0,0.26
dili_multiclass,361,636380,46,8,orf_style,0,1,0.19,0.535,0.275
dili_multiclass,374,5742832,46,8,orf_style,0,0,0.38,0.465,0.155
dili_multiclass,375,6436173,46,8,orf_style,0,0,0.395,0.345,0.26
dili_multiclass,407,11978813,46,8,orf_style,0,0,0.475,0.105,0.42
dili_multiclass,417,176077,46,8,orf_style,0,0,0.67,0.075,0.255
dili_multiclass,436,56843331,46,8,orf_style,0,0,0.545,0.2,0.255
dili_multiclass,443,90472060,46,8,orf_style,0,0,0.605,0.19,0.205
dili_multiclass,448,401,46,8,orf_style,0,0,0.48,0.24,0.28
dili_multiclass,455,3291,46,8,orf_style,0,1,0.295,0.545,0.16
dili_multiclass,463,4909,46,8,orf_style,0,2,0.23,0.27,0.5
dili_multiclass,483,71349,46,8,orf_style,0,0,0.315,0.445,0.24
dili_multiclass,487,104741,46,8,orf_style,0,0,0.485,0.33,0.185
dili_multiclass,501,5312125,46,8,orf_style,0,1,0.285,0.605,0.11
dili_multiclass,502,5360515,46,8,orf_style,0,0,0.715,0.01,0.275
dili_multiclass,512,9926791,46,8,orf_style,0,0,0.32,0.43,0.25
dili_multiclass,515,11354606,46,8,orf_style,0,0,0.22,0.435,0.345
dili_multiclass,523,42611257,46,8,orf_style,0,0,0.255,0.35,0.395
dili_multiclass,526,49800073,46,8,orf_style,0,0,0.535,0.235,0.23
dili_multiclass,537,46220502,46,8,orf_style,0,0,0.74,0.0,0.26
dili_multiclass,557,54681908,46,8,orf_style,0,0,0.505,0.115,0.38
dili_multiclass,565,6918606,46,8,orf_style,0,0,0.67,0.005,0.325
dili_multiclass,5,2478,46,8,bworf_no_mi,2,0,0.52,0.135,0.345
dili_multiclass,17,3767,46,8,bworf_no_mi,2,2,0.165,0.255,0.58
dili_multiclass,23,5352,46,8,bworf_no_mi,2,1,0.15,0.65,0.2
dili_multiclass,29,38853,46,8,bworf_no_mi,2,0,0.565,0.07,0.365
dili_multiclass,42,2723601,46,8,bworf_no_mi,2,2,0.22,0.335,0.445
dili_multiclass,50,938,46,8,bworf_no_mi,2,0,0.62,0.1,0.28
dili_multiclass,54,5161,46,8,bworf_no_mi,2,2,0.25,0.235,0.515
dili_multiclass,61,298,46,8,bworf_no_mi,2,2,0.235,0.33,0.435
dili_multiclass,65,2333,46,8,bworf_no_mi,2,0,0.47,0.275,0.255
dili_multiclass,66,2520,46,8,bworf_no_mi,2,1,0.135,0.635,0.23
dili_multiclass,90,5394,46,8,bworf_no_mi,2,2,0.245,0.23,0.525
dili_multiclass,99,18381,46,8,bworf_no_mi,2,1,0.095,0.55,0.355
dili_multiclass,117,152946,46,8,bworf_no_mi,2,1,0.145,0.555,0.3
dili_multiclass,130,5362032,46,8,bworf_no_mi,2,2,0.375,0.2,0.425
dili_multiclass,155,3386,46,8,bworf_no_mi,1,1,0.05,0.745,0.205
dili_multiclass,175,4614,46,8,bworf_no_mi,1,1,0.16,0.615,0.225
dili_multiclass,178,4913,46,8,bworf_no_mi,1,2,0.255,0.37,0.375
dili_multiclass,187,14956,46,8,bworf_no_mi,1,0,0.475,0.085,0.44
dili_multiclass,194,60198,46,8,bworf_no_mi,1,0,0.45,0.155,0.395
dili_multiclass,205,150311,46,8,bworf_no_mi,1,0,0.495,0.09,0.415
dili_multiclass,214,464205,46,8,bworf_no_mi,1,1,0.255,0.49,0.255
dili_multiclass,218,5282379,46,8,bworf_no_mi,1,1,0.235,0.47,0.295
dili_multiclass,226,6436030,46,8,bworf_no_mi,1,1,0.38,0.425,0.195
dili_multiclass,236,135398744,46,8,bworf_no_mi,1,1,0.23,0.615,0.155
dili_multiclass,240,247,46,8,bworf_no_mi,0,0,0.485,0.195,0.32
dili_multiclass,271,3658,46,8,bworf_no_mi,0,0,0.57,0.19,0.24
dili_multiclass,277,4107,46,8,bworf_no_mi,0,2,0.15,0.305,0.545
dili_multiclass,291,5071,46,8,bworf_no_mi,0,0,0.675,0.05,0.275
dili_multiclass,297,5732,46,8,bworf_no_mi,0,0,0.63,0.125,0.245
dili_multiclass,307,7029,46,8,bworf_no_mi,0,1,0.14,0.48,0.38
dili_multiclass,316,16960,46,8,bworf_no_mi,0,0,0.6,0.21,0.19
dili_multiclass,332,60613,46,8,bworf_no_mi,0,0,0.53,0.18,0.29
dili_multiclass,335,60825,46,8,bworf_no_mi,0,0,0.495,0.26,0.245
dili_multiclass,343,71433,46,8,bworf_no_mi,0,0,0.765,0.025,0.21
dili_multiclass,346,115237,46,8,bworf_no_mi,0,1,0.165,0.63,0.205
dili_multiclass,350,152945,46,8,bworf_no_mi,0,0,0.725,0.02,0.255
dili_multiclass,361,636380,46,8,bworf_no_mi,0,1,0.215,0.495,0.29
dili_multiclass,374,5742832,46,8,bworf_no_mi,0,1,0.29,0.56,0.15
dili_multiclass,375,6436173,46,8,bworf_no_mi,0,1,0.285,0.525,0.19
dili_multiclass,407,11978813,46,8,bworf_no_mi,0,2,0.365,0.155,0.48
dili_multiclass,417,176077,46,8,bworf_no_mi,0,0,0.67,0.155,0.175
dili_multiclass,436,56843331,46,8,bworf_no_mi,0,0,0.565,0.22,0.215
dili_multiclass,443,90472060,46,8,bworf_no_mi,0,0,0.665,0.2,0.135
dili_multiclass,448,401,46,8,bworf_no_mi,0,0,0.36,0.39,0.25
dili_multiclass,455,3291,46,8,bworf_no_mi,0,1,0.14,0.68,0.18
dili_multiclass,463,4909,46,8,bworf_no_mi,0,2,0.13,0.325,0.545
dili_multiclass,483,71349,46,8,bworf_no_mi,0,1,0.2,0.525,0.275
dili_multiclass,487,104741,46,8,bworf_no_mi,0,0,0.475,0.4,0.125
dili_multiclass,501,5312125,46,8,bworf_no_mi,0,1,0.24,0.63,0.13
dili_multiclass,502,5360515,46,8,bworf_no_mi,0,0,0.765,0.015,0.22
dili_multiclass,512,9926791,46,8,bworf_no_mi,0,1,0.18,0.535,0.285
dili_multiclass,515,11354606,46,8,bworf_no_mi,0,2,0.265,0.34,0.395
dili_multiclass,523,42611257,46,8,bworf_no_mi,0,2,0.17,0.335,0.495
dili_multiclass,526,49800073,46,8,bworf_no_mi,0,0,0.425,0.355,0.22
dili_multiclass,537,46220502,46,8,bworf_no_mi,0,0,0.795,0.01,0.195
dili_multiclass,557,54681908,46,8,bworf_no_mi,0,0,0.385,0.205,0.41
dili_multiclass,565,6918606,46,8,bworf_no_mi,0,0,0.655,0.075,0.27
dili_multiclass,5,2478,46,8,bworf_mi,2,1,0.38166666666666665,0.33666666666666667,0.2816666666666666
dili_multiclass,17,3767,46,8,bworf_mi,2,2,0.5,0.025,0.475
dili_multiclass,23,5352,46,8,bworf_mi,2,1,0.315,0.36,0.325
dili_multiclass,29,38853,46,8,bworf_mi,2,2,0.33,0.325,0.345
dili_multiclass,42,2723601,46,8,bworf_mi,2,2,0.355,0.255,0.39
dili_multiclass,50,938,46,8,bworf_mi,2,2,0.44,0.1,0.46
dili_multiclass,54,5161,46,8,bworf_mi,2,0,0.33333333333333326,0.30833333333333335,0.3583333333333333
dili_multiclass,61,298,46,8,bworf_mi,2,2,0.44,0.11,0.45
dili_multiclass,65,2333,46,8,bworf_mi,2,2,0.38,0.21,0.41
dili_multiclass,66,2520,46,8,bworf_mi,2,0,0.57,0.275,0.155
dili_multiclass,90,5394,46,8,bworf_mi,2,2,0.31,0.255,0.435
dili_multiclass,99,18381,46,8,bworf_mi,2,2,0.26,0.345,0.395
dili_multiclass,117,152946,46,8,bworf_mi,2,1,0.325,0.385,0.29
dili_multiclass,130,5362032,46,8,bworf_mi,2,1,0.29,0.435,0.275
dili_multiclass,155,3386,46,8,bworf_mi,1,0,0.455,0.285,0.26
dili_multiclass,175,4614,46,8,bworf_mi,1,0,0.47,0.24,0.29
dili_multiclass,178,4913,46,8,bworf_mi,1,2,0.435,0.14,0.425
dili_multiclass,187,14956,46,8,bworf_mi,1,2,0.435,0.24,0.325
dili_multiclass,194,60198,46,8,bworf_mi,1,1,0.335,0.46,0.205
dili_multiclass,205,150311,46,8,bworf_mi,1,0,0.445,0.23,0.325
dili_multiclass,214,464205,46,8,bworf_mi,1,2,0.455,0.14,0.405
dili_multiclass,218,5282379,46,8,bworf_mi,1,1,0.29,0.38,0.33
dili_multiclass,226,6436030,46,8,bworf_mi,1,1,0.365,0.51,0.125
dili_multiclass,236,135398744,46,8,bworf_mi,1,0,0.465,0.375,0.16
dili_multiclass,240,247,46,8,bworf_mi,0,2,0.4,0.155,0.445
dili_multiclass,271,3658,46,8,bworf_mi,0,1,0.345,0.42,0.235
dili_multiclass,277,4107,46,8,bworf_mi,0,0,0.465,0.175,0.36
dili_multiclass,291,5071,46,8,bworf_mi,0,2,0.46,0.145,0.395
dili_multiclass,297,5732,46,8,bworf_mi,0,2,0.415,0.19,0.395
dili_multiclass,307,7029,46,8,bworf_mi,0,1,0.275,0.395,0.33
dili_multiclass,316,16960,46,8,bworf_mi,0,0,0.485,0.125,0.39
dili_multiclass,332,60613,46,8,bworf_mi,0,2,0.42333333333333334,0.18333333333333335,0.3933333333333333
dili_multiclass,335,60825,46,8,bworf_mi,0,2,0.31,0.265,0.425
dili_multiclass,343,71433,46,8,bworf_mi,0,2,0.49,0.105,0.405
dili_multiclass,346,115237,46,8,bworf_mi,0,0,0.52,0.235,0.245
dili_multiclass,350,152945,46,8,bworf_mi,0,0,0.455,0.17,0.375
dili_multiclass,361,636380,46,8,bworf_mi,0,2,0.3983333333333334,0.2833333333333333,0.3183333333333333
dili_multiclass,374,5742832,46,8,bworf_mi,0,2,0.37166666666666665,0.19166666666666668,0.43666666666666665
dili_multiclass,375,6436173,46,8,bworf_mi,0,0,0.5983333333333334,0.21333333333333332,0.18833333333333332
dili_multiclass,407,11978813,46,8,bworf_mi,0,1,0.37,0.36,0.27
dili_multiclass,417,176077,46,8,bworf_mi,0,0,0.425,0.21,0.365
dili_multiclass,436,56843331,46,8,bworf_mi,0,0,0.51,0.205,0.285
dili_multiclass,443,90472060,46,8,bworf_mi,0,0,0.63,0.04,0.33
dili_multiclass,448,401,46,8,bworf_mi,0,2,0.395,0.285,0.32
dili_multiclass,455,3291,46,8,bworf_mi,0,1,0.385,0.37,0.245
dili_multiclass,463,4909,46,8,bworf_mi,0,2,0.245,0.405,0.35
dili_multiclass,483,71349,46,8,bworf_mi,0,1,0.13,0.74,0.13
dili_multiclass,487,104741,46,8,bworf_mi,0,1,0.305,0.58,0.115
dili_multiclass,501,5312125,46,8,bworf_mi,0,0,0.68,0.235,0.085
dili_multiclass,502,5360515,46,8,bworf_mi,0,0,0.55,0.09,0.36
dili_multiclass,512,9926791,46,8,bworf_mi,0,1,0.32,0.41,0.27
dili_multiclass,515,11354606,46,8,bworf_mi,0,0,0.535,0.175,0.29
dili_multiclass,523,42611257,46,8,bworf_mi,0,0,0.435,0.32,0.245
dili_multiclass,526,49800073,46,8,bworf_mi,0,2,0.295,0.31,0.395
dili_multiclass,537,46220502,46,8,bworf_mi,0,0,0.59,0.185,0.225
dili_multiclass,557,54681908,46,8,bworf_mi,0,2,0.395,0.13,0.475
dili_multiclass,565,6918606,46,8,bworf_mi,0,1,0.405,0.44,0.155
dili_multiclass,3,2165,46,9,orf_style,2,0,0.62,0.14,0.24
dili_multiclass,12,3385,46,9,orf_style,2,1,0.2,0.545,0.255
dili_multiclass,18,3878,46,9,orf_style,2,0,0.735,0.14,0.125
dili_multiclass,27,12560,46,9,orf_style,2,2,0.165,0.195,0.64
dili_multiclass,49,135401907,46,9,orf_style,2,2,0.255,0.23,0.515
dili_multiclass,64,2160,46,9,orf_style,2,1,0.27,0.535,0.195
dili_multiclass,96,5656,46,9,orf_style,2,0,0.77,0.05,0.18
dili_multiclass,98,8549,46,9,orf_style,2,0,0.375,0.155,0.47
dili_multiclass,114,71616,46,9,orf_style,2,0,0.405,0.24,0.355
dili_multiclass,116,123631,46,9,orf_style,2,0,0.78,0.015,0.205
dili_multiclass,118,176870,46,9,orf_style,2,0,0.67,0.155,0.175
dili_multiclass,120,216239,46,9,orf_style,2,0,0.68,0.01,0.31
dili_multiclass,124,2733526,46,9,orf_style,2,0,0.685,0.15,0.165
dili_multiclass,139,4053,46,9,orf_style,2,0,0.49,0.365,0.145
dili_multiclass,164,3825,46,9,orf_style,1,2,0.095,0.56,0.345
dili_multiclass,190,36462,46,9,orf_style,1,0,0.78,0.004999999999999999,0.215
dili_multiclass,196,60854,46,9,orf_style,1,0,0.605,0.09,0.305
dili_multiclass,209,392622,46,9,orf_style,1,0,0.475,0.145,0.38
dili_multiclass,211,441140,46,9,orf_style,1,2,0.27,0.245,0.485
dili_multiclass,212,441203,46,9,orf_style,1,0,0.57,0.24,0.19
dili_multiclass,220,5310966,46,9,orf_style,1,0,0.57,0.13,0.3
dili_multiclass,230,11626560,46,9,orf_style,1,0,0.62,0.029999999999999995,0.35
dili_multiclass,232,24776445,46,9,orf_style,1,0,0.615,0.095,0.29
dili_multiclass,243,2130,46,9,orf_style,0,2,0.315,0.135,0.55
dili_multiclass,244,2153,46,9,orf_style,0,2,0.165,0.315,0.52
dili_multiclass,246,2369,46,9,orf_style,0,0,0.725,0.075,0.2
dili_multiclass,252,2576,46,9,orf_style,0,0,0.73,0.085,0.185
dili_multiclass,257,2803,46,9,orf_style,0,0,0.51,0.1,0.39
dili_multiclass,268,3467,46,9,orf_style,0,0,0.62,0.095,0.285
dili_multiclass,269,3519,46,9,orf_style,0,0,0.715,0.06,0.225
dili_multiclass,287,4908,46,9,orf_style,0,0,0.325,0.36,0.315
dili_multiclass,298,5770,46,9,orf_style,0,0,0.47,0.08,0.45
dili_multiclass,331,59868,46,9,orf_style,0,2,0.195,0.37,0.435
dili_multiclass,334,60795,46,9,orf_style,0,0,0.69,0.04499999999999999,0.265
dili_multiclass,372,5284596,46,9,orf_style,0,0,0.715,0.06,0.225
dili_multiclass,373,5311454,46,9,orf_style,0,0,0.595,0.24,0.165
dili_multiclass,386,16132446,46,9,orf_style,0,0,0.775,0.05,0.175
dili_multiclass,387,16133850,46,9,orf_style,0,0,0.73,0.0,0.27
dili_multiclass,396,2782115,46,9,orf_style,0,0,0.595,0.11,0.295
dili_multiclass,404,11304743,46,9,orf_style,0,0,0.76,0.08,0.16
dili_multiclass,411,131682,46,9,orf_style,0,0,0.5,0.31,0.19
dili_multiclass,422,25025298,46,9,orf_style,0,0,0.805,0.03,0.165
dili_multiclass,427,4775,46,9,orf_style,0,2,0.29,0.225,0.485
dili_multiclass,429,5280483,46,9,orf_style,0,0,0.655,0.145,0.2
dili_multiclass,434,5484725,46,9,orf_style,0,0,0.41,0.45,0.14
dili_multiclass,486,99428,46,9,orf_style,0,0,0.345,0.145,0.51
dili_multiclass,492,147912,46,9,orf_style,0,0,0.72,0.07,0.21
dili_multiclass,495,150610,46,9,orf_style,0,0,0.41,0.155,0.435
dili_multiclass,496,208902,46,9,orf_style,0,0,0.58,0.19,0.23
dili_multiclass,500,3081361,46,9,orf_style,0,0,0.66,0.075,0.265
dili_multiclass,504,5486971,46,9,orf_style,1,0,0.335,0.3,0.365
dili_multiclass,532,135400189,46,9,orf_style,0,1,0.225,0.65,0.125
dili_multiclass,548,237,46,9,orf_style,0,1,0.285,0.475,0.24
dili_multiclass,552,46188928,46,9,orf_style,0,0,0.765,0.055,0.18
dili_multiclass,553,487101,46,9,orf_style,0,0,0.555,0.18,0.265
dili_multiclass,563,68165256,46,9,orf_style,0,0,0.73,0.03,0.24
dili_multiclass,573,9931954,46,9,orf_style,0,0,0.51,0.355,0.135
dili_multiclass,3,2165,46,9,bworf_no_mi,2,0,0.495,0.21,0.295
dili_multiclass,12,3385,46,9,bworf_no_mi,2,1,0.095,0.67,0.235
dili_multiclass,18,3878,46,9,bworf_no_mi,2,0,0.68,0.205,0.115
dili_multiclass,27,12560,46,9,bworf_no_mi,2,2,0.16,0.175,0.665
dili_multiclass,49,135401907,46,9,bworf_no_mi,2,2,0.125,0.39,0.485
dili_multiclass,64,2160,46,9,bworf_no_mi,2,1,0.095,0.745,0.16
dili_multiclass,96,5656,46,9,bworf_no_mi,2,0,0.63,0.125,0.245
dili_multiclass,98,8549,46,9,bworf_no_mi,2,2,0.23,0.145,0.625
dili_multiclass,114,71616,46,9,bworf_no_mi,2,2,0.21,0.36,0.43
dili_multiclass,116,123631,46,9,bworf_no_mi,2,0,0.645,0.065,0.29
dili_multiclass,118,176870,46,9,bworf_no_mi,2,0,0.63,0.21,0.16
dili_multiclass,120,216239,46,9,bworf_no_mi,2,0,0.515,0.02,0.465
dili_multiclass,124,2733526,46,9,bworf_no_mi,2,0,0.525,0.29,0.185
dili_multiclass,139,4053,46,9,bworf_no_mi,2,1,0.335,0.535,0.13
dili_multiclass,164,3825,46,9,bworf_no_mi,1,1,0.035,0.55,0.415
dili_multiclass,190,36462,46,9,bworf_no_mi,1,0,0.705,0.025,0.27
dili_multiclass,196,60854,46,9,bworf_no_mi,1,0,0.615,0.08,0.305
dili_multiclass,209,392622,46,9,bworf_no_mi,1,2,0.295,0.23,0.475
dili_multiclass,211,441140,46,9,bworf_no_mi,1,2,0.24,0.235,0.525
dili_multiclass,212,441203,46,9,bworf_no_mi,1,0,0.51,0.295,0.195
dili_multiclass,220,5310966,46,9,bworf_no_mi,1,0,0.57,0.075,0.355
dili_multiclass,230,11626560,46,9,bworf_no_mi,1,2,0.415,0.095,0.49
dili_multiclass,232,24776445,46,9,bworf_no_mi,1,0,0.53,0.115,0.355
dili_multiclass,243,2130,46,9,bworf_no_mi,0,2,0.295,0.125,0.58
dili_multiclass,244,2153,46,9,bworf_no_mi,0,2,0.06,0.39,0.55
dili_multiclass,246,2369,46,9,bworf_no_mi,0,0,0.69,0.155,0.155
dili_multiclass,252,2576,46,9,bworf_no_mi,0,0,0.575,0.19,0.235
dili_multiclass,257,2803,46,9,bworf_no_mi,0,0,0.445,0.105,0.45
dili_multiclass,268,3467,46,9,bworf_no_mi,0,0,0.48,0.205,0.315
dili_multiclass,269,3519,46,9,bworf_no_mi,0,0,0.665,0.115,0.22
dili_multiclass,287,4908,46,9,bworf_no_mi,0,1,0.235,0.46,0.305
dili_multiclass,298,5770,46,9,bworf_no_mi,0,2,0.395,0.065,0.54
dili_multiclass,331,59868,46,9,bworf_no_mi,0,1,0.1,0.495,0.405
dili_multiclass,334,60795,46,9,bworf_no_mi,0,0,0.605,0.085,0.31
dili_multiclass,372,5284596,46,9,bworf_no_mi,0,0,0.73,0.04,0.23
dili_multiclass,373,5311454,46,9,bworf_no_mi,0,0,0.485,0.295,0.22
dili_multiclass,386,16132446,46,9,bworf_no_mi,0,0,0.735,0.11,0.155
dili_multiclass,387,16133850,46,9,bworf_no_mi,0,0,0.605,0.06,0.335
dili_multiclass,396,2782115,46,9,bworf_no_mi,0,0,0.455,0.24,0.305
dili_multiclass,404,11304743,46,9,bworf_no_mi,0,0,0.645,0.105,0.25
dili_multiclass,411,131682,46,9,bworf_no_mi,0,0,0.4,0.41,0.19
dili_multiclass,422,25025298,46,9,bworf_no_mi,0,0,0.735,0.105,0.16
dili_multiclass,427,4775,46,9,bworf_no_mi,0,2,0.23,0.285,0.485
dili_multiclass,429,5280483,46,9,bworf_no_mi,0,0,0.51,0.255,0.235
dili_multiclass,434,5484725,46,9,bworf_no_mi,0,1,0.275,0.615,0.11
dili_multiclass,486,99428,46,9,bworf_no_mi,0,2,0.265,0.195,0.54
dili_multiclass,492,147912,46,9,bworf_no_mi,0,0,0.665,0.135,0.2
dili_multiclass,495,150610,46,9,bworf_no_mi,0,0,0.455,0.095,0.45
dili_multiclass,496,208902,46,9,bworf_no_mi,0,0,0.415,0.36,0.225
dili_multiclass,500,3081361,46,9,bworf_no_mi,0,0,0.685,0.07,0.245
dili_multiclass,504,5486971,46,9,bworf_no_mi,1,1,0.165,0.535,0.3
dili_multiclass,532,135400189,46,9,bworf_no_mi,0,1,0.055,0.785,0.16
dili_multiclass,548,237,46,9,bworf_no_mi,0,1,0.195,0.49,0.315
dili_multiclass,552,46188928,46,9,bworf_no_mi,0,0,0.585,0.265,0.15
dili_multiclass,553,487101,46,9,bworf_no_mi,0,0,0.565,0.19,0.245
dili_multiclass,563,68165256,46,9,bworf_no_mi,0,0,0.735,0.055,0.21
dili_multiclass,573,9931954,46,9,bworf_no_mi,0,1,0.335,0.545,0.12
dili_multiclass,3,2165,46,9,bworf_mi,2,1,0.315,0.425,0.26
dili_multiclass,12,3385,46,9,bworf_mi,2,1,0.165,0.5,0.335
dili_multiclass,18,3878,46,9,bworf_mi,2,2,0.415,0.135,0.45
dili_multiclass,27,12560,46,9,bworf_mi,2,2,0.38,0.225,0.395
dili_multiclass,49,135401907,46,9,bworf_mi,2,2,0.375,0.15,0.475
dili_multiclass,64,2160,46,9,bworf_mi,2,0,0.465,0.415,0.12
dili_multiclass,96,5656,46,9,bworf_mi,2,0,0.53,0.235,0.235
dili_multiclass,98,8549,46,9,bworf_mi,2,2,0.2533333333333333,0.24833333333333332,0.49833333333333335
dili_multiclass,114,71616,46,9,bworf_mi,2,1,0.31,0.51,0.18
dili_multiclass,116,123631,46,9,bworf_mi,2,2,0.40333333333333327,0.1733333333333333,0.42333333333333334
dili_multiclass,118,176870,46,9,bworf_mi,2,0,0.43833333333333335,0.2533333333333333,0.30833333333333335
dili_multiclass,120,216239,46,9,bworf_mi,2,0,0.39,0.21,0.4
dili_multiclass,124,2733526,46,9,bworf_mi,2,1,0.31,0.545,0.145
dili_multiclass,139,4053,46,9,bworf_mi,2,2,0.38,0.225,0.395
dili_multiclass,164,3825,46,9,bworf_mi,1,2,0.265,0.335,0.4
dili_multiclass,190,36462,46,9,bworf_mi,1,0,0.52,0.04,0.44
dili_multiclass,196,60854,46,9,bworf_mi,1,2,0.375,0.235,0.39
dili_multiclass,209,392622,46,9,bworf_mi,1,0,0.385,0.34,0.275
dili_multiclass,211,441140,46,9,bworf_mi,1,2,0.25,0.275,0.475
dili_multiclass,212,441203,46,9,bworf_mi,1,2,0.375,0.17,0.455
dili_multiclass,220,5310966,46,9,bworf_mi,1,2,0.425,0.16,0.415
dili_multiclass,230,11626560,46,9,bworf_mi,1,0,0.535,0.025,0.44
dili_multiclass,232,24776445,46,9,bworf_mi,1,2,0.215,0.355,0.43
dili_multiclass,243,2130,46,9,bworf_mi,0,2,0.4433333333333333,0.21833333333333332,0.33833333333333326
dili_multiclass,244,2153,46,9,bworf_mi,0,2,0.47,0.115,0.415
dili_multiclass,246,2369,46,9,bworf_mi,0,0,0.6,0.065,0.335
dili_multiclass,252,2576,46,9,bworf_mi,0,1,0.29,0.505,0.205
dili_multiclass,257,2803,46,9,bworf_mi,0,2,0.365,0.2,0.435
dili_multiclass,268,3467,46,9,bworf_mi,0,0,0.5183333333333333,0.06833333333333334,0.41333333333333333
dili_multiclass,269,3519,46,9,bworf_mi,0,2,0.335,0.185,0.48
dili_multiclass,287,4908,46,9,bworf_mi,0,1,0.30333333333333334,0.3983333333333334,0.29833333333333334
dili_multiclass,298,5770,46,9,bworf_mi,0,0,0.54,0.045,0.415
dili_multiclass,331,59868,46,9,bworf_mi,0,2,0.37833333333333335,0.24333333333333332,0.37833333333333335
dili_multiclass,334,60795,46,9,bworf_mi,0,2,0.435,0.11,0.455
dili_multiclass,372,5284596,46,9,bworf_mi,0,0,0.57,0.125,0.305
dili_multiclass,373,5311454,46,9,bworf_mi,0,0,0.48,0.125,0.395
dili_multiclass,386,16132446,46,9,bworf_mi,0,0,0.485,0.105,0.41
dili_multiclass,387,16133850,46,9,bworf_mi,0,0,0.595,0.03,0.375
dili_multiclass,396,2782115,46,9,bworf_mi,0,2,0.35,0.205,0.445
dili_multiclass,404,11304743,46,9,bworf_mi,0,0,0.465,0.22,0.315
dili_multiclass,411,131682,46,9,bworf_mi,0,0,0.3483333333333334,0.35833333333333334,0.29333333333333333
dili_multiclass,422,25025298,46,9,bworf_mi,0,0,0.51,0.155,0.335
dili_multiclass,427,4775,46,9,bworf_mi,0,2,0.36333333333333334,0.2833333333333334,0.35333333333333333
dili_multiclass,429,5280483,46,9,bworf_mi,0,1,0.365,0.385,0.25
dili_multiclass,434,5484725,46,9,bworf_mi,0,0,0.49,0.27,0.24
dili_multiclass,486,99428,46,9,bworf_mi,0,1,0.365,0.465,0.17
dili_multiclass,492,147912,46,9,bworf_mi,0,0,0.59,0.095,0.315
dili_multiclass,495,150610,46,9,bworf_mi,0,2,0.43333333333333335,0.16833333333333333,0.3983333333333334
dili_multiclass,496,208902,46,9,bworf_mi,0,1,0.3433333333333334,0.5183333333333333,0.1383333333333333
dili_multiclass,500,3081361,46,9,bworf_mi,0,2,0.51,0.045,0.445
dili_multiclass,504,5486971,46,9,bworf_mi,1,2,0.305,0.38,0.315
dili_multiclass,532,135400189,46,9,bworf_mi,0,1,0.2383333333333333,0.5533333333333333,0.20833333333333337
dili_multiclass,548,237,46,9,bworf_mi,0,1,0.29166666666666663,0.39666666666666667,0.3116666666666667
dili_multiclass,552,46188928,46,9,bworf_mi,0,0,0.45,0.115,0.435
dili_multiclass,553,487101,46,9,bworf_mi,0,0,0.5,0.08,0.42
dili_multiclass,563,68165256,46,9,bworf_mi,0,0,0.51,0.145,0.345
dili_multiclass,573,9931954,46,9,bworf_mi,0,1,0.16,0.475,0.365
dili_multiclass,28,18283,46,10,orf_style,2,0,0.465,0.2,0.335
dili_multiclass,32,55185,46,10,orf_style,2,2,0.23,0.135,0.635
dili_multiclass,56,23925,46,10,orf_style,2,2,0.285,0.16,0.555
dili_multiclass,68,2733,46,10,orf_style,2,0,0.455,0.225,0.32
dili_multiclass,76,3365,46,10,orf_style,2,0,0.465,0.145,0.39
dili_multiclass,97,6196,46,10,orf_style,2,2,0.225,0.36,0.415
dili_multiclass,100,29029,46,10,orf_style,2,0,0.48,0.205,0.315
dili_multiclass,101,33613,46,10,orf_style,2,0,0.265,0.285,0.45
dili_multiclass,107,54687,46,10,orf_style,2,0,0.56,0.055,0.385
dili_multiclass,115,84029,46,10,orf_style,2,2,0.27,0.12,0.61
dili_multiclass,121,441141,46,10,orf_style,2,0,0.625,0.19,0.185
dili_multiclass,123,1548972,46,10,orf_style,2,2,0.2,0.35,0.45
dili_multiclass,126,3081884,46,10,orf_style,2,0,0.75,0.05,0.2
dili_multiclass,136,54676228,46,10,orf_style,2,1,0.115,0.61,0.275
dili_multiclass,147,2541,46,10,orf_style,1,0,0.705,0.095,0.2
dili_multiclass,157,3446,46,10,orf_style,1,0,0.745,0.02,0.235
dili_multiclass,167,3961,46,10,orf_style,1,0,0.52,0.34,0.13999999999999999
dili_multiclass,184,6249,46,10,orf_style,1,2,0.17,0.47,0.36
dili_multiclass,189,34312,46,10,orf_style,1,0,0.305,0.24,0.455
dili_multiclass,202,104865,46,10,orf_style,1,0,0.755,0.075,0.17
dili_multiclass,221,5352062,46,10,orf_style,1,2,0.235,0.34,0.425
dili_multiclass,229,10113978,46,10,orf_style,1,0,0.47,0.27,0.26
dili_multiclass,233,25126798,46,10,orf_style,1,0,0.65,0.11,0.24
dili_multiclass,238,6468,46,10,orf_style,1,0,0.525,0.1,0.375
dili_multiclass,242,942,46,10,orf_style,0,0,0.575,0.05,0.375
dili_multiclass,247,2381,46,10,orf_style,0,0,0.675,0.04,0.285
dili_multiclass,251,2564,46,10,orf_style,0,0,0.715,0.08,0.205
dili_multiclass,255,2789,46,10,orf_style,0,0,0.325,0.2,0.475
dili_multiclass,256,2794,46,10,orf_style,0,2,0.255,0.135,0.61
dili_multiclass,279,4201,46,10,orf_style,0,0,0.67,0.185,0.145
dili_multiclass,283,4601,46,10,orf_style,0,0,0.375,0.46,0.165
dili_multiclass,284,4616,46,10,orf_style,0,0,0.775,0.02,0.205
dili_multiclass,289,4946,46,10,orf_style,0,0,0.53,0.23,0.24
dili_multiclass,305,6726,46,10,orf_style,0,0,0.64,0.12,0.24
dili_multiclass,318,23994,46,10,orf_style,0,0,0.38,0.115,0.505
dili_multiclass,323,37464,46,10,orf_style,0,0,0.745,0.095,0.16
dili_multiclass,345,83898,46,10,orf_style,0,0,0.54,0.05,0.41
dili_multiclass,353,174174,46,10,orf_style,0,0,0.76,0.065,0.175
dili_multiclass,362,656719,46,10,orf_style,0,0,0.35,0.395,0.255
dili_multiclass,378,9865528,46,10,orf_style,0,0,0.635,0.095,0.27
dili_multiclass,399,10071196,46,10,orf_style,0,0,0.75,0.085,0.165
dili_multiclass,424,4021,46,10,orf_style,0,1,0.235,0.495,0.27
dili_multiclass,426,45138674,46,10,orf_style,0,0,0.595,0.045,0.36
dili_multiclass,433,54732242,46,10,orf_style,0,0,0.815,0.0,0.185
dili_multiclass,438,6018,46,10,orf_style,0,0,0.745,0.095,0.15999999999999998
dili_multiclass,444,92786,46,10,orf_style,0,0,0.79,0.045,0.165
dili_multiclass,449,2123,46,10,orf_style,0,0,0.66,0.08,0.26
dili_multiclass,454,3157,46,10,orf_style,0,0,0.525,0.09,0.385
dili_multiclass,464,4923,46,10,orf_style,0,0,0.695,0.07,0.235
dili_multiclass,467,5556,46,10,orf_style,0,0,0.455,0.07,0.475
dili_multiclass,472,9444,46,10,orf_style,0,0,0.49,0.3,0.21
dili_multiclass,477,47811,46,10,orf_style,0,0,0.685,0.06,0.255
dili_multiclass,499,3011155,46,10,orf_style,0,0,0.665,0.125,0.21
dili_multiclass,513,9966051,46,10,orf_style,0,1,0.105,0.67,0.225
dili_multiclass,524,44462760,46,10,orf_style,0,0,0.44,0.345,0.215
dili_multiclass,529,54686904,46,10,orf_style,0,0,0.685,0.025,0.29
dili_multiclass,534,135409400,46,10,orf_style,0,0,0.32,0.195,0.485
dili_multiclass,28,18283,46,10,bworf_no_mi,2,2,0.325,0.28,0.395
dili_multiclass,32,55185,46,10,bworf_no_mi,2,2,0.215,0.145,0.64
dili_multiclass,56,23925,46,10,bworf_no_mi,2,2,0.285,0.175,0.54
dili_multiclass,68,2733,46,10,bworf_no_mi,2,0,0.425,0.175,0.4
dili_multiclass,76,3365,46,10,bworf_no_mi,2,0,0.43,0.15,0.42
dili_multiclass,97,6196,46,10,bworf_no_mi,2,2,0.225,0.305,0.47
dili_multiclass,100,29029,46,10,bworf_no_mi,2,2,0.29,0.25,0.46
dili_multiclass,101,33613,46,10,bworf_no_mi,2,2,0.21,0.305,0.485
dili_multiclass,107,54687,46,10,bworf_no_mi,2,2,0.395,0.125,0.48
dili_multiclass,115,84029,46,10,bworf_no_mi,2,2,0.195,0.17,0.635
dili_multiclass,121,441141,46,10,bworf_no_mi,2,0,0.465,0.325,0.21
dili_multiclass,123,1548972,46,10,bworf_no_mi,2,2,0.18,0.38,0.44
dili_multiclass,126,3081884,46,10,bworf_no_mi,2,0,0.605,0.12,0.275
dili_multiclass,136,54676228,46,10,bworf_no_mi,2,1,0.04,0.765,0.195
dili_multiclass,147,2541,46,10,bworf_no_mi,1,0,0.505,0.24,0.255
dili_multiclass,157,3446,46,10,bworf_no_mi,1,0,0.535,0.14,0.325
dili_multiclass,167,3961,46,10,bworf_no_mi,1,1,0.345,0.515,0.14
dili_multiclass,184,6249,46,10,bworf_no_mi,1,1,0.1,0.575,0.325
dili_multiclass,189,34312,46,10,bworf_no_mi,1,2,0.175,0.32,0.505
dili_multiclass,202,104865,46,10,bworf_no_mi,1,0,0.6,0.185,0.215
dili_multiclass,221,5352062,46,10,bworf_no_mi,1,2,0.17,0.365,0.465
dili_multiclass,229,10113978,46,10,bworf_no_mi,1,0,0.335,0.35,0.315
dili_multiclass,233,25126798,46,10,bworf_no_mi,1,0,0.59,0.205,0.205
dili_multiclass,238,6468,46,10,bworf_no_mi,1,2,0.395,0.11,0.495
dili_multiclass,242,942,46,10,bworf_no_mi,0,0,0.47,0.075,0.455
dili_multiclass,247,2381,46,10,bworf_no_mi,0,0,0.585,0.045,0.37
dili_multiclass,251,2564,46,10,bworf_no_mi,0,0,0.54,0.215,0.245
dili_multiclass,255,2789,46,10,bworf_no_mi,0,2,0.335,0.195,0.47
dili_multiclass,256,2794,46,10,bworf_no_mi,0,2,0.245,0.135,0.62
dili_multiclass,279,4201,46,10,bworf_no_mi,0,0,0.405,0.445,0.15
dili_multiclass,283,4601,46,10,bworf_no_mi,0,1,0.105,0.78,0.115
dili_multiclass,284,4616,46,10,bworf_no_mi,0,0,0.665,0.065,0.27
dili_multiclass,289,4946,46,10,bworf_no_mi,0,0,0.385,0.35,0.265
dili_multiclass,305,6726,46,10,bworf_no_mi,0,0,0.455,0.155,0.39
dili_multiclass,318,23994,46,10,bworf_no_mi,0,2,0.38,0.145,0.475
dili_multiclass,323,37464,46,10,bworf_no_mi,0,0,0.545,0.3,0.155
dili_multiclass,345,83898,46,10,bworf_no_mi,0,2,0.425,0.07,0.505
dili_multiclass,353,174174,46,10,bworf_no_mi,0,0,0.57,0.18,0.25
dili_multiclass,362,656719,46,10,bworf_no_mi,0,1,0.3,0.435,0.265
dili_multiclass,378,9865528,46,10,bworf_no_mi,0,0,0.585,0.13,0.285
dili_multiclass,399,10071196,46,10,bworf_no_mi,0,0,0.445,0.395,0.16
dili_multiclass,424,4021,46,10,bworf_no_mi,0,1,0.19,0.575,0.235
dili_multiclass,426,45138674,46,10,bworf_no_mi,0,0,0.505,0.065,0.43
dili_multiclass,433,54732242,46,10,bworf_no_mi,0,0,0.755,0.015,0.23
dili_multiclass,438,6018,46,10,bworf_no_mi,0,0,0.565,0.21,0.225
dili_multiclass,444,92786,46,10,bworf_no_mi,0,0,0.61,0.185,0.205
dili_multiclass,449,2123,46,10,bworf_no_mi,0,2,0.455,0.095,0.45
dili_multiclass,454,3157,46,10,bworf_no_mi,0,2,0.45,0.08,0.47
dili_multiclass,464,4923,46,10,bworf_no_mi,0,0,0.54,0.08,0.38
dili_multiclass,467,5556,46,10,bworf_no_mi,0,2,0.325,0.085,0.59
dili_multiclass,472,9444,46,10,bworf_no_mi,0,1,0.255,0.475,0.27
dili_multiclass,477,47811,46,10,bworf_no_mi,0,0,0.55,0.14,0.31
dili_multiclass,499,3011155,46,10,bworf_no_mi,0,1,0.33,0.365,0.305
dili_multiclass,513,9966051,46,10,bworf_no_mi,0,1,0.04,0.74,0.22
dili_multiclass,524,44462760,46,10,bworf_no_mi,0,1,0.3,0.535,0.165
dili_multiclass,529,54686904,46,10,bworf_no_mi,0,0,0.605,0.03,0.365
dili_multiclass,534,135409400,46,10,bworf_no_mi,0,2,0.28,0.235,0.485
dili_multiclass,28,18283,46,10,bworf_mi,2,2,0.4100000000000001,0.24,0.35
dili_multiclass,32,55185,46,10,bworf_mi,2,2,0.25,0.335,0.415
dili_multiclass,56,23925,46,10,bworf_mi,2,2,0.38,0.195,0.425
dili_multiclass,68,2733,46,10,bworf_mi,2,2,0.22833333333333336,0.3483333333333333,0.4233333333333333
dili_multiclass,76,3365,46,10,bworf_mi,2,2,0.3983333333333334,0.2683333333333333,0.33333333333333326
dili_multiclass,97,6196,46,10,bworf_mi,2,2,0.255,0.335,0.41
dili_multiclass,100,29029,46,10,bworf_mi,2,0,0.5033333333333333,0.21833333333333335,0.2783333333333334
dili_multiclass,101,33613,46,10,bworf_mi,2,2,0.26166666666666666,0.3216666666666667,0.41666666666666663
dili_multiclass,107,54687,46,10,bworf_mi,2,0,0.4816666666666667,0.24166666666666667,0.27666666666666667
dili_multiclass,115,84029,46,10,bworf_mi,2,2,0.24833333333333332,0.3183333333333333,0.4333333333333333
dili_multiclass,121,441141,46,10,bworf_mi,2,1,0.3483333333333334,0.5633333333333334,0.08833333333333333
dili_multiclass,123,1548972,46,10,bworf_mi,2,1,0.41166666666666674,0.32166666666666666,0.26666666666666666
dili_multiclass,126,3081884,46,10,bworf_mi,2,0,0.4716666666666666,0.22666666666666668,0.30166666666666664
dili_multiclass,136,54676228,46,10,bworf_mi,2,2,0.11333333333333334,0.4533333333333333,0.4333333333333333
dili_multiclass,147,2541,46,10,bworf_mi,1,0,0.4516666666666667,0.32166666666666666,0.22666666666666666
dili_multiclass,157,3446,46,10,bworf_mi,1,1,0.31666666666666665,0.47166666666666673,0.21166666666666664
dili_multiclass,167,3961,46,10,bworf_mi,1,0,0.5583333333333332,0.21333333333333335,0.22833333333333336
dili_multiclass,184,6249,46,10,bworf_mi,1,2,0.2016666666666667,0.36666666666666664,0.43166666666666664
dili_multiclass,189,34312,46,10,bworf_mi,1,1,0.21500000000000002,0.41,0.375
dili_multiclass,202,104865,46,10,bworf_mi,1,0,0.5333333333333333,0.21333333333333332,0.25333333333333335
dili_multiclass,221,5352062,46,10,bworf_mi,1,1,0.36,0.4,0.24
dili_multiclass,229,10113978,46,10,bworf_mi,1,2,0.2733333333333334,0.33333333333333326,0.39333333333333337
dili_multiclass,233,25126798,46,10,bworf_mi,1,0,0.45166666666666666,0.27166666666666667,0.27666666666666667
dili_multiclass,238,6468,46,10,bworf_mi,1,0,0.5716666666666667,0.26666666666666666,0.16166666666666665
dili_multiclass,242,942,46,10,bworf_mi,0,2,0.3116666666666667,0.3366666666666667,0.3516666666666666
dili_multiclass,247,2381,46,10,bworf_mi,0,0,0.505,0.36,0.135
dili_multiclass,251,2564,46,10,bworf_mi,0,2,0.3516666666666666,0.25666666666666665,0.39166666666666666
dili_multiclass,255,2789,46,10,bworf_mi,0,2,0.4466666666666667,0.11166666666666668,0.44166666666666665
dili_multiclass,256,2794,46,10,bworf_mi,0,2,0.335,0.35,0.315
dili_multiclass,279,4201,46,10,bworf_mi,0,2,0.30666666666666664,0.3416666666666666,0.3516666666666666
dili_multiclass,283,4601,46,10,bworf_mi,0,1,0.29666666666666663,0.39666666666666667,0.30666666666666664
dili_multiclass,284,4616,46,10,bworf_mi,0,2,0.5016666666666666,0.09666666666666666,0.4016666666666667
dili_multiclass,289,4946,46,10,bworf_mi,0,0,0.45666666666666667,0.3216666666666667,0.22166666666666668
dili_multiclass,305,6726,46,10,bworf_mi,0,0,0.48166666666666663,0.21666666666666665,0.3016666666666667
dili_multiclass,318,23994,46,10,bworf_mi,0,2,0.355,0.19,0.455
dili_multiclass,323,37464,46,10,bworf_mi,0,0,0.675,0.125,0.2
dili_multiclass,345,83898,46,10,bworf_mi,0,2,0.3116666666666667,0.3216666666666667,0.3666666666666667
dili_multiclass,353,174174,46,10,bworf_mi,0,0,0.565,0.265,0.17
dili_multiclass,362,656719,46,10,bworf_mi,0,0,0.58,0.29,0.13
dili_multiclass,378,9865528,46,10,bworf_mi,0,0,0.415,0.31499999999999995,0.26999999999999996
dili_multiclass,399,10071196,46,10,bworf_mi,0,1,0.4033333333333334,0.3433333333333334,0.2533333333333333
dili_multiclass,424,4021,46,10,bworf_mi,0,2,0.33833333333333326,0.24333333333333335,0.4183333333333333
dili_multiclass,426,45138674,46,10,bworf_mi,0,0,0.505,0.29,0.205
dili_multiclass,433,54732242,46,10,bworf_mi,0,0,0.69,0.115,0.195
dili_multiclass,438,6018,46,10,bworf_mi,0,0,0.5316666666666666,0.15666666666666665,0.31166666666666665
dili_multiclass,444,92786,46,10,bworf_mi,0,1,0.4083333333333334,0.41333333333333333,0.17833333333333332
dili_multiclass,449,2123,46,10,bworf_mi,0,2,0.4733333333333334,0.1433333333333333,0.3833333333333333
dili_multiclass,454,3157,46,10,bworf_mi,0,0,0.445,0.165,0.39
dili_multiclass,464,4923,46,10,bworf_mi,0,2,0.33666666666666667,0.35166666666666674,0.31166666666666665
dili_multiclass,467,5556,46,10,bworf_mi,0,2,0.495,0.11,0.395
dili_multiclass,472,9444,46,10,bworf_mi,0,1,0.265,0.48,0.255
dili_multiclass,477,47811,46,10,bworf_mi,0,2,0.43000000000000005,0.185,0.38499999999999995
dili_multiclass,499,3011155,46,10,bworf_mi,0,2,0.37,0.20500000000000004,0.425
dili_multiclass,513,9966051,46,10,bworf_mi,0,1,0.29166666666666663,0.3616666666666667,0.3466666666666666
dili_multiclass,524,44462760,46,10,bworf_mi,0,2,0.2966666666666667,0.37166666666666665,0.3316666666666667
dili_multiclass,529,54686904,46,10,bworf_mi,0,0,0.6883333333333335,0.08833333333333333,0.22333333333333333
dili_multiclass,534,135409400,46,10,bworf_mi,0,2,0.37833333333333335,0.16333333333333333,0.45833333333333326
