dataset,seed,fold,model_name,n_train,n_test,class0_train,class1_train,class2_train,class0_test,class1_test,class2_test,fit_time_sec,predict_time_sec,accuracy,balanced_accuracy,macro_f1,macro_recall,weighted_f1,mcc,macro_auroc_ovr,macro_auprc_ovr,log_loss
dili_multiclass,42,1,rf,516,58,299,91,126,34,10,14,0.1787392720580101,0.0605868659913539,0.5862068965517241,0.3473389355742297,0.2864066975104649,0.3473389355742297,0.4631127925792557,0.0755353657543938,0.6965845429080724,0.4882681594452344,0.8851050200128623
dili_multiclass,42,1,lr,516,58,299,91,126,34,10,14,0.1355322953313589,0.0039994455873966,0.603448275862069,0.5448179271708684,0.5339385252428731,0.5448179271708684,0.6113020412870489,0.3292814934624176,0.6534552457346575,0.503290800856002,2.132179453397581
dili_multiclass,42,1,svm_rbf,516,58,299,91,126,34,10,14,0.3573391176760196,0.0235623680055141,0.5862068965517241,0.3333333333333333,0.2463768115942028,0.3333333333333333,0.4332833583208396,0.0,0.5691213606654782,0.4081976673399798,0.9518379546108704
dili_multiclass,42,1,xgb,516,58,299,91,126,34,10,14,7.424157364293933,0.0036633126437664,0.603448275862069,0.4131652661064426,0.3980920931939093,0.4131652661064426,0.5501679539976847,0.2167413254583637,0.6392873058314235,0.4874104411214268,1.122419830903377
dili_multiclass,42,1,naive_bayes,516,58,299,91,126,34,10,14,0.0029930472373962,0.0033546388149261,0.2586206896551724,0.3431372549019607,0.1505030181086519,0.3431372549019607,0.1286893776451814,0.0813930320265965,0.5121620617944148,0.339809971175403,5.595483605984492
dili_multiclass,42,2,rf,516,58,299,91,126,34,10,14,0.172870185226202,0.064412847161293,0.5,0.3123249299719888,0.2777777777777777,0.3123249299719888,0.4310344827586206,-0.0464921559749136,0.6401902427637721,0.4502654261901701,0.931122016462177
dili_multiclass,42,2,lr,516,58,299,91,126,34,10,14,0.1183797419071197,0.0010316856205463,0.5172413793103449,0.3831932773109243,0.3823571855608469,0.3831932773109243,0.4953518973088135,0.0937062693902084,0.6774483278159749,0.4915967753028977,1.7892030528002336
dili_multiclass,42,2,svm_rbf,516,58,299,91,126,34,10,14,0.3468029405921697,0.0217506494373083,0.603448275862069,0.3571428571428571,0.2935286935286935,0.3571428571428571,0.4702286219527599,0.1670699078440665,0.5201351752822342,0.4122764512321501,0.946905050089536
dili_multiclass,42,2,xgb,516,58,299,91,126,34,10,14,18.48367785476148,0.0023867823183536,0.603448275862069,0.4602240896358543,0.4690572585309427,0.4602240896358543,0.5740412038052691,0.2374493755534442,0.6424205288175876,0.4612364179347552,1.1348789932676178
dili_multiclass,42,2,naive_bayes,516,58,299,91,126,34,10,14,0.0030405968427658,0.0012878477573394,0.2413793103448276,0.3333333333333333,0.1296296296296296,0.3333333333333333,0.0938697318007662,0.0,0.5,0.3333333333333333,5.756976072158883
dili_multiclass,42,3,rf,516,58,299,91,126,34,10,14,0.1931126900017261,0.0590821467339992,0.603448275862069,0.3711484593837535,0.3284313725490196,0.3711484593837535,0.4964503042596349,0.1551698517342217,0.6882692470927765,0.5068145508897025,0.8823096775562127
dili_multiclass,42,3,lr,516,58,299,91,126,34,10,14,0.1075003761798143,0.0004853662103414,0.5,0.4249299719887955,0.4221747388414055,0.4249299719887955,0.5112830336968268,0.1550155953838458,0.5565730837789661,0.4167487433160506,3.0995825480612624
dili_multiclass,42,3,svm_rbf,516,58,299,91,126,34,10,14,0.3414382953196764,0.0186914075165987,0.5689655172413793,0.3235294117647059,0.2417582417582417,0.3235294117647059,0.4251610458507009,-0.0728253444448495,0.6812192301162888,0.5199704747360385,0.9215084278382284
dili_multiclass,42,3,xgb,516,58,299,91,126,34,10,14,6.101006826385856,0.0025616232305765,0.6206896551724138,0.42296918767507,0.4038461538461538,0.42296918767507,0.5665340406719717,0.2601275523746749,0.6805475978270096,0.5230364772181768,1.0383605230018491
dili_multiclass,42,3,naive_bayes,516,58,299,91,126,34,10,14,0.0034014694392681,0.001275435090065,0.2241379310344827,0.3095238095238095,0.1220657276995305,0.3095238095238095,0.0883924235065565,-0.1156637823535845,0.4915674603174603,0.3326419497018408,21.283373127607994
dili_multiclass,42,4,rf,516,58,300,90,126,33,11,14,0.171209717169404,0.0485161915421485,0.6551724137931034,0.4660894660894661,0.438846294267981,0.4660894660894661,0.5703818408429958,0.3531595315855777,0.6625627091584538,0.5222756711353839,0.907717751536447
dili_multiclass,42,4,lr,516,58,300,90,126,33,11,14,0.1080167181789875,0.0005483571439981,0.5172413793103449,0.4321789321789321,0.4326234567901235,0.4321789321789321,0.526080779054917,0.1907289167108322,0.5962796659605171,0.4334323341596683,2.590525025057972
dili_multiclass,42,4,svm_rbf,516,58,300,90,126,33,11,14,0.3420462235808372,0.020987058058381,0.5862068965517241,0.3571428571428571,0.2888576779026217,0.3571428571428571,0.4521018984889578,0.1449575633418227,0.5868238617174787,0.4398206679577425,0.9556509589885376
dili_multiclass,42,4,xgb,516,58,300,90,126,33,11,14,6.280432982370257,0.0034386981278657,0.603448275862069,0.4285714285714285,0.425,0.4285714285714285,0.5469827586206897,0.2323078643661636,0.6262153449387492,0.48896899108818,1.2040789363485824
dili_multiclass,42,4,naive_bayes,516,58,300,90,126,33,11,14,0.0036482010036706,0.0013042092323303,0.293103448275862,0.3636363636363636,0.1908212560386473,0.3636363636363636,0.1927786106946526,0.1455534648317383,0.537153449387492,0.35423197492163,5.122960304814303
dili_multiclass,42,5,rf,517,57,300,91,126,33,10,14,0.1917831022292375,0.0484039280563592,0.5964912280701754,0.3982683982683982,0.3628556092324208,0.3982683982683982,0.5142808712602762,0.1796615001871555,0.6218643814264794,0.4788566738654847,0.918509275218156
dili_multiclass,42,5,lr,517,57,300,91,126,33,10,14,0.0982022397220134,0.0005040690302848,0.4210526315789473,0.3806637806637807,0.3749651907546644,0.3806637806637807,0.443374518166762,0.0804746072336517,0.5420688113909291,0.4187368004881169,3.068349302197834
dili_multiclass,42,5,svm_rbf,517,57,300,91,126,33,10,14,0.3363926373422146,0.0174948275089263,0.5789473684210527,0.3333333333333333,0.25,0.3333333333333333,0.4342105263157895,0.0593402405082903,0.6499395833883712,0.4938349307776145,0.9415630070130232
dili_multiclass,42,5,xgb,517,57,300,91,126,33,10,14,5.8067125249654055,0.0033374857157468,0.5964912280701754,0.4119769119769119,0.3911111111111111,0.4119769119769119,0.5459649122807018,0.225847416273463,0.671636257249815,0.4904763126057744,1.0606381847796529
dili_multiclass,42,5,naive_bayes,517,57,300,91,126,33,10,14,0.0029109138995409,0.0012512002140283,0.2456140350877192,0.3333333333333333,0.1314553990610328,0.3333333333333333,0.09686187299234,0.0,0.5,0.3333333333333333,5.6899602555109725
dili_multiclass,42,6,rf,517,57,300,91,126,33,10,14,0.1648722048848867,0.0578414481133222,0.5789473684210527,0.3607503607503607,0.3131150474145643,0.3607503607503607,0.4858603836483318,0.1347461251403666,0.6446113904055517,0.4696550953436343,0.9187713304377464
dili_multiclass,42,6,lr,517,57,300,91,126,33,10,14,0.1077012028545141,0.0005097817629575,0.5087719298245614,0.4311688311688311,0.4312354312354312,0.4311688311688311,0.5107348791559319,0.1477519447384189,0.6154720254547072,0.4454018466522106,2.06729564245598
dili_multiclass,42,6,svm_rbf,517,57,300,91,126,33,10,14,0.3393854517489671,0.0178333073854446,0.5789473684210527,0.3333333333333333,0.2444444444444444,0.3333333333333333,0.4245614035087719,0.0,0.6901383298835055,0.4885004313014744,0.9323167781133436
dili_multiclass,42,6,xgb,517,57,300,91,126,33,10,14,5.925366526469588,0.0034949146211147,0.6140350877192983,0.459018759018759,0.4498469566962717,0.459018759018759,0.576377719852846,0.2736779388431891,0.6924282646449891,0.509782166021406,0.992838258992585
dili_multiclass,42,6,naive_bayes,517,57,300,91,126,33,10,14,0.002901604399085,0.0012541953474283,0.2456140350877192,0.3333333333333333,0.1314553990610328,0.3333333333333333,0.09686187299234,0.0,0.5,0.3333333333333333,5.6899602555109725
dili_multiclass,42,7,rf,517,57,300,91,126,33,10,14,0.1767257619649171,0.0605194009840488,0.5964912280701754,0.3982683982683982,0.3679479824058138,0.3982683982683982,0.5120834214049179,0.1663342280285586,0.6240745798266828,0.4851853792609845,0.9322781218434812
dili_multiclass,42,7,lr,517,57,300,91,126,33,10,14,0.1085937786847353,0.0005077887326478,0.4210526315789473,0.3204906204906205,0.3246872082166199,0.3204906204906205,0.4188343407538454,-0.02798294199511,0.5587131892426301,0.4283204785045166,2.0935143501417386
dili_multiclass,42,7,svm_rbf,517,57,300,91,126,33,10,14,0.3318658340722322,0.0176731646060943,0.6140350877192983,0.3809523809523809,0.3333333333333333,0.3809523809523809,0.4956140350877193,0.2373609620331613,0.5565422729450439,0.47003913044142,0.9378808917577722
dili_multiclass,42,7,xgb,517,57,300,91,126,33,10,14,5.765006560832262,0.0979466382414102,0.5087719298245614,0.3477633477633478,0.3247863247863248,0.3477633477633478,0.4615384615384615,0.0437899071474826,0.56942182242776,0.4460280185058345,1.3373220291090908
dili_multiclass,42,7,naive_bayes,517,57,300,91,126,33,10,14,0.0038558151572942,0.0013638827949762,0.2456140350877192,0.3333333333333333,0.1314553990610328,0.3333333333333333,0.09686187299234,0.0,0.5,0.3333333333333333,5.6899602555109725
dili_multiclass,42,8,rf,517,57,300,91,126,33,10,14,0.2063076794147491,0.0604319851845502,0.543859649122807,0.3268398268398268,0.2695951765719207,0.3268398268398268,0.4312072170089306,-0.0427442512847773,0.5805015471269801,0.4082607358124238,0.9690104051326622
dili_multiclass,42,8,lr,517,57,300,91,126,33,10,14,0.1033953409641981,0.0005112923681735,0.4736842105263157,0.3603174603174603,0.3642857142857142,0.3603174603174603,0.4604010025062657,0.0353744854816664,0.5242841934578698,0.3743976676332086,2.737795305824367
dili_multiclass,42,8,svm_rbf,517,57,300,91,126,33,10,14,0.3399012163281441,0.0206143260002136,0.5964912280701754,0.3571428571428571,0.2916354556803995,0.3571428571428571,0.462080294368881,0.1663342280285586,0.4548585689604987,0.3706344608830769,0.9856208961798726
dili_multiclass,42,8,xgb,517,57,300,91,126,33,10,14,6.038201754912734,0.0026717986911535,0.6666666666666666,0.4756132756132756,0.4813232035454257,0.4756132756132756,0.6072374668865896,0.3613280225974219,0.5816932311736864,0.4451025023931434,1.2507809332551625
dili_multiclass,42,8,naive_bayes,517,57,300,91,126,33,10,14,0.0027530770748853,0.001222314313054,0.1929824561403508,0.3202020202020202,0.1318452380952381,0.3202020202020202,0.1155075187969924,0.0089523729052333,0.5109260800317208,0.3454222677906888,21.429886691744272
dili_multiclass,42,9,rf,517,57,300,91,126,33,10,14,0.1796179600059986,0.061783904209733,0.5614035087719298,0.3232323232323232,0.2424242424242424,0.3232323232323232,0.4210526315789473,-0.0296701202541451,0.6019203307550661,0.4433434132960436,0.9583398262941856
dili_multiclass,42,9,lr,517,57,300,91,126,33,10,14,0.1100412383675575,0.0004837922751903,0.4210526315789473,0.3764790764790764,0.3614025647923953,0.3764790764790764,0.4383368968560762,0.0751635171366574,0.4849471423073599,0.3281605250209135,2.959958304968198
dili_multiclass,42,9,svm_rbf,517,57,300,91,126,33,10,14,0.3306729551404714,0.0170989129692316,0.5789473684210527,0.3333333333333333,0.2444444444444444,0.3333333333333333,0.4245614035087719,0.0,0.4731049568753676,0.3575204138173991,1.0018755034023297
dili_multiclass,42,9,xgb,517,57,300,91,126,33,10,14,4.822933908551931,0.0025772117078304,0.543859649122807,0.3595959595959596,0.3339212228101116,0.3595959595959596,0.464680219066184,0.0562361642708827,0.5934944446943456,0.4212501869528233,1.2313255125354958
dili_multiclass,42,9,naive_bayes,517,57,300,91,126,33,10,14,0.0028333682566881,0.0014536343514919,0.2456140350877192,0.3333333333333333,0.1314553990610328,0.3333333333333333,0.09686187299234,0.0,0.5,0.3333333333333333,5.6899602555109725
dili_multiclass,42,10,rf,517,57,300,91,126,33,10,14,0.1438880935311317,0.0435177292674779,0.543859649122807,0.3405483405483405,0.2968253968253968,0.3405483405483405,0.4488721804511278,0.0,0.6124651536452624,0.4408642535740574,0.9420665441140011
dili_multiclass,42,10,lr,517,57,300,91,126,33,10,14,0.1088097058236599,0.0005138292908668,0.4210526315789473,0.3341991341991341,0.3325552443199502,0.3341991341991341,0.4137140236211444,-0.0347430790959059,0.4587208469321284,0.3468849666964086,2.904088221484118
dili_multiclass,42,10,svm_rbf,517,57,300,91,126,33,10,14,0.3412072099745273,0.0178642589598894,0.5789473684210527,0.3333333333333333,0.2444444444444444,0.3333333333333333,0.4245614035087719,0.0,0.431248228378362,0.3403773669630419,0.9884431387400636
dili_multiclass,42,10,xgb,517,57,300,91,126,33,10,14,5.452450890094042,0.0027600266039371,0.5789473684210527,0.4018759018759019,0.3848484848484848,0.4018759018759019,0.5169059011164274,0.1470987911689836,0.643072462567762,0.4946350307007833,1.1374340973924084
dili_multiclass,42,10,naive_bayes,517,57,300,91,126,33,10,14,0.0028641242533922,0.0012812782078981,0.5614035087719298,0.3232323232323232,0.2397003745318352,0.3232323232323232,0.4163217031342401,-0.0744126809601446,0.5077519379844961,0.3392534366218576,5.202473858236423
dili_multiclass,43,1,rf,516,58,299,91,126,34,10,14,0.1735558211803436,0.1167041435837745,0.5862068965517241,0.361344537815126,0.3164983164983165,0.361344537815126,0.4799721351445489,0.0880246221699743,0.6236806086070792,0.4820653685946329,0.920475401527515
dili_multiclass,43,1,lr,516,58,299,91,126,34,10,14,0.109395770356059,0.0004814695566892,0.4310344827586206,0.2731092436974789,0.2597254004576659,0.2731092436974789,0.3967884478813225,-0.1037878790239709,0.4969341524488583,0.3591420348726875,3.0789784906641837
dili_multiclass,43,1,svm_rbf,516,58,299,91,126,34,10,14,0.3439814262092113,0.0206675846129655,0.5862068965517241,0.3333333333333333,0.2463768115942028,0.3333333333333333,0.4332833583208396,0.0,0.5034510016127663,0.3637762616939161,0.9700929882418792
dili_multiclass,43,1,xgb,516,58,299,91,126,34,10,14,16.06821054406464,0.0025397911667823,0.5689655172413793,0.3655462184873949,0.3391405342624855,0.3655462184873949,0.4978973927670311,0.111260989007947,0.66049571343689,0.4697419541385154,1.1306712206969105
dili_multiclass,43,1,naive_bayes,516,58,299,91,126,34,10,14,0.0048894137144088,0.00125228241086,0.2758620689655172,0.3529411764705882,0.1703703703703703,0.3529411764705882,0.1616858237547893,0.1161303243837817,0.5243241235888295,0.3463730319714093,5.434030691538596
dili_multiclass,43,2,rf,516,58,299,91,126,34,10,14,0.18340246938169,0.0461422614753246,0.5689655172413793,0.3515406162464986,0.310485516115871,0.3515406162464986,0.4734309711729202,0.059945331006693,0.604014939309057,0.4540503577789822,0.932958275322118
dili_multiclass,43,2,lr,516,58,299,91,126,34,10,14,0.1018620748072862,0.0005149710923433,0.5689655172413793,0.5207282913165265,0.5034343434343435,0.5207282913165265,0.5613375130616509,0.245647397501234,0.6258774722010017,0.4743831597967272,1.6847299456414218
dili_multiclass,43,2,svm_rbf,516,58,299,91,126,34,10,14,0.3388913031667471,0.0215378366410732,0.5862068965517241,0.3473389355742297,0.2861111111111111,0.3473389355742297,0.4600574712643677,0.0611212233598851,0.6385000212206094,0.4558020470271764,0.9420229825550798
dili_multiclass,43,2,xgb,516,58,299,91,126,34,10,14,5.495777452364564,0.0025517642498016,0.5862068965517241,0.426890756302521,0.4286882199925678,0.426890756302521,0.548802521816015,0.188695517343662,0.6648390416772769,0.5106527065278049,1.0854286876840915
dili_multiclass,43,2,naive_bayes,516,58,299,91,126,34,10,14,0.0050833988934755,0.0012605190277099,0.2586206896551724,0.3431372549019607,0.1505030181086519,0.3431372549019607,0.1286893776451814,0.0813930320265965,0.5121620617944148,0.339809971175403,5.595483605984492
dili_multiclass,43,3,rf,516,58,299,91,126,34,10,14,0.1828427836298942,0.0363121554255485,0.6379310344827587,0.4187675070028011,0.3932244404113732,0.4187675070028011,0.5463420739720883,0.2721878179817705,0.651028669043375,0.5012068513823363,0.9106688306171836
dili_multiclass,43,3,lr,516,58,299,91,126,34,10,14,0.1195043735206127,0.0004899948835372,0.5517241379310345,0.5389355742296918,0.5150537634408602,0.5389355742296918,0.560956618464961,0.2677096362966657,0.6033040488922842,0.4472927465410044,2.540507861726718
dili_multiclass,43,3,svm_rbf,516,58,299,91,126,34,10,14,0.3312182445079088,0.0187200028449296,0.5862068965517241,0.3473389355742297,0.2864066975104649,0.3473389355742297,0.4631127925792557,0.0755353657543938,0.6149875859434683,0.434794934637167,0.9392405936774068
dili_multiclass,43,3,xgb,516,58,299,91,126,34,10,14,5.313020491972566,0.0027235578745603,0.5862068965517241,0.4173669467787115,0.3901330736773774,0.4173669467787115,0.5269449014538495,0.1747261145714143,0.6190099524658349,0.4914248769912349,1.124627884658841
dili_multiclass,43,3,naive_bayes,516,58,299,91,126,34,10,14,0.002935716882348,0.0012552980333566,0.2413793103448276,0.3333333333333333,0.1296296296296296,0.3333333333333333,0.0938697318007662,0.0,0.5,0.3333333333333333,5.756976072158883
dili_multiclass,43,4,rf,516,58,300,90,126,33,11,14,0.1757844164967537,0.0536524038761854,0.5344827586206896,0.3268398268398268,0.2698412698412698,0.3268398268398268,0.429392446633826,0.0143778342191887,0.594099045162875,0.4212000369484857,0.9633015750601992
dili_multiclass,43,4,lr,516,58,300,90,126,33,11,14,0.120262686163187,0.0005116146057844,0.4827586206896552,0.3643578643578644,0.3635358560731695,0.3643578643578644,0.4787556470520958,0.1026886468863528,0.5359884559884559,0.4179134644764981,2.8880607181793208
dili_multiclass,43,4,svm_rbf,516,58,300,90,126,33,11,14,0.3294421453028917,0.0174725987017154,0.5689655172413793,0.3333333333333333,0.2417582417582417,0.3333333333333333,0.4126563092080333,0.0,0.4814703263639434,0.3477361177687051,0.9875443371157104
dili_multiclass,43,4,xgb,516,58,300,90,126,33,11,14,5.02065578661859,0.0027499794960021,0.5,0.3477633477633478,0.3145363408521303,0.3477633477633478,0.4432849364791289,0.0348597267178078,0.6849384421724847,0.4954561944331243,1.056899177412827
dili_multiclass,43,4,naive_bayes,516,58,300,90,126,33,11,14,0.0039292555302381,0.0014299489557743,0.1724137931034483,0.303030303030303,0.0980392156862745,0.303030303030303,0.0557809330628803,-0.1291133250418685,0.4877272727272728,0.3323525637500229,21.784943782616278
dili_multiclass,43,5,rf,517,57,300,91,126,33,10,14,0.1800836883485317,0.0616190265864133,0.5789473684210527,0.347041847041847,0.2844264142438584,0.347041847041847,0.4547880858332443,0.0733465003135792,0.7259616439601596,0.5649529764357588,0.8800779655208371
dili_multiclass,43,5,lr,517,57,300,91,126,33,10,14,0.1072958875447511,0.0005135685205459,0.4736842105263157,0.3919191919191919,0.3865847414234511,0.3919191919191919,0.4824696148974587,0.1212537451423848,0.6312041743511313,0.4546086650443373,2.038142633637946
dili_multiclass,43,5,svm_rbf,517,57,300,91,126,33,10,14,0.3373628091067076,0.0179504696279764,0.5614035087719298,0.3232323232323232,0.2397003745318352,0.3232323232323232,0.4163217031342401,-0.0831671140142793,0.6305110731261152,0.4434891321301923,0.9488246714329523
dili_multiclass,43,5,xgb,517,57,300,91,126,33,10,14,5.641255035996437,0.0027265343815088,0.631578947368421,0.4744588744588744,0.484981684981685,0.4744588744588744,0.5856950067476384,0.28618189083307,0.7200254351911947,0.5748741418881521,1.019407504917674
dili_multiclass,43,5,naive_bayes,517,57,300,91,126,33,10,14,0.0036487039178609,0.0014235265552997,0.5614035087719298,0.3232323232323232,0.2397003745318352,0.3232323232323232,0.4163217031342401,-0.0744126809601446,0.5077519379844961,0.3392534366218576,5.202473858236423
dili_multiclass,43,6,rf,517,57,300,91,126,33,10,14,0.1513402033597231,0.0605144202709198,0.5789473684210527,0.3607503607503607,0.3124880474278064,0.3607503607503607,0.4792503346720214,0.116433959619991,0.6965301979527609,0.5143829224226301,0.8805694886419605
dili_multiclass,43,6,lr,517,57,300,91,126,33,10,14,0.1043342500925064,0.0005069468170404,0.4385964912280701,0.3305916305916306,0.3266339869281046,0.3305916305916306,0.427984176126591,-0.0077916805351194,0.5270231175352402,0.3746980681038203,2.851767028053371
dili_multiclass,43,6,svm_rbf,517,57,300,91,126,33,10,14,0.3427012097090482,0.0178250111639499,0.5964912280701754,0.3571428571428571,0.2916354556803995,0.3571428571428571,0.462080294368881,0.1663342280285586,0.6018863858299781,0.4484439005355953,0.9392193783598616
dili_multiclass,43,6,xgb,517,57,300,91,126,33,10,14,5.574024099856615,0.002729682251811,0.631578947368421,0.4512265512265512,0.4511044511044511,0.4512265512265512,0.5772998930893668,0.2841921845952974,0.6776567065532925,0.503136535315904,1.0815937213572862
dili_multiclass,43,6,naive_bayes,517,57,300,91,126,33,10,14,0.0030008722096681,0.0012908447533845,0.2631578947368421,0.3434343434343434,0.1529411764705882,0.3434343434343434,0.1323013415892673,0.0831671140142793,0.5124725733335332,0.3400926558821296,5.525783393475873
dili_multiclass,43,7,rf,517,57,300,91,126,33,10,14,0.1867009736597538,0.0481103267520666,0.631578947368421,0.4184704184704184,0.3913312693498452,0.4184704184704184,0.5393297485199066,0.2701823724101468,0.756076439092273,0.6189084977825875,0.860307491392835
dili_multiclass,43,7,lr,517,57,300,91,126,33,10,14,0.114362621679902,0.0004725009202957,0.4736842105263157,0.3507936507936507,0.3502764736567553,0.3507936507936507,0.4568739532712846,0.0293487571623035,0.551516758023438,0.396598830872634,2.550554748766776
dili_multiclass,43,7,svm_rbf,517,57,300,91,126,33,10,14,0.327439883723855,0.020996518433094,0.5964912280701754,0.3571428571428571,0.2916354556803995,0.3571428571428571,0.462080294368881,0.1663342280285586,0.5311447156944435,0.4161732346055147,0.9566172548872856
dili_multiclass,43,7,xgb,517,57,300,91,126,33,10,14,5.152251485735178,0.0025978721678256,0.6666666666666666,0.503030303030303,0.5064102564102564,0.503030303030303,0.6178587494376969,0.3605834236707491,0.7273992606253863,0.5871989553880067,0.9106060552318692
dili_multiclass,43,7,naive_bayes,517,57,300,91,126,33,10,14,0.0037778988480567,0.0013993196189403,0.2280701754385964,0.3095238095238095,0.1238095238095238,0.3095238095238095,0.0912280701754386,-0.1159962379672842,0.4914935832489024,0.332609798305287,21.143154528887177
dili_multiclass,43,8,rf,517,57,300,91,126,33,10,14,0.1696197837591171,0.0650081876665353,0.5964912280701754,0.3845598845598845,0.3460531238309016,0.3845598845598845,0.5101305452182645,0.1811438920779389,0.6489750477132962,0.4567664726554956,0.9230506631948936
dili_multiclass,43,8,lr,517,57,300,91,126,33,10,14,0.1262378897517919,0.0004787426441907,0.5614035087719298,0.4751803751803752,0.4867335562987736,0.4751803751803752,0.5783488822390424,0.2569348939987096,0.6041951464885655,0.4645275369346422,2.2779352576276177
dili_multiclass,43,8,svm_rbf,517,57,300,91,126,33,10,14,0.3390429466962814,0.0210812278091907,0.5964912280701754,0.3571428571428571,0.2916666666666667,0.3571428571428571,0.4649122807017544,0.1483506012707258,0.6247727861780311,0.4594029071051804,0.941442782253579
dili_multiclass,43,8,xgb,517,57,300,91,126,33,10,14,5.121040655300021,0.0026799365878105,0.5614035087719298,0.3643578643578644,0.3399638336347197,0.3643578643578644,0.4952254052853653,0.1190695470037468,0.6948268172167232,0.495137134259112,1.0379080078767218
dili_multiclass,43,8,naive_bayes,517,57,300,91,126,33,10,14,0.0030257999897003,0.0012462493032217,0.2456140350877192,0.3333333333333333,0.1314553990610328,0.3333333333333333,0.09686187299234,0.0,0.5,0.3333333333333333,5.6899602555109725
dili_multiclass,43,9,rf,517,57,300,91,126,33,10,14,0.1746236141771078,0.0628356598317623,0.631578947368421,0.4184704184704184,0.3873015873015872,0.4184704184704184,0.5393483709273184,0.266837089466723,0.5979684036710262,0.4606681290611578,0.9378075145992646
dili_multiclass,43,9,lr,517,57,300,91,126,33,10,14,0.1022331565618515,0.0005138199776411,0.5614035087719298,0.4329004329004329,0.407337128399747,0.4329004329004329,0.5354372648889777,0.2134046933300813,0.639909628553864,0.5036401193143888,2.334555527474257
dili_multiclass,43,9,svm_rbf,517,57,300,91,126,33,10,14,0.3410384934395551,0.0183326918631792,0.5789473684210527,0.3333333333333333,0.2444444444444444,0.3333333333333333,0.4245614035087719,0.0,0.6556049884105303,0.5087807975273031,0.9125315950881008
dili_multiclass,43,9,xgb,517,57,300,91,126,33,10,14,4.846806291490793,0.0026706177741289,0.6491228070175439,0.455988455988456,0.4322463768115942,0.455988455988456,0.5768306636155607,0.3157960855532801,0.6085662948849491,0.4827681418649898,1.190414822323144
dili_multiclass,43,9,naive_bayes,517,57,300,91,126,33,10,14,0.0035370048135519,0.0013205111026763,0.2807017543859649,0.3535353535353535,0.1733609385783299,0.3535353535353535,0.1658348770476917,0.1186804810165806,0.5249451466670665,0.346943115364168,5.3616465335282175
dili_multiclass,43,10,rf,517,57,300,91,126,33,10,14,0.1880508810281753,0.0480519365519285,0.6140350877192983,0.3946608946608946,0.3657090743274054,0.3946608946608946,0.5175318597451221,0.2166928333156874,0.5980008789385335,0.494266770524052,0.9277863464026008
dili_multiclass,43,10,lr,517,57,300,91,126,33,10,14,0.1058466639369726,0.0004711002111434,0.4210526315789473,0.3341991341991341,0.3368179298328977,0.3341991341991341,0.438800731931992,0.0461534820252468,0.5239136136464192,0.4141629587608015,3.371791877503053
dili_multiclass,43,10,svm_rbf,517,57,300,91,126,33,10,14,0.3396677561104297,0.0184896066784858,0.5789473684210527,0.347041847041847,0.2868686868686869,0.347041847041847,0.4538011695906432,0.0652904781535918,0.499564939705959,0.4011120262289225,0.9631957362657798
dili_multiclass,43,10,xgb,517,57,300,91,126,33,10,14,4.491116272285581,0.002562042325735,0.5964912280701754,0.4256854256854256,0.4189189189189189,0.4256854256854256,0.5609293504030347,0.235649361039925,0.5808302268223099,0.4451320685377004,1.1490404433600754
dili_multiclass,43,10,naive_bayes,517,57,300,91,126,33,10,14,0.0031042750924825,0.0012381356209516,0.2456140350877192,0.3333333333333333,0.1314553990610328,0.3333333333333333,0.09686187299234,0.0,0.5,0.3333333333333333,5.6899602555109725
dili_multiclass,44,1,rf,516,58,299,91,126,34,10,14,0.1526311486959457,0.0626737438142299,0.603448275862069,0.3851540616246498,0.3462184873949579,0.3851540616246498,0.5103448275862069,0.1694619269289038,0.6616601943807826,0.4723134996160835,0.9007325718056066
dili_multiclass,44,1,lr,516,58,299,91,126,34,10,14,0.0972494315356016,0.0005047246813774,0.4655172413793103,0.3913165266106442,0.3869275679620507,0.3913165266106442,0.4818856991865315,0.1147275016174074,0.5154013878278584,0.3845411923144652,2.669213242154224
dili_multiclass,44,1,svm_rbf,516,58,299,91,126,34,10,14,0.3366039525717497,0.0184229109436273,0.603448275862069,0.3571428571428571,0.2935286935286935,0.3571428571428571,0.4702286219527599,0.1670699078440665,0.4984970503352856,0.3896485002323541,0.9565149784098932
dili_multiclass,44,1,xgb,516,58,299,91,126,34,10,14,4.982292601838708,0.0026211664080619,0.6206896551724138,0.4840336134453781,0.487189244038559,0.4840336134453781,0.600076103500761,0.2938342731242042,0.5995697521432815,0.4449522128963117,1.1169385404641354
dili_multiclass,44,1,naive_bayes,516,58,299,91,126,34,10,14,0.0029636602848768,0.0012248624116182,0.2241379310344827,0.3095238095238095,0.1220657276995305,0.3095238095238095,0.0883924235065565,-0.1156637823535845,0.4915674603174603,0.3326419497018408,21.283373127607994
dili_multiclass,44,2,rf,516,58,299,91,126,34,10,14,0.143457131460309,0.0612712893635034,0.6551724137931034,0.4425770308123249,0.4099877771957395,0.4425770308123249,0.5710879500009031,0.3172626734160693,0.7524668958492488,0.5792841752624338,0.8254074074258698
dili_multiclass,44,2,lr,516,58,299,91,126,34,10,14,0.1217051763087511,0.000471981242299,0.5172413793103449,0.4296918767507002,0.4127440641677052,0.4296918767507002,0.5290463770128165,0.2131261500769518,0.6188980137509549,0.447556167603329,1.943224212195409
dili_multiclass,44,2,svm_rbf,516,58,299,91,126,34,10,14,0.3364663254469633,0.018741812556982,0.5862068965517241,0.3333333333333333,0.2463768115942028,0.3333333333333333,0.4332833583208396,0.0,0.6887551990493167,0.5314434514056847,0.9253249443921598
dili_multiclass,44,2,xgb,516,58,299,91,126,34,10,14,4.696309641003609,0.0026245713233947,0.7068965517241379,0.5235294117647059,0.52,0.5235294117647059,0.6577188328912468,0.4430718233256327,0.6861100500806384,0.5237486728358517,0.9757196819566656
dili_multiclass,44,2,naive_bayes,516,58,299,91,126,34,10,14,0.0039460659027099,0.0014515090733766,0.2586206896551724,0.3431372549019607,0.1505030181086519,0.3431372549019607,0.1286893776451814,0.0813930320265965,0.5121620617944148,0.339809971175403,5.595483605984492
dili_multiclass,44,3,rf,516,58,299,91,126,34,10,14,0.2054035235196352,0.0577850826084613,0.5862068965517241,0.3753501400560224,0.3455732354141167,0.3753501400560224,0.4988393196302704,0.1126245612853021,0.6594039130803837,0.4923687833876871,0.922620807383463
dili_multiclass,44,3,lr,516,58,299,91,126,34,10,14,0.1117099598050117,0.0004989337176084,0.3620689655172414,0.2949579831932773,0.2937321937321937,0.2949579831932773,0.3709696433834365,-0.0800407322570184,0.5514350437144555,0.3853321437302219,2.040848082948398
dili_multiclass,44,3,svm_rbf,516,58,299,91,126,34,10,14,0.3397738877683878,0.0219051428139209,0.5689655172413793,0.3235294117647059,0.2417582417582417,0.3235294117647059,0.4251610458507009,-0.0813930320265965,0.5096187717511248,0.3903231854506337,0.9457497405217872
dili_multiclass,44,3,xgb,516,58,299,91,126,34,10,14,4.743764899671078,0.0026416163891553,0.603448275862069,0.4602240896358543,0.470995670995671,0.4602240896358543,0.5721450962830272,0.2304109154545159,0.6190317035905272,0.4726304600497533,1.1018001668308677
dili_multiclass,44,3,naive_bayes,516,58,299,91,126,34,10,14,0.003078568726778,0.0012781638652086,0.2586206896551724,0.3431372549019607,0.1505030181086519,0.3431372549019607,0.1286893776451814,0.0813930320265965,0.5121620617944148,0.339809971175403,5.595483605984492
dili_multiclass,44,4,rf,516,58,300,90,126,33,11,14,0.1775697339326143,0.0493568088859319,0.5689655172413793,0.347041847041847,0.2840909090909091,0.347041847041847,0.4439655172413793,0.0741944933027493,0.5923534739492186,0.4157472155276167,0.9647485844657822
dili_multiclass,44,4,lr,516,58,300,90,126,33,11,14,0.1008724179118871,0.0005093812942504,0.3793103448275862,0.2972582972582973,0.3035897435897436,0.2972582972582973,0.3870557029177719,-0.0515440844865508,0.4787617819532713,0.3517171220767035,2.9648723619754973
dili_multiclass,44,4,svm_rbf,516,58,300,90,126,33,11,14,0.3448107801377773,0.0188943091779947,0.5517241379310345,0.3232323232323232,0.237037037037037,0.3232323232323232,0.4045977011494253,-0.0825478635513586,0.5256361487212551,0.406431842853574,0.9800639541811303
dili_multiclass,44,4,xgb,516,58,300,90,126,33,11,14,4.530098147690296,0.0026379860937595,0.5862068965517241,0.4184704184704184,0.4104978354978355,0.4184704184704184,0.5273678907299597,0.1896221681200861,0.6163200392987628,0.4605744186794831,1.1915961857274158
dili_multiclass,44,4,naive_bayes,516,58,300,90,126,33,11,14,0.0032445099204778,0.0012639164924621,0.2413793103448276,0.3333333333333333,0.1296296296296296,0.3333333333333333,0.0938697318007662,0.0,0.5,0.3333333333333333,5.606446095657106
dili_multiclass,44,5,rf,517,57,300,91,126,33,10,14,0.1353367194533348,0.0522741824388504,0.5789473684210527,0.3607503607503607,0.313312693498452,0.3607503607503607,0.4739992395850306,0.0964937044321953,0.6504722241857324,0.5024116809809814,0.9182381966007298
dili_multiclass,44,5,lr,517,57,300,91,126,33,10,14,0.0962990783154964,0.0004761274904012,0.4035087719298245,0.3103896103896104,0.3160741745816373,0.3103896103896104,0.405621652503035,-0.0460476929132518,0.5739693118837107,0.4082610298299952,2.5763515042017096
dili_multiclass,44,5,svm_rbf,517,57,300,91,126,33,10,14,0.3487455025315285,0.0184961799532175,0.543859649122807,0.3131313131313131,0.2348484848484848,0.3131313131313131,0.4078947368421052,-0.1119265339775859,0.626947129693295,0.4322794366186791,0.9597792419158512
dili_multiclass,44,5,xgb,517,57,300,91,126,33,10,14,4.607927916571498,0.0027254819869995,0.6666666666666666,0.5167388167388167,0.5099900944649803,0.5167388167388167,0.630597294860693,0.377738365976019,0.6733536086579135,0.497669448206093,1.1178394867790955
dili_multiclass,44,5,naive_bayes,517,57,300,91,126,33,10,14,0.0030035376548767,0.0012917183339595,0.2456140350877192,0.3333333333333333,0.1314553990610328,0.3333333333333333,0.09686187299234,0.0,0.5,0.3333333333333333,5.6899602555109725
dili_multiclass,44,6,rf,517,57,300,91,126,33,10,14,0.1972880400717258,0.0643563736230135,0.5614035087719298,0.3506493506493506,0.3044559189137502,0.3506493506493506,0.4652997956739237,0.0665336912114234,0.6357930938707782,0.4558272511074882,0.9256428528606752
dili_multiclass,44,6,lr,517,57,300,91,126,33,10,14,0.1038483344018459,0.000520072877407,0.4385964912280701,0.3949494949494949,0.3862864266791335,0.3949494949494949,0.4502054575428754,0.0846721921154796,0.5464521633002583,0.4261972752616437,3.292505441286952
dili_multiclass,44,6,svm_rbf,517,57,300,91,126,33,10,14,0.3326605539768934,0.0187406316399574,0.5964912280701754,0.3571428571428571,0.2916354556803995,0.3571428571428571,0.462080294368881,0.1663342280285586,0.5519298865043546,0.4231578879724586,0.9513276750060404
dili_multiclass,44,6,xgb,517,57,300,91,126,33,10,14,6.028695788234472,0.0034079812467098,0.6491228070175439,0.5066378066378067,0.4974660043153194,0.5066378066378067,0.6114654391510916,0.343164097035001,0.6357441013180747,0.4919747320027164,1.1073492501800408
dili_multiclass,44,6,naive_bayes,517,57,300,91,126,33,10,14,0.0043049622327089,0.0014051813632249,0.5614035087719298,0.3232323232323232,0.2397003745318352,0.3232323232323232,0.4163217031342401,-0.0744126809601446,0.4952793646509628,0.332365003417635,5.137971764892206
dili_multiclass,44,7,rf,517,57,300,91,126,33,10,14,0.1840171180665493,0.0655181426554918,0.5964912280701754,0.3845598845598845,0.3460317460317461,0.3845598845598845,0.5010025062656641,0.1601022536800338,0.6025857405372497,0.4740547975102155,0.9361426876237736
dili_multiclass,44,7,lr,517,57,300,91,126,33,10,14,0.1171535495668649,0.0005001034587621,0.4736842105263157,0.4014430014430015,0.3962336396546922,0.4014430014430015,0.4782460537308182,0.1087424869553836,0.5505206157853362,0.4105014530083377,2.8492081193920047
dili_multiclass,44,7,svm_rbf,517,57,300,91,126,33,10,14,0.3361493982374668,0.0181221235543489,0.5964912280701754,0.3571428571428571,0.2916354556803995,0.3571428571428571,0.462080294368881,0.1663342280285586,0.5316084194362274,0.4164175609543835,0.9622987173535172
dili_multiclass,44,7,xgb,517,57,300,91,126,33,10,14,5.031582994386554,0.002590287476778,0.5789473684210527,0.3744588744588744,0.3409638554216867,0.3744588744588744,0.4922003804692453,0.1189207436508985,0.6743778885911493,0.5162059964401579,1.1090412103076543
dili_multiclass,44,7,naive_bayes,517,57,300,91,126,33,10,14,0.0028878077864646,0.001246141269803,0.2807017543859649,0.3535353535353535,0.1733609385783299,0.3535353535353535,0.1658348770476917,0.1186804810165806,0.5249451466670665,0.346943115364168,5.3616465335282175
dili_multiclass,44,8,rf,517,57,300,91,126,33,10,14,0.1620747279375791,0.0588919110596179,0.543859649122807,0.3542568542568542,0.3166666666666666,0.3542568542568542,0.4666666666666666,0.057415177457725,0.5160270502675254,0.3853129484279693,1.002771004324711
dili_multiclass,44,8,lr,517,57,300,91,126,33,10,14,0.1119562610983848,0.000503521412611,0.4912280701754385,0.4073593073593073,0.4099109429346788,0.4073593073593073,0.4857613302836268,0.0929366348142024,0.6054895280649858,0.4416378458999346,2.4304726383635984
dili_multiclass,44,8,svm_rbf,517,57,300,91,126,33,10,14,0.3429389763623476,0.0176896657794713,0.5789473684210527,0.347041847041847,0.2840909090909091,0.347041847041847,0.4517543859649123,0.0593402405082903,0.4845259634349194,0.3595416975671734,0.998499558795572
dili_multiclass,44,8,xgb,517,57,300,91,126,33,10,14,6.049615925177932,0.0959815699607133,0.4912280701754385,0.3608946608946609,0.3573903573903574,0.3608946608946609,0.4605224078908289,0.0216044772756364,0.5438872062202097,0.418964206693224,1.4105131790573184
dili_multiclass,44,8,naive_bayes,517,57,300,91,126,33,10,14,0.0031824838370084,0.0013228692114353,0.1578947368421052,0.3,0.0909090909090909,0.3,0.0478468899521531,-0.1335051040755536,0.4864018087855297,0.3323621553884712,22.178374307063503
dili_multiclass,44,9,rf,517,57,300,91,126,33,10,14,0.1943128351122141,0.0656439382582902,0.5789473684210527,0.347041847041847,0.2840909090909091,0.347041847041847,0.4517543859649123,0.0593402405082903,0.6759950652825468,0.5038772256700605,0.908649052210018
dili_multiclass,44,9,lr,517,57,300,91,126,33,10,14,0.1045885812491178,0.0004906859248876,0.5964912280701754,0.5239538239538238,0.5108225108225108,0.5239538239538238,0.5762132604237867,0.2747265599318635,0.6621677413612099,0.4920878380107593,1.756504716359767
dili_multiclass,44,9,svm_rbf,517,57,300,91,126,33,10,14,0.3439101502299309,0.018623137846589,0.5964912280701754,0.3571428571428571,0.2916354556803995,0.3571428571428571,0.462080294368881,0.1663342280285586,0.5601059188763295,0.4258360276314614,0.9491197117274002
dili_multiclass,44,9,xgb,517,57,300,91,126,33,10,14,4.852194767445326,0.0026731640100479,0.5789473684210527,0.4113997113997114,0.4087810923253961,0.4113997113997114,0.5266978191695048,0.1572231115652785,0.6529413500714837,0.4901765528652594,1.1498760555823333
dili_multiclass,44,9,naive_bayes,517,57,300,91,126,33,10,14,0.0038678590208292,0.0014223344624042,0.2807017543859649,0.3535353535353535,0.1733609385783299,0.3535353535353535,0.1658348770476917,0.1186804810165806,0.5249451466670665,0.346943115364168,5.3616465335282175
dili_multiclass,44,10,rf,517,57,300,91,126,33,10,14,0.1738655641674995,0.1267794724553823,0.5789473684210527,0.3744588744588744,0.3333333333333333,0.3744588744588744,0.4956140350877193,0.1435379436443125,0.7097899781967075,0.5579648461408917,0.8819360339135067
dili_multiclass,44,10,lr,517,57,300,91,126,33,10,14,0.1129441987723112,0.0004997309297323,0.5789473684210527,0.4852813852813853,0.4869262709011334,0.4852813852813853,0.575433083888039,0.257087087733557,0.5857163087247205,0.4692239455113505,2.5425688314381767
dili_multiclass,44,10,svm_rbf,517,57,300,91,126,33,10,14,0.3492682017385959,0.0212894603610038,0.5614035087719298,0.3369408369408369,0.2773471145564168,0.3369408369408369,0.4446711092977923,0.0213721256423886,0.6322595669948466,0.4830505308342983,0.9427713152731342
dili_multiclass,44,10,xgb,517,57,300,91,126,33,10,14,4.743260018527508,0.0030076056718826,0.631578947368421,0.4691197691197691,0.4606914606914607,0.4691197691197691,0.5899219057113794,0.3025510100077574,0.7166794949328349,0.557528624085731,1.0347509561251629
dili_multiclass,44,10,naive_bayes,517,57,300,91,126,33,10,14,0.0035176370292901,0.0012977682054042,0.2631578947368421,0.3434343434343434,0.1529411764705882,0.3434343434343434,0.1323013415892673,0.0831671140142793,0.5124725733335332,0.3400926558821296,5.525783393475873
dili_multiclass,45,1,rf,516,58,299,91,126,34,10,14,0.1607125401496887,0.0612880308181047,0.5172413793103449,0.2941176470588235,0.2325581395348837,0.2941176470588235,0.408981555733761,-0.1025372778997065,0.5949404761904762,0.4394215624074316,0.9585399948848023
dili_multiclass,45,1,lr,516,58,299,91,126,34,10,14,0.1205134876072406,0.0005286987870931,0.4655172413793103,0.4053221288515407,0.4034576534576535,0.4053221288515407,0.4734547062133269,0.0869340634087302,0.5733506281300399,0.4374998647669738,2.0038110001785343
dili_multiclass,45,1,svm_rbf,516,58,299,91,126,34,10,14,0.3371045477688312,0.0209516119211912,0.5862068965517241,0.3333333333333333,0.2463768115942028,0.3333333333333333,0.4332833583208396,0.0,0.5173467871997284,0.377289054614095,0.9658871674181152
dili_multiclass,45,1,xgb,516,58,299,91,126,34,10,14,4.735392110422254,0.0026911366730928,0.5172413793103449,0.3176470588235294,0.2805507745266781,0.3176470588235294,0.4342690960887886,-0.0271139690682872,0.5870135175282235,0.4302660218343168,1.2227018528675604
dili_multiclass,45,1,naive_bayes,516,58,299,91,126,34,10,14,0.0031439121812582,0.0013567488640546,0.2586206896551724,0.3431372549019607,0.1505030181086519,0.3431372549019607,0.1286893776451814,0.0813930320265965,0.5121620617944148,0.339809971175403,5.595483605984492
dili_multiclass,45,2,rf,516,58,299,91,126,34,10,14,0.177491046488285,0.050639571622014,0.6379310344827587,0.4047619047619047,0.3723287067636043,0.4047619047619047,0.533081113111653,0.294587926442136,0.5917255538579068,0.4833941415596595,0.9408917868938228
dili_multiclass,45,2,lr,516,58,299,91,126,34,10,14,0.1110738068819046,0.0004758052527904,0.4137931034482758,0.3288515406162465,0.3305728088336783,0.3288515406162465,0.4304276433211965,0.0259631066748386,0.5082802818096935,0.3760026640192316,2.9630468700800376
dili_multiclass,45,2,svm_rbf,516,58,299,91,126,34,10,14,0.3492900840938091,0.0219461880624294,0.5862068965517241,0.3333333333333333,0.2463768115942028,0.3333333333333333,0.4332833583208396,0.0,0.5596978185213479,0.4451196580979313,0.9454576641827326
dili_multiclass,45,2,xgb,516,58,299,91,126,34,10,14,10.970690157264473,0.0029888097196817,0.6551724137931034,0.4661064425770309,0.4672333086967233,0.4661064425770309,0.5959808344164947,0.3194867830787671,0.6070197776080128,0.4950146731877189,1.094181227704276
dili_multiclass,45,2,naive_bayes,516,58,299,91,126,34,10,14,0.0037074834108352,0.0014214999973773,0.1724137931034483,0.3098039215686274,0.1099567099567099,0.3098039215686274,0.0805194805194805,-0.0425951221294417,0.4984477124183006,0.3386191348892853,21.921392586841648
dili_multiclass,45,3,rf,516,58,299,91,126,34,10,14,0.1692032199352979,0.0564833953976631,0.6206896551724138,0.3809523809523809,0.3351851851851852,0.3809523809523809,0.503256704980843,0.2383727711035519,0.6544229055258467,0.4949932804895303,0.9009724334331056
dili_multiclass,45,3,lr,516,58,299,91,126,34,10,14,0.0931535251438617,0.0008416883647441,0.4137931034482758,0.3243697478991597,0.3239900196421936,0.3243697478991597,0.4113822209774234,-0.0401499357869855,0.5193494822171293,0.3767525054161475,2.23864370889252
dili_multiclass,45,3,svm_rbf,516,58,299,91,126,34,10,14,0.3547734674066305,0.0194579232484102,0.5689655172413793,0.3235294117647059,0.2417582417582417,0.3235294117647059,0.4251610458507009,-0.0813930320265965,0.5223171844495375,0.3860528542448642,0.9674689769803212
dili_multiclass,45,3,xgb,516,58,299,91,126,34,10,14,4.7450494933873415,0.0023141968995332,0.603448275862069,0.3851540616246498,0.3509803921568628,0.3851540616246498,0.5137931034482759,0.1714506417825008,0.688766339869281,0.5194858795613082,1.0292340532395574
dili_multiclass,45,3,naive_bayes,516,58,299,91,126,34,10,14,0.0036667678505182,0.0012903455644845,0.2413793103448276,0.3333333333333333,0.1296296296296296,0.3333333333333333,0.0938697318007662,0.0,0.5,0.3333333333333333,5.756976072158883
dili_multiclass,45,4,rf,516,58,300,90,126,33,11,14,0.1881867963820696,0.0660631004720926,0.603448275862069,0.4083694083694083,0.3702081051478642,0.4083694083694083,0.5127846810439248,0.2141329286536987,0.5332756132756132,0.3826066790732322,1.004147296747722
dili_multiclass,45,4,lr,516,58,300,90,126,33,11,14,0.1056203376501798,0.0006970651447772,0.4655172413793103,0.3477633477633478,0.3409387997623292,0.3477633477633478,0.4519577109840801,0.0543766036305526,0.504256240213687,0.3826789504907348,3.2121280818656905
dili_multiclass,45,4,svm_rbf,516,58,300,90,126,33,11,14,0.3545849118381738,0.02265658788383,0.5862068965517241,0.3708513708513708,0.320855614973262,0.3708513708513708,0.4705882352941176,0.1430653714158112,0.5757865892972276,0.4064987460491198,0.9565294479229948
dili_multiclass,45,4,xgb,516,58,300,90,126,33,11,14,4.67400074750185,0.0024025328457355,0.5689655172413793,0.4018759018759019,0.3782051282051282,0.4018759018759019,0.5090627763041556,0.1649609184115154,0.6072945258051642,0.4813564915866282,1.1598815376172351
dili_multiclass,45,4,naive_bayes,516,58,300,90,126,33,11,14,0.0034726727753877,0.0012885592877864,0.2413793103448276,0.3333333333333333,0.1296296296296296,0.3333333333333333,0.0938697318007662,0.0,0.5,0.3333333333333333,5.606446095657106
dili_multiclass,45,5,rf,517,57,300,91,126,33,10,14,0.1650399640202522,0.0477044619619846,0.543859649122807,0.3405483405483405,0.2972222222222222,0.3405483405483405,0.460672514619883,0.057415177457725,0.6569691876470699,0.4681005714710959,0.9108726877661072
dili_multiclass,45,5,lr,517,57,300,91,126,33,10,14,0.1084425207227468,0.0006608162075281,0.631578947368421,0.543001443001443,0.541801948051948,0.543001443001443,0.6405003987240829,0.3741727015462773,0.713491611289731,0.5829165061927709,1.9243538256274613
dili_multiclass,45,5,svm_rbf,517,57,300,91,126,33,10,14,0.3562165703624487,0.0190221015363931,0.5964912280701754,0.3571428571428571,0.2916354556803995,0.3571428571428571,0.462080294368881,0.1663342280285586,0.554668388129546,0.3981833177770131,0.9588946061435164
dili_multiclass,45,5,xgb,517,57,300,91,126,33,10,14,4.815890438854694,0.0026413239538669,0.5614035087719298,0.4054834054834055,0.3766513056835638,0.4054834054834055,0.525151588649042,0.1950826351933154,0.6836511661227149,0.5252009274494928,1.0082825715647388
dili_multiclass,45,5,naive_bayes,517,57,300,91,126,33,10,14,0.0040436498820781,0.0014137160032987,0.2807017543859649,0.3535353535353535,0.1733609385783299,0.3535353535353535,0.1658348770476917,0.1186804810165806,0.5249451466670665,0.346943115364168,5.3616465335282175
dili_multiclass,45,6,rf,517,57,300,91,126,33,10,14,0.192941777408123,0.0607287157326936,0.5964912280701754,0.3845598845598845,0.3460317460317461,0.3845598845598845,0.5010025062656641,0.1601022536800338,0.6589492210100819,0.5049001651663322,0.8987226309498337
dili_multiclass,45,6,lr,517,57,300,91,126,33,10,14,0.1153192091733217,0.0006328243762254,0.543859649122807,0.4090909090909091,0.4090909090909091,0.4090909090909091,0.543859649122807,0.2049356223175965,0.6253606730103515,0.4406244973897566,2.079392565179894
dili_multiclass,45,6,svm_rbf,517,57,300,91,126,33,10,14,0.3591486364603042,0.0216904561966657,0.5789473684210527,0.3333333333333333,0.2444444444444444,0.3333333333333333,0.4245614035087719,0.0,0.6509033872096712,0.4769752190580753,0.9361264530769472
dili_multiclass,45,6,xgb,517,57,300,91,126,33,10,14,4.872310563921928,0.0027022510766983,0.5964912280701754,0.4119769119769119,0.3927907840951319,0.4119769119769119,0.5372880361438714,0.2042805262747351,0.6990758174330663,0.5363248065909275,0.9938141594206272
dili_multiclass,45,6,naive_bayes,517,57,300,91,126,33,10,14,0.0036881789565086,0.0012475550174713,0.2456140350877192,0.3333333333333333,0.1314553990610328,0.3333333333333333,0.09686187299234,0.0,0.5,0.3333333333333333,5.6899602555109725
dili_multiclass,45,7,rf,517,57,300,91,126,33,10,14,0.1691368520259857,0.0550798177719116,0.631578947368421,0.4458874458874458,0.4239130434782609,0.4458874458874458,0.5623569794050343,0.2731411640448986,0.7169232379400613,0.5685307320833531,0.8628503152723281
dili_multiclass,45,7,lr,517,57,300,91,126,33,10,14,0.0951164606958627,0.0009276289492845,0.4210526315789473,0.3806637806637807,0.3732993606076631,0.3806637806637807,0.430787318760822,0.0441889462631725,0.5312907294475825,0.4119507598101355,3.241349538207451
dili_multiclass,45,7,svm_rbf,517,57,300,91,126,33,10,14,0.3619321249425411,0.0193156041204929,0.5789473684210527,0.347041847041847,0.2868686868686869,0.347041847041847,0.4538011695906432,0.0652904781535918,0.608114485254515,0.4700012709305511,0.9506763660338026
dili_multiclass,45,7,xgb,517,57,300,91,126,33,10,14,4.728805484250188,0.0028122458606958,0.5789473684210527,0.443001443001443,0.4322726482350895,0.443001443001443,0.5532584722107825,0.2229347575320632,0.6941573554636394,0.5514819575899973,1.0528982846918236
dili_multiclass,45,7,naive_bayes,517,57,300,91,126,33,10,14,0.0036509484052658,0.0013744346797466,0.5614035087719298,0.3232323232323232,0.2397003745318352,0.3232323232323232,0.4163217031342401,-0.0744126809601446,0.4952793646509628,0.332365003417635,5.137971764892206
dili_multiclass,45,8,rf,517,57,300,91,126,33,10,14,0.1787664797157049,0.0618981011211872,0.543859649122807,0.3405483405483405,0.296423790399694,0.3405483405483405,0.4513492566758261,0.0166334228028558,0.5693349460296516,0.4129899169832576,0.9822153140086796
dili_multiclass,45,8,lr,517,57,300,91,126,33,10,14,0.1098313629627227,0.000733034685254,0.4210526315789473,0.3067821067821067,0.3078244631185807,0.3067821067821067,0.4162130817239177,-0.02798294199511,0.5467054204065586,0.3865357054373404,2.892809487902912
dili_multiclass,45,8,svm_rbf,517,57,300,91,126,33,10,14,0.3499730993062258,0.0215925201773643,0.5789473684210527,0.3333333333333333,0.2444444444444444,0.3333333333333333,0.4245614035087719,0.0,0.4987792024531263,0.3641605512800874,0.97478122596054
dili_multiclass,45,8,xgb,517,57,300,91,126,33,10,14,4.822679959237576,0.0036019757390022,0.5087719298245614,0.3477633477633478,0.3209876543209876,0.3477633477633478,0.4587394411955816,0.0415645884885832,0.5764910419907946,0.4126317042217839,1.3883961020132376
dili_multiclass,45,8,naive_bayes,517,57,300,91,126,33,10,14,0.0036409273743629,0.0013387966901063,0.2456140350877192,0.3333333333333333,0.1314553990610328,0.3333333333333333,0.09686187299234,0.0,0.5,0.3333333333333333,5.6899602555109725
dili_multiclass,45,9,rf,517,57,300,91,126,33,10,14,0.1687508951872587,0.0440001003444194,0.6140350877192983,0.3809523809523809,0.3289989680082559,0.3809523809523809,0.5012438216283743,0.2122861497508297,0.7455981732453777,0.5340340630232853,0.8590728970690061
dili_multiclass,45,9,lr,517,57,300,91,126,33,10,14,0.1202366761863231,0.0006793607026338,0.543859649122807,0.4555555555555555,0.4500085338795016,0.4555555555555555,0.5503543805750937,0.229674897143457,0.6469795502205201,0.479400428866559,2.280224062962456
dili_multiclass,45,9,svm_rbf,517,57,300,91,126,33,10,14,0.3430813774466514,0.0188152454793453,0.5964912280701754,0.3571428571428571,0.2916354556803995,0.3571428571428571,0.462080294368881,0.1663342280285586,0.6421797794633025,0.4679701396865066,0.936996468415869
dili_multiclass,45,9,xgb,517,57,300,91,126,33,10,14,5.440516922622919,0.0024774447083473,0.6140350877192983,0.4083694083694083,0.3808992939427722,0.4083694083694083,0.5456199025993076,0.2434858798022096,0.6990753949808872,0.5119576592447707,0.9905930478219476
dili_multiclass,45,9,naive_bayes,517,57,300,91,126,33,10,14,0.0031545925885438,0.0012193191796541,0.2982456140350877,0.3636363636363636,0.1928104575163398,0.3636363636363636,0.1976264189886481,0.1466930006271584,0.5374177200005997,0.3538897749424065,5.197549211734185
dili_multiclass,45,10,rf,517,57,300,91,126,33,10,14,0.1666019614785909,0.0522976759821176,0.5789473684210527,0.347041847041847,0.285099052540913,0.347041847041847,0.458135001586654,0.0854885025695546,0.5926918867047516,0.4300571488144031,0.9821276445281968
dili_multiclass,45,10,lr,517,57,300,91,126,33,10,14,0.1057910602539777,0.0007483847439289,0.4385964912280701,0.4098124098124098,0.3846947493994938,0.4098124098124098,0.4420565608536987,0.0794015311325233,0.558291962769944,0.4110894026609317,2.74536001652958
dili_multiclass,45,10,svm_rbf,517,57,300,91,126,33,10,14,0.3499567080289125,0.0218807272613048,0.5789473684210527,0.347041847041847,0.285099052540913,0.347041847041847,0.458135001586654,0.0854885025695546,0.5046590465813622,0.3768561876215192,0.9869445556960224
dili_multiclass,45,10,xgb,517,57,300,91,126,33,10,14,16.456793637946248,0.0022966712713241,0.631578947368421,0.464935064935065,0.4802176970586436,0.464935064935065,0.5836173629818446,0.2776055409261749,0.6187182550987599,0.473138009856186,1.2036546077138202
dili_multiclass,45,10,naive_bayes,517,57,300,91,126,33,10,14,0.0029747541993856,0.0012556798756122,0.2280701754385964,0.3095238095238095,0.1238095238095238,0.3095238095238095,0.0912280701754386,-0.1159962379672842,0.4914935832489024,0.332609798305287,21.143154528887177
dili_multiclass,46,1,rf,516,58,299,91,126,34,10,14,0.1557058542966842,0.03245017118752,0.603448275862069,0.3571428571428571,0.2938973342145847,0.3571428571428571,0.4762859812658112,0.1485528859836412,0.593200386215092,0.4158311172407057,0.9489762247225366
dili_multiclass,46,1,lr,516,58,299,91,126,34,10,14,0.0966854151338338,0.0007700230926275,0.5517241379310345,0.4403361344537815,0.4425925925925926,0.4403361344537815,0.539272030651341,0.1786639135528853,0.5492546260928614,0.4246843196875969,2.479688143364175
dili_multiclass,46,1,svm_rbf,516,58,299,91,126,34,10,14,0.3417386244982481,0.0188228879123926,0.5862068965517241,0.3333333333333333,0.2490842490842491,0.3333333333333333,0.4380447139067829,0.042838437908735,0.5215442237501061,0.3721845984074692,0.965748974280896
dili_multiclass,46,1,xgb,516,58,299,91,126,34,10,14,5.2840520683676,0.0022268015891313,0.6206896551724138,0.4324929971988795,0.4333333333333333,0.4324929971988795,0.5724137931034483,0.2534171437945027,0.6326850437144556,0.4782763062139394,1.2722541687867448
dili_multiclass,46,1,naive_bayes,516,58,299,91,126,34,10,14,0.0031224321573972,0.0012181792408227,0.2413793103448276,0.319327731092437,0.1428571428571428,0.319327731092437,0.1231527093596059,-0.0243400697882524,0.503525273745862,0.3388667778061012,20.893657393901275
dili_multiclass,46,2,rf,516,58,299,91,126,34,10,14,0.1632632538676262,0.0631143655627965,0.6379310344827587,0.4187675070028011,0.3932244404113732,0.4187675070028011,0.5463420739720883,0.2721878179817705,0.6969834903658434,0.5606500421550987,0.8619755493946913
dili_multiclass,46,2,lr,516,58,299,91,126,34,10,14,0.1063022501766681,0.0009398646652698,0.4827586206896552,0.396078431372549,0.3906169994879672,0.396078431372549,0.4918096827162456,0.1291801551203992,0.5867827434003904,0.4579449721650583,2.628743543914227
dili_multiclass,46,2,svm_rbf,516,58,299,91,126,34,10,14,0.3444127272814512,0.0227631740272045,0.5862068965517241,0.3473389355742297,0.2861111111111111,0.3473389355742297,0.4600574712643677,0.0611212233598851,0.5871201510907392,0.4464939474430722,0.9465202809698938
dili_multiclass,46,2,xgb,516,58,299,91,126,34,10,14,5.098413033410907,0.0022716969251632,0.7241379310344828,0.5613445378151262,0.5614174854681183,0.5613445378151262,0.6733585053096184,0.4818204977575366,0.7495522451404805,0.6480440485932347,0.8587032939850959
dili_multiclass,46,2,naive_bayes,516,58,299,91,126,34,10,14,0.0036865063011646,0.0012466516345739,0.2413793103448276,0.3333333333333333,0.1296296296296296,0.3333333333333333,0.0938697318007662,0.0,0.5,0.3333333333333333,5.756976072158883
dili_multiclass,46,3,rf,516,58,299,91,126,34,10,14,0.1465432234108448,0.0593747701495885,0.6206896551724138,0.4089635854341737,0.3751803751803752,0.4089635854341737,0.5344081206150172,0.223161948436837,0.6469919786096257,0.5135288386872948,0.9045448952328188
dili_multiclass,46,3,lr,516,58,299,91,126,34,10,14,0.1005397252738475,0.0005159433931112,0.4310344827586206,0.3761904761904762,0.3677729677729678,0.3761904761904762,0.4386226800019903,0.0493557551712696,0.5226126814362108,0.3884037330298959,2.1941250285587985
dili_multiclass,46,3,svm_rbf,516,58,299,91,126,34,10,14,0.3410177920013666,0.0221636854112148,0.603448275862069,0.3571428571428571,0.2935286935286935,0.3571428571428571,0.4702286219527599,0.1670699078440665,0.5242339359986419,0.3883108485566169,0.9475275751640436
dili_multiclass,46,3,xgb,516,58,299,91,126,34,10,14,5.308989306911826,0.0025864485651254,0.603448275862069,0.488235294117647,0.493615761880602,0.488235294117647,0.585835126576742,0.2610604503526583,0.7091943595620066,0.5512452919058478,0.9174744775927872
dili_multiclass,46,3,naive_bayes,516,58,299,91,126,34,10,14,0.0033418964594602,0.0012379642575979,0.5689655172413793,0.3235294117647059,0.2417582417582417,0.3235294117647059,0.4251610458507009,-0.0728253444448495,0.4954136957813428,0.3323962373818251,5.046919196268769
dili_multiclass,46,4,rf,516,58,300,90,126,33,11,14,0.1555310431867838,0.0494197718799114,0.5689655172413793,0.3607503607503607,0.3116219667943806,0.3607503607503607,0.4591095256969216,0.0826352556737793,0.6006984741027294,0.4536749611388969,0.962513224882944
dili_multiclass,46,4,lr,516,58,300,90,126,33,11,14,0.1085938848555088,0.0005044918507337,0.4827586206896552,0.4054834054834055,0.3995189995189994,0.4054834054834055,0.486953276608449,0.1351933596311609,0.5639347886156396,0.3949081472286933,2.3542407162311174
dili_multiclass,46,4,svm_rbf,516,58,300,90,126,33,11,14,0.3204230591654777,0.0184115804731845,0.5689655172413793,0.347041847041847,0.2813670411985018,0.347041847041847,0.4393161565284773,0.0573790354894714,0.4623843296183722,0.3787287157798255,1.005191301993369
dili_multiclass,46,4,xgb,516,58,300,90,126,33,11,14,6.879075342789292,0.0024879332631826,0.5862068965517241,0.4047619047619047,0.3877401263202034,0.4047619047619047,0.5221878210984924,0.1959121598433131,0.671118479629118,0.4732999453829563,1.1731562006935403
dili_multiclass,46,4,naive_bayes,516,58,300,90,126,33,11,14,0.0046362746506929,0.0013257730752229,0.2068965517241379,0.3232323232323232,0.1391053391053391,0.3232323232323232,0.122495894909688,0.0136023237721707,0.5120921985815602,0.3456654484125199,21.04983291757648
dili_multiclass,46,5,rf,517,57,300,91,126,33,10,14,0.1355671230703592,0.0477513130754232,0.6140350877192983,0.3946608946608946,0.359173126614987,0.3946608946608946,0.5127158982728138,0.2137212564238865,0.5113601377455905,0.442470370239265,0.981340370513758
dili_multiclass,46,5,lr,517,57,300,91,126,33,10,14,0.0958916153758764,0.0005668196827173,0.4561403508771929,0.3829725829725829,0.3666578831796223,0.3829725829725829,0.4497330282227307,0.0629372905830829,0.5363751080228072,0.3874896431766272,3.518920126652881
dili_multiclass,46,5,svm_rbf,517,57,300,91,126,33,10,14,0.3526734560728073,0.0217504631727933,0.5614035087719298,0.3232323232323232,0.2397003745318352,0.3232323232323232,0.4163217031342401,-0.0831671140142793,0.5477836076178481,0.3947051741934248,0.969676186654697
dili_multiclass,46,5,xgb,517,57,300,91,126,33,10,14,10.125618617981672,0.0027749687433242,0.5614035087719298,0.378066378066378,0.3574990410433448,0.378066378066378,0.4997072658631619,0.1166723542837361,0.5398012963450866,0.4222658947637995,1.274310672887076
dili_multiclass,46,5,naive_bayes,517,57,300,91,126,33,10,14,0.0029302984476089,0.0012451894581317,0.2456140350877192,0.3333333333333333,0.1314553990610328,0.3333333333333333,0.09686187299234,0.0,0.5,0.3333333333333333,5.6899602555109725
dili_multiclass,46,6,rf,517,57,300,91,126,33,10,14,0.17666831985116,0.0507821142673492,0.5614035087719298,0.3232323232323232,0.2397003745318352,0.3232323232323232,0.4163217031342401,-0.0831671140142793,0.6175357876495927,0.4238833792351861,0.9257814567716266
dili_multiclass,46,6,lr,517,57,300,91,126,33,10,14,0.1188559271395206,0.0004902835935354,0.4561403508771929,0.3639249639249639,0.3642776976110309,0.3639249639249639,0.4570685974194746,0.0540975524319992,0.5965430797692054,0.4302500139662941,2.148190824091936
dili_multiclass,46,6,svm_rbf,517,57,300,91,126,33,10,14,0.3495198357850313,0.0187359433621168,0.5789473684210527,0.3333333333333333,0.2444444444444444,0.3333333333333333,0.4245614035087719,0.0,0.6039634463434562,0.4557590371728047,0.9539254806501514
dili_multiclass,46,6,xgb,517,57,300,91,126,33,10,14,6.549202971160412,0.0025744084268808,0.5964912280701754,0.4405483405483405,0.4395299145299145,0.4405483405483405,0.5454116059379218,0.2108673236071346,0.6190004888545215,0.5044174668817355,1.1807069392242495
dili_multiclass,46,6,naive_bayes,517,57,300,91,126,33,10,14,0.0039778687059879,0.0012986902147531,0.2456140350877192,0.3333333333333333,0.1314553990610328,0.3333333333333333,0.09686187299234,0.0,0.5,0.3333333333333333,5.6899602555109725
dili_multiclass,46,7,rf,517,57,300,91,126,33,10,14,0.1785209663212299,0.0501201059669256,0.543859649122807,0.3542568542568542,0.3166666666666666,0.3542568542568542,0.4666666666666666,0.057415177457725,0.690329206868049,0.4941059469205149,0.9076891994186438
dili_multiclass,46,7,lr,517,57,300,91,126,33,10,14,0.1091072522103786,0.0006247088313102,0.4561403508771929,0.3776334776334777,0.3773581402257873,0.3776334776334777,0.4594581652437689,0.0657407059601176,0.5554362574402159,0.3807907191951323,3.022669756493806
dili_multiclass,46,7,svm_rbf,517,57,300,91,126,33,10,14,0.3641526661813259,0.0227325372397899,0.543859649122807,0.3131313131313131,0.2348484848484848,0.3131313131313131,0.4078947368421052,-0.1186804810165806,0.6490475309871648,0.4654234487181516,0.9485227610978898
dili_multiclass,46,7,xgb,517,57,300,91,126,33,10,14,9.98639975860715,0.0029613580554723,0.5789473684210527,0.3881673881673881,0.3603418803418803,0.3881673881673881,0.5232928475033739,0.1884869916348166,0.6761371579654608,0.4601123470036221,1.0280971268447938
dili_multiclass,46,7,naive_bayes,517,57,300,91,126,33,10,14,0.0032771434634923,0.0012861881405115,0.2456140350877192,0.3333333333333333,0.1314553990610328,0.3333333333333333,0.09686187299234,0.0,0.5,0.3333333333333333,5.6899602555109725
dili_multiclass,46,8,rf,517,57,300,91,126,33,10,14,0.1889975257217884,0.0457152426242828,0.5964912280701754,0.3708513708513708,0.3236421005183683,0.3708513708513708,0.4836838546670937,0.1466930006271584,0.7442362171704081,0.5905356844497333,0.8519890232119952
dili_multiclass,46,8,lr,517,57,300,91,126,33,10,14,0.1053009424358606,0.0006817262619733,0.5087719298245614,0.4311688311688311,0.430546265328874,0.4311688311688311,0.5143225957871268,0.1583814411318524,0.6544788142017237,0.4713486704450063,2.2448981106584958
dili_multiclass,46,8,svm_rbf,517,57,300,91,126,33,10,14,0.3509392645210027,0.0192909408360719,0.5789473684210527,0.3333333333333333,0.2444444444444444,0.3333333333333333,0.4245614035087719,0.0,0.6244264229914899,0.5095325901076158,0.939346203155034
dili_multiclass,46,8,xgb,517,57,300,91,126,33,10,14,5.180396854877472,0.0028291400521993,0.6666666666666666,0.4756132756132756,0.4823848238482385,0.4756132756132756,0.6039081443446013,0.3626029863657047,0.7251693021732605,0.5633214494101065,1.0065043384006542
dili_multiclass,46,8,naive_bayes,517,57,300,91,126,33,10,14,0.00317869707942,0.0012109652161598,0.2807017543859649,0.3535353535353535,0.1733609385783299,0.3535353535353535,0.1658348770476917,0.1186804810165806,0.5249451466670665,0.346943115364168,5.3616465335282175
dili_multiclass,46,9,rf,517,57,300,91,126,33,10,14,0.1808738056570291,0.0455470085144043,0.5789473684210527,0.3744588744588744,0.3348115299334811,0.3744588744588744,0.4906056716069552,0.1257368576804215,0.6768605864969052,0.5118544749853561,0.9063624453320072
dili_multiclass,46,9,lr,517,57,300,91,126,33,10,14,0.0974614974111318,0.0004942640662193,0.4385964912280701,0.3264069264069264,0.3290063094489239,0.3264069264069264,0.4357863836694727,0.0070892800326336,0.5341198381401252,0.4174263517940442,2.640187534946718
dili_multiclass,46,9,svm_rbf,517,57,300,91,126,33,10,14,0.3394097276031971,0.0182444266974926,0.5789473684210527,0.347041847041847,0.2840909090909091,0.347041847041847,0.4517543859649123,0.0593402405082903,0.5117096246982441,0.4028471871919781,0.9789700560125518
dili_multiclass,46,9,xgb,517,57,300,91,126,33,10,14,19.90228870138526,0.0027904640883207,0.6140350877192983,0.459018759018759,0.4603729603729604,0.459018759018759,0.5708502024291499,0.2489846848804283,0.6591640825683379,0.533486145589226,1.0998476086447382
dili_multiclass,46,9,naive_bayes,517,57,300,91,126,33,10,14,0.0039665251970291,0.0014452282339334,0.2807017543859649,0.3535353535353535,0.1733609385783299,0.3535353535353535,0.1658348770476917,0.1186804810165806,0.5249451466670665,0.346943115364168,5.3616465335282175
dili_multiclass,46,10,rf,517,57,300,91,126,33,10,14,0.1431344505399465,0.0500956904143095,0.5789473684210527,0.3607503607503607,0.3162071846282372,0.3607503607503607,0.4790265136525524,0.1095882169830287,0.5987959458394887,0.429306310208763,0.929045058439454
dili_multiclass,46,10,lr,517,57,300,91,126,33,10,14,0.1057202611118555,0.0006721392273902,0.5964912280701754,0.4668109668109668,0.4415458937198067,0.4668109668109668,0.5668954996186119,0.2696285412939527,0.6244001357559001,0.4627353435642004,1.6374238356331738
dili_multiclass,46,10,svm_rbf,517,57,300,91,126,33,10,14,0.3521488793194294,0.0205102711915969,0.5789473684210527,0.3333333333333333,0.2444444444444444,0.3333333333333333,0.4245614035087719,0.0,0.6333431270838494,0.4273573524350095,0.9442883462043844
dili_multiclass,46,10,xgb,517,57,300,91,126,33,10,14,4.811858823522925,0.0040004085749387,0.6140350877192983,0.459018759018759,0.454017094017094,0.459018759018759,0.5726315789473684,0.2608355338784836,0.6990949705818582,0.5314051470318532,1.0124636027157157
dili_multiclass,46,10,naive_bayes,517,57,300,91,126,33,10,14,0.0034681558609008,0.0013869758695363,0.2456140350877192,0.3333333333333333,0.1314553990610328,0.3333333333333333,0.09686187299234,0.0,0.5,0.3333333333333333,5.6899602555109725
dili_multiclass,42,1,orf_style,516,58,299,91,126,34,10,14,295.9804227743298,0.0606632195413112,0.5689655172413793,0.3941176470588235,0.35,0.3941176470588235,0.4913793103448275,0.1501052970383264,0.6891247029114677,0.5596518681313251,0.9474055059657658
dili_multiclass,42,1,bworf_no_mi,516,58,299,91,126,34,10,14,309.0645937193185,0.0601022932678461,0.5689655172413793,0.5487394957983194,0.5212853850502239,0.5487394957983194,0.5863673372688791,0.3161454479991276,0.6647599949070537,0.5302493940953648,1.0169938839697088
dili_multiclass,42,1,bworf_mi,516,58,299,91,126,34,10,14,370.0527655147016,0.1002779863774776,0.5344827586206896,0.4820728291316526,0.4704041527623284,0.4820728291316526,0.5521614053929653,0.2408255293535674,0.652571407350819,0.5028610712126674,0.9891603724811372
dili_multiclass,42,2,orf_style,516,58,299,91,126,34,10,14,286.4857469070703,0.0602210965007543,0.5862068965517241,0.361344537815126,0.3250544662309368,0.361344537815126,0.4950191570881226,0.1279591843396459,0.6157862766318648,0.4190695164991012,0.9740950441164186
dili_multiclass,42,2,bworf_no_mi,516,58,299,91,126,34,10,14,304.7698557525873,0.0587805807590484,0.5344827586206896,0.3929971988795517,0.3918099918099918,0.3929971988795517,0.5122426501736846,0.1292124924333433,0.6525310881928529,0.4525788123450327,0.9575307339406012
dili_multiclass,42,2,bworf_mi,516,58,299,91,126,34,10,14,446.059221195057,0.097669567912817,0.5172413793103449,0.4862745098039216,0.4684672815107598,0.4862745098039216,0.5336377265912498,0.2264582607632322,0.6672825948561242,0.5379464094190247,0.9553700742401134
dili_multiclass,42,3,orf_style,516,58,299,91,126,34,10,14,276.1328108496964,0.0609931927174329,0.5,0.3123249299719888,0.2884920634920635,0.3123249299719888,0.4416666666666667,-0.0200236507747762,0.6193216301672184,0.4514766438469713,1.0324097553070462
dili_multiclass,42,3,bworf_no_mi,516,58,299,91,126,34,10,14,281.2076571919024,0.0595674514770507,0.5517241379310345,0.5198879551820729,0.5014075178009604,0.5198879551820729,0.5641262826113024,0.2735302308707185,0.6059736015618369,0.4330433231447363,1.657330566019067
dili_multiclass,42,3,bworf_mi,516,58,299,91,126,34,10,14,309.00961431115866,0.0999743640422821,0.5,0.4294117647058824,0.419922913343966,0.4294117647058824,0.5050802947808393,0.1556277027814674,0.5759302584670232,0.449459544470065,0.9993786900903806
dili_multiclass,42,4,orf_style,516,58,300,90,126,33,11,14,286.6947311926633,0.0619105268269777,0.4827586206896552,0.3304473304473305,0.3189383715699505,0.3304473304473305,0.4355018846851878,-0.0121448526699112,0.5476805286911669,0.3955839570707598,1.7311763902740296
dili_multiclass,42,4,bworf_no_mi,516,58,300,90,126,33,11,14,285.2560684718192,0.0590157154947519,0.4137931034482758,0.3376623376623377,0.3447424435930182,0.3376623376623377,0.4390584401285947,0.0590839188984887,0.5688794479751927,0.4403945156468973,1.1611342301716951
dili_multiclass,42,4,bworf_mi,516,58,300,90,126,33,11,14,454.3502330761403,0.0984636545181274,0.4310344827586206,0.3412698412698413,0.3390278898753475,0.3412698412698413,0.4515645728386815,0.0857274758915098,0.5912349943201006,0.4502950247374264,1.0209089929044823
dili_multiclass,42,5,orf_style,517,57,300,91,126,33,10,14,281.5812138635665,0.0579629223793745,0.5263157894736842,0.3494949494949495,0.3060736489717838,0.3494949494949495,0.4366583603916534,0.0073793500082498,0.5855071443208505,0.4215306375713101,1.033775735752826
dili_multiclass,42,5,bworf_no_mi,517,57,300,91,126,33,10,14,300.383469812572,0.0596712492406368,0.4385964912280701,0.413997113997114,0.4002886002886002,0.413997113997114,0.4654970760233918,0.1330568102974442,0.586437696395638,0.4230556536435163,1.1746660586195314
dili_multiclass,42,5,bworf_mi,517,57,300,91,126,33,10,14,335.81782247312367,0.0958967432379722,0.4385964912280701,0.3717171717171717,0.3583652618135376,0.3717171717171717,0.4524433689587954,0.0984607616538599,0.5621105972664607,0.447565676239848,1.0525791405159797
dili_multiclass,42,6,orf_style,517,57,300,91,126,33,10,14,315.2679512836039,0.0592320598661899,0.5263157894736842,0.33997113997114,0.3109756097560975,0.33997113997114,0.44801026957638,0.0040741908580416,0.62553232842075,0.457863850528696,0.9976450502291712
dili_multiclass,42,6,bworf_no_mi,517,57,300,91,126,33,10,14,312.71427648328245,0.0591895710676908,0.4912280701754385,0.4389610389610389,0.4305263157894736,0.4389610389610389,0.516528162511542,0.2020346422122091,0.6210323469848457,0.469156853569824,1.07290726926003
dili_multiclass,42,6,bworf_mi,517,57,300,91,126,33,10,14,338.32111199200153,0.095894630998373,0.4912280701754385,0.402020202020202,0.3949896342717878,0.402020202020202,0.5103503191344929,0.1779375521268439,0.5300634642173484,0.378998958919037,1.0736221015513203
dili_multiclass,42,7,orf_style,517,57,300,91,126,33,10,14,274.5182226411998,0.0589416567236185,0.4912280701754385,0.3197691197691197,0.2956620060119688,0.3197691197691197,0.4294682267014437,-0.0313023389541731,0.5764147685473762,0.4632215236903215,1.1014107408134466
dili_multiclass,42,7,bworf_no_mi,517,57,300,91,126,33,10,14,292.61784230545163,0.0608417876064777,0.4561403508771929,0.441991341991342,0.4203574203574203,0.441991341991342,0.4753608964135279,0.1649201979316303,0.5269587530782484,0.418038213524803,1.2320537452924305
dili_multiclass,42,7,bworf_mi,517,57,300,91,126,33,10,14,280.86856923252344,0.1022555492818355,0.4385964912280701,0.3347763347763348,0.3222222222222222,0.3347763347763348,0.4485380116959063,0.0761511465340915,0.5611137320996301,0.4381619086006578,1.049872416398424
dili_multiclass,42,8,orf_style,517,57,300,91,126,33,10,14,294.40092766471207,0.060220755636692,0.543859649122807,0.3268398268398268,0.2751322751322751,0.3268398268398268,0.440824282929546,0.007394132200657,0.4590607662354322,0.3672119292735356,1.6801025428219825
dili_multiclass,42,8,bworf_no_mi,517,57,300,91,126,33,10,14,278.7350595612079,0.0589938256889581,0.4035087719298245,0.324098124098124,0.3206618240516545,0.324098124098124,0.4213499851323223,0.0303156724363625,0.4627021522927015,0.3677481827570059,1.7517569198411187
dili_multiclass,42,8,bworf_mi,517,57,300,91,126,33,10,14,320.720733853057,0.099030464887619,0.3859649122807017,0.313997113997114,0.3103013945119208,0.313997113997114,0.3853588086275066,-0.061834953742428,0.4915515692729943,0.4503907701406202,1.0762065990324403
dili_multiclass,42,9,orf_style,517,57,300,91,126,33,10,14,295.97013132832944,0.0599014088511467,0.4561403508771929,0.2995670995670995,0.2803412274000509,0.2995670995670995,0.4073418841220698,-0.0747621573903699,0.5171085278457866,0.3481391399454561,1.1371933825391096
dili_multiclass,42,9,bworf_no_mi,517,57,300,91,126,33,10,14,284.5417537465692,0.0588342975825071,0.3508771929824561,0.336075036075036,0.315025834380673,0.336075036075036,0.3715902659875495,0.00401680936747,0.5046382631241612,0.3451460751290711,1.262564638507303
dili_multiclass,42,9,bworf_mi,517,57,300,91,126,33,10,14,330.9009638968855,0.100103061646223,0.4210526315789473,0.3806637806637807,0.3722222222222222,0.3806637806637807,0.4345029239766081,0.0575546241607762,0.5593479206665748,0.4433306621538797,1.0607203117168256
dili_multiclass,42,10,orf_style,517,57,300,91,126,33,10,14,288.8339834343642,0.0596428718417882,0.4561403508771929,0.29004329004329,0.2630992196209588,0.29004329004329,0.3989907880068064,-0.1093623019450602,0.4197557679002508,0.3404336062580466,1.250480061812456
dili_multiclass,42,10,bworf_no_mi,517,57,300,91,126,33,10,14,288.37256425991654,0.0604649502784013,0.4210526315789473,0.3848484848484848,0.3755847153878864,0.3848484848484848,0.4345422513820545,0.0669091834788168,0.4598642821799674,0.3640697603963486,1.286829090203083
dili_multiclass,42,10,bworf_mi,517,57,300,91,126,33,10,14,349.5414530504495,0.0976828876882791,0.3859649122807017,0.3414141414141414,0.3232021495179389,0.3414141414141414,0.3948740984752065,0.0204925777541529,0.5329023428602845,0.3899098447454669,1.1113964780209158
dili_multiclass,43,1,orf_style,516,58,299,91,126,34,10,14,285.798525204882,0.0594949834048748,0.5172413793103449,0.3081232492997198,0.2718253968253968,0.3081232492997198,0.4349343185550082,-0.0382413915768705,0.4911820409982175,0.3517952517924061,1.16745658251327
dili_multiclass,43,1,bworf_no_mi,516,58,299,91,126,34,10,14,293.1138180848211,0.0599539615213871,0.4655172413793103,0.3397759103641456,0.3341437861985807,0.3397759103641456,0.4467156210188803,0.0123861622523565,0.5242421589848061,0.3721781039140957,1.1474223183791616
dili_multiclass,43,1,bworf_mi,516,58,299,91,126,34,10,14,404.0680695734918,0.0972238779067993,0.4310344827586206,0.3946778711484593,0.3579709427925923,0.3946778711484593,0.4294658439345113,0.0948791906878384,0.5255854235633647,0.3734728637533711,1.0530540643214574
dili_multiclass,43,2,orf_style,516,58,299,91,126,34,10,14,317.75378508493304,0.0608063153922557,0.603448275862069,0.4417366946778711,0.438634713144517,0.4417366946778711,0.5487191045000376,0.2119650381143692,0.6838606654783126,0.5058785916079686,0.9220709307390516
dili_multiclass,43,2,bworf_no_mi,516,58,299,91,126,34,10,14,312.28620819188654,0.0588706824928522,0.5517241379310345,0.515406162464986,0.5054545454545455,0.515406162464986,0.5578683385579938,0.2376355765280547,0.6751498705542822,0.5126478206725501,1.000543028840557
dili_multiclass,43,2,bworf_mi,516,58,299,91,126,34,10,14,349.4973136931658,0.1007320489734411,0.4310344827586206,0.3952380952380952,0.37960834397616,0.3952380952380952,0.4498568723301184,0.0912303267583193,0.6014193935149817,0.4373228905206027,1.0268213408840847
dili_multiclass,43,3,orf_style,516,58,299,91,126,34,10,14,320.5947861317545,0.0585379060357809,0.5689655172413793,0.3845938375350139,0.3609710550887021,0.3845938375350139,0.4914710711870955,0.1042046755913561,0.6187942980222392,0.4618610218568613,1.0226747222130976
dili_multiclass,43,3,bworf_no_mi,516,58,299,91,126,34,10,14,308.42476826533675,0.0593063719570636,0.4310344827586206,0.4047619047619047,0.376903460837887,0.4047619047619047,0.4421405690597323,0.0885367481581226,0.628342511246923,0.4719898223735435,1.099176355602437
dili_multiclass,43,3,bworf_mi,516,58,299,91,126,34,10,14,348.60192684084177,0.1009698119014501,0.5517241379310345,0.4683473389355743,0.4647375612892854,0.4683473389355743,0.561757148915294,0.2393440195844819,0.6061696269416857,0.4568653821224193,1.0203609991992442
dili_multiclass,43,4,orf_style,516,58,300,90,126,33,11,14,282.2406761497259,0.0594302844256162,0.5,0.3131313131313131,0.2693089430894309,0.3131313131313131,0.4122687132043734,-0.0342362372606961,0.5127892910871634,0.4035405964040717,1.118643469072357
dili_multiclass,43,4,bworf_no_mi,516,58,300,90,126,33,11,14,273.6303669642657,0.0600332729518413,0.396551724137931,0.3275613275613275,0.332176829444589,0.3275613275613275,0.4157417128021989,0.0201142953668445,0.4908914371680329,0.3726380138479614,1.2107993578805694
dili_multiclass,43,4,bworf_mi,516,58,300,90,126,33,11,14,364.6041375752538,0.0975744351744651,0.5517241379310345,0.4862914862914863,0.4873496873496874,0.4862914862914863,0.5610091058366922,0.2517913500937235,0.6092396610481717,0.4326545255978883,1.0033385965772434
dili_multiclass,43,5,orf_style,517,57,300,91,126,33,10,14,311.2330894898623,0.0600388720631599,0.4736842105263157,0.2864357864357864,0.2555555555555555,0.2864357864357864,0.4105263157894737,-0.0614176670700392,0.635497555846393,0.4618813564338313,1.5887144812062113
dili_multiclass,43,5,bworf_no_mi,517,57,300,91,126,33,10,14,294.72826803289354,0.0580488704144954,0.543859649122807,0.5252525252525252,0.51059424283468,0.5252525252525252,0.5578867068657117,0.2594816030570014,0.662074706681337,0.4791664337979541,1.1000689796079597
dili_multiclass,43,5,bworf_mi,517,57,300,91,126,33,10,14,366.3327328674495,0.100104559212923,0.5614035087719298,0.5395382395382397,0.5168035030103996,0.5395382395382397,0.5724598853455478,0.3034937006548818,0.6579965913464182,0.499836401924786,0.9801088664210456
dili_multiclass,43,6,orf_style,517,57,300,91,126,33,10,14,294.48441502451897,0.0604723859578371,0.5964912280701754,0.431024531024531,0.434010434010434,0.431024531024531,0.5476102844523897,0.2061249338871915,0.6061736447436595,0.4615756339247316,1.0166863297991724
dili_multiclass,43,6,bworf_no_mi,517,57,300,91,126,33,10,14,282.4957600925118,0.0591260604560375,0.4561403508771929,0.4240981240981241,0.4128454898233942,0.4240981240981241,0.4655854413891702,0.1046145592572262,0.5802114295805537,0.4546115277978104,1.136882963647943
dili_multiclass,43,6,bworf_mi,517,57,300,91,126,33,10,14,407.45681135356426,0.0961617734283208,0.4035087719298245,0.3336219336219336,0.3400455160890732,0.3336219336219336,0.4397108924761995,0.0669685437645723,0.529010484311078,0.4238392559210912,1.081776317520564
dili_multiclass,43,7,orf_style,517,57,300,91,126,33,10,14,283.37719447538257,0.0591080039739608,0.5263157894736842,0.33997113997114,0.3110107095046854,0.33997113997114,0.4447086591981962,-0.0155375773212195,0.5325418781010073,0.4085789626412579,1.1032768018528998
dili_multiclass,43,7,bworf_no_mi,517,57,300,91,126,33,10,14,293.41597429290414,0.0608596242964267,0.3859649122807017,0.3235209235209235,0.3249108713589588,0.3235209235209235,0.4034751771306273,-0.0061537976033662,0.5368878072923101,0.395913457023771,1.1871929021142802
dili_multiclass,43,7,bworf_mi,517,57,300,91,126,33,10,14,245.81392753869292,0.1006654147058725,0.4385964912280701,0.4372294372294372,0.4219681603048743,0.4372294372294372,0.4514397740617448,0.1015723204549424,0.6064640657416511,0.5340111406828213,1.019852404574652
dili_multiclass,43,8,orf_style,517,57,300,91,126,33,10,14,298.4517559725791,0.0598657801747322,0.543859649122807,0.3733044733044733,0.3476495726495727,0.3733044733044733,0.4814439946018893,0.1065832000869392,0.6204405271822392,0.4922129639137025,1.0453722070520162
dili_multiclass,43,8,bworf_no_mi,517,57,300,91,126,33,10,14,281.0498178433627,0.0593443531543016,0.4736842105263157,0.4341991341991342,0.4284271284271284,0.4341991341991342,0.5129566340092656,0.2015983898850745,0.6213913748117114,0.4817438687199021,1.07202946306484
dili_multiclass,43,8,bworf_mi,517,57,300,91,126,33,10,14,265.98948657140136,0.0990534070879221,0.4035087719298245,0.3747474747474748,0.3595583160800552,0.3747474747474748,0.4432094729577567,0.1338450978732158,0.5259431244896361,0.4158406471646267,1.0667696468092018
dili_multiclass,43,9,orf_style,517,57,300,91,126,33,10,14,303.2552137412131,0.0602660328149795,0.5614035087719298,0.3369408369408369,0.2847545219638243,0.3369408369408369,0.4501291989664082,0.0346261743958057,0.5946230703157966,0.4794803975761915,1.0494277415844258
dili_multiclass,43,9,bworf_no_mi,517,57,300,91,126,33,10,14,303.8022013679147,0.059630686417222,0.4912280701754385,0.402020202020202,0.3972222222222222,0.402020202020202,0.4940058479532163,0.13121178149228,0.5743999572549795,0.4489427041727197,1.0736785084055172
dili_multiclass,43,9,bworf_mi,517,57,300,91,126,33,10,14,314.9346554391086,0.1007607914507389,0.4912280701754385,0.4675324675324675,0.4477567667779014,0.4675324675324675,0.508752414963995,0.1931232637470305,0.7195836721875812,0.5520085075646979,0.9307217934138632
dili_multiclass,43,10,orf_style,517,57,300,91,126,33,10,14,266.14580068923533,0.0595184080302715,0.5263157894736842,0.3673881673881674,0.3606459330143541,0.3673881673881674,0.4850373541509276,0.0764455714081385,0.5114460442886964,0.4276112798610059,1.2262465731597385
dili_multiclass,43,10,bworf_no_mi,517,57,300,91,126,33,10,14,274.4531362056732,0.0600531157106161,0.3508771929824561,0.3033189033189033,0.3069525666016894,0.3033189033189033,0.3805615403029991,-0.0171685293518239,0.4832659700608735,0.4018985565829049,1.9281380092765457
dili_multiclass,43,10,bworf_mi,517,57,300,91,126,33,10,14,328.63455950282514,0.0996102970093488,0.4912280701754385,0.4347763347763347,0.4270548569345726,0.4347763347763347,0.5118174057341275,0.1824795913058642,0.6158553532069119,0.4773537919544776,0.9870439914214476
dili_multiclass,44,1,orf_style,516,58,299,91,126,34,10,14,291.94067116081715,0.0606212560087442,0.4827586206896552,0.2885154061624649,0.2539045069165551,0.2885154061624649,0.4082075428149379,-0.1114685395029587,0.513240599270011,0.3671093293309639,1.1558714046860326
dili_multiclass,44,1,bworf_no_mi,516,58,299,91,126,34,10,14,288.49192341044545,0.0605647675693035,0.3275862068965517,0.2988795518207283,0.2896103896103896,0.2988795518207283,0.35794894760412,-0.0280384504436381,0.5023212694168576,0.3705393129642625,1.2447003140186716
dili_multiclass,44,1,bworf_mi,516,58,299,91,126,34,10,14,350.1048896480352,0.1037260666489601,0.4482758620689655,0.4661064425770307,0.4213398351329386,0.4661064425770307,0.4716006677956738,0.1887520359467556,0.6450004244121891,0.5040108832781516,1.0654727972296942
dili_multiclass,44,2,orf_style,516,58,299,91,126,34,10,14,293.8503557052464,0.0604033414274454,0.5,0.3403361344537814,0.3277893277893278,0.3403361344537814,0.4703562979425049,0.0540139976254162,0.6099211654358713,0.4246879347914747,1.636963495913268
dili_multiclass,44,2,bworf_no_mi,516,58,299,91,126,34,10,14,275.4439387843013,0.0593538396060466,0.4827586206896552,0.4616246498599439,0.4264420496304553,0.4616246498599439,0.5011511338347919,0.2277949907609557,0.5685513220439692,0.4022576262195337,1.170392948951857
dili_multiclass,44,2,bworf_mi,516,58,299,91,126,34,10,14,379.9743698649109,0.0994837004691362,0.3793103448275862,0.4123249299719888,0.3582142495185973,0.4123249299719888,0.3934064436313312,0.1449751935778789,0.5819285289873525,0.4424570295584931,1.0365087574002216
dili_multiclass,44,3,orf_style,516,58,299,91,126,34,10,14,293.510675907135,0.0602619312703609,0.5689655172413793,0.3515406162464986,0.3187414500683994,0.3515406162464986,0.4794094061040614,0.066791356171234,0.538264472455649,0.3856633251029781,1.0474446691928103
dili_multiclass,44,3,bworf_no_mi,516,58,299,91,126,34,10,14,308.501317800954,0.0608528517186641,0.3620689655172414,0.32296918767507,0.3151152390780873,0.32296918767507,0.3865414042204904,0.0029188459167024,0.5176902958152959,0.3830912909865427,1.1231419972558172
dili_multiclass,44,3,bworf_mi,516,58,299,91,126,34,10,14,308.99944587238133,0.1022298727184534,0.3793103448275862,0.407843137254902,0.367124183006536,0.407843137254902,0.3925287356321839,0.0902493555028535,0.5856487670825906,0.4424893292544241,1.040652171797677
dili_multiclass,44,4,orf_style,516,58,300,90,126,33,11,14,278.2417563404888,0.0600108560174703,0.5172413793103449,0.3506493506493506,0.3330419580419581,0.3506493506493506,0.4614932481311792,0.0562498439448521,0.5211791163918824,0.4030531567082109,1.7339571234551996
dili_multiclass,44,4,bworf_no_mi,516,58,300,90,126,33,11,14,292.3364722151309,0.0591037198901176,0.3448275862068966,0.2972582972582973,0.2964636953337518,0.2972582972582973,0.3624824122778535,-0.0474777671810145,0.5320612661570109,0.3968479563255597,1.271758921014241
dili_multiclass,44,4,bworf_mi,516,58,300,90,126,33,11,14,323.92999375239015,0.1003782544285059,0.4310344827586206,0.334054834054834,0.3345605306799337,0.334054834054834,0.4292211357008063,0.0159967238868187,0.5273244604095667,0.3799190850437807,1.071762247385212
dili_multiclass,44,5,orf_style,517,57,300,91,126,33,10,14,291.04986234009266,0.0595806818455457,0.5263157894736842,0.3304473304473305,0.3006281134936105,0.3304473304473305,0.4519681269450428,0.012325734634714,0.6497599400617707,0.4837663698690095,1.0124127031032082
dili_multiclass,44,5,bworf_no_mi,517,57,300,91,126,33,10,14,286.39149960689247,0.0591356921941041,0.5614035087719298,0.5216450216450216,0.5120833333333333,0.5216450216450216,0.5680043859649122,0.2612214416460696,0.643745943566577,0.4760705194391371,1.081958974050012
dili_multiclass,44,5,bworf_mi,517,57,300,91,126,33,10,14,362.6248744223267,0.0985738504678011,0.5614035087719298,0.5079365079365079,0.5072502210433245,0.5079365079365079,0.5643166271115455,0.2433692610914193,0.6232822975400906,0.4865678054032313,0.9913176908692096
dili_multiclass,44,6,orf_style,517,57,300,91,126,33,10,14,292.10288185067475,0.0599636957049369,0.5614035087719298,0.415007215007215,0.4227864227864228,0.415007215007215,0.5379638011216958,0.1702942574491919,0.5490951312326869,0.4411685425060446,1.145450818580999
dili_multiclass,44,6,bworf_no_mi,517,57,300,91,126,33,10,14,280.7947196792811,0.0580633338540792,0.4912280701754385,0.4389610389610389,0.4300140252454418,0.4389610389610389,0.5046480155507985,0.1718947514633532,0.5498431125657746,0.4344892744728641,1.2025749217978277
dili_multiclass,44,6,bworf_mi,517,57,300,91,126,33,10,14,312.90044849179685,0.0954975038766861,0.4912280701754385,0.475901875901876,0.4505616128984012,0.475901875901876,0.5008206341671921,0.198952957782901,0.5567428722797352,0.4036089099713919,1.0799321181571748
dili_multiclass,44,7,orf_style,517,57,300,91,126,33,10,14,393.1422265674919,0.0590237043797969,0.5087719298245614,0.3203463203463204,0.2962962962962963,0.3203463203463204,0.4405458089668616,-0.0285032613427761,0.5596209229497205,0.4355738395251002,1.1025274182669274
dili_multiclass,44,7,bworf_no_mi,517,57,300,91,126,33,10,14,287.3122520279139,0.0582353882491588,0.4385964912280701,0.3305916305916306,0.3416666666666666,0.3305916305916306,0.4544736842105263,0.0515084532823235,0.545173831931625,0.4219758417670818,1.1563595990260576
dili_multiclass,44,7,bworf_mi,517,57,300,91,126,33,10,14,336.8275040797889,0.0986496899276971,0.4912280701754385,0.458008658008658,0.443593018305662,0.458008658008658,0.5129618426654119,0.1971571700393966,0.5513468281219395,0.4040566232234565,1.0300379002176003
dili_multiclass,44,8,orf_style,517,57,300,91,126,33,10,14,292.15328361839056,0.0605141911655664,0.5263157894736842,0.4001443001443001,0.4007639419404125,0.4001443001443001,0.4869821612855669,0.0687402649743422,0.5863177199767996,0.4383898091700677,1.0428755870345048
dili_multiclass,44,8,bworf_no_mi,517,57,300,91,126,33,10,14,279.23666320741177,0.0582560058683157,0.4912280701754385,0.4907647907647908,0.4584043284608256,0.4907647907647908,0.49978681795512,0.1909559624552917,0.5978174097421994,0.4566035659080572,1.175055735359703
dili_multiclass,44,8,bworf_mi,517,57,300,91,126,33,10,14,368.918980313465,0.0992689672857523,0.3508771929824561,0.2979797979797979,0.2696996729110912,0.2979797979797979,0.3456187301438252,-0.065073513312396,0.5372058840329498,0.4062945272916498,1.0250720572455416
dili_multiclass,44,9,orf_style,517,57,300,91,126,33,10,14,303.2035971879959,0.0588349923491478,0.5614035087719298,0.3834054834054834,0.3587811667877027,0.3834054834054834,0.4865363299315827,0.1101242498766774,0.6708899032501209,0.5070203431412684,0.9178167832709956
dili_multiclass,44,9,bworf_no_mi,517,57,300,91,126,33,10,14,323.3959720544517,0.0601044166833162,0.4912280701754385,0.44011544011544,0.4269477382520861,0.44011544011544,0.4861022120518688,0.1194431108152062,0.6737554082803959,0.5109550015666473,0.9813125591992544
dili_multiclass,44,9,bworf_mi,517,57,300,91,126,33,10,14,358.32243617251515,0.0975401438772678,0.4561403508771929,0.3776334776334777,0.3754866148754094,0.3776334776334777,0.4662016465251207,0.0882819655355029,0.6041965477207931,0.4703805360716448,1.000159574022128
dili_multiclass,44,10,orf_style,517,57,300,91,126,33,10,14,310.0019637309015,0.0599544402211904,0.5964912280701754,0.3803751803751804,0.3437885112303717,0.3803751803751804,0.4905836445616128,0.1619611383029622,0.6106705767888351,0.4833467464518979,1.0062683838243671
dili_multiclass,44,10,bworf_no_mi,517,57,300,91,126,33,10,14,319.4293491765857,0.060187742114067,0.5263157894736842,0.4645021645021645,0.457094017094017,0.4645021645021645,0.5365721997300944,0.20925242705555,0.6409043814597996,0.52680110820559,1.0224586225333192
dili_multiclass,44,10,bworf_mi,517,57,300,91,126,33,10,14,295.4060878753662,0.098253708332777,0.5087719298245614,0.4311688311688311,0.4278266536331052,0.4311688311688311,0.5219083877827511,0.1819440489665122,0.6315666799709353,0.4796061770506406,0.9948434808745034
dili_multiclass,45,1,orf_style,516,58,299,91,126,34,10,14,291.1941721588373,0.0602962840348482,0.4827586206896552,0.3120448179271708,0.2955768511324066,0.3120448179271708,0.4247991259485512,-0.0806492652018746,0.5862753055767761,0.4499854941365442,1.0481060429170324
dili_multiclass,45,1,bworf_no_mi,516,58,299,91,126,34,10,14,281.4997327718884,0.0592838656157255,0.4137931034482758,0.3714285714285714,0.3570381231671554,0.3714285714285714,0.4304024673880068,0.0547921017519009,0.5909841588150412,0.4709024845138176,1.1450252090720363
dili_multiclass,45,1,bworf_mi,516,58,299,91,126,34,10,14,358.3354711979628,0.1001590210944414,0.5,0.415406162464986,0.4146520489755123,0.415406162464986,0.5145643772941115,0.1618552366150436,0.6091773830744419,0.4825262216987663,1.0171344111664036
dili_multiclass,45,2,orf_style,516,58,299,91,126,34,10,14,288.43470931984484,0.0599703919142484,0.4655172413793103,0.2647058823529412,0.2142857142857143,0.2647058823529412,0.3768472906403941,-0.1747432252224279,0.5843171738392327,0.4064566125522847,1.0801866825507211
dili_multiclass,45,2,bworf_no_mi,516,58,299,91,126,34,10,14,291.548856260255,0.060324527323246,0.4482758620689655,0.4330532212885154,0.4124794745484401,0.4330532212885154,0.4692373025310005,0.1401680428113969,0.5459389058653765,0.3964083944557713,1.2003920761463365
dili_multiclass,45,2,bworf_mi,516,58,299,91,126,34,10,14,349.4004567563534,0.1018208116292953,0.396551724137931,0.3845938375350139,0.3572754572754573,0.3845938375350139,0.410231861956,0.0770724738273017,0.5500305046260928,0.4261814658120942,1.0564964926925442
dili_multiclass,45,3,orf_style,516,58,299,91,126,34,10,14,255.44044025987387,0.0605081729590892,0.4310344827586206,0.2731092436974789,0.2504162504162504,0.2731092436974789,0.3873368011299045,-0.1301328067717766,0.5164207728545964,0.3629491105103108,1.1366326952915071
dili_multiclass,45,3,bworf_no_mi,516,58,299,91,126,34,10,14,270.7668253034353,0.0603355392813682,0.3620689655172414,0.3324929971988795,0.3233771405814416,0.3324929971988795,0.3745725703456515,-0.0426954718456926,0.5337306892453951,0.3665471705910724,1.2001841468825278
dili_multiclass,45,3,bworf_mi,516,58,299,91,126,34,10,14,291.99652944877744,0.0989243071526289,0.396551724137931,0.3330532212885154,0.3268065268065268,0.3330532212885154,0.4310103689414035,0.0739136187678462,0.5640493697478992,0.4424935414670028,1.0273951342078316
dili_multiclass,45,4,orf_style,516,58,300,90,126,33,11,14,293.95445416867733,0.0603652242571115,0.5517241379310345,0.378066378066378,0.3429535864978903,0.378066378066378,0.4805587079877783,0.11651197501888,0.4836615394062202,0.3798276652628514,1.1416896414549862
dili_multiclass,45,4,bworf_no_mi,516,58,300,90,126,33,11,14,287.36676536872983,0.0603175237774848,0.3793103448275862,0.3037518037518038,0.3118996415770609,0.3037518037518038,0.4048164627363737,0.005406719636045,0.5031128150809002,0.4109036095037768,1.1927135634954316
dili_multiclass,45,4,bworf_mi,516,58,300,90,126,33,11,14,287.2908137422055,0.102911539375782,0.293103448275862,0.2871572871572871,0.2810246143579477,0.2871572871572871,0.3211075797282693,-0.0530266796627424,0.5223127168339934,0.3998570854141456,1.0829282352509222
dili_multiclass,45,5,orf_style,517,57,300,91,126,33,10,14,311.72082596831024,0.0599009599536657,0.5614035087719298,0.4245310245310245,0.4286076357687611,0.4245310245310245,0.5335385190008961,0.1679694486992665,0.683840841201059,0.5752578263924697,0.9878883648051824
dili_multiclass,45,5,bworf_no_mi,517,57,300,91,126,33,10,14,314.1018324568868,0.0588314868509769,0.6140350877192983,0.5835497835497835,0.5606140350877192,0.5835497835497835,0.636241920590951,0.4025615632138795,0.7034583244380374,0.6060235899137417,1.0222954255547023
dili_multiclass,45,5,bworf_mi,517,57,300,91,126,33,10,14,342.37628808803856,0.0946874357759952,0.5263157894736842,0.4264069264069264,0.4059787849566056,0.4264069264069264,0.5286504593209156,0.216321428764491,0.5687130279967983,0.4152606841923081,1.0584549309740514
dili_multiclass,45,6,orf_style,517,57,300,91,126,33,10,14,292.5748945530504,0.0591800883412361,0.4912280701754385,0.2828282828282828,0.2276422764227642,0.2828282828282828,0.3953786906290116,-0.0835488330639643,0.5875631476757158,0.4189873150595939,1.6469755959028407
dili_multiclass,45,6,bworf_no_mi,517,57,300,91,126,33,10,14,278.9852581433952,0.0584981013089418,0.4912280701754385,0.3746031746031746,0.3774250440917107,0.3746031746031746,0.4936415111853708,0.1151581561671271,0.5909484533371222,0.4260887946166647,1.1010178637749417
dili_multiclass,45,6,bworf_mi,517,57,300,91,126,33,10,14,363.434809487313,0.1014229748398065,0.631578947368421,0.5936507936507937,0.5767030431229268,0.5936507936507937,0.6398579015684974,0.3956452165423586,0.6811673228360512,0.5231599033111394,0.9717562664763612
dili_multiclass,45,7,orf_style,517,57,300,91,126,33,10,14,257.2236504536122,0.059156235307455,0.5614035087719298,0.3971139971139971,0.3874643874643874,0.3971139971139971,0.5092217723796671,0.1390144902960129,0.5647058489277688,0.4119996147651277,1.146665103427822
dili_multiclass,45,7,bworf_no_mi,517,57,300,91,126,33,10,14,265.9853822197765,0.0589033681899309,0.3508771929824561,0.3497835497835497,0.3262175838077166,0.3497835497835497,0.379689736675655,0.0439378280221604,0.5702423286849313,0.4116441008130203,1.200353076318407
dili_multiclass,45,7,bworf_mi,517,57,300,91,126,33,10,14,365.9338963665068,0.0969196408987045,0.5263157894736842,0.5056277056277056,0.4844547423258068,0.5056277056277056,0.539454355756731,0.2475127448729218,0.6602638386408797,0.493252988563527,1.0063610428749206
dili_multiclass,45,8,orf_style,517,57,300,91,126,33,10,14,284.8601902909577,0.0599061213433742,0.5087719298245614,0.3298701298701298,0.30453216374269,0.3298701298701298,0.4400353955063096,-0.0132504904612587,0.5438911570405881,0.3988022479015087,1.109085819853913
dili_multiclass,45,8,bworf_no_mi,517,57,300,91,126,33,10,14,280.9577849339694,0.0597307477146387,0.4385964912280701,0.3633477633477633,0.3597513597513597,0.3633477633477633,0.4378603852288062,0.0256959903892902,0.5163433985242496,0.3692402040325412,1.2124679079013871
dili_multiclass,45,8,bworf_mi,517,57,300,91,126,33,10,14,338.55435610190034,0.0984346028417348,0.4736842105263157,0.4014430014430015,0.3983805668016194,0.4014430014430015,0.4736415938632006,0.090087130883365,0.5718248910727881,0.5270019783276712,1.0351280430497978
dili_multiclass,45,9,orf_style,517,57,300,91,126,33,10,14,311.0931173376739,0.0600071586668491,0.5789473684210527,0.4072150072150072,0.3990740740740741,0.4072150072150072,0.5201267056530214,0.1649289476743149,0.6395532008904102,0.4721099152419047,1.0108162526483873
dili_multiclass,45,9,bworf_no_mi,517,57,300,91,126,33,10,14,296.90637800842524,0.0588014479726552,0.5087719298245614,0.4216450216450216,0.4222132034632035,0.4216450216450216,0.5170952950558214,0.1647829288717126,0.6181255279164729,0.4514674932274762,1.060204007559062
dili_multiclass,45,9,bworf_mi,517,57,300,91,126,33,10,14,304.201275292784,0.0958741772919893,0.4736842105263157,0.3782106782106782,0.3736077481840194,0.3782106782106782,0.4942610764198631,0.1474677625294245,0.6360095470622438,0.4815124830001772,0.994003302297789
dili_multiclass,45,10,orf_style,517,57,300,91,126,33,10,14,302.7075370699167,0.0595662705600261,0.5263157894736842,0.3304473304473305,0.3029535864978903,0.3304473304473305,0.4595158783033533,0.0410305791276152,0.5350635249076614,0.3995133395763057,1.0547694205285147
dili_multiclass,45,10,bworf_no_mi,517,57,300,91,126,33,10,14,307.5566407684237,0.0588926672935485,0.3508771929824561,0.392063492063492,0.3250023978843808,0.392063492063492,0.3489444621130662,0.029287491247229,0.5311569727576655,0.3791321553409643,1.171475286594758
dili_multiclass,45,10,bworf_mi,517,57,300,91,126,33,10,14,326.4223081432283,0.0977605432271957,0.4035087719298245,0.361038961038961,0.3529215993914325,0.361038961038961,0.4304589029269794,0.0777267597066569,0.4958631281120148,0.3749371012041493,1.0439852218799128
dili_multiclass,46,1,orf_style,516,58,299,91,126,34,10,14,274.1635278556496,0.0590147990733385,0.5344827586206896,0.3414565826330532,0.3142037302725968,0.3414565826330532,0.4633156879236135,0.0390135935482411,0.5442725575078516,0.4075665797844778,1.1245059019990078
dili_multiclass,46,1,bworf_no_mi,516,58,299,91,126,34,10,14,281.33739387243986,0.0603757947683334,0.4655172413793103,0.4148459383753501,0.404265873015873,0.4148459383753501,0.4777811986863711,0.1144325066967058,0.5391997708174179,0.4082672429595045,1.2191105127676511
dili_multiclass,46,1,bworf_mi,516,58,299,91,126,34,10,14,353.4241568520665,0.101168455556035,0.3793103448275862,0.2952380952380952,0.3037529264975957,0.2952380952380952,0.4133681781727633,0.0136708581092116,0.5556608628299804,0.3999321338668187,1.0344302473262068
dili_multiclass,46,2,orf_style,516,58,299,91,126,34,10,14,292.8201869688928,0.0612370576709508,0.5862068965517241,0.4128851540616247,0.4130952380952381,0.4128851540616247,0.5399425287356321,0.1735383067147271,0.5592198242933537,0.4503749116574728,1.6470695054526554
dili_multiclass,46,2,bworf_no_mi,516,58,299,91,126,34,10,14,291.6552569717169,0.060232862830162,0.4482758620689655,0.4235294117647059,0.407041910331384,0.4235294117647059,0.4730162331115143,0.1474883144366098,0.560650623885918,0.4314391975816953,1.154778357947071
dili_multiclass,46,2,bworf_mi,516,58,299,91,126,34,10,14,312.12247021496296,0.0960215590894222,0.4655172413793103,0.3722689075630252,0.381054131054131,0.3722689075630252,0.4823902151488358,0.0962515134736297,0.5860296770223242,0.45413262016652,1.0377867531985765
dili_multiclass,46,3,orf_style,516,58,299,91,126,34,10,14,281.1603804640472,0.0603635292500257,0.5,0.3123249299719888,0.2888888888888889,0.3123249299719888,0.4390804597701149,-0.0345714344144248,0.4758896740514387,0.3366976595620632,1.1801397749215092
dili_multiclass,46,3,bworf_no_mi,516,58,299,91,126,34,10,14,280.85329451598227,0.0590151082724332,0.4137931034482758,0.4039215686274509,0.3843182165216063,0.4039215686274509,0.4212567330626945,0.059744244614192,0.5061728100331041,0.3530656813369665,1.1980502857249278
dili_multiclass,46,3,bworf_mi,516,58,299,91,126,34,10,14,367.97710743546486,0.0977118033915758,0.4827586206896552,0.480672268907563,0.4502250299351749,0.480672268907563,0.5063792889879847,0.2277949907609557,0.701985453272218,0.5542109251773862,0.947947207104636
dili_multiclass,46,4,orf_style,516,58,300,90,126,33,11,14,289.7186285331845,0.0597699545323848,0.5172413793103449,0.3167388167388167,0.2699687639446675,0.3167388167388167,0.4244102848174306,-0.0078348735771238,0.5714590433207455,0.4197878649475961,1.0472027218867768
dili_multiclass,46,4,bworf_no_mi,516,58,300,90,126,33,11,14,312.5633543133736,0.059353120625019,0.3793103448275862,0.3852813852813853,0.3613142923487751,0.3852813852813853,0.392966526141318,0.0568473960974573,0.5844412974732124,0.4264362724533737,1.1330939558915905
dili_multiclass,46,4,bworf_mi,516,58,300,90,126,33,11,14,325.37390265986323,0.0961543619632721,0.4310344827586206,0.3751803751803752,0.3679808841099163,0.3751803751803752,0.4346187121493016,0.0547130434720751,0.613655322219152,0.4842103164542896,1.0239315800434303
dili_multiclass,46,5,orf_style,517,57,300,91,126,33,10,14,259.2085912376642,0.0598659589886665,0.4912280701754385,0.2965367965367965,0.2600877192982456,0.2965367965367965,0.4166435826408126,-0.0552103769219115,0.5376595917231741,0.396673216423683,1.1104657676007603
dili_multiclass,46,5,bworf_no_mi,517,57,300,91,126,33,10,14,266.4577474389225,0.0608312059193849,0.3859649122807017,0.352092352092352,0.3098339719029374,0.352092352092352,0.3927135847281038,0.0450248244020316,0.5446738835778916,0.4209667718086118,1.1811993131358944
dili_multiclass,46,5,bworf_mi,517,57,300,91,126,33,10,14,292.10302483662963,0.0947417207062244,0.4912280701754385,0.4115440115440116,0.4117965367965368,0.4115440115440116,0.4990031897926635,0.1348701042039176,0.5313210656790567,0.3837945398263713,1.0725720016367897
dili_multiclass,46,6,orf_style,517,57,300,91,126,33,10,14,299.8061761017889,0.0599410142749547,0.5087719298245614,0.334054834054834,0.3144444444444444,0.334054834054834,0.4628070175438596,0.0483613390151215,0.5856969235247316,0.4250486293048168,1.0964199104246648
dili_multiclass,46,6,bworf_no_mi,517,57,300,91,126,33,10,14,302.8619303405285,0.0602549277245998,0.4035087719298245,0.361038961038961,0.3508281573498964,0.361038961038961,0.4248719625149831,0.0645425006778587,0.5900608247837342,0.4197687307238228,1.1391787214147104
dili_multiclass,46,6,bworf_mi,517,57,300,91,126,33,10,14,358.60627929866314,0.1013673488050699,0.3684210526315789,0.3366522366522366,0.3276014109347442,0.3366522366522366,0.399192425508215,0.0358824977958428,0.5801185436514482,0.4167273337468226,1.0093040430402072
dili_multiclass,46,7,orf_style,517,57,300,91,126,33,10,14,291.0207296721637,0.0589647758752107,0.5263157894736842,0.33997113997114,0.3131594418144125,0.33997113997114,0.4511766746300448,0.012325734634714,0.5943149569015477,0.3930456139783778,1.0327419630852066
dili_multiclass,46,7,bworf_no_mi,517,57,300,91,126,33,10,14,299.9826750159264,0.0595219116657972,0.4385964912280701,0.3770562770562771,0.3733393043737871,0.3770562770562771,0.4464295535075934,0.0546554846786884,0.5858922570822621,0.3950450242297902,1.11876170337167
dili_multiclass,46,7,bworf_mi,517,57,300,91,126,33,10,14,371.85556304082274,0.0966347474604845,0.4561403508771929,0.3818181818181818,0.3653418124006359,0.3818181818181818,0.4609432962374139,0.1045936959508407,0.5462051180259988,0.3906199644774697,1.0407861526944124
dili_multiclass,46,8,orf_style,517,57,300,91,126,33,10,14,300.8700154479593,0.0584415849298238,0.5614035087719298,0.3971139971139971,0.3887923664543173,0.3971139971139971,0.5071709637293366,0.1309006901719966,0.6380075733180632,0.5101599386330785,0.9961219999204752
dili_multiclass,46,8,bworf_no_mi,517,57,300,91,126,33,10,14,319.85635492764413,0.0588921643793582,0.543859649122807,0.5347763347763348,0.5064664538656357,0.5347763347763348,0.5588369611255581,0.2806424594034311,0.6778746115522463,0.5388851225300345,1.03015858950657
dili_multiclass,46,8,bworf_mi,517,57,300,91,126,33,10,14,393.775934625417,0.0930382758378982,0.4210526315789473,0.4217893217893217,0.3908108108108108,0.4217893217893217,0.4377904220009483,0.1348752052060026,0.6156830254430452,0.4681937357078793,1.006829549743648
dili_multiclass,46,9,orf_style,517,57,300,91,126,33,10,14,277.86692383512855,0.0591868255287408,0.5087719298245614,0.3203463203463204,0.2913752913752914,0.3203463203463204,0.4454668138878666,0.0109568071169271,0.5031923729412596,0.3909889013757425,1.122664529371981
dili_multiclass,46,9,bworf_no_mi,517,57,300,91,126,33,10,14,269.48085170425475,0.0603772904723882,0.4912280701754385,0.3841269841269841,0.384961638692982,0.3841269841269841,0.4891946667280524,0.1061805624823219,0.5042327209323746,0.4141245790469552,1.1827022398192055
dili_multiclass,46,9,bworf_mi,517,57,300,91,126,33,10,14,365.41873218491673,0.0918734371662139,0.3684210526315789,0.2943722943722943,0.2899262899262899,0.2943722943722943,0.3954480796586059,0.0146856848377686,0.5233587108092305,0.415330897376927,1.112542433557811
dili_multiclass,46,10,orf_style,517,57,300,91,126,33,10,14,300.1202117912472,0.0596786234527826,0.6140350877192983,0.422077922077922,0.4046797084771769,0.422077922077922,0.5513496053136293,0.2383246261283634,0.6689741361685942,0.4961291789047634,0.9533387347048627
dili_multiclass,46,10,bworf_no_mi,517,57,300,91,126,33,10,14,300.01990038715303,0.0591013450175523,0.5087719298245614,0.4627705627705628,0.4431372549019608,0.4627705627705628,0.5124871001031992,0.1968632833701304,0.6678440884898084,0.4860906435679328,1.0062686484752823
dili_multiclass,46,10,bworf_mi,517,57,300,91,126,33,10,14,356.7522200252861,0.0985147971659898,0.4210526315789473,0.4354978354978354,0.3972848596410492,0.4354978354978354,0.4226269770145567,0.1185302491495549,0.6461072043209599,0.4587951707786336,0.9836865909299806
